Customer_ID,First_Name,Last_Name,Age,Gender,City,State,Customer_Since,Occupation,Income,Marital_Status,Preferred_Channel,Loyalty_Tier
CUST000001,Daksh,Bakshi,44.0,Male,Mysuru,Karnataka,2019-01-26,Teacher,49000.0,Married,Online,Silver
CUST000002,Laksh,Konda,36.0,Male,Mysuru,Karnataka,2020-12-01,Retail Employee,34900.0,Single,Online,Silver
CUST000003,Isaac,Dewan,46.0,Male,Madurai,Tamil Nadu,2019-10-29,Sales Executive,66600.0,Single,Store,Silver
CUST000004,Charan,Chahal,58.0,Male,Hyderabad,Telangana,2019-01-21,IT Professional,127800.0,Married,Online,Gold
CUST000005,Siddharth,Balay,35.0,Male,Mumbai,Maharashtra,2020-05-25,Student,117900.0,Single,Mobile App,Gold
CUST000006,Amruta,Chander,35.0,Female,Surat,Gujarat,2018-10-30,Student,33600.0,Married,Online,Silver
CUST000007,Janani,Kaul,59.0,Female,Vadodara,Gujarat,2018-12-01,Teacher,73800.0,Married,Mobile App,Gold
CUST000008,Yashawini,Bala,48.0,Female,Vadodara,Gujarat,2020-12-31,Student,97100.0,Married,Store,Silver
CUST000009,Hardik,Saini,32.0,Male,Mysuru,Karnataka,2020-11-05,Teacher,66600.0,Married,Online,Silver
CUST000010,Imaran,Sen,45.0,Male,Chennai,Tamil Nadu,2021-01-31,Homemaker,9300.0,Married,Store,Bronze
CUST000011,Liam,Ahuja,32.0,Male,Hyderabad,Telangana,2021-01-13,Homemaker,20700.0,Married,Online,Silver
CUST000012,Nathaniel,Sami,32.0,Other,Mumbai,Maharashtra,2018-11-25,Retail Employee,28500.0,Widowed,Mobile App,Silver
CUST000013,Panini,Mall,41.0,Female,Kolkata,West Bengal,2018-10-31,Retail Employee,24800.0,Married,Mobile App,Silver
CUST000014,Garima,Kale,18.0,Female,Pune,Maharashtra,2026-07-11,Sales Executive,77200.0,Single,Mobile App,Silver
CUST000015,Om,Chaudry,18.0,Male,Pune,Maharashtra,2026-07-11,Student,7400.0,Single,Mobile App,Bronze
CUST000016,Charita,Rai,31.0,Female,Jaipur,Rajasthan,2019-12-07,Student,15400.0,Married,Online,Bronze
CUST000017,Chanakya,Parmer,25.0,Male,Mumbai,Maharashtra,2020-06-14,Government Employee,54100.0,Divorced,Online,Silver
CUST000018,Pooja,Lalla,42.0,Female,Bhubaneswar,Odisha,2019-09-24,Engineer,165300.0,Married,Store,Platinum
CUST000019,Anya,Sharaf,26.0,Female,Chennai,Tamil Nadu,2018-10-13,Self-Employed,118800.0,Single,Online,Gold
CUST000020,Diya,Radhakrishnan,20.0,Female,Amritsar,Punjab,2024-08-16,Student,12500.0,Single,Mobile App,Bronze
CUST000021,Chaaya,Memon,57.0,Female,Mumbai,Maharashtra,2021-04-06,Retail Employee,32000.0,Married,Store,Bronze
CUST000022,Pratyush,Handa,35.0,Male,Kolkata,West Bengal,2021-07-11,Sales Executive,107400.0,Married,Store,Silver
CUST000023,Bhavya,Bath,39.0,Female,Mysuru,Karnataka,2020-07-14,Self-Employed,227800.0,Single,Store,Gold
CUST000024,Jhalak,Mann,19.0,Female,Varanasi,Uttar Pradesh,2025-08-16,Student,14100.0,Married,Online,Bronze
CUST000025,Balveer,Kaul,31.0,Male,Hyderabad,Telangana,2020-05-01,Self-Employed,176700.0,Married,Mobile App,Gold
CUST000026,Chandresh,Rai,39.0,Male,New Delhi,Delhi,2020-02-12,IT Professional,170700.0,Married,Online,Gold
CUST000027,Liam,Setty,23.0,Male,Chandigarh,Chandigarh,2021-08-16,Self-Employed,123900.0,Married,Online,Silver
CUST000028,Qabil,Gaba,43.0,Male,Hyderabad,Telangana,2020-06-13,Teacher,54800.0,Married,Online,Silver
CUST000029,Qasim,Pant,30.0,Male,Mumbai,Maharashtra,2020-08-19,Government Employee,71500.0,Married,Online,Silver
CUST000030,Jagrati,Loke,34.0,Female,Hyderabad,Telangana,2019-02-22,Business Owner,89900.0,Married,Online,Silver
CUST000031,Balendra,Garg,30.0,Male,Ahmedabad,Gujarat,2019-01-28,IT Professional,100200.0,Married,Online,Gold
CUST000032,Jason,Gade,62.0,Male,New Delhi,Delhi,2020-12-04,Homemaker,6500.0,Divorced,Mobile App,Bronze
CUST000033,Vedhika,Raghavan,38.0,Female,Warangal,Telangana,2020-09-05,Teacher,58000.0,Married,Store,Silver
CUST000034,Lopa,Kanda,24.0,Female,Mumbai,Maharashtra,2020-08-16,Sales Executive,65000.0,Single,Mobile App,Silver
CUST000035,Omaja,Bhalla,49.0,Female,Kolkata,West Bengal,2021-05-21,Sales Executive,82100.0,Married,Online,Silver
CUST000036,Ishwar,Balay,22.0,Male,Jaipur,Rajasthan,2022-08-17,Student,9600.0,Single,Online,Bronze
CUST000037,Nisha,Rattan,41.0,Female,Hyderabad,Telangana,2020-04-12,Self-Employed,107500.0,Single,Online,Gold
CUST000038,Lipika,Bhatti,18.0,Female,Hyderabad,Telangana,2026-07-11,Student,65800.0,Single,Mobile App,Bronze
CUST000039,Hitesh,Murty,21.0,Male,Pune,Maharashtra,2023-08-17,Sales Executive,88800.0,Single,Mobile App,Silver
CUST000040,Hitesh,Tata,41.0,Male,Delhi,Delhi,2020-05-08,IT Professional,222200.0,Married,Online,Platinum
CUST000041,Siya,Shanker,48.0,Female,Nagpur,Maharashtra,2019-05-12,Business Owner,343000.0,Married,Online,Platinum
CUST000042,Eshana,Lanka,40.0,Female,Chennai,Tamil Nadu,2019-02-08,IT Professional,162500.0,Married,Online,Gold
CUST000043,Ekiya,Koshy,36.0,Female,Coimbatore,Tamil Nadu,2018-09-08,Government Employee,48600.0,Married,Store,Silver
CUST000044,Lekha,Sangha,34.0,Female,Guwahati,Assam,2021-05-27,Retail Employee,65800.0,Divorced,Mobile App,Bronze
CUST000045,Sudiksha,Pathak,19.0,Female,Mumbai,Maharashtra,2025-08-16,Student,12400.0,Single,Online,Bronze
CUST000046,Januja,Devi,29.0,Female,Kolkata,West Bengal,2019-05-10,Self-Employed,157800.0,Married,Mobile App,Gold
CUST000047,Yatin,Chand,32.0,Male,Coimbatore,Tamil Nadu,2020-01-02,Engineer,114800.0,Single,Mobile App,Gold
CUST000048,Arjun,Choudhary,52.0,Male,Chennai,Tamil Nadu,2020-08-22,Doctor,225400.0,Married,Store,Gold
CUST000049,Faraj,Dutta,42.0,Male,Bhopal,Madhya Pradesh,2021-01-03,Government Employee,57500.0,Married,Mobile App,Silver
CUST000050,Udyati,Bhatt,18.0,Female,Delhi,Delhi,2026-07-11,Student,9600.0,Single,Store,Bronze
CUST000051,Sanya,Raj,42.0,Female,Mumbai,Maharashtra,2020-05-03,Student,13100.0,Married,Online,Bronze
CUST000052,Vinaya,Wadhwa,33.0,Female,Ahmedabad,Gujarat,2021-02-03,Self-Employed,236700.0,Single,Online,Gold
CUST000053,Jeremiah,Apte,29.0,Male,Mysuru,Karnataka,2018-09-25,Retired,22100.0,Married,Store,Silver
CUST000054,Deepa,Yadav,46.0,Female,Mumbai,Maharashtra,2021-04-20,IT Professional,175300.0,Married,Online,Gold
CUST000055,Kiaan,Oak,51.0,Male,New Delhi,Delhi,2018-09-01,Student,15900.0,Married,Store,Silver
CUST000056,Daksh,Memon,50.0,Male,Bengaluru,Karnataka,2019-02-06,Retail Employee,37000.0,Single,Online,Silver
CUST000057,Urishilla,Dugar,27.0,Female,Kolkata,West Bengal,2020-05-10,Doctor,172700.0,Married,Store,Gold
CUST000058,Vasana,Aggarwal,34.0,Female,Delhi,Delhi,2019-05-29,Engineer,145100.0,Married,Online,Gold
CUST000059,Adya,Tella,42.0,Other,Hyderabad,Telangana,2019-08-11,Self-Employed,211500.0,Married,Online,Gold
CUST000060,Gaurav,Tripathi,51.0,Male,Chennai,Tamil Nadu,2020-12-26,Government Employee,69400.0,Married,Store,Silver
CUST000061,Damyanti,Misra,32.0,Female,Chennai,Tamil Nadu,2020-08-10,Self-Employed,127400.0,Married,Mobile App,Gold
CUST000062,Zehaan,Issac,36.0,Male,Amritsar,Punjab,2020-02-01,Doctor,173100.0,Single,Mobile App,Gold
CUST000063,Faraj,Prakash,24.0,Male,Mumbai,Maharashtra,2020-08-16,Teacher,43000.0,Single,Store,Silver
CUST000064,Gaurika,Zacharia,22.0,Female,Guwahati,Assam,2022-08-17,Student,7900.0,Single,Mobile App,Bronze
CUST000065,Zilmil,Acharya,49.0,Female,Kolkata,West Bengal,2020-03-16,Retail Employee,38600.0,Married,Online,Silver
CUST000066,Ojasvi,Suresh,38.0,Female,Jodhpur,Rajasthan,2020-04-18,IT Professional,163500.0,Married,Store,Gold
CUST000067,Aditya,Choudhury,37.0,Male,Hyderabad,Telangana,2020-02-17,Sales Executive,82200.0,Single,Store,Silver
CUST000068,Radhika,Mohanty,51.0,Male,Chennai,Tamil Nadu,2020-04-27,IT Professional,115300.0,Married,Store,Gold
CUST000069,Jagdish,Bhardwaj,43.0,Male,Indore,Madhya Pradesh,2020-01-01,Self-Employed,65800.0,Married,Online,Gold
CUST000070,Kavya,Brar,30.0,Female,Patna,Bihar,2018-12-17,Engineer,134400.0,Divorced,Store,Gold
CUST000071,Brijesh,Sunder,43.0,Male,Delhi,Delhi,2019-09-23,Retail Employee,37700.0,Divorced,Mobile App,Silver
CUST000072,Bakhshi,Walia,58.0,Male,Delhi,Delhi,2019-06-16,Engineer,202200.0,Married,Store,Gold
CUST000073,Edhitha,Dave,38.0,Female,Chennai,Tamil Nadu,2019-11-01,IT Professional,159000.0,Divorced,Store,Gold
CUST000074,Vyanjana,Gandhi,38.0,Female,Patna,Bihar,2019-09-12,IT Professional,194800.0,Married,Online,Platinum
CUST000075,Kevin,Wable,18.0,Male,Bengaluru,Karnataka,2026-07-11,Student,15700.0,Married,Store,Bronze
CUST000076,Siddharth,Kakar,49.0,Male,Ahmedabad,Gujarat,2021-07-18,IT Professional,196300.0,Married,Store,Gold
CUST000077,Irya,Muni,39.0,Female,Ahmedabad,Gujarat,2018-08-17,Student,19100.0,Married,Mobile App,Silver
CUST000078,Ryan,Prakash,34.0,Male,Udaipur,Rajasthan,2021-07-10,Student,8700.0,Married,Online,Bronze
CUST000079,Theodore,Varughese,39.0,Male,Kolkata,West Bengal,2020-06-09,IT Professional,150700.0,Single,Online,Gold
CUST000080,Upkaar,Dara,18.0,Male,Hyderabad,Telangana,2026-07-11,Student,7900.0,Single,Mobile App,Bronze
CUST000081,Jatin,Kar,35.0,Male,Bhubaneswar,Odisha,2021-05-02,Sales Executive,97800.0,Single,Store,Silver
CUST000082,Bhavika,Nigam,43.0,Female,Kolkata,West Bengal,2019-03-31,Teacher,49200.0,Widowed,Online,Silver
CUST000083,Aishani,Karpe,57.0,Female,Surat,Gujarat,2020-05-07,Self-Employed,224000.0,Married,Store,Gold
CUST000084,Januja,Amble,31.0,Female,Mysuru,Karnataka,2019-03-22,Engineer,77100.0,Married,Online,Silver
CUST000085,Ekavir,Bhargava,27.0,Other,Ahmedabad,Gujarat,2020-10-21,Business Owner,65800.0,Married,Mobile App,Gold
CUST000086,Ishwar,Bir,31.0,Male,New Delhi,Delhi,2020-11-08,Government Employee,67700.0,Single,Online,Silver
CUST000087,Amol,Narayanan,50.0,Male,Delhi,Delhi,2020-11-14,Homemaker,14200.0,Married,Store,Bronze
CUST000088,Balendra,Varkey,42.0,Male,Ahmedabad,Gujarat,2019-10-11,Engineer,99800.0,Married,Mobile App,Gold
CUST000089,Jagat,Mallick,31.0,Male,Chennai,Tamil Nadu,2019-03-07,Self-Employed,125200.0,Single,Online,Gold
CUST000090,Xavier,Kala,45.0,Male,Ahmedabad,Gujarat,2020-04-08,Teacher,62900.0,Married,Online,Silver
CUST000091,Ekaja,Solanki,39.0,Female,Bengaluru,Karnataka,2020-06-27,Retail Employee,37300.0,Single,Mobile App,Silver
CUST000092,Keya,Solanki,51.0,Female,Kolkata,West Bengal,2018-09-14,Doctor,155600.0,Married,Online,Platinum
CUST000093,Samar,Gupta,29.0,Male,Warangal,Telangana,2021-04-10,Student,12700.0,Married,Online,Bronze
CUST000094,Charvi,Chatterjee,34.0,Female,Kolkata,West Bengal,2020-03-01,IT Professional,177500.0,Married,Online,Gold
CUST000095,Upasna,Pandya,33.0,Female,Bengaluru,Karnataka,2020-05-26,Retail Employee,28200.0,Divorced,Mobile App,Silver
CUST000096,Udyati,Roy,19.0,Female,Ahmedabad,Gujarat,2025-08-16,Retail Employee,18100.0,Married,Mobile App,Bronze
CUST000097,Vinaya,Bhagat,42.0,Female,Lucknow,Uttar Pradesh,2020-10-26,Homemaker,4500.0,Married,Mobile App,Bronze
CUST000098,Chavvi,Bhat,41.0,Female,New Delhi,Delhi,2021-07-16,IT Professional,65800.0,Married,Mobile App,Silver
CUST000099,Tamanna,Nori,38.0,Female,Bengaluru,Karnataka,2018-12-29,Self-Employed,232400.0,Married,Mobile App,Platinum
CUST000100,Darika,Kothari,38.0,Female,Ahmedabad,Gujarat,2019-10-20,IT Professional,149900.0,Single,Mobile App,Gold
CUST000101,Inaya,Gupta,20.0,Female,Ahmedabad,Gujarat,2024-08-16,Student,6700.0,Single,Mobile App,Bronze
CUST000102,Udarsh,Dey,33.0,Male,Ahmedabad,Gujarat,2020-01-23,Sales Executive,111200.0,Married,Mobile App,Gold
CUST000103,Siddharth,Goswami,34.0,Male,Ahmedabad,Gujarat,2019-10-29,Sales Executive,76000.0,Married,Store,Silver
CUST000104,Maya,Shere,28.0,Female,Hyderabad,Telangana,2019-07-10,Self-Employed,72100.0,Single,Store,Silver
CUST000105,Jeet,Borra,36.0,Male,Hyderabad,Telangana,2018-11-25,Government Employee,79700.0,Married,Mobile App,Silver
CUST000106,Timothy,Chaudhari,43.0,Male,New Delhi,Delhi,2021-05-08,Engineer,112800.0,Single,Mobile App,Silver
CUST000107,Arya,Zachariah,63.0,Female,Nagpur,Maharashtra,2020-08-19,Retired,25200.0,Divorced,Online,Bronze
CUST000108,Abhimanyu,Chander,40.0,Male,Ahmedabad,Gujarat,2019-07-01,IT Professional,97300.0,Married,Online,Silver
CUST000109,Kashish,Ganesan,41.0,Female,Pune,Maharashtra,2018-10-01,IT Professional,141500.0,Married,Online,Platinum
CUST000110,Tanvi,Sunder,37.0,Female,Thiruvananthapuram,Kerala,2018-09-07,Self-Employed,174300.0,Married,Store,Platinum
CUST000111,Warda,Kala,18.0,Female,Kanpur,Uttar Pradesh,2026-07-11,Sales Executive,23800.0,Married,Online,Bronze
CUST000112,Sai,Bhargava,38.0,Male,Chandigarh,Chandigarh,2021-01-16,IT Professional,127100.0,Single,Mobile App,Silver
CUST000113,Fitan,Raghavan,39.0,Male,Patna,Bihar,2021-04-08,Student,9800.0,Married,Online,Bronze
CUST000114,Aadhya,Ramakrishnan,70.0,Female,Hyderabad,Telangana,2018-10-15,Self-Employed,166500.0,Married,Store,Platinum
CUST000115,Libni,Sha,35.0,Female,Chandigarh,Chandigarh,2020-04-28,Retail Employee,22800.0,Married,Online,Silver
CUST000116,Bhavika,Sampath,42.0,Other,Nagpur,Maharashtra,2021-01-15,Engineer,104800.0,Married,Store,Silver
CUST000117,Yagnesh,Dubey,38.0,Male,Mumbai,Maharashtra,2018-10-28,Student,12000.0,Single,Store,Silver
CUST000118,Girish,Minhas,23.0,Male,Jodhpur,Rajasthan,2021-08-16,IT Professional,154200.0,Married,Mobile App,Gold
CUST000119,Janani,Bhardwaj,53.0,Female,Mumbai,Maharashtra,2019-06-09,Retired,39900.0,Married,Store,Silver
CUST000120,Azaan,Murthy,48.0,Male,Ludhiana,Punjab,2019-10-01,Retail Employee,41700.0,Single,Mobile App,Silver
CUST000121,Barkha,Bedi,48.0,Female,Ahmedabad,Gujarat,2021-05-12,IT Professional,214000.0,Married,Store,Gold
CUST000122,William,Thakkar,26.0,Male,Vadodara,Gujarat,2020-08-10,Government Employee,50000.0,Married,Mobile App,Silver
CUST000123,Farhan,Bhandari,56.0,Male,Delhi,Delhi,2021-03-05,Sales Executive,113500.0,Married,Store,Silver
CUST000124,Banjeet,Grewal,38.0,Male,Ahmedabad,Gujarat,2024-08-16,Sales Executive,52900.0,Single,Mobile App,Silver
CUST000125,Bakhshi,Bir,46.0,Male,Mumbai,Maharashtra,2020-03-11,Government Employee,91000.0,Married,Store,Gold
CUST000126,Kamya,Raval,66.0,Female,Varanasi,Uttar Pradesh,2021-08-12,Retired,27000.0,Married,Store,Bronze
CUST000127,Dipta,Koshy,25.0,Female,Delhi,Delhi,2019-08-17,Engineer,65800.0,Married,Store,Silver
CUST000128,Anmol,Bumb,31.0,Male,Ahmedabad,Gujarat,2020-07-29,Teacher,50600.0,Married,Online,Silver
CUST000129,Ubika,Virk,39.0,Female,Delhi,Delhi,2020-11-06,Doctor,335600.0,Single,Store,Gold
CUST000130,Nakul,Lal,31.0,Male,Mumbai,Maharashtra,2020-12-16,Student,14200.0,Married,Online,Bronze
CUST000131,Ishani,Murthy,18.0,Female,Chennai,Tamil Nadu,2026-07-11,Student,12000.0,Single,Mobile App,Bronze
CUST000132,Jagdish,Lanka,39.0,Male,Delhi,Delhi,2018-08-17,Doctor,284300.0,Married,Online,Platinum
CUST000133,Siya,Deep,24.0,Female,Surat,Gujarat,2020-09-27,Retail Employee,26700.0,Single,Mobile App,Bronze
CUST000134,Netra,Shankar,38.0,Female,Delhi,Delhi,2020-05-29,Sales Executive,57500.0,Married,Online,Silver
CUST000135,Nisha,Bora,26.0,Female,Mysuru,Karnataka,2019-01-04,Student,12400.0,Single,Online,Bronze
CUST000136,Aarna,Shanker,58.0,Female,Kolkata,West Bengal,2019-09-13,Retail Employee,38700.0,Single,Mobile App,Silver
CUST000137,Daksha,Borah,28.0,Female,Bengaluru,Karnataka,2020-07-08,Retired,35700.0,Married,Store,Silver
CUST000138,Jalsa,Toor,34.0,Female,Hyderabad,Telangana,2018-12-06,IT Professional,178500.0,Divorced,Online,Gold
CUST000139,Libni,Deo,49.0,Female,Kanpur,Uttar Pradesh,2019-05-18,Business Owner,401500.0,Married,Mobile App,Platinum
CUST000140,Priya,Biswas,22.0,Female,Delhi,Delhi,2022-08-17,Student,7400.0,Single,Mobile App,Bronze
CUST000141,Krisha,Pingle,41.0,Female,Pune,Maharashtra,2019-09-11,Engineer,136800.0,Married,Online,Gold
CUST000142,Lucky,Dugar,55.0,Male,Bengaluru,Karnataka,2018-11-10,Student,308100.0,Married,Store,Platinum
CUST000143,Urvashi,Mittal,18.0,Female,Hyderabad,Telangana,2026-07-11,Student,11000.0,Single,Online,Bronze
CUST000144,Aayush,Mistry,40.0,Male,Madurai,Tamil Nadu,2019-06-04,Self-Employed,134300.0,Married,Store,Gold
CUST000145,Damini,Desai,41.0,Female,Hyderabad,Telangana,2018-09-17,Engineer,117100.0,Married,Store,Gold
CUST000146,Kevin,D’Alia,48.0,Male,Jodhpur,Rajasthan,2019-07-22,Teacher,72500.0,Married,Online,Gold
CUST000147,Damyanti,Dugal,22.0,Female,Mumbai,Maharashtra,2022-08-17,Student,11700.0,Single,Online,Bronze
CUST000148,Laban,Manda,21.0,Male,Warangal,Telangana,2023-08-17,Student,8800.0,Single,Mobile App,Bronze
CUST000149,Henry,Oza,38.0,Male,Hyderabad,Telangana,2019-11-03,Retail Employee,36000.0,Divorced,Store,Silver
CUST000150,Ishani,Lalla,42.0,Female,Ahmedabad,Gujarat,2020-10-18,IT Professional,166300.0,Divorced,Mobile App,Gold
CUST000151,Yashawini,Suresh,41.0,Female,Bhubaneswar,Odisha,2018-10-02,Teacher,47100.0,Married,Store,Gold
CUST000152,Jeremiah,Behl,43.0,Male,Chennai,Tamil Nadu,2020-05-29,Student,171400.0,Single,Mobile App,Gold
CUST000153,Chakradhar,Sampath,29.0,Male,Ludhiana,Punjab,2020-04-02,Self-Employed,133000.0,Married,Mobile App,Gold
CUST000154,Manya,Basu,41.0,Female,Bengaluru,Karnataka,2019-07-09,IT Professional,1275400.0,Married,Store,Platinum
CUST000155,Aadhya,Nath,42.0,Female,Mumbai,Maharashtra,2020-01-20,Homemaker,18300.0,Married,Online,Bronze
CUST000156,Dhruv,Lala,38.0,Male,Nagpur,Maharashtra,2020-06-24,Government Employee,52300.0,Married,Online,Silver
CUST000157,Faris,Sathe,62.0,Male,Hyderabad,Telangana,2021-05-24,Retired,14700.0,Divorced,Mobile App,Bronze
CUST000158,Tanay,Andra,44.0,Male,Bengaluru,Karnataka,2019-11-02,Self-Employed,223900.0,Widowed,Mobile App,Gold
CUST000159,Dayita,Borra,23.0,Female,Pune,Maharashtra,2021-08-16,Engineer,84000.0,Single,Mobile App,Silver
CUST000160,Falan,Banik,47.0,Male,Warangal,Telangana,2019-07-27,Engineer,132900.0,Married,Online,Gold
CUST000161,Qasim,Divan,25.0,Male,Bengaluru,Karnataka,2020-06-24,Student,7600.0,Single,Mobile App,Bronze
CUST000162,Tanveer,Datta,48.0,Male,Pune,Maharashtra,2021-03-29,IT Professional,122100.0,Divorced,Mobile App,Silver
CUST000163,Ansh,Morar,53.0,Male,Bengaluru,Karnataka,2019-03-06,Government Employee,84700.0,Married,Online,Silver
CUST000164,Rajata,Baral,27.0,Female,Indore,Madhya Pradesh,2018-10-19,Retired,11000.0,Married,Online,Bronze
CUST000165,Praneel,Kade,51.0,Male,Bengaluru,Karnataka,2020-06-17,Government Employee,83300.0,Married,Online,Silver
CUST000166,Jeet,Chauhan,43.0,Male,Ahmedabad,Gujarat,2019-06-10,Sales Executive,68400.0,Married,Store,Gold
CUST000167,Peter,Ray,49.0,Male,Kolkata,West Bengal,2020-05-23,Doctor,344700.0,Married,Store,Platinum
CUST000168,Faras,Khalsa,63.0,Male,Hyderabad,Telangana,2020-02-13,Retired,27500.0,Single,Online,Silver
CUST000169,Finn,Goel,35.0,Male,Delhi,Delhi,2019-02-12,Engineer,93600.0,Married,Online,Gold
CUST000170,Triveni,Bakshi,28.0,Female,Hyderabad,Telangana,2021-05-17,Self-Employed,213100.0,Single,Mobile App,Gold
CUST000171,Hemal,Natarajan,26.0,Female,Kolkata,West Bengal,2020-01-13,Sales Executive,75800.0,Married,Mobile App,Silver
CUST000172,Tripti,Kothari,27.0,Female,Mysuru,Karnataka,2020-12-24,Retail Employee,28000.0,Married,Mobile App,Bronze
CUST000173,Lila,Dutta,37.0,Female,Delhi,Delhi,2020-08-09,Teacher,55300.0,Married,Mobile App,Silver
CUST000174,Darika,Raja,42.0,Female,Pune,Maharashtra,2019-09-10,Teacher,67400.0,Married,Mobile App,Silver
CUST000175,Anirudh,Singhal,42.0,Male,Indore,Madhya Pradesh,2021-07-17,Student,13000.0,Single,Online,Bronze
CUST000176,Janya,Iyengar,49.0,Female,Warangal,Telangana,2019-11-05,Engineer,129800.0,Married,Online,Gold
CUST000177,Veda,Palla,38.0,Female,Kolkata,West Bengal,2020-10-10,Sales Executive,56400.0,Single,Store,Silver
CUST000178,Niharika,Kari,57.0,Female,Chennai,Tamil Nadu,2019-08-14,Teacher,57400.0,Married,Store,Silver
CUST000179,Jasmit,Bajwa,35.0,Female,Bhopal,Madhya Pradesh,2021-03-14,Business Owner,126200.0,Married,Store,Gold
CUST000180,Gopal,Rastogi,38.0,Male,Madurai,Tamil Nadu,2019-06-02,Business Owner,232800.0,Married,Online,Gold
CUST000181,Omya,Mallick,46.0,Female,Chennai,Tamil Nadu,2019-09-09,Teacher,54000.0,Married,Online,Silver
CUST000182,Bhavya,Mallick,27.0,Female,Thiruvananthapuram,Kerala,2018-09-17,Retail Employee,26200.0,Single,Store,Silver
CUST000183,Indali,Upadhyay,38.0,Other,Ahmedabad,Gujarat,2020-08-16,Business Owner,152400.0,Single,Online,Gold
CUST000184,Ryan,Yadav,44.0,Male,Pune,Maharashtra,2020-10-10,Sales Executive,88700.0,Divorced,Mobile App,Silver
CUST000185,Noah,Bala,35.0,Male,Delhi,Delhi,2021-07-17,Doctor,218100.0,Single,Mobile App,Gold
CUST000186,Dalbir,Lal,47.0,Male,Jodhpur,Rajasthan,2019-08-29,Student,16400.0,Widowed,Online,Silver
CUST000187,Hemal,Lanka,44.0,Female,Varanasi,Uttar Pradesh,2019-10-26,Retail Employee,31600.0,Married,Mobile App,Silver
CUST000188,Anirudh,Chopra,37.0,Male,Madurai,Tamil Nadu,2021-07-17,Student,14400.0,Single,Online,Bronze
CUST000189,Teerth,Pai,27.0,Male,Kolkata,West Bengal,2021-04-04,Engineer,137400.0,Married,Online,Silver
CUST000190,Dipta,Sarin,18.0,Other,Howrah,West Bengal,2026-07-11,Retail Employee,29800.0,Single,Mobile App,Bronze
CUST000191,Dalbir,Rajan,32.0,Male,Warangal,Telangana,2018-11-21,Retail Employee,32700.0,Married,Online,Silver
CUST000192,Ikshita,Kumar,49.0,Female,Ahmedabad,Gujarat,2018-11-27,Self-Employed,247300.0,Divorced,Store,Platinum
CUST000193,Anthony,Sarin,41.0,Male,Pune,Maharashtra,2021-03-03,Engineer,92700.0,Single,Mobile App,Gold
CUST000194,Aachal,Venkatesh,22.0,Female,Bhubaneswar,Odisha,2022-08-17,Retail Employee,24000.0,Single,Online,Bronze
CUST000195,Indira,Patla,40.0,Female,Vadodara,Gujarat,2021-06-30,Homemaker,14000.0,Married,Online,Bronze
CUST000196,Upasna,Boase,43.0,Female,Howrah,West Bengal,2020-03-20,Student,22100.0,Married,Store,Silver
CUST000197,Oni,Murthy,27.0,Female,Bengaluru,Karnataka,2019-05-14,Sales Executive,458900.0,Single,Mobile App,Platinum
CUST000198,David,Mital,38.0,Male,Nagpur,Maharashtra,2019-04-04,Retail Employee,35200.0,Divorced,Mobile App,Silver
CUST000199,Zehaan,More,39.0,Male,Hyderabad,Telangana,2020-02-16,IT Professional,167500.0,Single,Store,Gold
CUST000200,Samarth,Narain,23.0,Male,Ahmedabad,Gujarat,2021-08-16,Sales Executive,73700.0,Married,Store,Silver
CUST000201,Tamanna,Merchant,43.0,Female,Howrah,West Bengal,2020-06-24,Sales Executive,59900.0,Married,Mobile App,Silver
CUST000202,Eesha,Handa,45.0,Male,Hyderabad,Telangana,2018-10-30,IT Professional,188700.0,Single,Online,Platinum
CUST000203,Shivansh,Raghavan,52.0,Male,Kolkata,West Bengal,2020-12-08,Engineer,168100.0,Married,Online,Gold
CUST000204,Harita,Mitra,52.0,Female,Lucknow,Uttar Pradesh,2020-08-31,Business Owner,401100.0,Married,Store,Gold
CUST000205,Samaksh,Acharya,20.0,Male,Mumbai,Maharashtra,2024-08-16,Retail Employee,27900.0,Single,Online,Bronze
CUST000206,Nidra,Mangat,26.0,Female,Chennai,Tamil Nadu,2019-06-04,Retail Employee,18300.0,Married,Mobile App,Silver
CUST000207,Jagrati,Sani,45.0,Female,Jaipur,Rajasthan,2018-11-21,Self-Employed,108100.0,Married,Store,Gold
CUST000208,Naveen,Shroff,45.0,Male,Madurai,Tamil Nadu,2020-06-17,Student,166500.0,Married,Mobile App,Gold
CUST000209,Vaishnavi,Sathe,45.0,Female,Ahmedabad,Gujarat,2020-01-30,IT Professional,190100.0,Divorced,Online,Gold
CUST000210,Hredhaan,Vaidya,75.0,Male,Chennai,Tamil Nadu,2020-03-22,Retired,26500.0,Widowed,Store,Silver
CUST000211,Vritti,Gara,45.0,Female,Ludhiana,Punjab,2018-11-04,Student,118100.0,Married,Online,Gold
CUST000212,Chaman,Mander,53.0,Female,Mumbai,Maharashtra,2019-04-26,Homemaker,23700.0,Married,Online,Silver
CUST000213,Oliver,Chander,50.0,Male,Chennai,Tamil Nadu,2019-02-17,Engineer,184000.0,Married,Store,Platinum
CUST000214,Jacob,Mukherjee,46.0,Male,Pune,Maharashtra,2021-03-23,Homemaker,17600.0,Married,Online,Bronze
CUST000215,Isaiah,Issac,34.0,Male,Nagpur,Maharashtra,2019-04-02,Retail Employee,27400.0,Married,Mobile App,Silver
CUST000216,Falak,Bakshi,48.0,Female,Hyderabad,Telangana,2020-04-29,Business Owner,169400.0,Married,Mobile App,Gold
CUST000217,Aradhana,Konda,28.0,Female,Nagpur,Maharashtra,2021-07-22,Self-Employed,190900.0,Married,Online,Silver
CUST000218,Wazir,Bora,35.0,Male,Bhubaneswar,Odisha,2021-06-11,Doctor,213600.0,Single,Mobile App,Gold
CUST000219,Vasatika,Sachdeva,32.0,Female,Guwahati,Assam,2019-08-04,Student,78200.0,Married,Online,Gold
CUST000220,Indali,Rajagopalan,39.0,Female,Bengaluru,Karnataka,2020-07-05,Engineer,82100.0,Single,Store,Silver
CUST000221,Yug,Ratta,68.0,Male,Howrah,West Bengal,2019-01-08,Self-Employed,233000.0,Married,Online,Platinum
CUST000222,Jairaj,Divan,18.0,Male,Coimbatore,Tamil Nadu,2026-07-11,Retail Employee,17900.0,Single,Mobile App,Bronze
CUST000223,Aahana,Chhabra,47.0,Female,Kanpur,Uttar Pradesh,2021-07-23,Retail Employee,27000.0,Divorced,Mobile App,Silver
CUST000224,Unnati,Kanda,18.0,Female,Kolkata,West Bengal,2026-07-11,Retail Employee,23700.0,Single,Mobile App,Bronze
CUST000225,Gaurang,Vasa,32.0,Male,Mumbai,Maharashtra,2021-01-17,IT Professional,140800.0,Married,Online,Gold
CUST000226,Vincent,Bedi,52.0,Male,Jaipur,Rajasthan,2020-05-10,Government Employee,102800.0,Married,Store,Gold
CUST000227,Jeet,Dara,39.0,Male,Vadodara,Gujarat,2019-10-02,Sales Executive,116600.0,Married,Store,Gold
CUST000228,Vasatika,Deol,24.0,Female,Chennai,Tamil Nadu,2020-08-16,IT Professional,65800.0,Single,Mobile App,Silver
CUST000229,Vincent,Wali,29.0,Male,Patna,Bihar,2020-04-03,Self-Employed,145300.0,Single,Mobile App,Gold
CUST000230,Nathan,Savant,47.0,Male,Kochi,Kerala,2019-03-14,Government Employee,73900.0,Married,Store,Gold
CUST000231,Yashawini,Sandhu,29.0,Female,Coimbatore,Tamil Nadu,2019-04-11,Student,6700.0,Married,Online,Bronze
CUST000232,Vansha,Dutt,41.0,Female,Kolkata,West Bengal,2020-05-19,IT Professional,101300.0,Married,Online,Gold
CUST000233,Wazir,Sengupta,39.0,Male,Ludhiana,Punjab,2020-02-14,Retail Employee,31400.0,Married,Store,Silver
CUST000234,Kai,Kota,30.0,Male,Bengaluru,Karnataka,2019-07-11,Self-Employed,116900.0,Married,Online,Gold
CUST000235,Manya,Verma,66.0,Female,Bengaluru,Karnataka,2021-07-13,Retired,44400.0,Married,Store,Silver
CUST000236,Xavier,Khare,46.0,Male,Delhi,Delhi,2018-12-14,Student,155100.0,Single,Online,Gold
CUST000237,Laksh,Sarraf,18.0,Male,Patna,Bihar,2026-07-11,Student,6500.0,Single,Store,Bronze
CUST000238,Brinda,Mangal,40.0,Female,Vadodara,Gujarat,2020-11-16,Government Employee,53000.0,Single,Online,Silver
CUST000239,Jacob,Magar,29.0,Male,Pune,Maharashtra,2018-09-06,Self-Employed,82800.0,Divorced,Mobile App,Gold
CUST000240,Oviya,Nagarajan,49.0,Female,Amritsar,Punjab,2021-02-01,Retail Employee,31800.0,Married,Online,Silver
CUST000241,Chaitaly,Devi,28.0,Female,Surat,Gujarat,2018-11-19,Engineer,154600.0,Married,Online,Gold
CUST000242,Faqid,Kashyap,37.0,Male,Chandigarh,Chandigarh,2020-08-26,Sales Executive,71400.0,Married,Store,Silver
CUST000243,Rehaan,Dua,45.0,Male,Mumbai,Maharashtra,2019-05-03,Doctor,309700.0,Married,Mobile App,Platinum
CUST000244,Jalsa,Bhatt,49.0,Female,Chennai,Tamil Nadu,2020-04-03,Self-Employed,138700.0,Single,Store,Gold
CUST000245,Triya,Reddy,22.0,Female,Ahmedabad,Gujarat,2022-08-17,Student,15100.0,Married,Store,Bronze
CUST000246,Oni,Shukla,34.0,Female,Madurai,Tamil Nadu,2021-02-27,Government Employee,58300.0,Married,Online,Silver
CUST000247,Triya,Bhatia,32.0,Female,Ahmedabad,Gujarat,2020-10-25,Sales Executive,87500.0,Single,Mobile App,Silver
CUST000248,Harshil,Salvi,30.0,Male,Kanpur,Uttar Pradesh,2021-04-29,Business Owner,211500.0,Married,Online,Gold
CUST000249,Saumya,Bahri,61.0,Female,Hyderabad,Telangana,2019-01-11,Student,556100.0,Married,Store,Platinum
CUST000250,Ranveer,Sood,43.0,Male,Chandigarh,Chandigarh,2020-09-26,Doctor,220300.0,Single,Online,Gold
CUST000251,Aarush,Pandey,22.0,Male,Nagpur,Maharashtra,2022-08-17,Student,5800.0,Single,Online,Bronze
CUST000252,Manthan,Ramakrishnan,50.0,Male,Bengaluru,Karnataka,2019-03-01,Student,21900.0,Married,Store,Silver
CUST000253,Shaurya,Yohannan,66.0,Male,Mumbai,Maharashtra,2018-12-03,Self-Employed,185000.0,Married,Mobile App,Platinum
CUST000254,Januja,Sura,51.0,Female,Hyderabad,Telangana,2021-04-22,Doctor,282000.0,Married,Online,Gold
CUST000255,Imaran,Mahajan,18.0,Male,Hyderabad,Telangana,2026-07-11,Student,12500.0,Single,Online,Bronze
CUST000256,Tejas,Sunder,32.0,Male,Lucknow,Uttar Pradesh,2021-01-12,Sales Executive,66100.0,Single,Online,Silver
CUST000257,Akshay,Ramachandran,54.0,Male,Ahmedabad,Gujarat,2019-06-01,Teacher,61400.0,Married,Store,Silver
CUST000258,Pahal,Ravel,29.0,Female,Warangal,Telangana,2019-06-10,Government Employee,51600.0,Married,Store,Silver
CUST000259,Gayathri,Sibal,44.0,Female,Ahmedabad,Gujarat,2021-08-07,Sales Executive,106400.0,Married,Online,Gold
CUST000260,Devansh,Walla,48.0,Male,Mumbai,Maharashtra,2020-12-18,Self-Employed,247900.0,Divorced,Online,Gold
CUST000261,Agastya,Ramesh,26.0,Male,Delhi,Delhi,2020-02-24,IT Professional,158700.0,Married,Store,Gold
CUST000262,Agastya,Chacko,37.0,Male,Kolkata,West Bengal,2020-05-13,Retail Employee,33900.0,Divorced,Store,Silver
CUST000263,Upadhriti,Deshmukh,18.0,Female,Howrah,West Bengal,2026-07-11,Student,6000.0,Married,Online,Bronze
CUST000264,Vedhika,Gopal,25.0,Female,Udaipur,Rajasthan,2020-07-18,Doctor,170800.0,Married,Mobile App,Gold
CUST000265,Arya,Lad,35.0,Female,Hyderabad,Telangana,2018-10-25,Teacher,58100.0,Divorced,Online,Silver
CUST000266,Sachi,Narang,22.0,Female,Ahmedabad,Gujarat,2022-08-17,Retail Employee,28900.0,Married,Mobile App,Bronze
CUST000267,Hitesh,Sha,59.0,Male,Ahmedabad,Gujarat,2018-09-25,Homemaker,21000.0,Married,Online,Silver
CUST000268,Omisha,Nazareth,19.0,Female,Bhubaneswar,Odisha,2025-08-16,Student,27800.0,Single,Online,Bronze
CUST000269,Sachi,Mall,32.0,Female,Delhi,Delhi,2019-02-20,Teacher,48000.0,Single,Mobile App,Silver
CUST000270,Shivansh,Krishnan,40.0,Male,Madurai,Tamil Nadu,2021-04-23,Self-Employed,167400.0,Married,Mobile App,Gold
CUST000271,Banjeet,Singhal,57.0,Male,Kolkata,West Bengal,2019-11-13,Teacher,52000.0,Married,Online,Silver
CUST000272,Adya,Zacharia,19.0,Female,Ludhiana,Punjab,2025-08-16,Student,11100.0,Single,Mobile App,Bronze
CUST000273,Ati,Palla,53.0,Female,Delhi,Delhi,2020-09-24,Student,19000.0,Married,Mobile App,Bronze
CUST000274,Isaac,Biswas,38.0,Male,Coimbatore,Tamil Nadu,2019-10-03,Teacher,64000.0,Married,Online,Silver
CUST000275,Anusha,Balasubramanian,25.0,Female,Mysuru,Karnataka,2019-08-17,Sales Executive,46900.0,Married,Online,Silver
CUST000276,Krishna,Iyengar,44.0,Male,Coimbatore,Tamil Nadu,2021-07-04,Government Employee,79500.0,Divorced,Mobile App,Silver
CUST000277,Advaith,Dua,38.0,Male,Delhi,Delhi,2020-01-12,Retail Employee,25300.0,Single,Online,Silver
CUST000278,Jagdish,Date,30.0,Male,Mumbai,Maharashtra,2019-12-06,Homemaker,8500.0,Married,Store,Bronze
CUST000279,Warjas,Contractor,39.0,Male,Kolkata,West Bengal,2021-05-22,Student,13200.0,Married,Online,Bronze
CUST000280,Janani,Shroff,33.0,Female,Bengaluru,Karnataka,2020-02-15,Self-Employed,78000.0,Married,Store,Gold
CUST000281,Kabir,Pillay,39.0,Male,Delhi,Delhi,2019-06-26,Teacher,63700.0,Married,Mobile App,Silver
CUST000282,Fiyaz,Contractor,47.0,Male,Bengaluru,Karnataka,2021-06-19,Student,18900.0,Single,Mobile App,Bronze
CUST000283,Gautami,Mukhopadhyay,59.0,Female,Mumbai,Maharashtra,2019-05-06,Sales Executive,129300.0,Single,Mobile App,Gold
CUST000284,Darika,Bal,22.0,Female,Guwahati,Assam,2022-08-17,Student,7800.0,Single,Mobile App,Bronze
CUST000285,Nachiket,Prashad,66.0,Male,Kolkata,West Bengal,2019-02-15,Business Owner,230100.0,Married,Online,Platinum
CUST000286,Rushil,Issac,18.0,Male,Lucknow,Uttar Pradesh,2026-07-11,Student,5200.0,Single,Online,Bronze
CUST000287,Baljiwan,Kibe,36.0,Male,Hyderabad,Telangana,2019-02-15,Student,65800.0,Married,Store,Bronze
CUST000288,Dalaja,Mitra,46.0,Female,Patna,Bihar,2021-05-05,Student,65800.0,Married,Mobile App,Bronze
CUST000289,Dipta,Barman,42.0,Female,Chennai,Tamil Nadu,2020-05-31,Retail Employee,38300.0,Married,Online,Silver
CUST000290,Oscar,Walia,30.0,Male,Kolkata,West Bengal,2021-01-10,Student,11500.0,Single,Store,Bronze
CUST000291,Upadhriti,Prabhakar,35.0,Female,Chennai,Tamil Nadu,2018-12-30,Self-Employed,88700.0,Married,Online,Gold
CUST000292,Bhavya,Toor,32.0,Female,Surat,Gujarat,2019-07-06,IT Professional,154700.0,Married,Store,Gold
CUST000293,Panini,Arora,30.0,Male,Kolkata,West Bengal,2021-07-19,Teacher,62000.0,Married,Online,Silver
CUST000294,Ucchal,Suri,49.0,Female,Bengaluru,Karnataka,2021-08-06,IT Professional,160100.0,Divorced,Mobile App,Gold
CUST000295,Chatresh,Sant,43.0,Male,Pune,Maharashtra,2020-10-01,Sales Executive,65800.0,Married,Online,Silver
CUST000296,Pratyush,Sharaf,29.0,Male,Kolkata,West Bengal,2021-03-12,Sales Executive,63500.0,Married,Online,Silver
CUST000297,Ganga,Saran,50.0,Female,Chennai,Tamil Nadu,2019-09-26,Business Owner,401300.0,Married,Store,Gold
CUST000298,Hema,Vig,42.0,Female,Pune,Maharashtra,2019-08-20,Sales Executive,81000.0,Married,Online,Silver
CUST000299,Lopa,Yohannan,49.0,Female,Hyderabad,Telangana,2018-10-19,Teacher,60400.0,Married,Mobile App,Gold
CUST000300,Wyatt,Shroff,46.0,Male,Chennai,Tamil Nadu,2018-10-08,Teacher,79500.0,Single,Online,Gold
CUST000301,Urmi,Loyal,27.0,Female,Kanpur,Uttar Pradesh,2019-08-25,Engineer,113700.0,Single,Mobile App,Gold
CUST000302,Ojasvi,Korpal,31.0,Female,Mumbai,Maharashtra,2021-08-10,Engineer,65800.0,Single,Online,Silver
CUST000303,Caleb,Mallick,48.0,Male,Mysuru,Karnataka,2020-07-19,IT Professional,205000.0,Divorced,Store,Gold
CUST000304,Umang,Kohli,46.0,Male,Kanpur,Uttar Pradesh,2020-02-01,IT Professional,165900.0,Married,Store,Gold
CUST000305,Vedika,Raghavan,38.0,Female,Ahmedabad,Gujarat,2020-02-16,Retired,13200.0,Divorced,Online,Bronze
CUST000306,Pahal,Balakrishnan,38.0,Female,Bengaluru,Karnataka,2019-10-25,Self-Employed,185600.0,Married,Online,Gold
CUST000307,Yachana,Nair,55.0,Female,Varanasi,Uttar Pradesh,2018-09-29,IT Professional,65800.0,Married,Store,Platinum
CUST000308,Hemani,Sura,30.0,Female,Chennai,Tamil Nadu,2018-12-20,Business Owner,321400.0,Married,Store,Platinum
CUST000309,Hitesh,Pant,45.0,Male,Chennai,Tamil Nadu,2021-04-19,Government Employee,74300.0,Married,Mobile App,Silver
CUST000310,Kai,Oak,35.0,Male,Amritsar,Punjab,2020-10-29,Retail Employee,22900.0,Divorced,Store,Silver
CUST000311,Meera,Majumdar,35.0,Female,Guwahati,Assam,2019-02-15,Teacher,48900.0,Married,Online,Silver
CUST000312,Aashi,Varughese,52.0,Female,Hyderabad,Telangana,2019-02-25,IT Professional,149200.0,Single,Online,Gold
CUST000313,Ikshita,Chada,49.0,Female,Pune,Maharashtra,2020-10-19,Student,17600.0,Divorced,Online,Silver
CUST000314,Kavya,Ray,49.0,Female,Bengaluru,Karnataka,2019-06-08,Self-Employed,143400.0,Married,Online,Gold
CUST000315,Yash,Khosla,55.0,Male,Mumbai,Maharashtra,2019-08-11,Teacher,60500.0,Single,Online,Silver
CUST000316,Vyanjana,Swaminathan,38.0,Female,Mumbai,Maharashtra,2020-03-15,Engineer,156900.0,Married,Online,Gold
CUST000317,Udarsh,Badal,47.0,Male,Hyderabad,Telangana,2021-01-08,Student,19400.0,Married,Online,Bronze
CUST000318,Chakradhar,Menon,34.0,Male,Guwahati,Assam,2018-12-17,Retail Employee,39000.0,Single,Online,Silver
CUST000319,Indrajit,Ravel,42.0,Male,Bhopal,Madhya Pradesh,2019-08-04,Sales Executive,95700.0,Married,Store,Gold
CUST000320,Jairaj,Mohan,36.0,Male,Chennai,Tamil Nadu,2021-02-12,Student,74200.0,Single,Store,Silver
CUST000321,Qarin,Solanki,39.0,Male,Kolkata,West Bengal,2019-07-06,Homemaker,11700.0,Married,Online,Bronze
CUST000322,Orinder,Sandal,46.0,Male,Mumbai,Maharashtra,2019-05-27,Retired,41500.0,Single,Online,Silver
CUST000323,Noah,Pandey,27.0,Male,Delhi,Delhi,2018-12-18,Teacher,55000.0,Divorced,Mobile App,Gold
CUST000324,Utkarsh,Madan,65.0,Male,Mumbai,Maharashtra,2020-12-15,Retired,60300.0,Divorced,Online,Silver
CUST000325,Niharika,Krishnamurthy,25.0,Female,Jaipur,Rajasthan,2019-08-17,Sales Executive,68000.0,Single,Online,Silver
CUST000326,Jack,Dara,22.0,Male,Pune,Maharashtra,2022-08-17,Sales Executive,66000.0,Single,Store,Silver
CUST000327,Gopal,Mutti,53.0,Male,Bhopal,Madhya Pradesh,2019-10-28,Engineer,166500.0,Married,Online,Gold
CUST000328,Dipta,Wason,48.0,Female,Howrah,West Bengal,2019-08-27,Self-Employed,251600.0,Married,Online,Platinum
CUST000329,Hiral,Handa,46.0,Female,Delhi,Delhi,2020-05-14,Self-Employed,248300.0,Married,Mobile App,Platinum
CUST000330,Janaki,Sule,46.0,Female,Nagpur,Maharashtra,2020-03-14,Teacher,65500.0,Married,Online,Silver
CUST000331,Lakshit,Vohra,38.0,Male,Kolkata,West Bengal,2018-12-14,Engineer,101700.0,Divorced,Online,Gold
CUST000332,Megha,Chaudhry,26.0,Female,Patna,Bihar,2019-09-09,Self-Employed,209600.0,Married,Mobile App,Gold
CUST000333,Gunbir,Minhas,39.0,Male,Ahmedabad,Gujarat,2020-02-19,Doctor,181800.0,Single,Online,Gold
CUST000334,Ishaan,Patel,29.0,Male,Mysuru,Karnataka,2021-03-29,Student,15600.0,Married,Online,Bronze
CUST000335,Gaurav,Mittal,51.0,Male,Kolkata,West Bengal,2021-08-08,Teacher,55100.0,Married,Store,Silver
CUST000336,Advika,Walla,36.0,Female,Bengaluru,Karnataka,2021-04-01,Retail Employee,32100.0,Married,Mobile App,Silver
CUST000337,Dev,Mahal,27.0,Male,Ludhiana,Punjab,2018-10-04,Government Employee,62500.0,Married,Store,Gold
CUST000338,Arin,Bhagat,34.0,Male,Vadodara,Gujarat,2019-05-02,Sales Executive,91800.0,Married,Store,Gold
CUST000339,Madhav,Date,43.0,Male,Kolkata,West Bengal,2018-09-22,Student,65800.0,Married,Online,Silver
CUST000340,Xalak,Chauhan,31.0,Female,Hyderabad,Telangana,2021-07-08,Retail Employee,26700.0,Married,Mobile App,Bronze
CUST000341,Abha,Mane,27.0,Female,Kolkata,West Bengal,2019-08-02,Government Employee,60200.0,Single,Online,Silver
CUST000342,Wahab,Srinivas,41.0,Male,Mysuru,Karnataka,2021-06-29,Engineer,87400.0,Married,Store,Silver
CUST000343,Urvi,Oak,41.0,Female,Mumbai,Maharashtra,2019-04-12,Engineer,143500.0,Married,Online,Gold
CUST000344,Hiral,Behl,31.0,Female,Hyderabad,Telangana,2020-06-25,Retail Employee,26800.0,Single,Online,Silver
CUST000345,Lajita,Sridhar,32.0,Female,Thiruvananthapuram,Kerala,2021-05-03,Retail Employee,32400.0,Married,Online,Silver
CUST000346,Dakshesh,Bhattacharyya,41.0,Male,Kolkata,West Bengal,2019-12-03,Government Employee,58800.0,Married,Store,Silver
CUST000347,Suhani,Swamy,19.0,Female,Pune,Maharashtra,2025-08-16,Student,10800.0,Single,Mobile App,Bronze
CUST000348,Balhaar,Bera,20.0,Male,Indore,Madhya Pradesh,2024-08-16,Student,6200.0,Single,Mobile App,Bronze
CUST000349,Forum,Dixit,29.0,Female,Bengaluru,Karnataka,2019-08-26,Homemaker,6300.0,Single,Mobile App,Bronze
CUST000350,Max,Chada,35.0,Male,Delhi,Delhi,2019-07-06,IT Professional,65800.0,Married,Online,Gold
CUST000351,Jeet,Dani,42.0,Male,Bengaluru,Karnataka,2018-08-25,Student,15100.0,Married,Mobile App,Silver
CUST000352,Sathvik,Kara,57.0,Male,Kolkata,West Bengal,2020-06-19,Business Owner,237800.0,Widowed,Online,Gold
CUST000353,Yutika,Rai,49.0,Female,Madurai,Tamil Nadu,2020-03-24,Teacher,58900.0,Married,Online,Silver
CUST000354,Umang,Savant,36.0,Male,Chennai,Tamil Nadu,2019-03-19,Doctor,242900.0,Single,Online,Platinum
CUST000355,Neha,Sanghvi,38.0,Female,Ahmedabad,Gujarat,2019-11-22,Government Employee,83300.0,Divorced,Mobile App,Silver
CUST000356,Michael,Bhasin,38.0,Male,Bengaluru,Karnataka,2021-07-06,Engineer,114700.0,Married,Online,Silver
CUST000357,Chavvi,Johal,38.0,Female,Udaipur,Rajasthan,2019-02-04,Self-Employed,133900.0,Single,Mobile App,Gold
CUST000358,Jagvi,Lalla,34.0,Female,Delhi,Delhi,2021-06-21,Sales Executive,66900.0,Married,Online,Silver
CUST000359,Chaitaly,Dugar,42.0,Female,Udaipur,Rajasthan,2021-02-10,Government Employee,74700.0,Married,Mobile App,Silver
CUST000360,Kashvi,Ghose,27.0,Female,Ahmedabad,Gujarat,2021-04-26,Teacher,48400.0,Divorced,Online,Silver
CUST000361,Bishakha,Dugar,45.0,Female,Ahmedabad,Gujarat,2021-05-23,IT Professional,173100.0,Married,Mobile App,Gold
CUST000362,Aarav,Rege,58.0,Male,Chennai,Tamil Nadu,2021-07-19,Student,100300.0,Divorced,Online,Silver
CUST000363,Varenya,Singhal,37.0,Female,Ahmedabad,Gujarat,2021-06-17,Sales Executive,111400.0,Married,Online,Silver
CUST000364,Madhav,Bali,43.0,Male,Pune,Maharashtra,2020-04-18,Student,11300.0,Divorced,Store,Bronze
CUST000365,Kala,Mani,38.0,Female,Chandigarh,Chandigarh,2020-11-12,Retail Employee,33100.0,Single,Online,Silver
CUST000366,Megha,Setty,33.0,Female,Mumbai,Maharashtra,2021-03-31,IT Professional,91700.0,Divorced,Online,Silver
CUST000367,Balendra,Kaur,41.0,Male,Pune,Maharashtra,2019-08-25,Retail Employee,26900.0,Divorced,Online,Silver
CUST000368,Kevin,Hora,38.0,Male,Kolkata,West Bengal,2020-12-11,Teacher,41000.0,Married,Store,Bronze
CUST000369,Simon,Contractor,39.0,Male,Vadodara,Gujarat,2021-07-26,Retail Employee,32700.0,Married,Online,Silver
CUST000370,Jeevika,Dixit,28.0,Female,Mumbai,Maharashtra,2020-05-15,Engineer,88300.0,Married,Mobile App,Silver
CUST000371,Lila,Dhar,38.0,Female,Kochi,Kerala,2020-09-10,Student,19800.0,Married,Mobile App,Bronze
CUST000372,Bimala,Bhasin,44.0,Female,Amritsar,Punjab,2020-09-01,Retired,87300.0,Married,Online,Silver
CUST000373,Gayathri,Mohanty,57.0,Female,Kolkata,West Bengal,2020-04-15,Teacher,56900.0,Married,Online,Silver
CUST000374,Mitali,Sarna,50.0,Female,Chennai,Tamil Nadu,2019-08-14,Engineer,91100.0,Divorced,Mobile App,Gold
CUST000375,David,Sidhu,66.0,Male,Vadodara,Gujarat,2019-10-11,Self-Employed,159400.0,Divorced,Online,Gold
CUST000376,Max,Rau,28.0,Male,Bengaluru,Karnataka,2018-10-24,Retail Employee,27900.0,Married,Store,Silver
CUST000377,Madhavi,Tella,49.0,Female,Chennai,Tamil Nadu,2020-01-27,Doctor,65800.0,Married,Mobile App,Gold
CUST000378,Xiti,Sarma,40.0,Female,Kochi,Kerala,2020-03-16,IT Professional,176600.0,Single,Online,Gold
CUST000379,Chaitaly,Baral,66.0,Female,Bhubaneswar,Odisha,2020-12-25,Retired,51700.0,Divorced,Mobile App,Silver
CUST000380,Tarak,Naidu,27.0,Male,Thiruvananthapuram,Kerala,2019-05-12,IT Professional,162400.0,Single,Mobile App,Gold
CUST000381,Jeremiah,Bal,27.0,Male,Bengaluru,Karnataka,2021-03-15,Student,9200.0,Single,Mobile App,Bronze
CUST000382,Chakradev,Karnik,30.0,Male,Delhi,Delhi,2020-02-25,Business Owner,354300.0,Married,Store,Gold
CUST000383,Advaith,Luthra,18.0,Male,Bengaluru,Karnataka,2026-07-11,Student,6400.0,Single,Online,Bronze
CUST000384,Anmol,Gill,31.0,Male,Warangal,Telangana,2019-08-26,Teacher,58700.0,Married,Mobile App,Silver
CUST000385,Vrinda,Venkataraman,28.0,Female,Bengaluru,Karnataka,2018-11-15,Retail Employee,30400.0,Married,Mobile App,Silver
CUST000386,Timothy,Mall,40.0,Male,Hyderabad,Telangana,2018-10-14,Sales Executive,53200.0,Married,Online,Silver
CUST000387,Hemangini,Sarin,42.0,Female,Kolkata,West Bengal,2021-02-13,IT Professional,65800.0,Married,Mobile App,Gold
CUST000388,Yatan,Chand,62.0,Male,Jaipur,Rajasthan,2020-11-02,Business Owner,307900.0,Divorced,Store,Platinum
CUST000389,Vrinda,Pall,50.0,Female,Surat,Gujarat,2019-03-11,Engineer,143700.0,Married,Online,Gold
CUST000390,Samarth,Nath,31.0,Male,Lucknow,Uttar Pradesh,2020-01-26,IT Professional,160300.0,Married,Online,Gold
CUST000391,Naveen,Cheema,26.0,Male,Mumbai,Maharashtra,2020-04-07,Retail Employee,28700.0,Married,Mobile App,Silver
CUST000392,Faris,Narayan,44.0,Male,Mumbai,Maharashtra,2019-06-30,Business Owner,307700.0,Divorced,Online,Platinum
CUST000393,Tripti,Tandon,21.0,Female,Jodhpur,Rajasthan,2023-08-17,Student,11300.0,Single,Mobile App,Bronze
CUST000394,Mitali,Rattan,62.0,Female,Coimbatore,Tamil Nadu,2018-09-18,Retired,235500.0,Single,Mobile App,Platinum
CUST000395,Andrew,Sha,53.0,Male,Kolkata,West Bengal,2019-11-15,Business Owner,438800.0,Married,Store,Platinum
CUST000396,Chaitanya,Murty,32.0,Male,Mumbai,Maharashtra,2020-03-24,Retail Employee,30600.0,Divorced,Store,Silver
CUST000397,Lajita,Naik,18.0,Female,New Delhi,Delhi,2026-07-11,Student,65800.0,Single,Mobile App,Bronze
CUST000398,Dalbir,Raval,56.0,Male,Howrah,West Bengal,2019-03-14,IT Professional,179700.0,Widowed,Online,Platinum
CUST000399,Aadi,Shere,37.0,Male,Chandigarh,Chandigarh,2019-10-15,Student,152800.0,Married,Store,Gold
CUST000400,Triveni,Bhagat,54.0,Female,Kochi,Kerala,2019-09-07,Business Owner,225300.0,Married,Online,Gold
CUST000401,Ijaya,Vasa,18.0,Female,Chennai,Tamil Nadu,2026-07-11,Retail Employee,23300.0,Single,Mobile App,Bronze
CUST000402,Pratyush,Tara,30.0,Male,Madurai,Tamil Nadu,2019-10-09,Engineer,88400.0,Married,Mobile App,Silver
CUST000403,Timothy,Behl,38.0,Male,Varanasi,Uttar Pradesh,2020-06-26,Business Owner,356000.0,Single,Online,Gold
CUST000404,Ishani,Loke,39.0,Female,Coimbatore,Tamil Nadu,2019-07-21,Government Employee,60300.0,Single,Mobile App,Silver
CUST000405,Dominic,Mani,32.0,Male,Chennai,Tamil Nadu,2019-08-25,Teacher,35000.0,Single,Online,Silver
CUST000406,Theodore,Sundaram,46.0,Male,Patna,Bihar,2021-08-01,IT Professional,162700.0,Married,Mobile App,Gold
CUST000407,Divya,Balakrishnan,24.0,Female,Jodhpur,Rajasthan,2020-08-16,Government Employee,41100.0,Single,Mobile App,Silver
CUST000408,Kashvi,Dutt,36.0,Female,Kochi,Kerala,2019-05-25,Retired,49100.0,Married,Mobile App,Silver
CUST000409,Nachiket,Atwal,40.0,Male,Delhi,Delhi,2020-02-16,Self-Employed,106000.0,Married,Mobile App,Gold
CUST000410,Nikita,Chander,45.0,Other,Coimbatore,Tamil Nadu,2019-04-15,Retail Employee,26600.0,Widowed,Online,Silver
CUST000411,Jeevika,Comar,47.0,Female,Varanasi,Uttar Pradesh,2020-04-09,Student,16500.0,Married,Online,Bronze
CUST000412,Vihaan,Dalal,23.0,Male,Pune,Maharashtra,2021-08-16,Student,16000.0,Married,Online,Bronze
CUST000413,Mitesh,Tara,18.0,Other,Jodhpur,Rajasthan,2026-07-11,Student,11800.0,Single,Store,Bronze
CUST000414,Madhav,Upadhyay,55.0,Male,Delhi,Delhi,2021-05-07,Retail Employee,32700.0,Married,Store,Bronze
CUST000415,Laban,Sagar,42.0,Male,Lucknow,Uttar Pradesh,2020-05-02,Student,144100.0,Single,Mobile App,Gold
CUST000416,Warhi,Sodhi,28.0,Female,Kolkata,West Bengal,2020-01-01,Sales Executive,50600.0,Married,Mobile App,Silver
CUST000417,Jairaj,Shan,58.0,Male,Delhi,Delhi,2020-07-30,Business Owner,542200.0,Married,Store,Gold
CUST000418,Elijah,Rajagopal,40.0,Male,Chennai,Tamil Nadu,2020-11-24,Retail Employee,32800.0,Married,Online,Silver
CUST000419,Girish,Trivedi,53.0,Male,Ahmedabad,Gujarat,2019-08-11,IT Professional,126800.0,Married,Mobile App,Gold
CUST000420,Ekansh,Boase,39.0,Male,Howrah,West Bengal,2020-06-29,IT Professional,109600.0,Single,Store,Silver
CUST000421,Manya,Sachdeva,65.0,Female,Hyderabad,Telangana,2019-09-24,Self-Employed,128200.0,Widowed,Store,Gold
CUST000422,Panini,Tripathi,61.0,Female,Patna,Bihar,2019-04-16,Self-Employed,140000.0,Divorced,Mobile App,Platinum
CUST000423,Amara,Agate,35.0,Other,Chennai,Tamil Nadu,2019-05-05,Sales Executive,79400.0,Single,Mobile App,Gold
CUST000424,Lohit,Misra,51.0,Male,Chennai,Tamil Nadu,2020-07-01,IT Professional,108400.0,Married,Store,Silver
CUST000425,Yash,Dixit,46.0,Male,Mumbai,Maharashtra,2019-12-03,Business Owner,255700.0,Married,Mobile App,Platinum
CUST000426,Udant,Yohannan,56.0,Male,Kochi,Kerala,2020-04-11,Retail Employee,45000.0,Married,Store,Silver
CUST000427,Wyatt,Pai,25.0,Male,Delhi,Delhi,2019-08-17,Engineer,83600.0,Married,Mobile App,Gold
CUST000428,Ojas,Purohit,47.0,Male,Coimbatore,Tamil Nadu,2018-12-27,Government Employee,72300.0,Married,Store,Gold
CUST000429,Vasatika,Nagy,52.0,Female,Lucknow,Uttar Pradesh,2020-08-05,IT Professional,219200.0,Married,Online,Gold
CUST000430,Ijaya,Khare,18.0,Female,Delhi,Delhi,2026-07-11,Retail Employee,17200.0,Married,Store,Bronze
CUST000431,Sanaya,Kaur,23.0,Female,Coimbatore,Tamil Nadu,2021-08-16,Government Employee,53600.0,Divorced,Mobile App,Silver
CUST000432,Samesh,Bassi,18.0,Male,Delhi,Delhi,2026-07-11,Student,13400.0,Single,Mobile App,Bronze
CUST000433,Nitara,Solanki,34.0,Female,Jaipur,Rajasthan,2019-12-07,Student,16100.0,Married,Store,Silver
CUST000434,Rayaan,Raju,47.0,Male,Kolkata,West Bengal,2019-08-28,Student,20900.0,Married,Store,Silver
CUST000435,Faqid,Tandon,58.0,Male,Chandigarh,Chandigarh,2020-08-18,Student,15100.0,Married,Store,Bronze
CUST000436,Anita,Date,39.0,Female,Patna,Bihar,2019-08-16,Retail Employee,26800.0,Divorced,Online,Silver
CUST000437,Yashasvi,Narula,59.0,Female,Ahmedabad,Gujarat,2018-10-24,Government Employee,65800.0,Married,Store,Gold
CUST000438,Chandresh,Sarraf,20.0,Male,Surat,Gujarat,2024-08-16,Student,12600.0,Single,Mobile App,Bronze
CUST000439,Chandresh,Vora,18.0,Male,Madurai,Tamil Nadu,2026-07-11,Sales Executive,32800.0,Single,Mobile App,Bronze
CUST000440,Vedant,Aurora,37.0,Male,Hyderabad,Telangana,2019-11-20,Government Employee,87500.0,Married,Store,Gold
CUST000441,Eshana,Rout,43.0,Female,Ahmedabad,Gujarat,2019-12-31,Retail Employee,38300.0,Widowed,Store,Silver
CUST000442,Faras,Borde,38.0,Male,Kochi,Kerala,2019-01-05,Engineer,113600.0,Married,Online,Gold
CUST000443,Upasna,Lanka,18.0,Other,Hyderabad,Telangana,2026-07-11,Sales Executive,60900.0,Single,Online,Silver
CUST000444,Omkaar,Rao,37.0,Male,Bengaluru,Karnataka,2020-05-10,Doctor,267200.0,Single,Mobile App,Platinum
CUST000445,Banjeet,Narasimhan,21.0,Male,Hyderabad,Telangana,2023-08-17,Student,5700.0,Single,Mobile App,Bronze
CUST000446,Ranveer,Nadig,47.0,Male,Warangal,Telangana,2020-01-20,Engineer,150100.0,Divorced,Mobile App,Gold
CUST000447,Widisha,Banik,43.0,Female,Mumbai,Maharashtra,2019-06-20,Business Owner,386100.0,Widowed,Store,Platinum
CUST000448,Bakhshi,Keer,26.0,Male,Chennai,Tamil Nadu,2021-07-03,Business Owner,144400.0,Divorced,Mobile App,Silver
CUST000449,Mitali,Karan,31.0,Female,Chennai,Tamil Nadu,2019-12-08,Doctor,118600.0,Married,Online,Gold
CUST000450,Chandani,Saraf,24.0,Female,Kolkata,West Bengal,2021-04-05,Sales Executive,41600.0,Single,Online,Silver
CUST000451,Chavvi,Chaudhry,37.0,Female,Hyderabad,Telangana,2020-09-05,Sales Executive,55100.0,Married,Mobile App,Silver
CUST000452,Vamakshi,Ganesan,50.0,Female,Kolkata,West Bengal,2019-08-22,Engineer,172200.0,Married,Store,Gold
CUST000453,Netra,Balakrishnan,25.0,Female,Indore,Madhya Pradesh,2021-02-25,IT Professional,71600.0,Married,Online,Silver
CUST000454,Aradhana,Nair,45.0,Female,Bhubaneswar,Odisha,2020-09-12,Engineer,86100.0,Married,Store,Silver
CUST000455,Baghyawati,Memon,31.0,Female,Kolkata,West Bengal,2019-07-08,Self-Employed,137000.0,Married,Store,Gold
CUST000456,Praneel,Prasad,28.0,Male,Mumbai,Maharashtra,2019-09-03,Student,14300.0,Married,Online,Bronze
CUST000457,Tanveer,Dhingra,37.0,Male,Amritsar,Punjab,2021-05-08,Retired,21300.0,Single,Mobile App,Bronze
CUST000458,Jason,Wali,25.0,Male,Ahmedabad,Gujarat,2019-11-23,Retail Employee,28500.0,Married,Online,Silver
CUST000459,Samesh,Gole,31.0,Male,Bengaluru,Karnataka,2021-03-08,IT Professional,96400.0,Married,Mobile App,Silver
CUST000460,Frederick,Gill,22.0,Male,Pune,Maharashtra,2022-08-17,Sales Executive,29400.0,Single,Mobile App,Bronze
CUST000461,Chaaya,Raja,64.0,Female,Pune,Maharashtra,2020-03-31,Retired,16200.0,Single,Store,Bronze
CUST000462,Jai,Tank,38.0,Male,Nagpur,Maharashtra,2021-04-18,IT Professional,198500.0,Divorced,Mobile App,Gold
CUST000463,Ekbal,Kata,29.0,Male,Mumbai,Maharashtra,2018-08-23,Retail Employee,27600.0,Married,Online,Silver
CUST000464,Vedhika,Kumar,41.0,Female,Patna,Bihar,2021-02-16,IT Professional,111400.0,Married,Online,Silver
CUST000465,Victor,Kumer,37.0,Male,Madurai,Tamil Nadu,2019-04-13,Retail Employee,30200.0,Married,Online,Silver
CUST000466,Aayush,Shroff,35.0,Male,Ahmedabad,Gujarat,2019-02-19,Teacher,57000.0,Married,Mobile App,Gold
CUST000467,Maanas,Dugar,46.0,Male,Kanpur,Uttar Pradesh,2018-08-23,Teacher,49500.0,Married,Store,Gold
CUST000468,Balhaar,Sathe,48.0,Male,Jodhpur,Rajasthan,2020-05-04,Retired,24700.0,Divorced,Mobile App,Silver
CUST000469,Orinder,Mistry,31.0,Male,Indore,Madhya Pradesh,2019-01-01,Retired,14900.0,Single,Online,Silver
CUST000470,Unnati,Krishna,31.0,Female,Bhubaneswar,Odisha,2018-10-02,Retail Employee,24100.0,Single,Mobile App,Silver
CUST000471,Vasatika,Mittal,34.0,Female,Warangal,Telangana,2021-02-08,Business Owner,395500.0,Single,Mobile App,Gold
CUST000472,Hardik,Rajagopalan,18.0,Male,Guwahati,Assam,2026-07-11,Student,65800.0,Single,Mobile App,Bronze
CUST000473,Wyatt,Chhabra,18.0,Male,Surat,Gujarat,2026-07-11,Student,12600.0,Single,Mobile App,Bronze
CUST000474,Jagat,Raj,56.0,Male,Mumbai,Maharashtra,2019-10-06,Retail Employee,37000.0,Married,Online,Silver
CUST000475,Rachita,Merchant,59.0,Female,Ahmedabad,Gujarat,2019-11-18,Homemaker,13700.0,Single,Online,Bronze
CUST000476,Manbir,Bains,35.0,Male,Ahmedabad,Gujarat,2021-01-05,Homemaker,18900.0,Single,Mobile App,Bronze
CUST000477,Rudra,Maharaj,45.0,Male,Patna,Bihar,2019-03-26,Retail Employee,29200.0,Married,Mobile App,Silver
CUST000478,Aarna,Bawa,42.0,Female,Hyderabad,Telangana,2021-07-06,Retail Employee,27100.0,Single,Store,Bronze
CUST000479,Yuvraj,Mangat,75.0,Male,Kolkata,West Bengal,2019-03-17,Retired,39000.0,Married,Store,Silver
CUST000480,Ishwar,Pandey,53.0,Male,Mumbai,Maharashtra,2021-07-18,IT Professional,218000.0,Married,Store,Gold
CUST000481,Imaran,Gupta,36.0,Male,Bengaluru,Karnataka,2019-08-28,Engineer,119300.0,Single,Store,Gold
CUST000482,Ladli,Devan,26.0,Female,Mumbai,Maharashtra,2021-05-22,Government Employee,43100.0,Married,Online,Silver
CUST000483,Chasmum,Baral,18.0,Female,Chennai,Tamil Nadu,2026-07-11,Retail Employee,15000.0,Divorced,Online,Bronze
CUST000484,Nilima,Sastry,41.0,Female,Kanpur,Uttar Pradesh,2019-06-17,Government Employee,65800.0,Divorced,Online,Gold
CUST000485,Anay,Patla,28.0,Male,Delhi,Delhi,2020-10-13,Sales Executive,64000.0,Single,Mobile App,Silver
CUST000486,Ekaja,Chana,20.0,Female,Coimbatore,Tamil Nadu,2024-08-16,Retail Employee,26300.0,Single,Online,Bronze
CUST000487,Neelima,Narain,30.0,Female,Delhi,Delhi,2018-11-17,IT Professional,131000.0,Married,Mobile App,Gold
CUST000488,Triya,Gill,24.0,Female,Pune,Maharashtra,2021-06-23,Self-Employed,190800.0,Single,Mobile App,Gold
CUST000489,Harish,Deo,60.0,Male,Chennai,Tamil Nadu,2019-03-12,Self-Employed,252400.0,Married,Store,Platinum
CUST000490,Rajeshri,Wali,49.0,Female,Pune,Maharashtra,2021-06-06,Government Employee,96300.0,Married,Online,Silver
CUST000491,Zashil,Mahajan,38.0,Male,Kolkata,West Bengal,2021-03-30,Teacher,65800.0,Married,Store,Silver
CUST000492,Fitan,Kurian,57.0,Male,Mumbai,Maharashtra,2021-04-08,Sales Executive,78500.0,Married,Store,Silver
CUST000493,Warda,Merchant,39.0,Female,Pune,Maharashtra,2018-08-23,Retail Employee,65800.0,Married,Online,Silver
CUST000494,Omkaar,Contractor,27.0,Male,Madurai,Tamil Nadu,2021-01-31,Student,15600.0,Single,Mobile App,Bronze
CUST000495,Vinaya,Borra,58.0,Female,Kolkata,West Bengal,2018-12-08,IT Professional,207600.0,Married,Store,Gold
CUST000496,Ekavir,Kara,45.0,Male,Mumbai,Maharashtra,2018-08-26,Self-Employed,102500.0,Married,Mobile App,Gold
CUST000497,Sneha,Pau,25.0,Female,Kolkata,West Bengal,2020-06-22,Self-Employed,174100.0,Married,Mobile App,Gold
CUST000498,Chandani,Rana,36.0,Female,Varanasi,Uttar Pradesh,2019-09-25,Sales Executive,125400.0,Widowed,Store,Gold
CUST000499,Advika,Lalla,27.0,Female,Ahmedabad,Gujarat,2019-04-16,Engineer,122900.0,Married,Mobile App,Gold
CUST000500,David,Sha,20.0,Male,Pune,Maharashtra,2024-08-16,Student,10300.0,Married,Mobile App,Bronze
CUST000501,Qarin,Lala,50.0,Male,Kolkata,West Bengal,2021-02-20,Engineer,154400.0,Married,Mobile App,Gold
CUST000502,Sai,Prabhu,63.0,Female,Ahmedabad,Gujarat,2020-04-28,Self-Employed,213200.0,Married,Online,Gold
CUST000503,Chatura,Kaur,20.0,Male,Mumbai,Maharashtra,2024-08-16,Student,9400.0,Single,Store,Bronze
CUST000504,Vrishti,Bakshi,45.0,Female,Chandigarh,Chandigarh,2019-04-14,Retail Employee,37600.0,Married,Online,Silver
CUST000505,Omisha,Kant,30.0,Female,Patna,Bihar,2020-12-07,Student,12800.0,Married,Store,Bronze
CUST000506,Azad,Shetty,32.0,Male,Chandigarh,Chandigarh,2021-02-06,Engineer,114200.0,Married,Mobile App,Silver
CUST000507,Matthew,Rege,30.0,Male,Kanpur,Uttar Pradesh,2018-11-12,Sales Executive,66000.0,Married,Mobile App,Gold
CUST000508,Dalbir,Dey,27.0,Male,Vadodara,Gujarat,2021-06-29,Doctor,157600.0,Single,Mobile App,Silver
CUST000509,Aradhana,Barad,39.0,Female,Howrah,West Bengal,2019-06-03,Retired,36900.0,Married,Mobile App,Gold
CUST000510,Max,Tailor,27.0,Male,Ahmedabad,Gujarat,2021-06-26,Student,15900.0,Married,Online,Bronze
CUST000511,Dalbir,Chatterjee,42.0,Male,Lucknow,Uttar Pradesh,2019-02-10,Sales Executive,93600.0,Married,Online,Gold
CUST000512,Jacob,Yogi,37.0,Male,Ahmedabad,Gujarat,2018-11-28,Self-Employed,105000.0,Married,Online,Gold
CUST000513,Ekanta,Rama,35.0,Female,Bengaluru,Karnataka,2020-09-24,Teacher,66200.0,Single,Store,Silver
CUST000514,Utkarsh,Prabhakar,26.0,Male,Hyderabad,Telangana,2021-05-27,Homemaker,12200.0,Married,Store,Bronze
CUST000515,Shaurya,Dubey,31.0,Male,Patna,Bihar,2020-03-08,Government Employee,60300.0,Married,Store,Silver
CUST000516,Triya,Chaudhary,48.0,Female,Mumbai,Maharashtra,2020-09-23,Sales Executive,100400.0,Single,Mobile App,Silver
CUST000517,Wishi,Reddy,38.0,Female,Ahmedabad,Gujarat,2020-05-16,Sales Executive,97200.0,Married,Mobile App,Gold
CUST000518,Meera,Bali,25.0,Female,Bhubaneswar,Odisha,2019-08-19,Self-Employed,158300.0,Married,Online,Gold
CUST000519,Qasim,Kalla,39.0,Male,Ahmedabad,Gujarat,2020-12-29,Engineer,124800.0,Married,Online,Silver
CUST000520,Tristan,Saxena,48.0,Male,Ludhiana,Punjab,2020-07-21,Retail Employee,37300.0,Divorced,Online,Silver
CUST000521,Kamya,Patil,18.0,Female,Ahmedabad,Gujarat,2026-07-11,Student,65800.0,Married,Mobile App,Bronze
CUST000522,Chandran,Pillai,45.0,Male,Mumbai,Maharashtra,2019-09-11,Teacher,46300.0,Married,Online,Silver
CUST000523,Rachita,Bhat,29.0,Female,Kanpur,Uttar Pradesh,2020-08-24,Self-Employed,220600.0,Married,Mobile App,Gold
CUST000524,Sneha,Majumdar,45.0,Female,Bengaluru,Karnataka,2019-08-19,Self-Employed,254200.0,Married,Store,Platinum
CUST000525,Girish,Das,28.0,Male,Warangal,Telangana,2019-05-01,Sales Executive,78200.0,Married,Mobile App,Gold
CUST000526,Vasana,Chand,18.0,Female,Bengaluru,Karnataka,2026-07-11,Student,15400.0,Single,Mobile App,Bronze
CUST000527,Jagvi,Bail,18.0,Female,Bengaluru,Karnataka,2026-07-11,Retail Employee,20900.0,Single,Mobile App,Bronze
CUST000528,Aryan,Nath,39.0,Male,Warangal,Telangana,2021-08-16,Sales Executive,61000.0,Divorced,Online,Silver
CUST000529,Keya,Dass,41.0,Female,Hyderabad,Telangana,2019-03-21,Self-Employed,117500.0,Married,Online,Gold
CUST000530,Harshil,Biswas,26.0,Male,Howrah,West Bengal,2019-02-27,Retail Employee,30600.0,Widowed,Online,Silver
CUST000531,Hemang,Kalita,46.0,Male,Lucknow,Uttar Pradesh,2019-07-14,Student,20800.0,Married,Store,Silver
CUST000532,Jackson,Narasimhan,18.0,Male,Bengaluru,Karnataka,2026-07-11,Student,8800.0,Single,Online,Bronze
CUST000533,Falak,Agate,37.0,Female,Delhi,Delhi,2019-11-14,Engineer,89600.0,Married,Online,Gold
CUST000534,Manya,Dhillon,22.0,Female,Ahmedabad,Gujarat,2022-08-17,Student,65800.0,Single,Online,Bronze
CUST000535,Eiravati,Zachariah,30.0,Female,Ahmedabad,Gujarat,2020-06-15,Retired,32000.0,Married,Store,Silver
CUST000536,Jeremiah,Ghosh,39.0,Male,Patna,Bihar,2021-01-11,IT Professional,169100.0,Married,Store,Gold
CUST000537,Dayamai,Bal,27.0,Female,Mumbai,Maharashtra,2019-11-11,Teacher,32600.0,Married,Mobile App,Silver
CUST000538,Dominic,Aurora,33.0,Male,Chandigarh,Chandigarh,2019-02-23,Engineer,119300.0,Single,Mobile App,Gold
CUST000539,Rachita,Khanna,51.0,Female,Chennai,Tamil Nadu,2021-06-24,Self-Employed,254300.0,Married,Mobile App,Gold
CUST000540,Neel,Babu,31.0,Male,Kolkata,West Bengal,2019-11-01,Sales Executive,45500.0,Single,Mobile App,Silver
CUST000541,Gagan,Lanka,49.0,Male,Pune,Maharashtra,2019-09-11,Self-Employed,148000.0,Married,Mobile App,Gold
CUST000542,Atharv,Date,23.0,Male,Warangal,Telangana,2021-08-16,IT Professional,66900.0,Single,Mobile App,Silver
CUST000543,Ucchal,Vora,45.0,Female,Delhi,Delhi,2019-09-04,Engineer,65800.0,Widowed,Mobile App,Gold
CUST000544,Dakshesh,Bhatt,57.0,Male,New Delhi,Delhi,2019-09-24,Sales Executive,86200.0,Married,Online,Gold
CUST000545,Vyanjana,Sen,18.0,Female,Chennai,Tamil Nadu,2026-07-11,Student,4900.0,Single,Mobile App,Bronze
CUST000546,Pratyush,Varghese,28.0,Male,Lucknow,Uttar Pradesh,2020-12-02,Retail Employee,27200.0,Married,Online,Silver
CUST000547,Chatura,Seth,46.0,Male,Vadodara,Gujarat,2019-10-08,Retail Employee,29600.0,Divorced,Store,Silver
CUST000548,Zayan,Kant,35.0,Male,Kolkata,West Bengal,2021-07-28,Student,9400.0,Married,Store,Bronze
CUST000549,Anya,Verma,43.0,Female,Madurai,Tamil Nadu,2019-09-21,Business Owner,500200.0,Married,Store,Platinum
CUST000550,Nidhi,Shanker,30.0,Female,Hyderabad,Telangana,2019-08-18,Retail Employee,20200.0,Married,Mobile App,Silver
CUST000551,Alexander,Bhat,39.0,Male,Amritsar,Punjab,2020-11-27,Government Employee,83200.0,Married,Store,Silver
CUST000552,Wriddhish,Ratti,36.0,Male,Kolkata,West Bengal,2019-10-31,Government Employee,59600.0,Married,Store,Silver
CUST000553,Tanay,Chokshi,53.0,Male,New Delhi,Delhi,2020-01-09,Student,111900.0,Divorced,Store,Gold
CUST000554,Xalak,Sawhney,41.0,Female,Delhi,Delhi,2020-11-04,IT Professional,170500.0,Married,Online,Gold
CUST000555,Balhaar,Buch,42.0,Male,Kolkata,West Bengal,2020-03-27,Doctor,281100.0,Widowed,Store,Gold
CUST000556,Oeshi,Divan,33.0,Female,Chennai,Tamil Nadu,2018-11-24,Student,14700.0,Single,Store,Silver
CUST000557,Bhavini,Date,32.0,Female,Mumbai,Maharashtra,2020-05-06,Retail Employee,25100.0,Married,Store,Bronze
CUST000558,Laksh,Nair,32.0,Male,Kanpur,Uttar Pradesh,2019-09-26,IT Professional,79700.0,Married,Online,Gold
CUST000559,Sai,Wali,43.0,Female,Ahmedabad,Gujarat,2021-07-09,Teacher,48700.0,Married,Store,Silver
CUST000560,Nandini,Setty,38.0,Female,Ahmedabad,Gujarat,2021-05-23,Government Employee,58900.0,Married,Mobile App,Silver
CUST000561,Yashawini,Sani,42.0,Female,Mumbai,Maharashtra,2021-05-19,Student,14400.0,Single,Online,Bronze
CUST000562,Chandran,Contractor,65.0,Male,Hyderabad,Telangana,2019-04-16,Self-Employed,202200.0,Single,Store,Platinum
CUST000563,Hritik,Sani,49.0,Male,Thiruvananthapuram,Kerala,2020-07-28,Business Owner,349800.0,Married,Online,Gold
CUST000564,Upkaar,Kari,34.0,Male,Bhopal,Madhya Pradesh,2020-12-10,Retail Employee,29500.0,Single,Store,Silver
CUST000565,Samuel,Nori,54.0,Male,Bengaluru,Karnataka,2019-05-20,Student,17900.0,Married,Store,Bronze
CUST000566,Utkarsh,Rastogi,33.0,Male,Nagpur,Maharashtra,2021-02-11,Homemaker,4400.0,Single,Mobile App,Bronze
CUST000567,Sarthak,Chandran,18.0,Male,Chennai,Tamil Nadu,2026-07-11,Retail Employee,21700.0,Married,Online,Bronze
CUST000568,Nirja,Sane,25.0,Female,Hyderabad,Telangana,2020-05-01,IT Professional,93300.0,Married,Mobile App,Silver
CUST000569,Naksh,Kumer,18.0,Male,Ahmedabad,Gujarat,2026-07-11,Retail Employee,18400.0,Married,Mobile App,Bronze
CUST000570,Rachit,Dua,33.0,Male,Bhubaneswar,Odisha,2019-11-14,Self-Employed,129900.0,Married,Store,Gold
CUST000571,Warjas,Bhavsar,38.0,Male,Hyderabad,Telangana,2020-08-11,Self-Employed,88100.0,Married,Mobile App,Silver
CUST000572,Chandani,Chada,60.0,Female,Mumbai,Maharashtra,2020-06-12,Student,42700.0,Married,Online,Silver
CUST000573,Charita,Sankaran,42.0,Female,Patna,Bihar,2019-01-14,IT Professional,168300.0,Married,Online,Platinum
CUST000574,Chanakya,Pradhan,35.0,Male,Mumbai,Maharashtra,2018-12-21,Student,14800.0,Married,Mobile App,Silver
CUST000575,Dhruv,Bhasin,49.0,Male,Guwahati,Assam,2019-02-21,Sales Executive,120600.0,Married,Mobile App,Gold
CUST000576,Omya,Das,18.0,Female,Ahmedabad,Gujarat,2026-07-11,Retail Employee,20200.0,Single,Mobile App,Bronze
CUST000577,Samesh,Pandya,41.0,Male,Guwahati,Assam,2019-12-01,Retail Employee,31700.0,Married,Online,Silver
CUST000578,Siddharth,Behl,48.0,Male,Delhi,Delhi,2019-09-08,Sales Executive,89300.0,Single,Store,Gold
CUST000579,Maanas,Muni,19.0,Male,Mumbai,Maharashtra,2025-08-16,Sales Executive,55600.0,Single,Mobile App,Silver
CUST000580,Patrick,Chawla,53.0,Male,Chennai,Tamil Nadu,2019-04-08,Retired,28100.0,Married,Store,Silver
CUST000581,Zehaan,Kala,42.0,Male,Chennai,Tamil Nadu,2019-12-21,Sales Executive,82100.0,Married,Online,Silver
CUST000582,Garima,Subramaniam,33.0,Female,Bengaluru,Karnataka,2021-04-17,Retired,38500.0,Divorced,Mobile App,Silver
CUST000583,Jasmit,Chokshi,46.0,Female,Bhubaneswar,Odisha,2019-03-13,Government Employee,79900.0,Married,Online,Silver
CUST000584,Parth,Pillai,38.0,Male,Kanpur,Uttar Pradesh,2019-05-06,Self-Employed,160000.0,Married,Store,Gold
CUST000585,Deepa,Mallick,40.0,Female,Ahmedabad,Gujarat,2019-03-01,Self-Employed,243200.0,Married,Online,Platinum
CUST000586,Isaiah,Sanghvi,41.0,Male,Nagpur,Maharashtra,2021-01-20,Government Employee,56600.0,Married,Online,Silver
CUST000587,Agastya,Loke,32.0,Male,Surat,Gujarat,2020-10-23,Student,11100.0,Married,Online,Bronze
CUST000588,Amrita,Gole,27.0,Female,Surat,Gujarat,2020-09-26,Homemaker,20000.0,Single,Online,Bronze
CUST000589,Madhavi,More,49.0,Female,Hyderabad,Telangana,2020-02-07,Government Employee,91700.0,Married,Mobile App,Gold
CUST000590,Omkaar,Panchal,27.0,Male,Thiruvananthapuram,Kerala,2021-03-23,Sales Executive,54400.0,Single,Mobile App,Silver
CUST000591,Aarush,Golla,39.0,Male,Nagpur,Maharashtra,2020-06-20,Student,14200.0,Single,Mobile App,Bronze
CUST000592,Eshana,Rattan,32.0,Female,Bengaluru,Karnataka,2021-01-29,Student,15000.0,Married,Online,Bronze
CUST000593,Bhavya,Dhar,44.0,Female,Mumbai,Maharashtra,2020-10-30,IT Professional,202300.0,Married,Online,Gold
CUST000594,Amruta,Chand,42.0,Female,Jodhpur,Rajasthan,2019-07-04,Government Employee,86700.0,Married,Online,Silver
CUST000595,Hritik,Puri,51.0,Male,Kolkata,West Bengal,2019-01-23,Doctor,314000.0,Married,Store,Platinum
CUST000596,Shaurya,Setty,31.0,Male,Bengaluru,Karnataka,2021-07-22,Engineer,75800.0,Married,Mobile App,Silver
CUST000597,Onkar,Dugar,34.0,Male,Nagpur,Maharashtra,2019-12-05,Student,14800.0,Single,Store,Bronze
CUST000598,Qasim,Muni,25.0,Male,Mumbai,Maharashtra,2021-07-08,Retail Employee,32900.0,Married,Mobile App,Silver
CUST000599,Omaja,Chad,32.0,Female,Nagpur,Maharashtra,2021-05-15,Teacher,60700.0,Married,Mobile App,Silver
CUST000600,Atharv,Dugal,43.0,Male,Chennai,Tamil Nadu,2019-07-06,Retail Employee,38000.0,Married,Online,Silver
CUST000601,Farhan,Bawa,48.0,Male,New Delhi,Delhi,2019-06-02,Self-Employed,104000.0,Married,Online,Silver
CUST000602,Chaitaly,Magar,26.0,Female,New Delhi,Delhi,2019-03-08,IT Professional,117400.0,Married,Mobile App,Gold
CUST000603,Vaishnavi,Samra,49.0,Female,Bhopal,Madhya Pradesh,2020-03-15,Student,19900.0,Married,Store,Bronze
CUST000604,Xavier,Sathe,56.0,Male,Chennai,Tamil Nadu,2019-01-17,IT Professional,219300.0,Married,Store,Platinum
CUST000605,Triya,Mahajan,43.0,Female,Surat,Gujarat,2021-02-14,Student,17300.0,Married,Online,Bronze
CUST000606,Janaki,Vala,62.0,Female,Mumbai,Maharashtra,2020-11-16,Retired,23100.0,Widowed,Online,Bronze
CUST000607,Deepa,Pai,28.0,Female,Hyderabad,Telangana,2021-03-22,Government Employee,72200.0,Married,Mobile App,Silver
CUST000608,Tanveer,Choudhry,22.0,Male,Chennai,Tamil Nadu,2022-08-17,Sales Executive,36200.0,Single,Online,Bronze
CUST000609,Meghana,Sur,18.0,Female,Delhi,Delhi,2026-07-11,Sales Executive,56700.0,Single,Online,Bronze
CUST000610,Zansi,Morar,57.0,Female,Pune,Maharashtra,2021-02-27,Self-Employed,220900.0,Single,Store,Gold
CUST000611,Arin,Kannan,47.0,Male,Bhopal,Madhya Pradesh,2019-10-03,Teacher,71200.0,Divorced,Store,Silver
CUST000612,Rudra,Bhakta,37.0,Male,Guwahati,Assam,2021-05-24,Government Employee,61900.0,Married,Mobile App,Silver
CUST000613,Aarini,Jayaraman,42.0,Female,Pune,Maharashtra,2021-06-28,Engineer,110200.0,Married,Mobile App,Silver
CUST000614,Matthew,Kakar,23.0,Male,Mysuru,Karnataka,2021-08-16,Business Owner,165500.0,Married,Store,Gold
CUST000615,Ekantika,Kumer,70.0,Female,Bhubaneswar,Odisha,2021-08-16,Homemaker,6600.0,Married,Online,Bronze
CUST000616,Maanav,Narang,40.0,Male,Pune,Maharashtra,2019-07-15,Retail Employee,25000.0,Divorced,Online,Silver
CUST000617,Darpan,Amble,39.0,Male,Howrah,West Bengal,2019-12-09,Student,15100.0,Married,Online,Bronze
CUST000618,Yuvraj,Sani,47.0,Male,Amritsar,Punjab,2020-12-29,Business Owner,177700.0,Divorced,Online,Gold
CUST000619,Harita,Dayal,44.0,Female,Amritsar,Punjab,2020-12-04,Self-Employed,174900.0,Married,Mobile App,Gold
CUST000620,Ranveer,Walia,41.0,Male,Chennai,Tamil Nadu,2019-03-12,Self-Employed,191800.0,Married,Mobile App,Platinum
CUST000621,Jyoti,Tella,28.0,Male,Nagpur,Maharashtra,2020-02-13,Doctor,216500.0,Married,Mobile App,Gold
CUST000622,Raagini,Bora,44.0,Male,Delhi,Delhi,2019-07-13,Homemaker,12800.0,Married,Mobile App,Bronze
CUST000623,Sneha,Basak,62.0,Female,Indore,Madhya Pradesh,2020-04-07,Retired,38000.0,Married,Store,Silver
CUST000624,Urmi,Bahl,55.0,Female,Kochi,Kerala,2020-11-29,Sales Executive,101400.0,Widowed,Online,Gold
CUST000625,Veda,Brahmbhatt,59.0,Female,Kolkata,West Bengal,2018-09-18,Homemaker,20500.0,Single,Online,Silver
CUST000626,Naksh,Sanghvi,31.0,Male,Jaipur,Rajasthan,2019-12-05,Self-Employed,83300.0,Married,Store,Gold
CUST000627,Tanmayi,Sahni,25.0,Female,Vadodara,Gujarat,2021-03-26,Government Employee,37000.0,Single,Online,Bronze
CUST000628,Mohini,Contractor,36.0,Female,Ahmedabad,Gujarat,2020-05-28,Retail Employee,37400.0,Married,Mobile App,Silver
CUST000629,Samaksh,Bail,39.0,Male,Kanpur,Uttar Pradesh,2020-08-20,Engineer,98500.0,Married,Store,Silver
CUST000630,Nicholas,Garg,52.0,Male,Ahmedabad,Gujarat,2020-12-25,IT Professional,190500.0,Widowed,Online,Gold
CUST000631,Veda,Pathak,18.0,Female,Coimbatore,Tamil Nadu,2026-07-11,Sales Executive,44400.0,Single,Mobile App,Bronze
CUST000632,Chaitanya,Sarkar,58.0,Male,Delhi,Delhi,2018-12-25,Retail Employee,34000.0,Married,Store,Silver
CUST000633,Damyanti,Kohli,36.0,Female,Vadodara,Gujarat,2021-01-10,Government Employee,56100.0,Married,Online,Silver
CUST000634,Tejas,Rattan,32.0,Male,Chennai,Tamil Nadu,2020-07-26,Self-Employed,111800.0,Married,Mobile App,Gold
CUST000635,Balveer,Randhawa,25.0,Male,Bengaluru,Karnataka,2019-08-17,Student,7700.0,Single,Store,Bronze
CUST000636,Nilima,Nori,18.0,Female,Lucknow,Uttar Pradesh,2026-07-11,Student,7700.0,Single,Store,Bronze
CUST000637,Indrajit,Nath,49.0,Male,Ahmedabad,Gujarat,2019-11-07,Teacher,47900.0,Widowed,Store,Silver
CUST000638,Frado,Bose,39.0,Male,Thiruvananthapuram,Kerala,2019-07-11,Engineer,121800.0,Divorced,Online,Gold
CUST000639,Yashodhara,Comar,21.0,Female,Nagpur,Maharashtra,2023-08-17,Student,12500.0,Single,Online,Bronze
CUST000640,Gunbir,Palla,21.0,Male,Ahmedabad,Gujarat,2023-08-17,Sales Executive,50100.0,Married,Online,Silver
CUST000641,Pushti,Divan,34.0,Female,Delhi,Delhi,2019-07-04,IT Professional,159100.0,Single,Online,Gold
CUST000642,Kamya,Chauhan,60.0,Female,Patna,Bihar,2018-09-24,Homemaker,7700.0,Married,Online,Silver
CUST000643,Eta,Kunda,35.0,Female,Pune,Maharashtra,2020-08-02,IT Professional,194300.0,Divorced,Mobile App,Gold
CUST000644,Hardik,Ghose,18.0,Male,Ahmedabad,Gujarat,2026-07-11,Student,9000.0,Single,Mobile App,Bronze
CUST000645,Faraj,Borra,35.0,Male,Jodhpur,Rajasthan,2021-07-23,Retail Employee,32200.0,Single,Store,Silver
CUST000646,Hema,Tak,34.0,Female,Hyderabad,Telangana,2020-10-04,Student,10900.0,Married,Mobile App,Bronze
CUST000647,Vedika,Sen,18.0,Female,Bhubaneswar,Odisha,2026-07-11,Student,10800.0,Single,Mobile App,Bronze
CUST000648,Ojasvi,Mutti,37.0,Female,Chandigarh,Chandigarh,2019-09-03,Retail Employee,33800.0,Married,Mobile App,Silver
CUST000649,Forum,Sarraf,35.0,Female,Bengaluru,Karnataka,2021-04-28,IT Professional,190700.0,Single,Online,Gold
CUST000650,Bahadurjit,Singh,47.0,Male,Mumbai,Maharashtra,2019-02-02,Engineer,100500.0,Divorced,Store,Gold
CUST000651,Timothy,Mitter,62.0,Male,Bengaluru,Karnataka,2019-09-08,Student,16100.0,Widowed,Store,Silver
CUST000652,Laksh,Bhalla,53.0,Male,Bengaluru,Karnataka,2021-07-16,Retail Employee,38100.0,Married,Store,Silver
CUST000653,Patrick,Tripathi,35.0,Male,Indore,Madhya Pradesh,2019-06-25,Self-Employed,146300.0,Married,Mobile App,Gold
CUST000654,Balhaar,Mukherjee,24.0,Male,Bhubaneswar,Odisha,2020-08-16,Student,8600.0,Single,Mobile App,Bronze
CUST000655,Vedhika,Seth,71.0,Female,Mumbai,Maharashtra,2019-08-23,Retired,23200.0,Married,Store,Silver
CUST000656,Anirudh,Bhandari,39.0,Male,Chennai,Tamil Nadu,2021-07-14,Retail Employee,29600.0,Married,Online,Bronze
CUST000657,Qarin,Mangat,38.0,Male,Madurai,Tamil Nadu,2019-01-19,Homemaker,14400.0,Married,Store,Silver
CUST000658,Balvan,Chana,38.0,Male,Pune,Maharashtra,2019-06-06,Student,14800.0,Married,Store,Silver
CUST000659,Yashica,Rajagopalan,41.0,Female,Hyderabad,Telangana,2020-06-28,Homemaker,9300.0,Married,Online,Bronze
CUST000660,Vedhika,Barman,36.0,Female,Bengaluru,Karnataka,2020-08-21,Student,9500.0,Married,Online,Bronze
CUST000661,Varenya,Guha,31.0,Female,Coimbatore,Tamil Nadu,2020-03-08,Sales Executive,94800.0,Married,Store,Gold
CUST000662,Oeshi,Soni,31.0,Female,Ahmedabad,Gujarat,2019-01-09,Government Employee,73300.0,Married,Mobile App,Gold
CUST000663,Zashil,Dora,38.0,Male,Ahmedabad,Gujarat,2020-11-13,Sales Executive,93000.0,Married,Online,Silver
CUST000664,Bhavani,Seshadri,31.0,Female,Pune,Maharashtra,2021-04-28,Teacher,53300.0,Married,Mobile App,Silver
CUST000665,Charan,Oza,29.0,Male,Lucknow,Uttar Pradesh,2019-01-12,Doctor,182500.0,Married,Online,Platinum
CUST000666,Brijesh,Thaman,39.0,Male,Ahmedabad,Gujarat,2021-07-18,Student,13600.0,Single,Online,Bronze
CUST000667,Harini,Baral,35.0,Female,Indore,Madhya Pradesh,2018-11-22,Government Employee,50400.0,Married,Online,Silver
CUST000668,Krishna,Sarma,58.0,Female,Chennai,Tamil Nadu,2020-09-15,Self-Employed,177900.0,Married,Store,Gold
CUST000669,Theodore,Viswanathan,18.0,Male,Patna,Bihar,2026-07-11,Student,13500.0,Single,Online,Bronze
CUST000670,Fariq,Patla,52.0,Male,Bhopal,Madhya Pradesh,2021-03-24,Sales Executive,101500.0,Married,Online,Silver
CUST000671,Ria,Mandal,54.0,Female,Warangal,Telangana,2018-12-02,IT Professional,207700.0,Married,Online,Gold
CUST000672,Rishi,Rege,18.0,Male,Hyderabad,Telangana,2026-07-11,Sales Executive,82200.0,Married,Online,Silver
CUST000673,Omkaar,Ben,34.0,Male,Thiruvananthapuram,Kerala,2018-11-08,IT Professional,160900.0,Married,Online,Gold
CUST000674,Oliver,Bhatti,33.0,Male,Ahmedabad,Gujarat,2019-07-30,Homemaker,3000.0,Married,Mobile App,Bronze
CUST000675,Nitesh,Chandra,20.0,Male,Thiruvananthapuram,Kerala,2024-08-16,Sales Executive,53400.0,Married,Online,Bronze
CUST000676,Sanya,Mander,28.0,Female,Jodhpur,Rajasthan,2020-09-12,Teacher,34600.0,Married,Online,Silver
CUST000677,Jonathan,Doctor,24.0,Male,Kolkata,West Bengal,2020-08-16,Sales Executive,71500.0,Single,Mobile App,Silver
CUST000678,Ojas,Bumb,61.0,Male,Pune,Maharashtra,2019-10-21,Self-Employed,182700.0,Single,Store,Platinum
CUST000679,Ekta,Palla,50.0,Female,Bengaluru,Karnataka,2018-11-05,Retail Employee,25600.0,Married,Store,Silver
CUST000680,Nilima,Ramanathan,55.0,Female,Bhubaneswar,Odisha,2020-06-22,Engineer,157300.0,Married,Online,Gold
CUST000681,Dhruv,Chad,47.0,Male,Bengaluru,Karnataka,2019-07-08,Student,16000.0,Married,Online,Silver
CUST000682,Mohammed,Puri,23.0,Male,Pune,Maharashtra,2021-08-16,Self-Employed,150800.0,Single,Mobile App,Gold
CUST000683,Nitesh,Datta,31.0,Male,Ahmedabad,Gujarat,2021-03-02,Retail Employee,29100.0,Divorced,Online,Bronze
CUST000684,Zansi,Chander,44.0,Female,Surat,Gujarat,2019-01-14,Student,18200.0,Married,Online,Silver
CUST000685,Udyati,Trivedi,22.0,Female,Bengaluru,Karnataka,2022-08-17,Student,13600.0,Single,Store,Bronze
CUST000686,Radhika,Badami,38.0,Female,Bengaluru,Karnataka,2019-06-06,Engineer,176900.0,Married,Online,Gold
CUST000687,Radhika,More,35.0,Female,Chennai,Tamil Nadu,2020-09-29,Sales Executive,57500.0,Married,Mobile App,Silver
CUST000688,Hemangini,Kala,33.0,Female,Mumbai,Maharashtra,2020-08-15,Homemaker,13900.0,Married,Online,Bronze
CUST000689,Panini,Sunder,47.0,Female,Jodhpur,Rajasthan,2021-07-18,IT Professional,168600.0,Married,Online,Gold
CUST000690,Inaya,Kara,44.0,Female,Bengaluru,Karnataka,2018-09-17,Student,14400.0,Single,Store,Silver
CUST000691,Ekapad,Dubey,33.0,Male,Chandigarh,Chandigarh,2019-03-09,Business Owner,124700.0,Married,Store,Gold
CUST000692,Faras,Merchant,53.0,Other,Lucknow,Uttar Pradesh,2021-05-05,Engineer,113900.0,Married,Store,Silver
CUST000693,Chandresh,Tripathi,24.0,Male,Ahmedabad,Gujarat,2020-08-16,IT Professional,122900.0,Single,Online,Gold
CUST000694,Anirudh,Nayar,46.0,Male,Bengaluru,Karnataka,2019-10-23,Government Employee,100900.0,Widowed,Online,Gold
CUST000695,Ekaja,Puri,46.0,Female,Chennai,Tamil Nadu,2019-01-24,IT Professional,178600.0,Single,Online,Gold
CUST000696,Faraj,Gaba,34.0,Male,Warangal,Telangana,2021-06-04,Teacher,53000.0,Married,Mobile App,Silver
CUST000697,Hemangini,Gandhi,42.0,Female,Mysuru,Karnataka,2020-06-16,Self-Employed,117300.0,Married,Online,Gold
CUST000698,Urvashi,Bassi,22.0,Female,Chandigarh,Chandigarh,2022-08-17,Student,11800.0,Married,Mobile App,Bronze
CUST000699,Samesh,Patla,50.0,Male,Chennai,Tamil Nadu,2021-04-22,Sales Executive,116300.0,Divorced,Store,Silver
CUST000700,Kashish,Sawhney,36.0,Female,Varanasi,Uttar Pradesh,2020-02-28,Engineer,118200.0,Married,Store,Gold
CUST000701,Lucky,Sen,31.0,Male,Pune,Maharashtra,2020-04-18,Government Employee,50800.0,Married,Online,Silver
CUST000702,Jackson,Walla,52.0,Male,Pune,Maharashtra,2020-12-23,Sales Executive,56700.0,Married,Online,Silver
CUST000703,Kashvi,More,29.0,Female,Amritsar,Punjab,2020-09-21,Engineer,141300.0,Married,Online,Gold
CUST000704,Vrinda,Hari,20.0,Female,Kolkata,West Bengal,2024-08-16,Student,9200.0,Single,Online,Bronze
CUST000705,Raksha,Sastry,18.0,Female,Chennai,Tamil Nadu,2026-07-11,Retail Employee,21900.0,Single,Online,Bronze
CUST000706,Vihaan,Manda,46.0,Male,Coimbatore,Tamil Nadu,2020-12-25,Teacher,49900.0,Married,Mobile App,Silver
CUST000707,Sai,Thakkar,21.0,Female,Delhi,Delhi,2023-08-17,Student,28400.0,Single,Mobile App,Bronze
CUST000708,Shaurya,Edwin,61.0,Male,Ahmedabad,Gujarat,2019-08-12,Retired,54300.0,Married,Online,Silver
CUST000709,Irya,Devi,18.0,Female,Pune,Maharashtra,2026-07-11,Retail Employee,24400.0,Single,Online,Bronze
CUST000710,Jeremiah,Ben,60.0,Male,Kolkata,West Bengal,2019-05-13,Retired,42400.0,Married,Online,Silver
CUST000711,Warda,Prabhu,41.0,Female,Kolkata,West Bengal,2021-07-07,IT Professional,136200.0,Married,Mobile App,Gold
CUST000712,Charan,Varty,37.0,Male,Kochi,Kerala,2020-06-11,Retired,26800.0,Single,Mobile App,Bronze
CUST000713,David,Mane,38.0,Male,Coimbatore,Tamil Nadu,2019-04-21,Self-Employed,170800.0,Married,Store,Gold
CUST000714,Benjamin,Dyal,43.0,Male,Pune,Maharashtra,2018-11-29,Retail Employee,28900.0,Single,Store,Silver
CUST000715,Madhavi,Sengupta,38.0,Female,Kolkata,West Bengal,2019-10-26,Government Employee,79600.0,Married,Store,Silver
CUST000716,Yashvi,Din,52.0,Female,Pune,Maharashtra,2021-06-20,Teacher,65700.0,Married,Online,Silver
CUST000717,Urmi,Chand,39.0,Female,Delhi,Delhi,2020-06-08,Doctor,243900.0,Married,Online,Gold
CUST000718,Indrajit,Seshadri,40.0,Male,Mumbai,Maharashtra,2021-05-27,Self-Employed,68300.0,Divorced,Store,Silver
CUST000719,Priya,Bala,38.0,Female,Chennai,Tamil Nadu,2019-05-19,Business Owner,301900.0,Married,Mobile App,Platinum
CUST000720,Sarthak,Bera,37.0,Male,Pune,Maharashtra,2021-06-08,IT Professional,168800.0,Single,Mobile App,Silver
CUST000721,Siya,Thakkar,42.0,Female,Chennai,Tamil Nadu,2021-01-25,Self-Employed,89800.0,Married,Mobile App,Silver
CUST000722,Rachit,Keer,18.0,Male,Thiruvananthapuram,Kerala,2026-07-11,Student,13900.0,Married,Mobile App,Bronze
CUST000723,Sanya,Bumb,20.0,Female,Ahmedabad,Gujarat,2024-08-16,Student,14800.0,Single,Online,Bronze
CUST000724,Ridhi,Kapur,48.0,Female,Pune,Maharashtra,2020-05-28,Engineer,137600.0,Married,Online,Gold
CUST000725,Amrita,Nagar,40.0,Female,Delhi,Delhi,2020-03-26,Homemaker,18500.0,Married,Store,Silver
CUST000726,Chavvi,Nayak,36.0,Female,Ahmedabad,Gujarat,2019-06-27,Self-Employed,81000.0,Married,Online,Gold
CUST000727,Eta,Devan,38.0,Female,Patna,Bihar,2020-07-08,Engineer,105400.0,Single,Mobile App,Silver
CUST000728,Anjali,Mangat,43.0,Female,Mumbai,Maharashtra,2019-12-25,Engineer,103400.0,Married,Online,Silver
CUST000729,Warinder,Dewan,31.0,Male,Lucknow,Uttar Pradesh,2020-09-18,Sales Executive,70600.0,Married,Mobile App,Silver
CUST000730,Vrinda,Sen,28.0,Female,Kolkata,West Bengal,2020-07-25,IT Professional,83500.0,Single,Online,Silver
CUST000731,Aarnav,Buch,41.0,Male,Madurai,Tamil Nadu,2019-10-14,Teacher,51500.0,Married,Online,Silver
CUST000732,Adya,Kunda,25.0,Female,Bhubaneswar,Odisha,2020-02-26,Homemaker,3000.0,Married,Store,Bronze
CUST000733,Hritik,Doctor,43.0,Male,Vadodara,Gujarat,2019-06-16,Sales Executive,51300.0,Divorced,Mobile App,Silver
CUST000734,Siddharth,Choudhry,18.0,Male,Chandigarh,Chandigarh,2026-07-11,Student,5900.0,Single,Online,Bronze
CUST000735,Maanas,Khanna,51.0,Male,Hyderabad,Telangana,2019-03-20,IT Professional,213900.0,Married,Store,Platinum
CUST000736,Matthew,Dara,44.0,Male,Kolkata,West Bengal,2020-04-17,IT Professional,129400.0,Divorced,Mobile App,Gold
CUST000737,Arunima,Khare,41.0,Female,Kolkata,West Bengal,2020-02-25,Retail Employee,27300.0,Married,Online,Silver
CUST000738,Shaurya,Shankar,51.0,Male,Bengaluru,Karnataka,2019-08-13,Homemaker,20600.0,Single,Online,Silver
CUST000739,Bhavika,Choudhry,60.0,Female,Kolkata,West Bengal,2020-12-17,Retired,43100.0,Widowed,Store,Silver
CUST000740,Zaid,Wason,51.0,Male,Delhi,Delhi,2020-06-19,Sales Executive,108200.0,Married,Store,Gold
CUST000741,Adweta,Varma,18.0,Female,Pune,Maharashtra,2026-07-11,Student,7300.0,Single,Mobile App,Bronze
CUST000742,Kavya,Dhawan,21.0,Female,Hyderabad,Telangana,2023-08-17,Student,13300.0,Single,Online,Bronze
CUST000743,Mugdha,Sanghvi,30.0,Male,Vadodara,Gujarat,2020-04-24,Student,10800.0,Married,Store,Bronze
CUST000744,Aachal,Pandit,38.0,Female,Kochi,Kerala,2019-10-30,Self-Employed,65800.0,Married,Store,Gold
CUST000745,Jai,Saha,45.0,Male,Chennai,Tamil Nadu,2018-09-21,Engineer,89500.0,Divorced,Store,Gold
CUST000746,Idika,Chada,29.0,Female,Howrah,West Bengal,2018-12-29,Engineer,112200.0,Married,Mobile App,Gold
CUST000747,Pranit,Bir,40.0,Male,Pune,Maharashtra,2020-10-13,Student,14900.0,Married,Online,Silver
CUST000748,Zehaan,Tripathi,28.0,Male,Patna,Bihar,2020-02-07,Retail Employee,19300.0,Married,Store,Bronze
CUST000749,Aishani,Ramakrishnan,30.0,Female,Kolkata,West Bengal,2021-06-15,Student,14200.0,Single,Store,Bronze
CUST000750,Wahab,Bassi,20.0,Male,Udaipur,Rajasthan,2024-08-16,Student,13800.0,Single,Mobile App,Bronze
CUST000751,Sara,Prakash,26.0,Female,Jodhpur,Rajasthan,2019-04-20,Engineer,99500.0,Married,Store,Gold
CUST000752,Lajita,Babu,20.0,Female,New Delhi,Delhi,2024-08-16,Student,7400.0,Married,Store,Bronze
CUST000753,Pranav,Bir,25.0,Male,Coimbatore,Tamil Nadu,2020-11-07,Student,49400.0,Married,Online,Silver
CUST000754,Orinder,Khosla,38.0,Male,Bhubaneswar,Odisha,2018-10-17,Engineer,115900.0,Married,Store,Gold
CUST000755,Charles,Natarajan,26.0,Male,Pune,Maharashtra,2019-02-26,Government Employee,46900.0,Married,Store,Gold
CUST000756,Ekani,Basu,72.0,Female,Ahmedabad,Gujarat,2019-04-13,Retired,21600.0,Divorced,Store,Silver
CUST000757,Qushi,Nigam,38.0,Female,Bhubaneswar,Odisha,2019-01-12,Retail Employee,31400.0,Married,Online,Silver
CUST000758,Gagan,Shetty,40.0,Male,Bengaluru,Karnataka,2019-05-18,Self-Employed,254000.0,Married,Online,Platinum
CUST000759,Wriddhish,Gopal,27.0,Male,Chandigarh,Chandigarh,2021-04-06,Engineer,111600.0,Married,Online,Silver
CUST000760,Ekanta,Bhatnagar,47.0,Female,Thiruvananthapuram,Kerala,2020-01-28,Retail Employee,29700.0,Married,Mobile App,Silver
CUST000761,Vasudha,Bansal,38.0,Female,Vadodara,Gujarat,2020-04-16,Retail Employee,27800.0,Married,Online,Silver
CUST000762,Manan,Jaggi,40.0,Male,Delhi,Delhi,2020-09-09,Sales Executive,105400.0,Married,Online,Silver
CUST000763,Anthony,Iyengar,71.0,Male,Bengaluru,Karnataka,2019-02-14,Business Owner,184100.0,Divorced,Store,Platinum
CUST000764,Anvi,Mutti,37.0,Female,Mumbai,Maharashtra,2020-03-26,Doctor,285100.0,Married,Online,Gold
CUST000765,Mohammed,Varma,53.0,Male,Varanasi,Uttar Pradesh,2021-06-11,IT Professional,135700.0,Single,Online,Silver
CUST000766,Rushil,Solanki,29.0,Male,Chandigarh,Chandigarh,2020-10-19,Government Employee,53500.0,Married,Mobile App,Silver
CUST000767,Lajita,Bansal,38.0,Female,Howrah,West Bengal,2020-12-09,Homemaker,3000.0,Single,Store,Bronze
CUST000768,Ikshita,Mangal,61.0,Male,Mysuru,Karnataka,2018-12-18,Self-Employed,134700.0,Divorced,Online,Gold
CUST000769,Pranav,Batta,30.0,Male,Mumbai,Maharashtra,2019-09-07,Government Employee,70000.0,Single,Online,Silver
CUST000770,Noah,Mahajan,62.0,Male,Vadodara,Gujarat,2019-12-11,Self-Employed,115300.0,Married,Online,Gold
CUST000771,David,Pillai,47.0,Male,Surat,Gujarat,2020-02-08,Self-Employed,239500.0,Single,Mobile App,Gold
CUST000772,Tejas,Ratta,31.0,Male,Kochi,Kerala,2019-09-04,Government Employee,46800.0,Married,Store,Silver
CUST000773,Urvi,Raju,46.0,Female,Surat,Gujarat,2019-05-12,IT Professional,186400.0,Married,Mobile App,Gold
CUST000774,Omkaar,Grover,51.0,Male,Kanpur,Uttar Pradesh,2019-12-18,Retail Employee,31800.0,Married,Store,Silver
CUST000775,Yadavi,Tank,46.0,Female,Vadodara,Gujarat,2018-10-23,Retail Employee,33200.0,Married,Mobile App,Silver
CUST000776,Raksha,Venkataraman,18.0,Female,Kolkata,West Bengal,2026-07-11,Retail Employee,13000.0,Married,Mobile App,Bronze
CUST000777,Kiaan,Butala,29.0,Male,Hyderabad,Telangana,2018-08-22,Government Employee,59800.0,Married,Online,Gold
CUST000778,Simon,Brar,35.0,Male,Patna,Bihar,2019-08-14,Self-Employed,159200.0,Married,Online,Gold
CUST000779,Upasna,Gole,37.0,Female,Ahmedabad,Gujarat,2018-10-29,Retired,27000.0,Divorced,Store,Silver
CUST000780,Nandini,Nagi,46.0,Female,Hyderabad,Telangana,2020-05-30,Student,13500.0,Widowed,Online,Bronze
CUST000781,Dalaja,Buch,40.0,Female,Pune,Maharashtra,2019-01-17,IT Professional,113100.0,Divorced,Store,Gold
CUST000782,Nihal,Merchant,21.0,Male,Bengaluru,Karnataka,2023-08-17,Retail Employee,19700.0,Single,Online,Bronze
CUST000783,Niharika,Sehgal,43.0,Female,Madurai,Tamil Nadu,2018-11-30,Self-Employed,155200.0,Widowed,Mobile App,Gold
CUST000784,Unni,Ganesan,46.0,Female,Bengaluru,Karnataka,2019-02-18,Self-Employed,227100.0,Married,Mobile App,Platinum
CUST000785,Vamakshi,Panchal,45.0,Female,Delhi,Delhi,2020-05-28,Teacher,63600.0,Married,Store,Silver
CUST000786,Udant,Basak,52.0,Male,Coimbatore,Tamil Nadu,2021-02-23,IT Professional,181400.0,Single,Store,Gold
CUST000787,Qushi,Saran,49.0,Female,Delhi,Delhi,2020-08-15,Engineer,113800.0,Widowed,Store,Gold
CUST000788,Mahika,Bhandari,44.0,Female,Lucknow,Uttar Pradesh,2019-04-28,Student,9600.0,Married,Store,Bronze
CUST000789,Baljiwan,Ravi,37.0,Male,Chennai,Tamil Nadu,2020-12-04,Teacher,60500.0,Married,Store,Silver
CUST000790,Qabil,Varghese,18.0,Male,Kolkata,West Bengal,2026-07-11,Sales Executive,28700.0,Single,Mobile App,Bronze
CUST000791,Fariq,Balasubramanian,44.0,Male,Pune,Maharashtra,2019-12-06,Government Employee,61500.0,Married,Store,Silver
CUST000792,Ekbal,Sarma,38.0,Male,Bengaluru,Karnataka,2019-10-25,Retired,54600.0,Widowed,Online,Silver
CUST000793,Anay,Date,42.0,Male,Hyderabad,Telangana,2018-10-26,Doctor,295200.0,Married,Online,Platinum
CUST000794,Bhavna,Keer,21.0,Female,Lucknow,Uttar Pradesh,2023-08-17,Student,11500.0,Single,Store,Bronze
CUST000795,Qadim,Pathak,24.0,Male,Udaipur,Rajasthan,2020-08-16,Engineer,65800.0,Single,Store,Gold
CUST000796,Rehaan,Bali,52.0,Male,Delhi,Delhi,2019-11-18,Government Employee,79600.0,Single,Online,Silver
CUST000797,Ganga,Sengupta,37.0,Female,Kolkata,West Bengal,2019-02-15,Government Employee,74300.0,Married,Store,Gold
CUST000798,Qasim,Prabhu,47.0,Male,Delhi,Delhi,2020-10-31,Retail Employee,33700.0,Married,Mobile App,Silver
CUST000799,Tristan,Bose,38.0,Male,Ludhiana,Punjab,2020-12-29,Retail Employee,32300.0,Married,Online,Silver
CUST000800,Ekantika,Wagle,38.0,Female,Guwahati,Assam,2018-11-05,Teacher,52300.0,Married,Online,Silver
CUST000801,Rajeshri,Rao,50.0,Female,Kolkata,West Bengal,2019-07-18,Self-Employed,170100.0,Married,Store,Platinum
CUST000802,Nirja,Mallick,31.0,Female,Ahmedabad,Gujarat,2019-08-11,Engineer,75600.0,Single,Store,Gold
CUST000803,Kritika,Comar,39.0,Female,Lucknow,Uttar Pradesh,2020-03-22,Retail Employee,65800.0,Married,Store,Silver
CUST000804,Agastya,Grewal,32.0,Male,Ahmedabad,Gujarat,2020-06-29,Sales Executive,45000.0,Married,Online,Silver
CUST000805,Yahvi,Vasa,32.0,Female,Ahmedabad,Gujarat,2019-12-16,Engineer,124900.0,Married,Store,Gold
CUST000806,Rishi,Dalal,34.0,Male,Bhubaneswar,Odisha,2021-04-06,Homemaker,16600.0,Single,Mobile App,Bronze
CUST000807,Lekha,Lad,41.0,Female,Kolkata,West Bengal,2020-04-05,Doctor,352400.0,Married,Mobile App,Gold
CUST000808,Udant,Kala,32.0,Male,Howrah,West Bengal,2020-04-04,Retail Employee,22600.0,Married,Mobile App,Silver
CUST000809,Mekhala,Swaminathan,54.0,Female,Chandigarh,Chandigarh,2020-01-04,IT Professional,114600.0,Widowed,Mobile App,Gold
CUST000810,Irya,Das,26.0,Female,Ahmedabad,Gujarat,2019-09-21,Engineer,66500.0,Married,Online,Silver
CUST000811,Ekanta,Borah,36.0,Female,Surat,Gujarat,2018-10-02,Student,16500.0,Single,Online,Silver
CUST000812,Upkaar,Gera,32.0,Male,Delhi,Delhi,2019-09-02,Student,12000.0,Married,Mobile App,Bronze
CUST000813,Tristan,Chahal,57.0,Male,Hyderabad,Telangana,2018-12-22,Retail Employee,41500.0,Married,Store,Gold
CUST000814,Odika,Palan,41.0,Female,Pune,Maharashtra,2019-12-16,Government Employee,521100.0,Married,Store,Platinum
CUST000815,Bhavini,Mannan,51.0,Male,Chennai,Tamil Nadu,2019-09-29,IT Professional,219700.0,Married,Store,Gold
CUST000816,Mason,Dugar,19.0,Male,Chennai,Tamil Nadu,2025-08-16,Student,13400.0,Single,Mobile App,Bronze
CUST000817,Harita,Pathak,41.0,Female,Ludhiana,Punjab,2021-03-23,Retail Employee,41900.0,Widowed,Mobile App,Silver
CUST000818,Yashoda,Kapur,50.0,Female,Kolkata,West Bengal,2019-11-20,Doctor,371100.0,Married,Store,Platinum
CUST000819,Darsh,Iyer,39.0,Male,Jodhpur,Rajasthan,2020-06-09,Engineer,116700.0,Widowed,Online,Gold
CUST000820,Ekiya,Khalsa,38.0,Female,Bengaluru,Karnataka,2019-03-25,Government Employee,86700.0,Married,Store,Gold
CUST000821,Xiti,Bal,31.0,Female,Varanasi,Uttar Pradesh,2019-12-30,Student,8700.0,Married,Mobile App,Bronze
CUST000822,Pranit,Pillay,56.0,Male,Kolkata,West Bengal,2018-12-23,Student,24000.0,Married,Store,Silver
CUST000823,Vivaan,Dayal,68.0,Male,Ahmedabad,Gujarat,2018-09-16,Retired,52300.0,Married,Online,Silver
CUST000824,Chameli,Bhatti,33.0,Female,Bengaluru,Karnataka,2021-03-07,Student,25200.0,Married,Mobile App,Bronze
CUST000825,Nilima,Rao,32.0,Female,Madurai,Tamil Nadu,2020-06-10,Teacher,55600.0,Married,Online,Silver
CUST000826,Wriddhish,Vora,57.0,Male,Howrah,West Bengal,2019-08-19,Engineer,193100.0,Married,Mobile App,Platinum
CUST000827,Tripti,Rout,59.0,Female,Kolkata,West Bengal,2020-09-16,Engineer,118600.0,Married,Mobile App,Silver
CUST000828,Bina,Dass,31.0,Female,Kochi,Kerala,2020-10-28,Government Employee,41900.0,Married,Mobile App,Silver
CUST000829,Nitara,Borah,33.0,Female,Patna,Bihar,2019-03-09,Teacher,47200.0,Single,Mobile App,Silver
CUST000830,Umang,Shukla,34.0,Male,Amritsar,Punjab,2018-09-07,Engineer,65800.0,Divorced,Online,Gold
CUST000831,Yauvani,Padmanabhan,21.0,Female,Ahmedabad,Gujarat,2023-08-17,Sales Executive,78300.0,Single,Store,Silver
CUST000832,Devansh,Gopal,26.0,Male,Amritsar,Punjab,2020-01-20,Self-Employed,46200.0,Married,Mobile App,Silver
CUST000833,Dhruv,Sant,38.0,Male,Varanasi,Uttar Pradesh,2020-04-18,Engineer,102000.0,Single,Online,Gold
CUST000834,Zayan,Bhakta,28.0,Male,Bengaluru,Karnataka,2020-01-03,Student,65800.0,Married,Store,Silver
CUST000835,David,Vasa,38.0,Male,Hyderabad,Telangana,2020-03-27,Teacher,45200.0,Married,Store,Silver
CUST000836,Ganga,Modi,41.0,Female,Delhi,Delhi,2020-02-12,Sales Executive,93300.0,Married,Store,Gold
CUST000837,Fitan,Edwin,58.0,Male,Mumbai,Maharashtra,2021-01-05,Student,18700.0,Married,Mobile App,Bronze
CUST000838,Ojasvi,Kar,25.0,Female,Delhi,Delhi,2019-08-17,Retired,28300.0,Single,Store,Silver
CUST000839,Oscar,Venkataraman,51.0,Male,Mumbai,Maharashtra,2019-05-12,Doctor,306300.0,Married,Online,Platinum
CUST000840,Lucky,Brar,35.0,Male,Ahmedabad,Gujarat,2019-08-01,Doctor,211400.0,Married,Online,Gold
CUST000841,Zashil,Hegde,37.0,Other,Hyderabad,Telangana,2018-10-10,Student,19200.0,Married,Online,Silver
CUST000842,Mahika,Dass,47.0,Female,Bengaluru,Karnataka,2020-10-09,Engineer,133900.0,Single,Store,Gold
CUST000843,Max,Walla,23.0,Male,Jaipur,Rajasthan,2021-08-16,IT Professional,134500.0,Married,Mobile App,Silver
CUST000844,Charita,Thakkar,43.0,Female,Varanasi,Uttar Pradesh,2019-02-23,Retail Employee,26900.0,Married,Store,Silver
CUST000845,Frado,Dube,38.0,Male,Amritsar,Punjab,2018-08-18,Government Employee,86900.0,Divorced,Store,Gold
CUST000846,Frederick,Nazareth,44.0,Male,Howrah,West Bengal,2019-11-21,Sales Executive,125400.0,Married,Store,Gold
CUST000847,Anvi,Balakrishnan,42.0,Female,Chennai,Tamil Nadu,2021-06-13,Student,180600.0,Married,Mobile App,Gold
CUST000848,Chaitaly,Bath,70.0,Female,Bengaluru,Karnataka,2019-04-14,Retired,47900.0,Divorced,Store,Silver
CUST000849,Kevin,Kade,30.0,Male,Delhi,Delhi,2021-05-27,Student,8800.0,Married,Online,Bronze
CUST000850,Turvi,Balasubramanian,31.0,Female,Delhi,Delhi,2020-01-03,Business Owner,166200.0,Married,Mobile App,Gold
CUST000851,Yadavi,Mann,30.0,Female,Hyderabad,Telangana,2020-10-16,Business Owner,282900.0,Married,Store,Gold
CUST000852,Matthew,Subramanian,31.0,Male,Ludhiana,Punjab,2018-11-18,Engineer,172400.0,Married,Online,Platinum
CUST000853,Krisha,Ravi,30.0,Female,Mumbai,Maharashtra,2020-04-09,IT Professional,101700.0,Divorced,Online,Silver
CUST000854,Neha,Setty,53.0,Female,Delhi,Delhi,2018-12-06,IT Professional,151500.0,Married,Online,Platinum
CUST000855,Bina,Bhasin,56.0,Female,Delhi,Delhi,2020-09-23,Engineer,156200.0,Married,Mobile App,Gold
CUST000856,Farhan,Sarraf,31.0,Male,Ahmedabad,Gujarat,2020-06-18,Government Employee,57600.0,Single,Online,Silver
CUST000857,Triya,Sule,27.0,Female,Mysuru,Karnataka,2018-10-13,Homemaker,3000.0,Single,Mobile App,Bronze
CUST000858,Vincent,Jani,44.0,Male,Chennai,Tamil Nadu,2021-01-08,Engineer,117200.0,Married,Online,Silver
CUST000859,Panini,Dhawan,31.0,Female,Pune,Maharashtra,2019-11-21,Teacher,34200.0,Single,Online,Silver
CUST000860,Nirja,Nagar,46.0,Female,Hyderabad,Telangana,2020-06-17,IT Professional,151800.0,Married,Store,Gold
CUST000861,Orinder,Rastogi,41.0,Male,Pune,Maharashtra,2019-04-21,Self-Employed,172400.0,Married,Online,Platinum
CUST000862,Eiravati,Prabhakar,18.0,Female,Coimbatore,Tamil Nadu,2026-07-11,Student,65800.0,Single,Online,Bronze
CUST000863,Yasti,Cherian,58.0,Female,Pune,Maharashtra,2020-04-24,Government Employee,88700.0,Married,Store,Silver
CUST000864,Odika,Khurana,61.0,Female,Jodhpur,Rajasthan,2019-07-12,Business Owner,362300.0,Married,Store,Platinum
CUST000865,Viraj,Das,30.0,Male,Kolkata,West Bengal,2020-05-27,Teacher,39400.0,Single,Mobile App,Silver
CUST000866,Kiaan,Sengupta,33.0,Male,Surat,Gujarat,2021-06-13,Student,76900.0,Single,Store,Silver
CUST000867,Krishna,Dhaliwal,42.0,Female,Hyderabad,Telangana,2019-07-06,Retail Employee,27900.0,Married,Store,Silver
CUST000868,Chanakya,Bedi,42.0,Male,Hyderabad,Telangana,2020-02-12,Self-Employed,106400.0,Married,Mobile App,Gold
CUST000869,Mohini,Rajagopalan,47.0,Female,Pune,Maharashtra,2021-08-04,Student,13300.0,Married,Mobile App,Bronze
CUST000870,Shaurya,Kothari,64.0,Male,Coimbatore,Tamil Nadu,2019-10-15,Retired,40100.0,Married,Store,Silver
CUST000871,Fariq,Narang,36.0,Male,Chennai,Tamil Nadu,2018-11-12,Sales Executive,52600.0,Married,Mobile App,Gold
CUST000872,Naksh,Gupta,28.0,Male,Chennai,Tamil Nadu,2021-04-17,Engineer,120500.0,Married,Online,Silver
CUST000873,Fariq,Tara,20.0,Male,Vadodara,Gujarat,2024-08-16,Student,10500.0,Single,Online,Bronze
CUST000874,Yasti,Sibal,28.0,Female,Varanasi,Uttar Pradesh,2019-06-10,Government Employee,46400.0,Married,Mobile App,Silver
CUST000875,Zaid,Morar,38.0,Male,Vadodara,Gujarat,2021-05-31,Engineer,145600.0,Married,Online,Silver
CUST000876,Yuvraj,Bajaj,61.0,Male,Pune,Maharashtra,2021-07-22,Retired,16000.0,Married,Online,Bronze
CUST000877,Chakradev,Ramaswamy,31.0,Male,Kolkata,West Bengal,2020-03-26,Retired,29600.0,Single,Online,Bronze
CUST000878,Yashawini,Shankar,41.0,Female,Pune,Maharashtra,2019-04-02,Retired,24100.0,Married,Mobile App,Silver
CUST000879,Jai,Kale,38.0,Male,Ahmedabad,Gujarat,2021-02-21,Engineer,151800.0,Married,Mobile App,Gold
CUST000880,Qushi,Bava,53.0,Female,Hyderabad,Telangana,2019-02-12,IT Professional,208300.0,Divorced,Mobile App,Platinum
CUST000881,Arya,Manda,71.0,Female,Pune,Maharashtra,2019-08-28,Retired,22900.0,Married,Store,Silver
CUST000882,Yachana,Singhal,31.0,Female,Bhopal,Madhya Pradesh,2020-08-17,Doctor,286600.0,Married,Store,Platinum
CUST000883,Mekhala,Yadav,32.0,Female,Kolkata,West Bengal,2020-01-29,Retail Employee,32200.0,Married,Online,Silver
CUST000884,Aarna,Chokshi,52.0,Female,Hyderabad,Telangana,2018-09-23,Teacher,73500.0,Divorced,Store,Gold
CUST000885,Upasna,Desai,47.0,Female,Mumbai,Maharashtra,2020-12-22,Student,17600.0,Married,Store,Bronze
CUST000886,Kevin,Pau,62.0,Male,Coimbatore,Tamil Nadu,2020-02-16,Retired,48700.0,Divorced,Store,Silver
CUST000887,Saksham,Pau,46.0,Male,Thiruvananthapuram,Kerala,2019-10-02,Retail Employee,36900.0,Single,Mobile App,Silver
CUST000888,Arin,Rattan,33.0,Male,Kolkata,West Bengal,2021-03-18,IT Professional,152800.0,Married,Online,Gold
CUST000889,Ati,Hayer,46.0,Female,Amritsar,Punjab,2021-06-30,Self-Employed,150900.0,Married,Online,Silver
CUST000890,Radhika,Mani,52.0,Female,Pune,Maharashtra,2021-08-02,IT Professional,152200.0,Married,Mobile App,Gold
CUST000891,Bina,Raju,49.0,Female,Kolkata,West Bengal,2020-08-25,Teacher,57200.0,Divorced,Online,Silver
CUST000892,Zayyan,Seshadri,45.0,Male,Jodhpur,Rajasthan,2021-05-27,Student,12700.0,Married,Mobile App,Bronze
CUST000893,Meera,Dani,52.0,Female,Coimbatore,Tamil Nadu,2019-03-20,Engineer,169400.0,Married,Store,Gold
CUST000894,Devansh,Chatterjee,53.0,Male,Pune,Maharashtra,2018-08-19,Government Employee,105300.0,Married,Store,Gold
CUST000895,Ronith,Prakash,56.0,Male,Kolkata,West Bengal,2021-06-10,Engineer,160900.0,Married,Online,Gold
CUST000896,Omkaar,Pau,46.0,Male,Kolkata,West Bengal,2020-04-29,Homemaker,8600.0,Married,Mobile App,Bronze
CUST000897,Ekbal,Issac,36.0,Male,Surat,Gujarat,2021-07-19,Retail Employee,30300.0,Single,Mobile App,Bronze
CUST000898,Yashoda,Ratti,40.0,Female,Jaipur,Rajasthan,2021-03-22,Retail Employee,23900.0,Divorced,Mobile App,Bronze
CUST000899,Zashil,Baria,54.0,Male,Udaipur,Rajasthan,2020-08-27,IT Professional,160900.0,Married,Store,Gold
CUST000900,Arin,Barad,27.0,Male,Ahmedabad,Gujarat,2020-06-11,Homemaker,18400.0,Married,Mobile App,Bronze
CUST000901,Ekantika,Nath,43.0,Female,Delhi,Delhi,2018-10-21,Self-Employed,81400.0,Divorced,Store,Gold
CUST000902,Vritti,Venkataraman,33.0,Female,Hyderabad,Telangana,2020-06-09,Sales Executive,85600.0,Married,Online,Silver
CUST000903,Vasatika,Dixit,38.0,Female,Udaipur,Rajasthan,2020-02-19,Teacher,44700.0,Married,Online,Silver
CUST000904,Ekaraj,Narang,55.0,Male,Guwahati,Assam,2020-11-20,Retired,58300.0,Married,Store,Silver
CUST000905,Odika,Gaba,40.0,Female,Pune,Maharashtra,2021-08-16,Retail Employee,33500.0,Married,Mobile App,Bronze
CUST000906,Shravya,Mistry,39.0,Female,Coimbatore,Tamil Nadu,2018-12-05,Student,15600.0,Single,Online,Silver
CUST000907,Om,Tripathi,20.0,Male,Bengaluru,Karnataka,2024-08-16,Sales Executive,84800.0,Married,Online,Silver
CUST000908,Yashoda,Walia,48.0,Female,Delhi,Delhi,2018-09-25,Sales Executive,95700.0,Married,Mobile App,Gold
CUST000909,Yash,Mistry,38.0,Male,Chennai,Tamil Nadu,2021-03-26,Student,15000.0,Married,Online,Bronze
CUST000910,Wazir,Badal,66.0,Male,Kolkata,West Bengal,2019-10-23,Retired,12600.0,Married,Store,Bronze
CUST000911,Raksha,Narula,34.0,Female,Mumbai,Maharashtra,2018-08-17,Student,16800.0,Married,Online,Silver
CUST000912,Dayamai,Saha,41.0,Female,Udaipur,Rajasthan,2021-03-18,Retail Employee,23700.0,Married,Mobile App,Bronze
CUST000913,Mitesh,Bala,41.0,Male,Kanpur,Uttar Pradesh,2020-05-09,Retail Employee,26100.0,Divorced,Store,Silver
CUST000914,Vritti,Lanka,38.0,Female,Bhubaneswar,Odisha,2019-04-14,Homemaker,16800.0,Single,Store,Silver
CUST000915,Jhalak,Behl,37.0,Female,Delhi,Delhi,2021-07-12,Doctor,141200.0,Divorced,Online,Gold
CUST000916,Wakeeta,Garde,42.0,Female,Kolkata,West Bengal,2019-07-22,Self-Employed,156700.0,Single,Online,Platinum
CUST000917,Ranveer,Divan,46.0,Male,Hyderabad,Telangana,2021-05-20,Self-Employed,203500.0,Married,Mobile App,Gold
CUST000918,Keya,Balay,40.0,Female,Bengaluru,Karnataka,2020-11-30,Engineer,160800.0,Married,Online,Gold
CUST000919,Christopher,Halder,32.0,Male,Kolkata,West Bengal,2021-02-22,Self-Employed,214500.0,Single,Online,Gold
CUST000920,Adya,Sastry,41.0,Female,Udaipur,Rajasthan,2018-11-26,Engineer,113800.0,Single,Online,Gold
CUST000921,Naksh,Sahota,52.0,Male,Mumbai,Maharashtra,2021-01-31,Teacher,61300.0,Married,Online,Silver
CUST000922,Faqid,Sachar,25.0,Male,Amritsar,Punjab,2021-07-03,Engineer,55700.0,Married,Mobile App,Silver
CUST000923,Ishani,Roy,38.0,Female,Lucknow,Uttar Pradesh,2019-11-11,Engineer,116100.0,Married,Mobile App,Gold
CUST000924,Zashil,Sinha,38.0,Male,Vadodara,Gujarat,2020-08-02,Self-Employed,91100.0,Married,Online,Silver
CUST000925,Azaan,Devi,54.0,Male,Jaipur,Rajasthan,2020-05-29,Retired,27700.0,Married,Store,Bronze
CUST000926,Hemang,Nair,38.0,Male,Hyderabad,Telangana,2026-07-11,Student,10800.0,Single,Online,Bronze
CUST000927,Waida,Vora,31.0,Female,Vadodara,Gujarat,2019-05-19,Self-Employed,65800.0,Single,Mobile App,Gold
CUST000928,Raghav,Murthy,43.0,Male,Hyderabad,Telangana,2019-10-27,Student,14200.0,Single,Store,Bronze
CUST000929,Harini,Sharaf,58.0,Female,Patna,Bihar,2020-07-13,Student,120800.0,Married,Store,Silver
CUST000930,Onveer,Pandya,37.0,Male,Delhi,Delhi,2021-02-09,Teacher,46400.0,Married,Online,Silver
CUST000931,Kevin,Sule,31.0,Male,Bengaluru,Karnataka,2019-11-05,Student,17500.0,Married,Mobile App,Silver
CUST000932,Gopal,Koshy,62.0,Male,Madurai,Tamil Nadu,2019-04-16,Retired,20300.0,Widowed,Online,Silver
CUST000933,Liam,Misra,19.0,Male,Bengaluru,Karnataka,2025-08-16,Retail Employee,15400.0,Single,Online,Bronze
CUST000934,Isaiah,Mishra,18.0,Male,Hyderabad,Telangana,2026-07-11,Student,11100.0,Single,Mobile App,Bronze
CUST000935,Maanas,Johal,38.0,Male,Chennai,Tamil Nadu,2020-12-24,Sales Executive,102600.0,Divorced,Online,Silver
CUST000936,Wishi,Nadig,31.0,Female,Chandigarh,Chandigarh,2019-07-31,Student,9100.0,Married,Mobile App,Bronze
CUST000937,Wakeeta,Palla,25.0,Female,Coimbatore,Tamil Nadu,2019-08-17,Sales Executive,57000.0,Married,Mobile App,Silver
CUST000938,Laksh,Mani,47.0,Male,Hyderabad,Telangana,2021-08-02,Business Owner,65800.0,Divorced,Online,Gold
CUST000939,Darsh,Raghavan,41.0,Male,New Delhi,Delhi,2020-09-15,Teacher,50100.0,Divorced,Online,Silver
CUST000940,Siya,Pai,31.0,Female,Hyderabad,Telangana,2021-06-09,IT Professional,68500.0,Married,Online,Silver
CUST000941,Elijah,Mannan,21.0,Male,Chennai,Tamil Nadu,2023-08-17,Retail Employee,16200.0,Single,Mobile App,Bronze
CUST000942,Ansh,Mani,49.0,Male,Vadodara,Gujarat,2020-05-28,Engineer,138700.0,Widowed,Mobile App,Gold
CUST000943,Chaaya,Pal,46.0,Female,Pune,Maharashtra,2018-11-11,Doctor,172400.0,Married,Mobile App,Platinum
CUST000944,Vaishnavi,Kunda,37.0,Female,Delhi,Delhi,2021-05-20,Teacher,50300.0,Married,Store,Silver
CUST000945,Wakeeta,Kala,62.0,Female,Hyderabad,Telangana,2019-04-18,Retired,22700.0,Married,Online,Silver
CUST000946,Harrison,Yohannan,24.0,Male,Hyderabad,Telangana,2020-08-16,Retired,35500.0,Single,Mobile App,Silver
CUST000947,Krishna,Magar,18.0,Male,Hyderabad,Telangana,2026-07-11,Student,8300.0,Married,Mobile App,Bronze
CUST000948,Ekantika,Chopra,38.0,Female,Jodhpur,Rajasthan,2020-02-01,IT Professional,97700.0,Married,Online,Gold
CUST000949,Jagdish,Kibe,37.0,Male,Bengaluru,Karnataka,2021-07-04,Student,59200.0,Married,Store,Silver
CUST000950,Arya,Wali,41.0,Female,Chennai,Tamil Nadu,2018-10-14,Self-Employed,185800.0,Married,Online,Gold
CUST000951,Jeevika,Kaul,35.0,Female,Kolkata,West Bengal,2021-05-18,Self-Employed,97400.0,Married,Mobile App,Silver
CUST000952,Atharv,Chaudhry,43.0,Male,Delhi,Delhi,2019-10-31,Government Employee,54500.0,Married,Online,Silver
CUST000953,Triveni,Narayanan,38.0,Female,Ahmedabad,Gujarat,2022-08-17,Student,12200.0,Married,Mobile App,Bronze
CUST000954,Vrishti,Chaudhry,57.0,Female,Madurai,Tamil Nadu,2021-05-21,Student,21300.0,Married,Store,Bronze
CUST000955,Ekantika,Ahluwalia,37.0,Female,Chennai,Tamil Nadu,2019-12-18,IT Professional,99800.0,Single,Online,Silver
CUST000956,Farhan,Ray,53.0,Male,Lucknow,Uttar Pradesh,2019-02-25,IT Professional,133700.0,Married,Online,Gold
CUST000957,Wazir,Sood,42.0,Male,Delhi,Delhi,2018-08-31,Retired,37800.0,Married,Mobile App,Gold
CUST000958,Irya,Mani,44.0,Female,Indore,Madhya Pradesh,2019-06-15,IT Professional,193500.0,Married,Online,Gold
CUST000959,Naveen,Mangal,45.0,Male,Kolkata,West Bengal,2020-10-15,Government Employee,81600.0,Married,Mobile App,Silver
CUST000960,Bhanumati,Chakraborty,44.0,Female,Kolkata,West Bengal,2019-07-12,Sales Executive,107900.0,Married,Mobile App,Gold
CUST000961,Jack,Warrior,46.0,Male,Bhopal,Madhya Pradesh,2019-07-05,IT Professional,126300.0,Married,Store,Gold
CUST000962,Anirudh,Gill,55.0,Male,Kanpur,Uttar Pradesh,2019-07-11,Engineer,158100.0,Married,Online,Gold
CUST000963,Sathvik,Goda,41.0,Male,Kolkata,West Bengal,2019-01-23,Student,12900.0,Married,Online,Silver
CUST000964,Anita,Ranganathan,47.0,Female,Vadodara,Gujarat,2021-05-13,Teacher,71600.0,Married,Online,Silver
CUST000965,Yug,Grewal,37.0,Male,Warangal,Telangana,2021-04-19,Homemaker,12200.0,Single,Online,Bronze
CUST000966,Maanav,Barad,57.0,Male,Madurai,Tamil Nadu,2019-09-14,Engineer,119200.0,Married,Store,Gold
CUST000967,Aayush,Misra,29.0,Male,Mumbai,Maharashtra,2018-10-06,Student,49000.0,Married,Store,Silver
CUST000968,Damyanti,Nayak,61.0,Female,Pune,Maharashtra,2020-03-24,Business Owner,378900.0,Divorced,Store,Gold
CUST000969,Lucky,Sha,37.0,Male,Kanpur,Uttar Pradesh,2018-09-29,Sales Executive,69900.0,Married,Store,Gold
CUST000970,Zaitra,Tak,19.0,Female,Mumbai,Maharashtra,2025-08-16,Student,16500.0,Single,Mobile App,Bronze
CUST000971,Ekani,Thaman,40.0,Female,Delhi,Delhi,2018-12-01,IT Professional,188300.0,Married,Mobile App,Platinum
CUST000972,Vivaan,Mahajan,29.0,Male,Jodhpur,Rajasthan,2018-11-23,Student,5800.0,Single,Mobile App,Bronze
CUST000973,Inaya,Chowdhury,49.0,Female,Mumbai,Maharashtra,2018-12-06,Retail Employee,34000.0,Widowed,Online,Silver
CUST000974,Noah,Gaba,30.0,Male,Bengaluru,Karnataka,2019-03-02,Business Owner,438600.0,Married,Store,Platinum
CUST000975,Vasudha,Kurian,32.0,Female,Kolkata,West Bengal,2019-07-17,Engineer,83100.0,Married,Store,Silver
CUST000976,Idika,Atwal,18.0,Female,Kolkata,West Bengal,2026-07-11,Retail Employee,31900.0,Single,Mobile App,Bronze
CUST000977,Om,Merchant,32.0,Male,Udaipur,Rajasthan,2021-03-24,Teacher,52500.0,Single,Online,Silver
CUST000978,Gopal,Gill,18.0,Male,Chennai,Tamil Nadu,2026-07-11,Student,13200.0,Single,Online,Bronze
CUST000979,Samaksh,Sane,18.0,Male,Chennai,Tamil Nadu,2026-07-11,Retail Employee,17900.0,Married,Mobile App,Bronze
CUST000980,Yutika,Narang,38.0,Other,Surat,Gujarat,2021-04-10,Retail Employee,33000.0,Married,Online,Silver
CUST000981,Caleb,Rattan,38.0,Male,Chennai,Tamil Nadu,2018-11-12,Student,170100.0,Married,Mobile App,Gold
CUST000982,Charvi,Goyal,44.0,Female,Kolkata,West Bengal,2019-08-20,Retail Employee,37300.0,Married,Mobile App,Silver
CUST000983,Ekaraj,Sood,25.0,Male,Patna,Bihar,2020-09-08,Student,6000.0,Married,Online,Bronze
CUST000984,Ojasvi,Kothari,37.0,Female,Hyderabad,Telangana,2019-03-31,Homemaker,8100.0,Single,Store,Silver
CUST000985,Aarush,Lal,38.0,Male,Hyderabad,Telangana,2020-02-28,IT Professional,184800.0,Married,Store,Gold
CUST000986,Sanaya,Keer,23.0,Female,Mumbai,Maharashtra,2021-08-16,Homemaker,17500.0,Married,Mobile App,Bronze
CUST000987,Udant,Loke,58.0,Male,Kolkata,West Bengal,2018-12-21,Retail Employee,37200.0,Married,Mobile App,Silver
CUST000988,Omya,Mittal,49.0,Female,Mumbai,Maharashtra,2020-08-10,Engineer,179500.0,Married,Online,Gold
CUST000989,Abdul,Lal,35.0,Male,Chennai,Tamil Nadu,2019-07-12,Retail Employee,34500.0,Married,Store,Silver
CUST000990,Pranit,Keer,38.0,Male,Lucknow,Uttar Pradesh,2020-10-02,Self-Employed,200500.0,Married,Mobile App,Gold
CUST000991,Azaan,Dani,41.0,Male,Madurai,Tamil Nadu,2020-02-15,Self-Employed,177600.0,Married,Mobile App,Gold
CUST000992,Vidhi,Mohanty,18.0,Female,Bengaluru,Karnataka,2026-07-11,Student,12400.0,Single,Mobile App,Bronze
CUST000993,Fariq,Ravi,35.0,Male,Jodhpur,Rajasthan,2021-02-25,Sales Executive,80900.0,Single,Online,Silver
CUST000994,Yashasvi,Mukhopadhyay,29.0,Female,Bengaluru,Karnataka,2018-09-10,Retail Employee,20400.0,Married,Mobile App,Silver
CUST000995,Daniel,Merchant,25.0,Male,Surat,Gujarat,2021-05-31,Engineer,71400.0,Married,Store,Silver
CUST000996,Raksha,Kant,38.0,Female,Kolkata,West Bengal,2020-01-09,Retired,39700.0,Single,Store,Silver
CUST000997,Januja,Deol,61.0,Female,Delhi,Delhi,2018-11-17,Self-Employed,309800.0,Married,Store,Platinum
CUST000998,Waida,Dua,46.0,Female,Patna,Bihar,2018-10-15,Homemaker,17500.0,Married,Online,Silver
CUST000999,Utkarsh,Prakash,31.0,Male,Delhi,Delhi,2020-12-05,Teacher,37400.0,Divorced,Mobile App,Silver
CUST001000,Sarthak,Sinha,45.0,Male,Ludhiana,Punjab,2021-03-11,Retail Employee,33100.0,Widowed,Mobile App,Silver
CUST001001,Ikbal,Kota,56.0,Male,Mumbai,Maharashtra,2019-06-14,Retail Employee,41700.0,Divorced,Store,Silver
CUST001002,Banjeet,Vora,50.0,Male,Bengaluru,Karnataka,2021-07-01,IT Professional,195200.0,Married,Store,Gold
CUST001003,Vansha,Wable,39.0,Female,Delhi,Delhi,2020-03-03,Self-Employed,188600.0,Married,Mobile App,Gold
CUST001004,Radhika,Brahmbhatt,30.0,Female,Mumbai,Maharashtra,2019-03-28,Retail Employee,30700.0,Married,Online,Silver
CUST001005,Dayita,Bhatia,47.0,Female,Surat,Gujarat,2019-12-11,Doctor,228000.0,Married,Store,Platinum
CUST001006,Zayyan,Jain,43.0,Male,Ahmedabad,Gujarat,2021-01-22,Teacher,54200.0,Married,Store,Silver
CUST001007,Falguni,Gala,50.0,Female,Jodhpur,Rajasthan,2020-03-01,Teacher,55500.0,Married,Store,Silver
CUST001008,Nihal,Venkatesh,46.0,Male,New Delhi,Delhi,2018-11-11,Student,65800.0,Married,Store,Platinum
CUST001009,Vaishnavi,Dada,52.0,Female,Warangal,Telangana,2019-10-10,IT Professional,253500.0,Married,Online,Platinum
CUST001010,Harshil,Suresh,31.0,Male,Ahmedabad,Gujarat,2019-06-18,Student,103400.0,Single,Online,Gold
CUST001011,Chakradev,Uppal,55.0,Male,Warangal,Telangana,2020-08-13,Retail Employee,34400.0,Married,Online,Silver
CUST001012,Udant,Bhakta,41.0,Male,Ahmedabad,Gujarat,2021-01-22,Self-Employed,240300.0,Married,Store,Gold
CUST001013,Vasana,Deo,65.0,Female,Howrah,West Bengal,2020-11-09,Retired,51900.0,Married,Online,Silver
CUST001014,Yashvi,Sagar,29.0,Female,Pune,Maharashtra,2020-01-10,Retail Employee,20000.0,Married,Online,Silver
CUST001015,Vedant,Bhardwaj,61.0,Male,Udaipur,Rajasthan,2020-10-13,Business Owner,427000.0,Married,Online,Gold
CUST001016,Vihaan,Morar,41.0,Male,Ahmedabad,Gujarat,2019-12-31,Sales Executive,103400.0,Divorced,Store,Gold
CUST001017,Alka,Randhawa,30.0,Female,Ahmedabad,Gujarat,2019-07-03,Government Employee,57600.0,Married,Mobile App,Silver
CUST001018,Lakshmi,Aggarwal,32.0,Female,Nagpur,Maharashtra,2019-06-04,Teacher,36800.0,Married,Mobile App,Silver
CUST001019,Ikbal,Bora,38.0,Male,Bengaluru,Karnataka,2021-02-17,Engineer,112900.0,Married,Store,Silver
CUST001020,Aradhana,Sampath,44.0,Female,Hyderabad,Telangana,2019-05-17,Student,25100.0,Married,Online,Silver
CUST001021,Hemangini,Bhatt,45.0,Other,Bengaluru,Karnataka,2019-08-10,Self-Employed,163800.0,Married,Store,Gold
CUST001022,Bhanumati,Biswas,31.0,Female,Delhi,Delhi,2021-08-03,Self-Employed,150500.0,Single,Store,Gold
CUST001023,Warinder,Balay,38.0,Male,Lucknow,Uttar Pradesh,2021-06-13,Retail Employee,26300.0,Divorced,Mobile App,Silver
CUST001024,Mekhala,Rege,66.0,Female,Howrah,West Bengal,2019-09-08,Retired,49000.0,Married,Store,Silver
CUST001025,Hemangini,Deshmukh,60.0,Female,Kolkata,West Bengal,2020-06-22,Self-Employed,114500.0,Married,Mobile App,Gold
CUST001026,Shivansh,Prasad,44.0,Male,Delhi,Delhi,2021-03-09,Teacher,45300.0,Married,Mobile App,Silver
CUST001027,Sai,Sen,38.0,Female,Kochi,Kerala,2021-06-29,Engineer,113100.0,Divorced,Mobile App,Silver
CUST001028,Saanvi,Prashad,40.0,Female,Delhi,Delhi,2021-02-23,Student,11200.0,Married,Mobile App,Bronze
CUST001029,Banjeet,Zacharia,46.0,Male,Jodhpur,Rajasthan,2018-10-02,Engineer,190800.0,Married,Store,Platinum
CUST001030,Ekalinga,Pall,25.0,Male,Bhubaneswar,Odisha,2019-08-17,Retail Employee,19700.0,Married,Online,Bronze
CUST001031,Dhriti,Gokhale,35.0,Female,Surat,Gujarat,2020-01-16,Self-Employed,96600.0,Married,Mobile App,Gold
CUST001032,Shravya,Wadhwa,18.0,Female,Ludhiana,Punjab,2026-07-11,Student,12300.0,Single,Mobile App,Bronze
CUST001033,Devansh,Kapoor,43.0,Male,Ahmedabad,Gujarat,2019-10-08,Government Employee,94200.0,Divorced,Store,Gold
CUST001034,Aadhya,Bajaj,46.0,Female,Delhi,Delhi,2019-06-13,Self-Employed,158000.0,Married,Store,Gold
CUST001035,Neha,Sheth,32.0,Female,Delhi,Delhi,2020-10-11,Student,11700.0,Single,Online,Bronze
CUST001036,Unnati,Wali,58.0,Female,Bengaluru,Karnataka,2019-11-10,IT Professional,241700.0,Divorced,Store,Gold
CUST001037,Ranveer,Karpe,22.0,Male,Mumbai,Maharashtra,2022-08-17,Student,6700.0,Single,Mobile App,Bronze
CUST001038,Krishna,Sharma,19.0,Female,Ahmedabad,Gujarat,2025-08-16,Student,13400.0,Married,Store,Bronze
CUST001039,Oscar,Dubey,41.0,Male,Bengaluru,Karnataka,2021-07-11,Sales Executive,84200.0,Divorced,Online,Silver
CUST001040,Lakshit,Gulati,52.0,Male,Lucknow,Uttar Pradesh,2020-12-22,Self-Employed,90400.0,Married,Online,Gold
CUST001041,Dayita,Balay,60.0,Female,Hyderabad,Telangana,2021-05-26,Retired,41000.0,Married,Online,Bronze
CUST001042,Shaurya,Babu,32.0,Male,Chennai,Tamil Nadu,2020-06-17,Business Owner,207700.0,Single,Mobile App,Gold
CUST001043,Kavya,Jhaveri,52.0,Female,Bhubaneswar,Odisha,2019-02-04,IT Professional,163200.0,Divorced,Online,Platinum
CUST001044,Bahadurjit,Chaudhuri,37.0,Male,Delhi,Delhi,2020-06-28,Sales Executive,104300.0,Married,Store,Silver
CUST001045,Anay,Sekhon,36.0,Male,Ahmedabad,Gujarat,2019-02-17,Teacher,61600.0,Married,Online,Silver
CUST001046,Arjun,Konda,49.0,Male,Jaipur,Rajasthan,2019-08-28,Student,186900.0,Married,Online,Platinum
CUST001047,Chaitanya,Ratti,46.0,Other,Delhi,Delhi,2020-02-05,IT Professional,164900.0,Married,Mobile App,Gold
CUST001048,Urvashi,Kaur,18.0,Female,Chennai,Tamil Nadu,2026-07-11,Student,5400.0,Married,Online,Bronze
CUST001049,Janani,Bhalla,57.0,Female,Mysuru,Karnataka,2018-11-10,IT Professional,128000.0,Married,Store,Gold
CUST001050,Ekaraj,Thakur,56.0,Male,Udaipur,Rajasthan,2021-06-18,Retail Employee,36100.0,Married,Online,Bronze
CUST001051,Maanav,Kaur,30.0,Male,Kolkata,West Bengal,2019-07-23,Self-Employed,49300.0,Married,Online,Silver
CUST001052,Odika,Nagi,43.0,Female,Chennai,Tamil Nadu,2019-10-06,Student,123700.0,Married,Online,Gold
CUST001053,Jagat,Mittal,44.0,Male,Udaipur,Rajasthan,2020-04-20,Homemaker,8800.0,Divorced,Online,Bronze
CUST001054,Ekbal,Verma,41.0,Male,Delhi,Delhi,2020-11-26,Government Employee,70100.0,Single,Store,Silver
CUST001055,Janya,Sachdev,31.0,Female,Vadodara,Gujarat,2020-05-01,Doctor,184700.0,Single,Store,Gold
CUST001056,Mason,Maharaj,29.0,Male,Bhopal,Madhya Pradesh,2019-01-03,Homemaker,3700.0,Married,Mobile App,Bronze
CUST001057,Bhavani,Gill,38.0,Female,Indore,Madhya Pradesh,2019-02-11,Doctor,311700.0,Married,Mobile App,Platinum
CUST001058,Unni,Tandon,53.0,Female,Udaipur,Rajasthan,2018-10-20,Sales Executive,94100.0,Married,Online,Gold
CUST001059,Arjun,Padmanabhan,45.0,Male,Hyderabad,Telangana,2020-09-13,Self-Employed,172800.0,Married,Mobile App,Gold
CUST001060,Rayaan,Vohra,33.0,Male,Amritsar,Punjab,2020-06-18,Teacher,53200.0,Married,Store,Silver
CUST001061,Nathaniel,Saha,48.0,Male,Hyderabad,Telangana,2021-07-27,Engineer,127700.0,Divorced,Mobile App,Gold
CUST001062,Tara,Dixit,18.0,Female,Howrah,West Bengal,2026-07-11,Student,13200.0,Single,Store,Bronze
CUST001063,Netra,Puri,53.0,Female,Nagpur,Maharashtra,2020-08-20,Engineer,129600.0,Widowed,Store,Gold
CUST001064,George,Yogi,18.0,Male,Amritsar,Punjab,2026-07-11,Student,7400.0,Single,Store,Bronze
CUST001065,Warjas,Khosla,33.0,Male,Ahmedabad,Gujarat,2018-11-26,Business Owner,356400.0,Single,Online,Platinum
CUST001066,Jeevika,Mital,23.0,Female,Vadodara,Gujarat,2021-08-16,IT Professional,160200.0,Single,Online,Silver
CUST001067,Eshana,Sheth,21.0,Female,Mumbai,Maharashtra,2023-08-17,Student,6700.0,Single,Mobile App,Bronze
CUST001068,Ayush,Sachar,53.0,Male,Jaipur,Rajasthan,2021-02-04,Government Employee,77700.0,Married,Store,Silver
CUST001069,Sathvik,Wagle,32.0,Male,Udaipur,Rajasthan,2020-02-17,Retired,56000.0,Married,Store,Silver
CUST001070,Ekalinga,Rama,38.0,Male,Ahmedabad,Gujarat,2018-11-14,Student,21300.0,Married,Online,Silver
CUST001071,Keya,Kumer,37.0,Female,Bengaluru,Karnataka,2019-12-13,Student,10100.0,Married,Online,Bronze
CUST001072,Ishani,Narayanan,44.0,Female,Chennai,Tamil Nadu,2020-11-10,Retail Employee,37500.0,Married,Online,Bronze
CUST001073,Balveer,Sengupta,39.0,Male,Pune,Maharashtra,2021-07-13,Homemaker,16000.0,Single,Store,Bronze
CUST001074,Reva,Chanda,21.0,Female,Chennai,Tamil Nadu,2023-08-17,Sales Executive,58400.0,Single,Online,Silver
CUST001075,Girish,Behl,51.0,Male,Delhi,Delhi,2019-11-28,Doctor,326300.0,Married,Mobile App,Platinum
CUST001076,Krish,Purohit,32.0,Male,Mysuru,Karnataka,2021-07-01,Sales Executive,52900.0,Single,Online,Bronze
CUST001077,Anmol,Bora,18.0,Male,Nagpur,Maharashtra,2026-07-11,Student,9100.0,Married,Mobile App,Bronze
CUST001078,Ijaya,Kalla,32.0,Female,Delhi,Delhi,2020-01-21,Homemaker,13800.0,Married,Online,Bronze
CUST001079,Wriddhish,Joshi,58.0,Male,Mumbai,Maharashtra,2019-04-11,Retail Employee,35600.0,Widowed,Online,Silver
CUST001080,Osha,Mitter,49.0,Female,Kochi,Kerala,2021-07-16,Retail Employee,30300.0,Married,Online,Bronze
CUST001081,Abhimanyu,Kakar,33.0,Male,Coimbatore,Tamil Nadu,2019-04-14,Retail Employee,25500.0,Widowed,Online,Silver
CUST001082,Girish,Dalal,33.0,Male,Hyderabad,Telangana,2020-01-23,Engineer,91300.0,Married,Mobile App,Silver
CUST001083,Wriddhish,Kibe,34.0,Male,Coimbatore,Tamil Nadu,2020-07-06,Student,224400.0,Married,Mobile App,Gold
CUST001084,Ishani,Ranganathan,65.0,Female,Kolkata,West Bengal,2018-09-23,Student,13900.0,Married,Store,Silver
CUST001085,Jagdish,Nagy,43.0,Male,Kochi,Kerala,2021-02-22,Homemaker,7900.0,Single,Online,Bronze
CUST001086,Megha,Rai,44.0,Female,Delhi,Delhi,2020-01-01,IT Professional,180100.0,Divorced,Online,Gold
CUST001087,Viraj,Walla,51.0,Male,Bengaluru,Karnataka,2020-08-30,Retail Employee,42600.0,Married,Store,Silver
CUST001088,Praneel,Morar,41.0,Male,Amritsar,Punjab,2020-01-16,IT Professional,149500.0,Single,Mobile App,Gold
CUST001089,Kalpit,Parsa,35.0,Male,Hyderabad,Telangana,2019-12-20,Doctor,244000.0,Single,Store,Gold
CUST001090,Yuvraj,Shukla,35.0,Male,Mumbai,Maharashtra,2021-05-10,Self-Employed,65800.0,Single,Store,Gold
CUST001091,Chandran,Singh,37.0,Male,Pune,Maharashtra,2019-08-23,IT Professional,200900.0,Married,Mobile App,Gold
CUST001092,Nathaniel,Jani,38.0,Male,Mumbai,Maharashtra,2019-09-21,Engineer,164700.0,Married,Online,Gold
CUST001093,Reva,Munshi,47.0,Female,Ludhiana,Punjab,2019-04-26,Government Employee,78600.0,Married,Mobile App,Gold
CUST001094,Triveni,Bath,39.0,Female,Bengaluru,Karnataka,2021-05-09,Engineer,136500.0,Married,Online,Gold
CUST001095,Indrajit,Dhingra,38.0,Male,Thiruvananthapuram,Kerala,2020-09-25,Retired,36500.0,Married,Online,Bronze
CUST001096,Abhiram,Lal,37.0,Male,Ludhiana,Punjab,2019-09-04,Student,18200.0,Married,Mobile App,Silver
CUST001097,Sathvik,Merchant,39.0,Male,Kolkata,West Bengal,2021-03-19,Sales Executive,90500.0,Single,Online,Silver
CUST001098,Faraj,Hayre,18.0,Male,Mumbai,Maharashtra,2026-07-11,Student,10100.0,Single,Mobile App,Bronze
CUST001099,Nitesh,Karpe,50.0,Male,Pune,Maharashtra,2021-06-13,Government Employee,78000.0,Single,Store,Silver
CUST001100,Sachi,Korpal,43.0,Female,Chennai,Tamil Nadu,2020-08-14,Homemaker,13800.0,Divorced,Mobile App,Bronze
CUST001101,Zaid,Nazareth,51.0,Male,Hyderabad,Telangana,2019-01-31,IT Professional,225100.0,Married,Online,Platinum
CUST001102,Kabir,Suresh,18.0,Male,Kolkata,West Bengal,2026-07-11,Student,11500.0,Divorced,Mobile App,Bronze
CUST001103,Yatan,Sharma,65.0,Male,Warangal,Telangana,2019-09-10,Retired,63100.0,Married,Store,Gold
CUST001104,Frado,Pandey,36.0,Male,Thiruvananthapuram,Kerala,2019-01-05,Government Employee,68600.0,Married,Online,Silver
CUST001105,Hamsini,Dey,52.0,Female,Coimbatore,Tamil Nadu,2019-07-01,Self-Employed,253900.0,Married,Store,Platinum
CUST001106,Yash,Gour,24.0,Male,Ahmedabad,Gujarat,2020-08-16,Engineer,92300.0,Single,Online,Silver
CUST001107,Ayushman,Viswanathan,46.0,Male,Patna,Bihar,2018-09-08,Sales Executive,107200.0,Married,Store,Gold
CUST001108,Anika,Borde,24.0,Female,Pune,Maharashtra,2020-08-16,Government Employee,52900.0,Single,Mobile App,Silver
CUST001109,Arjun,Ahuja,30.0,Male,Delhi,Delhi,2019-10-27,Retail Employee,30200.0,Married,Online,Silver
CUST001110,Triveni,Devan,63.0,Female,Pune,Maharashtra,2020-05-25,Retired,21500.0,Married,Online,Silver
CUST001111,Kala,Bir,36.0,Female,Pune,Maharashtra,2018-12-01,IT Professional,103600.0,Single,Mobile App,Gold
CUST001112,Faqid,Andra,41.0,Male,Chennai,Tamil Nadu,2020-09-26,Retired,60300.0,Married,Store,Silver
CUST001113,Janani,Tiwari,49.0,Female,Bengaluru,Karnataka,2021-08-06,Business Owner,451100.0,Widowed,Online,Gold
CUST001114,Vedant,Prakash,44.0,Male,Hyderabad,Telangana,2021-01-13,Government Employee,92900.0,Married,Store,Silver
CUST001115,Bhanumati,Subramanian,40.0,Female,Amritsar,Punjab,2021-04-18,Sales Executive,82700.0,Married,Online,Silver
CUST001116,Yagnesh,Babu,43.0,Male,Nagpur,Maharashtra,2020-09-01,Self-Employed,65800.0,Married,Online,Gold
CUST001117,Aarush,Wali,69.0,Male,Madurai,Tamil Nadu,2019-02-23,Retired,26500.0,Married,Store,Silver
CUST001118,Tripti,Arora,37.0,Female,Pune,Maharashtra,2019-09-02,Self-Employed,178700.0,Married,Online,Gold
CUST001119,Adweta,Wagle,41.0,Female,Bengaluru,Karnataka,2021-02-12,Government Employee,538600.0,Married,Mobile App,Gold
CUST001120,Anvi,Wason,52.0,Other,Coimbatore,Tamil Nadu,2019-04-05,Retail Employee,31900.0,Married,Online,Silver
CUST001121,Mekhala,Badal,52.0,Female,Guwahati,Assam,2020-02-11,Government Employee,70000.0,Married,Store,Silver
CUST001122,Zayan,Sani,53.0,Male,Hyderabad,Telangana,2020-02-01,IT Professional,138000.0,Divorced,Store,Gold
CUST001123,Gaurav,Chhabra,46.0,Male,Mumbai,Maharashtra,2020-07-15,IT Professional,153000.0,Married,Online,Gold
CUST001124,Chanakya,Viswanathan,23.0,Male,Hyderabad,Telangana,2021-08-16,Government Employee,58300.0,Married,Store,Silver
CUST001125,Falan,Khosla,38.0,Male,Pune,Maharashtra,2020-09-01,Retail Employee,37200.0,Married,Store,Silver
CUST001126,Gopal,Vyas,23.0,Male,Delhi,Delhi,2021-08-16,Student,112700.0,Single,Online,Silver
CUST001127,Lajita,Pandya,42.0,Female,Kolkata,West Bengal,2020-09-19,Retired,58600.0,Married,Store,Silver
CUST001128,Kiaan,Ranganathan,28.0,Male,Mumbai,Maharashtra,2019-06-24,Self-Employed,76100.0,Married,Online,Gold
CUST001129,Balveer,Prakash,38.0,Male,Chennai,Tamil Nadu,2019-08-27,Government Employee,79300.0,Divorced,Store,Silver
CUST001130,Samaksh,Sharaf,42.0,Male,Kolkata,West Bengal,2021-01-22,Government Employee,58200.0,Single,Online,Silver
CUST001131,Keya,Kara,42.0,Male,Hyderabad,Telangana,2021-04-16,Student,32500.0,Married,Store,Silver
CUST001132,Netra,Buch,43.0,Female,Mumbai,Maharashtra,2019-08-23,Retail Employee,41500.0,Widowed,Mobile App,Silver
CUST001133,Anamika,Chander,59.0,Female,Ludhiana,Punjab,2019-08-06,Engineer,150700.0,Married,Store,Gold
CUST001134,Samaksh,Raghavan,44.0,Male,Hyderabad,Telangana,2020-07-11,Engineer,162100.0,Married,Online,Gold
CUST001135,Saanvi,Soni,35.0,Female,Udaipur,Rajasthan,2019-02-05,Business Owner,174500.0,Married,Mobile App,Gold
CUST001136,Ayaan,Andra,51.0,Male,Bengaluru,Karnataka,2018-09-09,Doctor,330800.0,Married,Online,Platinum
CUST001137,Harinakshi,Butala,53.0,Female,Chennai,Tamil Nadu,2021-01-03,Government Employee,84700.0,Divorced,Store,Silver
CUST001138,Yahvi,Saraf,22.0,Female,Hyderabad,Telangana,2022-08-17,Student,10000.0,Single,Mobile App,Bronze
CUST001139,Noah,Chandran,46.0,Male,Mysuru,Karnataka,2021-08-10,Doctor,163000.0,Married,Online,Gold
CUST001140,Zarna,Basak,47.0,Female,Mumbai,Maharashtra,2019-06-27,Teacher,48900.0,Married,Mobile App,Silver
CUST001141,Jyoti,Kakar,34.0,Female,Hyderabad,Telangana,2020-05-19,Retail Employee,24200.0,Single,Store,Silver
CUST001142,Wazir,Madan,56.0,Male,Indore,Madhya Pradesh,2021-01-16,Teacher,68800.0,Married,Store,Silver
CUST001143,Aradhana,Borde,36.0,Female,Ahmedabad,Gujarat,2019-05-15,Government Employee,71400.0,Married,Store,Silver
CUST001144,Logan,Bali,40.0,Male,Pune,Maharashtra,2019-03-12,Student,65800.0,Married,Online,Silver
CUST001145,Gaurav,Murty,36.0,Male,Kolkata,West Bengal,2021-04-16,Self-Employed,197200.0,Married,Mobile App,Gold
CUST001146,Abhiram,Johal,38.0,Male,Indore,Madhya Pradesh,2021-07-02,Sales Executive,82300.0,Married,Online,Silver
CUST001147,Ekbal,Rao,24.0,Male,Ahmedabad,Gujarat,2020-08-16,Retail Employee,16000.0,Single,Online,Bronze
CUST001148,Brinda,Mistry,19.0,Female,Pune,Maharashtra,2025-08-16,Student,11200.0,Single,Online,Bronze
CUST001149,Finn,Khosla,59.0,Male,Bhopal,Madhya Pradesh,2019-03-31,Business Owner,470700.0,Married,Online,Platinum
CUST001150,Saumya,Zachariah,27.0,Female,Bengaluru,Karnataka,2019-12-27,Student,30400.0,Married,Mobile App,Silver
CUST001151,Noah,Rajagopalan,25.0,Male,Chennai,Tamil Nadu,2019-11-19,IT Professional,150300.0,Divorced,Mobile App,Gold
CUST001152,Ekiya,Brar,18.0,Female,Coimbatore,Tamil Nadu,2026-07-11,Student,12600.0,Single,Mobile App,Bronze
CUST001153,Yamini,Pal,30.0,Male,Chandigarh,Chandigarh,2020-01-15,Government Employee,63600.0,Married,Mobile App,Silver
CUST001154,Avni,Chaudhari,21.0,Female,Thiruvananthapuram,Kerala,2023-08-17,Retail Employee,18300.0,Married,Mobile App,Bronze
CUST001155,Tejas,Kata,59.0,Male,Thiruvananthapuram,Kerala,2020-01-29,Self-Employed,225600.0,Married,Store,Gold
CUST001156,Baljiwan,Oak,51.0,Male,Mumbai,Maharashtra,2018-12-25,Retail Employee,38600.0,Married,Mobile App,Silver
CUST001157,Rushil,Narain,29.0,Male,Kochi,Kerala,2020-12-01,Teacher,61100.0,Married,Online,Silver
CUST001158,Amruta,Mahajan,67.0,Female,Mumbai,Maharashtra,2020-10-31,Retired,32100.0,Divorced,Online,Silver
CUST001159,Varenya,Swaminathan,51.0,Female,Bengaluru,Karnataka,2021-03-29,Student,11100.0,Married,Online,Bronze
CUST001160,Ishaan,Parekh,38.0,Male,Chennai,Tamil Nadu,2019-03-02,Retired,35500.0,Married,Store,Silver
CUST001161,Raghav,Sankaran,18.0,Male,Chennai,Tamil Nadu,2026-07-11,Retail Employee,22600.0,Married,Mobile App,Bronze
CUST001162,Idika,Rai,68.0,Female,Kolkata,West Bengal,2020-07-31,Retired,25600.0,Widowed,Mobile App,Silver
CUST001163,Brijesh,Merchant,20.0,Male,Chennai,Tamil Nadu,2024-08-16,Retail Employee,25000.0,Married,Mobile App,Bronze
CUST001164,Krishna,Borah,18.0,Female,Thiruvananthapuram,Kerala,2026-07-11,Retail Employee,28400.0,Single,Store,Bronze
CUST001165,Chakrika,Loyal,51.0,Female,Delhi,Delhi,2018-09-16,Self-Employed,234700.0,Married,Store,Platinum
CUST001166,Ganga,Rai,70.0,Female,Bengaluru,Karnataka,2021-03-13,Retired,53900.0,Married,Online,Silver
CUST001167,Faraj,Ramachandran,56.0,Male,Kochi,Kerala,2018-12-14,Student,32300.0,Married,Store,Silver
CUST001168,Nathan,Patel,45.0,Male,Mumbai,Maharashtra,2020-08-21,Doctor,204300.0,Divorced,Mobile App,Gold
CUST001169,Damyanti,Chand,46.0,Female,Kolkata,West Bengal,2021-08-02,Teacher,69200.0,Married,Online,Silver
CUST001170,Aahana,Morar,49.0,Female,Ahmedabad,Gujarat,2020-06-13,Retired,43300.0,Married,Mobile App,Silver
CUST001171,Tristan,Parsa,48.0,Male,Chennai,Tamil Nadu,2020-02-05,Doctor,318300.0,Married,Mobile App,Platinum
CUST001172,Krishna,Chaudry,42.0,Male,Ahmedabad,Gujarat,2021-04-20,Homemaker,16900.0,Married,Store,Bronze
CUST001173,Ekaja,Chahal,39.0,Female,Delhi,Delhi,2020-01-05,Retail Employee,32400.0,Single,Online,Silver
CUST001174,Idika,Sankar,37.0,Female,Chandigarh,Chandigarh,2019-03-02,Sales Executive,108200.0,Married,Store,Gold
CUST001175,Vanya,Vala,28.0,Female,Pune,Maharashtra,2020-06-28,Teacher,51100.0,Married,Store,Silver
CUST001176,Nikita,Chauhan,34.0,Other,Hyderabad,Telangana,2020-07-26,Retired,36000.0,Married,Mobile App,Silver
CUST001177,Agastya,Chakraborty,18.0,Male,Mumbai,Maharashtra,2026-07-11,Student,65800.0,Married,Online,Bronze
CUST001178,Peter,Chander,37.0,Male,Madurai,Tamil Nadu,2018-11-09,IT Professional,111900.0,Married,Store,Gold
CUST001179,Omaja,Rajan,25.0,Female,Ahmedabad,Gujarat,2021-06-24,Self-Employed,206200.0,Married,Store,Gold
CUST001180,Abha,Manne,24.0,Female,Guwahati,Assam,2020-08-16,IT Professional,118900.0,Married,Store,Gold
CUST001181,Samuel,Rama,40.0,Male,Vadodara,Gujarat,2020-10-30,IT Professional,143200.0,Married,Store,Gold
CUST001182,Brijesh,Kibe,56.0,Male,Madurai,Tamil Nadu,2018-12-11,Retired,19400.0,Married,Online,Silver
CUST001183,Yoshita,Gara,50.0,Female,Thiruvananthapuram,Kerala,2021-05-03,IT Professional,151100.0,Married,Mobile App,Gold
CUST001184,Ranveer,Gara,18.0,Male,Chennai,Tamil Nadu,2026-07-11,Retail Employee,19400.0,Single,Online,Bronze
CUST001185,Ekaraj,Luthra,25.0,Male,Kolkata,West Bengal,2020-05-27,Student,9400.0,Married,Online,Bronze
CUST001186,Nidhi,Loyal,50.0,Female,Kolkata,West Bengal,2018-12-17,Self-Employed,229000.0,Married,Online,Platinum
CUST001187,Xiti,Dhingra,25.0,Female,Hyderabad,Telangana,2020-12-23,Engineer,135000.0,Single,Online,Gold
CUST001188,Bhavika,Ganesh,35.0,Female,Varanasi,Uttar Pradesh,2019-09-10,IT Professional,76000.0,Married,Online,Silver
CUST001189,Teerth,Majumdar,45.0,Male,Delhi,Delhi,2021-03-22,Student,16500.0,Married,Store,Bronze
CUST001190,Ucchal,Mistry,25.0,Female,Kolkata,West Bengal,2019-08-17,Engineer,74800.0,Single,Mobile App,Gold
CUST001191,Warhi,Bose,39.0,Female,Ahmedabad,Gujarat,2019-11-05,Student,9300.0,Married,Online,Silver
CUST001192,Radha,Krishnamurthy,21.0,Female,Patna,Bihar,2023-08-17,Student,10600.0,Single,Mobile App,Bronze
CUST001193,Krishna,Tandon,30.0,Female,Indore,Madhya Pradesh,2020-04-28,Engineer,65800.0,Married,Mobile App,Gold
CUST001194,Guneet,Shankar,42.0,Male,Chennai,Tamil Nadu,2020-08-06,Retail Employee,36400.0,Married,Store,Silver
CUST001195,Chatresh,Deshmukh,18.0,Male,Howrah,West Bengal,2026-07-11,Student,10100.0,Single,Online,Bronze
CUST001196,Max,Ahuja,44.0,Male,Hyderabad,Telangana,2019-10-24,Doctor,216900.0,Married,Mobile App,Platinum
CUST001197,Rudra,Natarajan,38.0,Male,Chennai,Tamil Nadu,2018-10-05,Student,8800.0,Divorced,Online,Silver
CUST001198,Sachi,Narayan,45.0,Female,Patna,Bihar,2020-07-18,Teacher,50700.0,Married,Online,Silver
CUST001199,Urvi,Natt,41.0,Female,Thiruvananthapuram,Kerala,2018-12-23,Retail Employee,32800.0,Married,Online,Silver
CUST001200,Upasna,Deshpande,56.0,Female,Patna,Bihar,2021-03-06,Engineer,144600.0,Married,Online,Silver
CUST001201,Netra,Nagi,40.0,Female,Pune,Maharashtra,2018-10-25,Doctor,202900.0,Married,Online,Platinum
CUST001202,Harish,Srinivas,32.0,Male,Chandigarh,Chandigarh,2020-07-28,Business Owner,409700.0,Married,Store,Gold
CUST001203,Naksh,Goel,40.0,Male,Guwahati,Assam,2020-06-26,Government Employee,48600.0,Divorced,Mobile App,Silver
CUST001204,Rushil,Nagar,45.0,Male,Hyderabad,Telangana,2020-03-27,Student,15600.0,Single,Mobile App,Bronze
CUST001205,Madhav,Swaminathan,39.0,Male,Chennai,Tamil Nadu,2019-06-21,Student,9900.0,Married,Mobile App,Bronze
CUST001206,Jairaj,Nanda,39.0,Male,Udaipur,Rajasthan,2019-06-20,IT Professional,149600.0,Single,Store,Gold
CUST001207,Riya,Mand,29.0,Female,Kolkata,West Bengal,2020-03-09,Homemaker,10400.0,Married,Store,Bronze
CUST001208,Maya,Patla,29.0,Other,Ludhiana,Punjab,2020-01-21,Retail Employee,29500.0,Married,Online,Silver
CUST001209,Dakshesh,Iyengar,20.0,Male,Chennai,Tamil Nadu,2024-08-16,Student,8100.0,Single,Mobile App,Bronze
CUST001210,Gautam,Bala,61.0,Male,Ahmedabad,Gujarat,2020-09-17,Retired,56200.0,Widowed,Store,Bronze
CUST001211,Vedhika,Kadakia,22.0,Female,Jodhpur,Rajasthan,2022-08-17,Retail Employee,18800.0,Married,Mobile App,Bronze
CUST001212,Theodore,Manne,29.0,Male,Chennai,Tamil Nadu,2019-12-13,Doctor,133300.0,Married,Store,Gold
CUST001213,Bhavya,Rege,29.0,Female,Chandigarh,Chandigarh,2019-12-13,Engineer,66200.0,Married,Mobile App,Silver
CUST001214,Yahvi,Dewan,50.0,Female,Madurai,Tamil Nadu,2019-06-30,Sales Executive,124300.0,Married,Store,Gold
CUST001215,Nidra,Khurana,34.0,Female,Hyderabad,Telangana,2019-06-23,IT Professional,178300.0,Married,Mobile App,Platinum
CUST001216,Jonathan,Dube,38.0,Male,Pune,Maharashtra,2020-12-02,Retail Employee,32100.0,Married,Store,Silver
CUST001217,Udyati,Purohit,29.0,Female,Hyderabad,Telangana,2019-04-25,Government Employee,440900.0,Married,Store,Platinum
CUST001218,Balhaar,Sen,42.0,Male,Surat,Gujarat,2021-07-26,Doctor,320200.0,Married,Online,Gold
CUST001219,Wakeeta,Rattan,27.0,Female,Kochi,Kerala,2019-06-24,Engineer,60600.0,Married,Online,Silver
CUST001220,Zehaan,Sahota,66.0,Male,New Delhi,Delhi,2021-04-26,Retired,65800.0,Divorced,Online,Bronze
CUST001221,Andrew,Parsa,23.0,Male,Hyderabad,Telangana,2021-08-16,Doctor,202600.0,Single,Online,Gold
CUST001222,Chaman,Chopra,42.0,Female,Nagpur,Maharashtra,2020-01-17,Engineer,147100.0,Married,Online,Gold
CUST001223,Kritika,Pant,46.0,Male,Ahmedabad,Gujarat,2020-04-24,Sales Executive,76400.0,Married,Store,Silver
CUST001224,Geetika,Basu,43.0,Female,Bhubaneswar,Odisha,2019-07-21,Engineer,93000.0,Married,Mobile App,Gold
CUST001225,Sudiksha,Narula,38.0,Female,Howrah,West Bengal,2021-07-07,Self-Employed,96700.0,Married,Store,Silver
CUST001226,Upasna,Cherian,36.0,Female,Kolkata,West Bengal,2020-12-14,Government Employee,62500.0,Married,Mobile App,Silver
CUST001227,Abdul,Chaudhari,39.0,Male,Madurai,Tamil Nadu,2019-10-11,Doctor,184000.0,Married,Online,Platinum
CUST001228,Leela,Kapadia,36.0,Female,Pune,Maharashtra,2019-01-31,Sales Executive,61300.0,Married,Online,Gold
CUST001229,Yashodhara,Venkataraman,51.0,Female,Surat,Gujarat,2020-06-25,Teacher,40300.0,Married,Online,Bronze
CUST001230,Janya,Sehgal,67.0,Female,Kolkata,West Bengal,2020-11-06,Self-Employed,258400.0,Divorced,Online,Gold
CUST001231,Ridhi,Raman,38.0,Female,Ahmedabad,Gujarat,2020-01-26,Business Owner,403100.0,Single,Mobile App,Platinum
CUST001232,Vincent,Tella,20.0,Male,Patna,Bihar,2024-08-16,Student,13000.0,Single,Mobile App,Bronze
CUST001233,Forum,Pai,37.0,Female,Udaipur,Rajasthan,2020-05-13,Engineer,141100.0,Single,Online,Gold
CUST001234,Advik,Subramanian,72.0,Male,Udaipur,Rajasthan,2018-12-30,Retired,34200.0,Married,Store,Silver
CUST001235,Charles,Merchant,28.0,Male,Thiruvananthapuram,Kerala,2020-01-21,Homemaker,65800.0,Single,Store,Bronze
CUST001236,Triya,Chada,59.0,Female,Ludhiana,Punjab,2021-07-08,Self-Employed,241900.0,Married,Store,Gold
CUST001237,Dalbir,Dhar,60.0,Male,Kolkata,West Bengal,2020-12-15,Student,32100.0,Married,Online,Silver
CUST001238,Priya,Muni,38.0,Female,Pune,Maharashtra,2020-04-09,Retail Employee,39900.0,Married,Store,Silver
CUST001239,Onveer,Shah,45.0,Male,Chennai,Tamil Nadu,2019-07-14,Engineer,179900.0,Married,Mobile App,Platinum
CUST001240,Harshil,Verma,59.0,Male,Jodhpur,Rajasthan,2020-12-18,Teacher,78200.0,Married,Mobile App,Silver
CUST001241,Warhi,Pall,38.0,Female,Mumbai,Maharashtra,2018-09-12,Student,8500.0,Married,Online,Bronze
CUST001242,Vyanjana,Chatterjee,35.0,Female,Mumbai,Maharashtra,2020-09-01,Engineer,173000.0,Married,Mobile App,Gold
CUST001243,Urvashi,Sethi,30.0,Female,Mumbai,Maharashtra,2020-01-11,Teacher,55200.0,Married,Mobile App,Silver
CUST001244,Odika,Bhavsar,25.0,Female,Surat,Gujarat,2021-07-26,Retail Employee,22200.0,Married,Mobile App,Bronze
CUST001245,Netra,Basu,30.0,Female,Chennai,Tamil Nadu,2018-12-21,Self-Employed,130900.0,Married,Mobile App,Gold
CUST001246,Dakshesh,Bajaj,22.0,Male,Hyderabad,Telangana,2022-08-17,Sales Executive,65800.0,Single,Mobile App,Bronze
CUST001247,Onveer,Chopra,38.0,Male,Pune,Maharashtra,2021-01-14,Self-Employed,159700.0,Single,Mobile App,Gold
CUST001248,Fitan,Kohli,28.0,Male,Surat,Gujarat,2018-10-29,Self-Employed,78900.0,Married,Mobile App,Gold
CUST001249,Yauvani,Ghosh,41.0,Female,Bengaluru,Karnataka,2020-09-04,Retail Employee,33100.0,Married,Mobile App,Silver
CUST001250,Gauri,Narayanan,18.0,Female,Bengaluru,Karnataka,2026-07-11,Student,5600.0,Single,Online,Bronze
CUST001251,Tanay,Shere,42.0,Male,Ahmedabad,Gujarat,2019-03-03,Retail Employee,33100.0,Married,Online,Silver
CUST001252,Kala,Ravel,49.0,Female,Kolkata,West Bengal,2019-05-27,Self-Employed,226100.0,Married,Mobile App,Platinum
CUST001253,Hiral,Grewal,18.0,Female,Hyderabad,Telangana,2026-07-11,Sales Executive,75000.0,Single,Online,Silver
CUST001254,Tarak,Randhawa,43.0,Male,Howrah,West Bengal,2019-01-12,Business Owner,133400.0,Widowed,Mobile App,Platinum
CUST001255,Akshay,Hora,54.0,Male,Bengaluru,Karnataka,2018-08-22,Sales Executive,134000.0,Married,Online,Gold
CUST001256,Varenya,Sanghvi,22.0,Male,Jodhpur,Rajasthan,2022-08-17,Retail Employee,17900.0,Divorced,Mobile App,Bronze
CUST001257,Saumya,Agrawal,38.0,Female,Delhi,Delhi,2020-09-16,Retired,56500.0,Married,Store,Silver
CUST001258,Jalsa,Jha,43.0,Female,Nagpur,Maharashtra,2019-09-19,IT Professional,160300.0,Married,Mobile App,Gold
CUST001259,Liam,Bhatnagar,29.0,Male,Udaipur,Rajasthan,2019-06-05,Student,13500.0,Married,Online,Bronze
CUST001260,Harsh,Yadav,37.0,Other,Ahmedabad,Gujarat,2020-01-08,Student,15100.0,Single,Mobile App,Bronze
CUST001261,Girik,Pau,45.0,Male,Delhi,Delhi,2021-05-27,Business Owner,244400.0,Divorced,Store,Gold
CUST001262,Nicholas,Hegde,39.0,Male,Pune,Maharashtra,2019-02-06,IT Professional,122300.0,Married,Online,Gold
CUST001263,Tanvi,Comar,45.0,Other,Varanasi,Uttar Pradesh,2018-09-28,Student,143200.0,Married,Mobile App,Gold
CUST001264,Karan,Suri,26.0,Male,Udaipur,Rajasthan,2020-05-29,Engineer,81400.0,Married,Online,Silver
CUST001265,Zarna,Munshi,40.0,Female,Bengaluru,Karnataka,2020-12-13,Government Employee,92000.0,Married,Online,Silver
CUST001266,Rishi,Ramanathan,20.0,Male,Ahmedabad,Gujarat,2024-08-16,Student,11600.0,Divorced,Mobile App,Bronze
CUST001267,Deepa,Pall,38.0,Female,Pune,Maharashtra,2020-11-29,IT Professional,155000.0,Single,Store,Gold
CUST001268,Qushi,Shankar,26.0,Female,Chennai,Tamil Nadu,2019-07-11,Teacher,36200.0,Married,Mobile App,Silver
CUST001269,Gabriel,Mishra,28.0,Male,Mumbai,Maharashtra,2018-11-21,Self-Employed,190800.0,Married,Store,Platinum
CUST001270,Chaman,Desai,54.0,Female,Hyderabad,Telangana,2021-05-06,IT Professional,173700.0,Widowed,Online,Gold
CUST001271,Naksh,Dalal,52.0,Male,Mumbai,Maharashtra,2019-12-19,Engineer,117900.0,Married,Mobile App,Gold
CUST001272,Kashvi,Mody,46.0,Female,Chennai,Tamil Nadu,2019-07-16,Sales Executive,85800.0,Widowed,Online,Gold
CUST001273,Dalbir,Goswami,24.0,Male,Hyderabad,Telangana,2020-10-17,Sales Executive,38900.0,Single,Online,Silver
CUST001274,Rachit,Dhaliwal,34.0,Male,Warangal,Telangana,2019-12-01,Sales Executive,50300.0,Single,Mobile App,Silver
CUST001275,Rishi,Sahota,54.0,Male,Mumbai,Maharashtra,2019-06-25,Government Employee,85700.0,Married,Store,Gold
CUST001276,Ekapad,Rajagopal,40.0,Male,Hyderabad,Telangana,2019-02-10,Student,9800.0,Married,Online,Silver
CUST001277,Udyati,Grewal,68.0,Female,Jaipur,Rajasthan,2020-04-07,Retired,21300.0,Divorced,Store,Silver
CUST001278,Yagnesh,Yogi,43.0,Male,Hyderabad,Telangana,2019-05-20,Government Employee,75600.0,Single,Online,Silver
CUST001279,Gabriel,Ganesan,40.0,Male,Ahmedabad,Gujarat,2020-09-20,Sales Executive,52100.0,Married,Mobile App,Silver
CUST001280,Yash,Mani,34.0,Male,Hyderabad,Telangana,2020-12-26,Engineer,125300.0,Single,Online,Gold
CUST001281,Ekaraj,Grover,40.0,Male,Hyderabad,Telangana,2021-01-23,Student,16000.0,Divorced,Online,Bronze
CUST001282,Nisha,Seshadri,36.0,Female,Kolkata,West Bengal,2020-07-19,Retail Employee,30900.0,Married,Online,Silver
CUST001283,Avni,Parmer,47.0,Female,Guwahati,Assam,2021-07-08,Retail Employee,35100.0,Married,Online,Silver
CUST001284,Aayush,Sundaram,50.0,Male,Pune,Maharashtra,2020-10-10,Engineer,65800.0,Married,Store,Gold
CUST001285,Ekanta,Hayer,28.0,Female,Mumbai,Maharashtra,2019-09-02,Business Owner,226300.0,Married,Mobile App,Gold
CUST001286,Sanaya,Tiwari,21.0,Female,Kolkata,West Bengal,2023-08-17,Sales Executive,84100.0,Married,Online,Silver
CUST001287,Yug,Rege,18.0,Male,Guwahati,Assam,2026-07-11,Sales Executive,36200.0,Single,Mobile App,Bronze
CUST001288,Xalak,Sagar,45.0,Female,Ludhiana,Punjab,2020-10-05,Retail Employee,108800.0,Single,Mobile App,Silver
CUST001289,Vamakshi,Suresh,24.0,Female,Chennai,Tamil Nadu,2020-08-16,Government Employee,46800.0,Single,Online,Silver
CUST001290,Geetika,Butala,18.0,Female,Chennai,Tamil Nadu,2026-07-11,Student,8600.0,Single,Online,Bronze
CUST001291,Amruta,Kannan,43.0,Female,Howrah,West Bengal,2020-05-15,Teacher,70100.0,Married,Store,Silver
CUST001292,Madhav,Bali,70.0,Male,Kolkata,West Bengal,2019-06-27,Homemaker,11800.0,Married,Online,Bronze
CUST001293,Mahika,Kar,38.0,Female,Howrah,West Bengal,2021-08-06,Engineer,136700.0,Married,Mobile App,Gold
CUST001294,Mitali,Ganguly,49.0,Female,Bhopal,Madhya Pradesh,2020-10-17,Business Owner,289800.0,Single,Online,Gold
CUST001295,Veer,Tandon,39.0,Male,Vadodara,Gujarat,2021-03-13,IT Professional,166100.0,Married,Online,Gold
CUST001296,Yashodhara,Chowdhury,37.0,Female,Chennai,Tamil Nadu,2021-03-29,Student,16000.0,Married,Mobile App,Bronze
CUST001297,Dakshesh,Loyal,50.0,Male,Chennai,Tamil Nadu,2018-09-30,Student,17500.0,Widowed,Online,Silver
CUST001298,Jeevika,Barman,34.0,Other,Howrah,West Bengal,2020-06-30,Engineer,79800.0,Divorced,Mobile App,Silver
CUST001299,Urvi,Kamdar,41.0,Female,Chennai,Tamil Nadu,2020-01-17,Business Owner,390200.0,Married,Mobile App,Gold
CUST001300,Simon,Chaudry,42.0,Male,Chennai,Tamil Nadu,2019-06-04,Retail Employee,31800.0,Married,Online,Silver
CUST001301,Jatin,Mishra,29.0,Male,Mumbai,Maharashtra,2021-06-25,Business Owner,65800.0,Married,Mobile App,Gold
CUST001302,Anamika,Sengupta,38.0,Female,Delhi,Delhi,2020-11-25,Self-Employed,246800.0,Married,Store,Gold
CUST001303,Karan,Pall,38.0,Male,Chennai,Tamil Nadu,2019-02-16,IT Professional,156300.0,Married,Store,Gold
CUST001304,Caleb,Sarna,28.0,Male,Kanpur,Uttar Pradesh,2019-01-15,Business Owner,120100.0,Single,Online,Gold
CUST001305,Daniel,Khalsa,45.0,Male,Bengaluru,Karnataka,2020-07-04,IT Professional,147600.0,Married,Online,Gold
CUST001306,Henry,Panchal,26.0,Male,Chennai,Tamil Nadu,2020-07-01,Doctor,180600.0,Married,Online,Gold
CUST001307,Tanish,Gandhi,38.0,Male,Mysuru,Karnataka,2019-05-10,Self-Employed,93000.0,Single,Online,Silver
CUST001308,Ekaraj,Jhaveri,38.0,Male,Pune,Maharashtra,2020-09-27,Retired,28900.0,Single,Store,Bronze
CUST001309,Harshil,Bhargava,52.0,Male,Bhubaneswar,Odisha,2021-04-10,Teacher,53600.0,Married,Mobile App,Silver
CUST001310,Pushti,Walia,44.0,Female,Chandigarh,Chandigarh,2020-11-07,IT Professional,120300.0,Single,Store,Gold
CUST001311,Meera,Yohannan,38.0,Female,Pune,Maharashtra,2020-06-18,Retail Employee,23500.0,Divorced,Online,Silver
CUST001312,Frado,Naik,49.0,Male,Ahmedabad,Gujarat,2021-06-20,Retail Employee,35400.0,Married,Mobile App,Silver
CUST001313,Madhav,Mann,38.0,Male,Mysuru,Karnataka,2020-03-10,Business Owner,434100.0,Married,Store,Platinum
CUST001314,Lila,Varkey,45.0,Female,Ludhiana,Punjab,2019-05-28,Sales Executive,79800.0,Married,Store,Silver
CUST001315,Champak,Deshmukh,38.0,Male,Bengaluru,Karnataka,2020-01-31,IT Professional,89900.0,Single,Store,Silver
CUST001316,Samesh,Bhargava,21.0,Male,Delhi,Delhi,2023-08-17,Student,10600.0,Single,Mobile App,Bronze
CUST001317,Lakshit,Date,24.0,Male,Kolkata,West Bengal,2020-08-16,Government Employee,61900.0,Single,Mobile App,Silver
CUST001318,Ekaja,Krish,38.0,Female,Varanasi,Uttar Pradesh,2019-07-01,IT Professional,83000.0,Married,Store,Gold
CUST001319,Eta,Nagy,30.0,Female,Delhi,Delhi,2021-06-14,Government Employee,57600.0,Married,Mobile App,Silver
CUST001320,Krishna,Ramaswamy,36.0,Female,Ahmedabad,Gujarat,2021-06-12,Government Employee,77200.0,Single,Store,Silver
CUST001321,Wishi,Dhar,39.0,Female,Mumbai,Maharashtra,2020-07-06,Business Owner,381500.0,Married,Online,Gold
CUST001322,Lipika,Sachdeva,45.0,Female,Kochi,Kerala,2021-01-15,Student,9700.0,Married,Mobile App,Bronze
CUST001323,Raghav,Seth,37.0,Male,Pune,Maharashtra,2018-10-27,Engineer,126500.0,Single,Online,Gold
CUST001324,Bishakha,Chander,44.0,Female,Kochi,Kerala,2019-11-18,Self-Employed,185000.0,Married,Store,Platinum
CUST001325,Saksham,Varma,39.0,Male,Chennai,Tamil Nadu,2020-10-05,Government Employee,63000.0,Divorced,Store,Silver
CUST001326,Maya,Pillay,18.0,Female,Chennai,Tamil Nadu,2026-07-11,Retail Employee,20100.0,Single,Online,Bronze
CUST001327,Vasana,Sura,26.0,Female,Amritsar,Punjab,2020-07-01,Doctor,98100.0,Married,Mobile App,Silver
CUST001328,Omisha,Agate,36.0,Female,Ludhiana,Punjab,2021-03-24,Doctor,253900.0,Married,Online,Platinum
CUST001329,Chakradhar,Shanker,22.0,Male,Ahmedabad,Gujarat,2022-08-17,Student,10900.0,Single,Mobile App,Bronze
CUST001330,Praneel,Bhatnagar,46.0,Male,Pune,Maharashtra,2019-09-12,Teacher,65800.0,Married,Mobile App,Silver
CUST001331,Sneha,Kamdar,58.0,Female,Chennai,Tamil Nadu,2021-06-20,Self-Employed,159200.0,Married,Store,Silver
CUST001332,Upadhriti,Kakar,54.0,Female,Coimbatore,Tamil Nadu,2020-10-21,Self-Employed,186200.0,Divorced,Online,Gold
CUST001333,Yachana,Loyal,35.0,Female,Chennai,Tamil Nadu,2020-12-31,Teacher,55300.0,Single,Online,Silver
CUST001334,Neel,Mander,57.0,Male,Kolkata,West Bengal,2021-01-08,Retail Employee,37400.0,Married,Mobile App,Silver
CUST001335,Pahal,De,38.0,Female,Mumbai,Maharashtra,2019-07-30,Student,14300.0,Widowed,Online,Bronze
CUST001336,Watika,Oza,34.0,Female,Ahmedabad,Gujarat,2019-02-23,Student,12900.0,Married,Mobile App,Silver
CUST001337,Arunima,Batra,30.0,Female,Ahmedabad,Gujarat,2019-06-24,Engineer,122500.0,Single,Store,Gold
CUST001338,Chavvi,Sharaf,34.0,Female,Pune,Maharashtra,2019-09-09,Student,12700.0,Married,Online,Bronze
CUST001339,Adweta,Dash,33.0,Female,Kolkata,West Bengal,2018-11-16,Teacher,33800.0,Married,Mobile App,Silver
CUST001340,Gaurangi,Sastry,40.0,Female,Kolkata,West Bengal,2021-06-13,Self-Employed,224100.0,Married,Mobile App,Gold
CUST001341,Vasatika,Acharya,40.0,Female,Ahmedabad,Gujarat,2021-02-14,Government Employee,52300.0,Married,Mobile App,Silver
CUST001342,Upadhriti,Jain,38.0,Female,Pune,Maharashtra,2020-05-19,Self-Employed,88000.0,Single,Mobile App,Silver
CUST001343,Dominic,Mittal,44.0,Male,Kolkata,West Bengal,2020-07-04,Business Owner,397200.0,Married,Store,Platinum
CUST001344,Fariq,Mahal,53.0,Male,Bengaluru,Karnataka,2020-05-15,Government Employee,77100.0,Married,Store,Gold
CUST001345,Charita,Patel,50.0,Female,Chennai,Tamil Nadu,2021-01-02,Business Owner,273400.0,Divorced,Store,Gold
CUST001346,Ladli,Butala,19.0,Female,Udaipur,Rajasthan,2025-08-16,Retail Employee,65800.0,Single,Mobile App,Bronze
CUST001347,Ria,Gandhi,18.0,Female,Ahmedabad,Gujarat,2026-07-11,Student,4800.0,Single,Online,Bronze
CUST001348,Atharv,Randhawa,50.0,Male,Pune,Maharashtra,2018-11-03,Retail Employee,36600.0,Married,Store,Silver
CUST001349,Michael,Kaur,20.0,Male,Kolkata,West Bengal,2024-08-16,Student,13300.0,Single,Mobile App,Bronze
CUST001350,Upadhriti,Chand,35.0,Female,Bhubaneswar,Odisha,2021-06-30,Sales Executive,59600.0,Married,Online,Silver
CUST001351,Charvi,Agarwal,23.0,Female,Nagpur,Maharashtra,2021-08-16,Engineer,100600.0,Single,Mobile App,Silver
CUST001352,Hredhaan,Sood,18.0,Male,Chandigarh,Chandigarh,2026-07-11,Student,5300.0,Single,Mobile App,Bronze
CUST001353,Balvan,Deo,45.0,Male,Ahmedabad,Gujarat,2020-11-21,Doctor,202700.0,Married,Store,Gold
CUST001354,Jeevika,Venkataraman,48.0,Female,Udaipur,Rajasthan,2020-08-26,IT Professional,171400.0,Married,Store,Gold
CUST001355,Tristan,Andra,31.0,Male,Bengaluru,Karnataka,2019-06-15,Engineer,65800.0,Married,Online,Gold
CUST001356,Aarna,Oza,18.0,Female,Bengaluru,Karnataka,2026-07-11,Retail Employee,22600.0,Divorced,Online,Bronze
CUST001357,Darpan,Sami,31.0,Male,Patna,Bihar,2019-11-11,IT Professional,116700.0,Married,Online,Gold
CUST001358,Ekaja,Sridhar,43.0,Female,Hyderabad,Telangana,2020-08-28,Self-Employed,139700.0,Divorced,Online,Gold
CUST001359,Bimala,Karnik,19.0,Female,Mumbai,Maharashtra,2025-08-16,Retail Employee,16400.0,Single,Online,Bronze
CUST001360,Sanaya,Chakraborty,40.0,Female,Kolkata,West Bengal,2021-04-02,Engineer,96900.0,Divorced,Store,Silver
CUST001361,Charan,Chauhan,38.0,Male,Pune,Maharashtra,2018-10-29,Retail Employee,35600.0,Single,Online,Silver
CUST001362,Nirja,Pillai,46.0,Female,Jodhpur,Rajasthan,2019-09-17,Self-Employed,241900.0,Divorced,Online,Platinum
CUST001363,Mason,Devan,40.0,Male,Howrah,West Bengal,2021-07-18,Sales Executive,88400.0,Married,Online,Silver
CUST001364,Rayaan,Deol,25.0,Male,Bhopal,Madhya Pradesh,2019-08-21,Retail Employee,65800.0,Divorced,Mobile App,Silver
CUST001365,Luke,Biswas,54.0,Other,Jodhpur,Rajasthan,2020-04-13,IT Professional,198100.0,Single,Store,Gold
CUST001366,Zilmil,Anand,36.0,Female,Pune,Maharashtra,2018-09-16,Government Employee,81300.0,Married,Online,Gold
CUST001367,Gayathri,Sarraf,38.0,Female,Hyderabad,Telangana,2019-03-03,Self-Employed,131900.0,Married,Store,Gold
CUST001368,Parth,Kala,26.0,Male,Udaipur,Rajasthan,2021-02-10,Business Owner,180900.0,Widowed,Online,Gold
CUST001369,Faqid,Sabharwal,32.0,Male,Hyderabad,Telangana,2019-06-19,Retail Employee,20900.0,Married,Store,Silver
CUST001370,Timothy,Kalla,26.0,Male,Amritsar,Punjab,2020-03-02,Sales Executive,76500.0,Married,Online,Silver
CUST001371,Chameli,Chaudhry,36.0,Female,Surat,Gujarat,2021-01-23,Retail Employee,65800.0,Married,Online,Bronze
CUST001372,Ekiya,Dasgupta,60.0,Female,Mumbai,Maharashtra,2019-07-13,Self-Employed,153600.0,Married,Online,Gold
CUST001373,Sanaya,Panchal,20.0,Female,Indore,Madhya Pradesh,2024-08-16,Student,8100.0,Single,Mobile App,Bronze
CUST001374,Upadhriti,Murty,18.0,Female,Pune,Maharashtra,2026-07-11,Student,12000.0,Single,Mobile App,Bronze
CUST001375,Ekaraj,Kota,57.0,Male,Pune,Maharashtra,2019-09-08,Retail Employee,38800.0,Married,Online,Silver
CUST001376,Lakshit,Chad,35.0,Male,Surat,Gujarat,2019-09-20,Retail Employee,27300.0,Married,Store,Silver
CUST001377,Jeet,Mane,29.0,Male,Bhopal,Madhya Pradesh,2021-03-11,Doctor,141800.0,Married,Mobile App,Silver
CUST001378,Agastya,Mitra,38.0,Male,Coimbatore,Tamil Nadu,2020-07-30,Engineer,102700.0,Divorced,Online,Gold
CUST001379,Harshil,Vasa,30.0,Male,Bengaluru,Karnataka,2019-11-13,Retail Employee,30000.0,Single,Store,Silver
CUST001380,Yashoda,Gulati,62.0,Female,Mysuru,Karnataka,2021-03-17,Retired,58000.0,Married,Store,Silver
CUST001381,Rohan,Merchant,47.0,Male,Mysuru,Karnataka,2019-01-25,Student,17900.0,Married,Online,Silver
CUST001382,Avni,Khatri,32.0,Female,Bengaluru,Karnataka,2021-07-17,Business Owner,289400.0,Single,Online,Gold
CUST001383,Yug,Raju,66.0,Male,Delhi,Delhi,2021-04-26,Business Owner,358000.0,Married,Online,Gold
CUST001384,Isaiah,Khosla,30.0,Other,Kolkata,West Bengal,2021-04-11,Student,10400.0,Married,Store,Bronze
CUST001385,Yahvi,Bobal,48.0,Female,Patna,Bihar,2020-01-16,Engineer,207500.0,Married,Online,Gold
CUST001386,Zarna,Arora,42.0,Female,Bengaluru,Karnataka,2019-10-07,Student,14700.0,Married,Store,Bronze
CUST001387,Pranit,Nadig,55.0,Male,Delhi,Delhi,2020-05-31,Sales Executive,111000.0,Married,Store,Silver
CUST001388,Ekaja,Ram,58.0,Female,Varanasi,Uttar Pradesh,2020-10-04,Sales Executive,127200.0,Married,Store,Silver
CUST001389,Ucchal,Pau,38.0,Female,Vadodara,Gujarat,2019-03-13,Business Owner,410800.0,Married,Mobile App,Platinum
CUST001390,Gabriel,Sinha,28.0,Male,Thiruvananthapuram,Kerala,2021-06-02,Sales Executive,68400.0,Married,Mobile App,Silver
CUST001391,Balhaar,Badal,44.0,Male,Nagpur,Maharashtra,2020-10-13,Self-Employed,203400.0,Married,Online,Gold
CUST001392,Bahadurjit,Atwal,29.0,Male,Pune,Maharashtra,2021-07-04,Self-Employed,122300.0,Single,Mobile App,Silver
CUST001393,Lekha,Kale,64.0,Female,Madurai,Tamil Nadu,2021-08-01,Business Owner,611100.0,Married,Store,Gold
CUST001394,Anusha,Bhasin,40.0,Female,Kolkata,West Bengal,2020-07-25,Government Employee,62200.0,Married,Store,Gold
CUST001395,Sneha,Toor,33.0,Female,Chennai,Tamil Nadu,2021-01-15,Retail Employee,27900.0,Married,Mobile App,Bronze
CUST001396,Luke,Thaker,40.0,Male,Kolkata,West Bengal,2020-10-26,Teacher,46000.0,Married,Mobile App,Silver
CUST001397,Sarthak,Sampath,20.0,Male,Delhi,Delhi,2024-08-16,Retail Employee,17200.0,Married,Mobile App,Bronze
CUST001398,Suhani,Butala,25.0,Female,Chennai,Tamil Nadu,2021-02-19,Retail Employee,24500.0,Single,Mobile App,Bronze
CUST001399,Faraj,Mall,54.0,Male,Ahmedabad,Gujarat,2019-04-14,Government Employee,83500.0,Married,Mobile App,Gold
CUST001400,Chakrika,Mukherjee,29.0,Female,Warangal,Telangana,2019-08-08,IT Professional,134100.0,Single,Mobile App,Gold
CUST001401,Chaaya,Vaidya,24.0,Male,Ahmedabad,Gujarat,2020-08-24,Government Employee,46400.0,Single,Online,Silver
CUST001402,Harsh,Dugal,45.0,Male,Chennai,Tamil Nadu,2019-12-26,Engineer,65800.0,Married,Online,Gold
CUST001403,Omisha,Raman,53.0,Female,Bengaluru,Karnataka,2020-04-16,Sales Executive,87800.0,Single,Store,Silver
CUST001404,Bachittar,Mukherjee,47.0,Male,Bengaluru,Karnataka,2021-03-29,Business Owner,164200.0,Divorced,Online,Gold
CUST001405,Urmi,Khare,51.0,Female,Hyderabad,Telangana,2018-11-26,Doctor,334300.0,Married,Store,Platinum
CUST001406,Ayush,Konda,28.0,Male,Mumbai,Maharashtra,2019-12-01,Engineer,94500.0,Single,Mobile App,Gold
CUST001407,Chameli,Saraf,20.0,Female,Ahmedabad,Gujarat,2024-08-16,Student,11900.0,Single,Mobile App,Bronze
CUST001408,Dalbir,Setty,58.0,Male,Varanasi,Uttar Pradesh,2019-02-26,Retail Employee,38200.0,Married,Store,Silver
CUST001409,Ayaan,More,34.0,Male,Hyderabad,Telangana,2021-05-21,Sales Executive,79300.0,Married,Store,Silver
CUST001410,Harita,Dar,35.0,Female,Mumbai,Maharashtra,2021-01-01,Government Employee,71600.0,Married,Online,Silver
CUST001411,Abeer,Devan,55.0,Male,Ludhiana,Punjab,2021-03-10,Student,12700.0,Divorced,Mobile App,Bronze
CUST001412,Aashi,Gade,45.0,Female,Bengaluru,Karnataka,2019-02-18,Self-Employed,254300.0,Married,Online,Platinum
CUST001413,Yuvraj,Palan,44.0,Male,Pune,Maharashtra,2019-01-14,Retail Employee,28100.0,Married,Online,Silver
CUST001414,Yutika,Varughese,66.0,Female,Hyderabad,Telangana,2020-01-16,Retired,42000.0,Married,Store,Silver
CUST001415,Kai,Ganesan,30.0,Male,Vadodara,Gujarat,2021-04-24,Student,17600.0,Married,Online,Bronze
CUST001416,Ria,Date,50.0,Female,Bengaluru,Karnataka,2021-03-21,Retail Employee,29700.0,Divorced,Store,Silver
CUST001417,Krish,Dalal,39.0,Male,Kolkata,West Bengal,2019-03-09,Retail Employee,24300.0,Married,Store,Silver
CUST001418,Alexander,Nayak,41.0,Male,Hyderabad,Telangana,2018-11-02,Student,19100.0,Married,Online,Silver
CUST001419,Tanish,Magar,58.0,Male,Pune,Maharashtra,2021-01-10,Doctor,338600.0,Widowed,Store,Gold
CUST001420,Zaitra,Bhatt,45.0,Female,Bengaluru,Karnataka,2021-08-04,Self-Employed,169900.0,Married,Store,Gold
CUST001421,Karan,Bose,45.0,Male,Surat,Gujarat,2020-08-19,Teacher,75700.0,Married,Online,Silver
CUST001422,Yadavi,Shah,52.0,Female,Kolkata,West Bengal,2021-07-14,Sales Executive,65800.0,Widowed,Mobile App,Silver
CUST001423,Yashodhara,Parsa,33.0,Female,Pune,Maharashtra,2019-02-21,Retail Employee,23000.0,Single,Store,Silver
CUST001424,Ayaan,Tata,27.0,Male,Nagpur,Maharashtra,2020-02-25,Teacher,54700.0,Married,Mobile App,Silver
CUST001425,Geetika,Pillai,24.0,Female,Howrah,West Bengal,2020-08-16,Retail Employee,17400.0,Single,Store,Bronze
CUST001426,Farhan,Kumer,18.0,Male,Lucknow,Uttar Pradesh,2026-07-11,Retail Employee,29800.0,Married,Mobile App,Silver
CUST001427,Charan,D’Alia,65.0,Male,Mysuru,Karnataka,2020-08-03,Retired,37400.0,Married,Mobile App,Silver
CUST001428,Jhalak,Upadhyay,24.0,Female,Kolkata,West Bengal,2020-12-16,Engineer,83500.0,Single,Mobile App,Silver
CUST001429,Aadhya,Basu,35.0,Female,Delhi,Delhi,2019-04-25,Self-Employed,221100.0,Divorced,Store,Platinum
CUST001430,Abha,Konda,34.0,Female,Bengaluru,Karnataka,2019-07-16,Student,147100.0,Married,Online,Gold
CUST001431,Arin,Sodhi,42.0,Male,Mumbai,Maharashtra,2020-07-17,Engineer,65800.0,Single,Online,Silver
CUST001432,Qabil,Rajagopal,49.0,Male,Jaipur,Rajasthan,2020-08-29,Sales Executive,113300.0,Single,Store,Gold
CUST001433,Falan,Gola,49.0,Male,Hyderabad,Telangana,2021-08-15,Government Employee,98600.0,Married,Store,Silver
CUST001434,Anita,Saini,30.0,Female,Kanpur,Uttar Pradesh,2021-06-08,Teacher,58600.0,Married,Store,Silver
CUST001435,Jasmit,Nagy,36.0,Female,Ahmedabad,Gujarat,2019-10-03,Business Owner,123300.0,Married,Mobile App,Gold
CUST001436,Kritika,Saha,42.0,Female,Kanpur,Uttar Pradesh,2020-01-30,Engineer,121900.0,Married,Mobile App,Gold
CUST001437,Nathaniel,Madan,35.0,Male,Bengaluru,Karnataka,2020-04-27,Retail Employee,27800.0,Married,Online,Bronze
CUST001438,Balvan,Pradhan,59.0,Male,Delhi,Delhi,2019-02-22,Teacher,54800.0,Married,Store,Silver
CUST001439,Darpan,Thakkar,44.0,Male,Amritsar,Punjab,2020-02-11,IT Professional,118700.0,Divorced,Store,Silver
CUST001440,Atharv,Gola,48.0,Male,Ahmedabad,Gujarat,2020-06-21,IT Professional,168100.0,Divorced,Online,Gold
CUST001441,Isaac,Varty,47.0,Male,Varanasi,Uttar Pradesh,2021-02-21,Retail Employee,38700.0,Married,Store,Silver
CUST001442,Aradhana,Rattan,53.0,Female,Mumbai,Maharashtra,2019-03-01,Sales Executive,111300.0,Married,Store,Gold
CUST001443,Bhavya,Shroff,40.0,Female,Hyderabad,Telangana,2019-11-24,Self-Employed,213100.0,Married,Online,Gold
CUST001444,Megha,Mukhopadhyay,21.0,Male,Vadodara,Gujarat,2023-08-17,Student,12000.0,Single,Mobile App,Bronze
CUST001445,Nihal,Chadha,43.0,Male,Pune,Maharashtra,2019-09-05,Doctor,286000.0,Married,Store,Gold
CUST001446,Vedant,Anand,30.0,Male,Kolkata,West Bengal,2020-05-07,Sales Executive,61200.0,Single,Store,Silver
CUST001447,Raksha,Iyer,31.0,Female,Hyderabad,Telangana,2019-03-11,Retail Employee,26100.0,Single,Mobile App,Silver
CUST001448,Madhav,Modi,46.0,Male,Mumbai,Maharashtra,2018-11-13,Government Employee,80800.0,Married,Store,Gold
CUST001449,Keya,Shetty,54.0,Female,Delhi,Delhi,2019-10-28,Engineer,139800.0,Married,Store,Gold
CUST001450,Qarin,Tak,38.0,Male,Bengaluru,Karnataka,2019-06-07,Self-Employed,141900.0,Single,Online,Gold
CUST001451,Guneet,Korpal,42.0,Male,Pune,Maharashtra,2021-06-15,Student,17700.0,Married,Online,Bronze
CUST001452,Forum,Ahuja,38.0,Female,Howrah,West Bengal,2019-12-11,Homemaker,3900.0,Widowed,Store,Bronze
CUST001453,Samarth,Bajwa,41.0,Male,Delhi,Delhi,2019-05-12,IT Professional,104900.0,Married,Store,Gold
CUST001454,Kamala,Pal,72.0,Female,Bengaluru,Karnataka,2020-02-19,Retired,44100.0,Widowed,Store,Silver
CUST001455,Aarna,Nayak,45.0,Female,Patna,Bihar,2019-11-05,Government Employee,52800.0,Married,Store,Silver
CUST001456,Aadi,Puri,18.0,Male,Chennai,Tamil Nadu,2026-07-11,Student,7600.0,Single,Online,Bronze
CUST001457,Mitesh,Chawla,48.0,Male,Hyderabad,Telangana,2021-01-11,Self-Employed,152300.0,Married,Online,Gold
CUST001458,Ishanvi,Wagle,43.0,Female,Surat,Gujarat,2021-05-01,Homemaker,13600.0,Married,Online,Bronze
CUST001459,Kashish,Saini,55.0,Female,Kochi,Kerala,2019-07-21,IT Professional,204800.0,Married,Store,Platinum
CUST001460,Yatan,Bhasin,38.0,Male,Mumbai,Maharashtra,2019-02-27,Homemaker,11500.0,Divorced,Mobile App,Bronze
CUST001461,Ekta,Mammen,36.0,Female,Chennai,Tamil Nadu,2019-01-27,Self-Employed,184300.0,Married,Mobile App,Platinum
CUST001462,Chakradhar,Bassi,22.0,Male,Kolkata,West Bengal,2022-08-17,Student,12500.0,Single,Online,Bronze
CUST001463,Jack,Venkatesh,35.0,Male,Bengaluru,Karnataka,2019-02-15,Doctor,178500.0,Married,Store,Platinum
CUST001464,Samuel,Pradhan,27.0,Male,Udaipur,Rajasthan,2019-07-10,IT Professional,166000.0,Single,Mobile App,Gold
CUST001465,Veer,Chad,30.0,Male,Amritsar,Punjab,2021-05-13,Engineer,101700.0,Single,Mobile App,Silver
CUST001466,Champak,Tiwari,46.0,Male,Guwahati,Assam,2019-05-04,Student,21500.0,Married,Mobile App,Silver
CUST001467,Kiaan,Ramesh,60.0,Other,Bengaluru,Karnataka,2021-02-01,Business Owner,326600.0,Married,Store,Gold
CUST001468,Baljiwan,Bhatia,43.0,Male,Delhi,Delhi,2020-11-30,Student,19800.0,Married,Online,Bronze
CUST001469,Teerth,De,22.0,Male,Bhubaneswar,Odisha,2022-08-17,Retail Employee,21800.0,Married,Online,Bronze
CUST001470,Jagat,Manne,44.0,Male,Chennai,Tamil Nadu,2020-09-06,Self-Employed,159200.0,Married,Online,Gold
CUST001471,Leena,Murty,54.0,Female,Delhi,Delhi,2020-08-29,Government Employee,80700.0,Married,Online,Silver
CUST001472,Shravya,Narain,30.0,Female,Ahmedabad,Gujarat,2021-02-12,Teacher,60000.0,Single,Mobile App,Silver
CUST001473,Nathan,Sethi,36.0,Male,Bengaluru,Karnataka,2020-09-28,IT Professional,157700.0,Married,Store,Gold
CUST001474,Laban,Kaur,38.0,Male,Bengaluru,Karnataka,2021-07-26,Engineer,107000.0,Married,Store,Silver
CUST001475,Baljiwan,Jain,28.0,Male,Indore,Madhya Pradesh,2020-03-16,Government Employee,43500.0,Married,Store,Silver
CUST001476,Ekansh,Chopra,46.0,Male,Nagpur,Maharashtra,2019-04-27,Engineer,196300.0,Married,Mobile App,Platinum
CUST001477,Faras,Cherian,36.0,Male,Mumbai,Maharashtra,2019-01-14,Government Employee,84800.0,Single,Online,Gold
CUST001478,Fitan,Sengupta,43.0,Male,Bengaluru,Karnataka,2019-03-01,Student,15600.0,Married,Mobile App,Silver
CUST001479,Viraj,Murthy,26.0,Male,Kolkata,West Bengal,2020-05-17,Student,11000.0,Married,Store,Bronze
CUST001480,Tanvi,Dara,32.0,Female,Pune,Maharashtra,2019-06-08,Retail Employee,33100.0,Married,Mobile App,Silver
CUST001481,Praneel,Johal,47.0,Male,Chennai,Tamil Nadu,2020-10-05,Self-Employed,154600.0,Married,Mobile App,Gold
CUST001482,Varsha,Morar,38.0,Female,Kolkata,West Bengal,2021-06-16,Student,17500.0,Single,Online,Bronze
CUST001483,Vedika,Lanka,60.0,Female,Chandigarh,Chandigarh,2019-08-07,Retired,53800.0,Married,Mobile App,Silver
CUST001484,Dipta,Chana,33.0,Female,Delhi,Delhi,2019-09-05,IT Professional,168900.0,Married,Store,Gold
CUST001485,Farhan,Modi,41.0,Male,Kanpur,Uttar Pradesh,2019-03-22,Retail Employee,41900.0,Married,Online,Silver
CUST001486,Anmol,Kale,50.0,Male,Delhi,Delhi,2019-10-11,Engineer,129000.0,Married,Store,Gold
CUST001487,Nihal,Divan,20.0,Male,Ahmedabad,Gujarat,2024-08-16,Student,11300.0,Single,Mobile App,Bronze
CUST001488,Chandani,Kothari,18.0,Female,Hyderabad,Telangana,2026-07-11,Retail Employee,15600.0,Single,Mobile App,Bronze
CUST001489,Pranav,Randhawa,18.0,Male,Pune,Maharashtra,2026-07-11,Sales Executive,50100.0,Single,Online,Silver
CUST001490,Yashvi,Bawa,54.0,Female,Ahmedabad,Gujarat,2019-03-15,Retail Employee,36100.0,Divorced,Store,Silver
CUST001491,Netra,Lad,31.0,Female,Delhi,Delhi,2019-04-21,Self-Employed,94000.0,Married,Store,Gold
CUST001492,Gagan,Balasubramanian,71.0,Male,Delhi,Delhi,2020-09-24,Retired,29200.0,Widowed,Store,Bronze
CUST001493,Tanmayi,Sethi,31.0,Female,Hyderabad,Telangana,2021-05-27,Teacher,41300.0,Single,Mobile App,Silver
CUST001494,Jeet,Chandra,40.0,Male,Ahmedabad,Gujarat,2021-02-04,Retail Employee,35600.0,Married,Online,Bronze
CUST001495,Vihaan,Chaudry,58.0,Male,Delhi,Delhi,2021-05-06,Teacher,66400.0,Married,Store,Silver
CUST001496,Ekaraj,Dara,38.0,Male,Delhi,Delhi,2020-11-23,Retired,34300.0,Married,Store,Bronze
CUST001497,Abeer,Bhatia,38.0,Male,Mumbai,Maharashtra,2020-03-31,Retired,44600.0,Married,Store,Silver
CUST001498,Janya,De,54.0,Female,Chennai,Tamil Nadu,2018-11-27,IT Professional,247000.0,Married,Online,Platinum
CUST001499,Hardik,Rattan,51.0,Male,Hyderabad,Telangana,2019-01-04,Student,62300.0,Married,Mobile App,Gold
CUST001500,Quincy,Chad,46.0,Male,Delhi,Delhi,2019-06-21,Doctor,211800.0,Married,Mobile App,Platinum
CUST001501,Leela,Borde,48.0,Female,Mumbai,Maharashtra,2021-07-21,Sales Executive,96800.0,Single,Store,Silver
CUST001502,Alka,Bhattacharyya,31.0,Female,Hyderabad,Telangana,2020-08-07,IT Professional,65800.0,Single,Store,Gold
CUST001503,Hardik,Sawhney,27.0,Male,Jodhpur,Rajasthan,2019-07-31,Retail Employee,25500.0,Married,Mobile App,Silver
CUST001504,Eesha,Chanda,38.0,Female,Ahmedabad,Gujarat,2021-03-28,Government Employee,62900.0,Single,Store,Silver
CUST001505,Oni,Das,36.0,Female,Chandigarh,Chandigarh,2019-03-22,Sales Executive,116000.0,Divorced,Mobile App,Gold
CUST001506,Ansh,Shenoy,32.0,Male,Mumbai,Maharashtra,2018-11-18,Engineer,156500.0,Married,Mobile App,Gold
CUST001507,Aryan,Ganguly,47.0,Male,Bhubaneswar,Odisha,2020-07-24,IT Professional,148500.0,Married,Online,Gold
CUST001508,Tarak,Rana,50.0,Male,Mysuru,Karnataka,2019-07-05,Retail Employee,34300.0,Married,Online,Silver
CUST001509,Yadavi,Balan,39.0,Female,Ludhiana,Punjab,2021-03-07,IT Professional,139200.0,Married,Online,Gold
CUST001510,Sai,Sandhu,57.0,Female,New Delhi,Delhi,2019-07-21,Government Employee,76900.0,Married,Online,Gold
CUST001511,Harini,Pandya,23.0,Female,Chennai,Tamil Nadu,2021-08-16,Homemaker,12100.0,Single,Online,Bronze
CUST001512,Jalsa,Grover,38.0,Female,Hyderabad,Telangana,2021-03-04,Sales Executive,63000.0,Single,Online,Silver
CUST001513,Laksh,Mammen,29.0,Male,Hyderabad,Telangana,2019-06-30,Student,15400.0,Married,Mobile App,Silver
CUST001514,Udant,Dixit,18.0,Male,Varanasi,Uttar Pradesh,2026-07-11,Student,65800.0,Single,Mobile App,Bronze
CUST001515,Anay,Korpal,37.0,Male,Vadodara,Gujarat,2019-09-14,Government Employee,68300.0,Married,Mobile App,Silver
CUST001516,Neelima,Tara,36.0,Female,Ludhiana,Punjab,2020-03-11,IT Professional,150400.0,Single,Mobile App,Gold
CUST001517,Tripti,Srinivas,58.0,Female,Kolkata,West Bengal,2019-08-08,Sales Executive,103200.0,Married,Online,Gold
CUST001518,Azaan,Chahal,46.0,Male,Chennai,Tamil Nadu,2019-04-21,IT Professional,146800.0,Married,Store,Gold
CUST001519,Meera,Rajagopal,25.0,Female,Pune,Maharashtra,2019-08-17,Teacher,46900.0,Married,Mobile App,Silver
CUST001520,Ekapad,Saini,62.0,Male,Ludhiana,Punjab,2018-12-17,Retired,19200.0,Divorced,Store,Silver
CUST001521,Harish,Vora,54.0,Male,Madurai,Tamil Nadu,2019-03-30,Self-Employed,241900.0,Married,Store,Platinum
CUST001522,Jeet,Bahl,46.0,Male,Ahmedabad,Gujarat,2019-07-17,Engineer,100700.0,Married,Mobile App,Gold
CUST001523,Rayaan,Parmer,35.0,Male,Hyderabad,Telangana,2019-11-26,IT Professional,161000.0,Single,Online,Gold
CUST001524,Wriddhish,Sundaram,26.0,Male,Madurai,Tamil Nadu,2021-04-06,Retail Employee,20300.0,Married,Mobile App,Bronze
CUST001525,Orinder,Thakkar,33.0,Male,Guwahati,Assam,2021-02-16,Student,44000.0,Married,Mobile App,Silver
CUST001526,Naveen,Rama,52.0,Male,Nagpur,Maharashtra,2019-03-01,Homemaker,19500.0,Married,Online,Silver
CUST001527,Krishna,Gole,62.0,Male,Bengaluru,Karnataka,2019-03-20,Retired,15900.0,Married,Online,Silver
CUST001528,Amara,Nagar,58.0,Female,Pune,Maharashtra,2019-10-13,IT Professional,167100.0,Married,Store,Gold
CUST001529,Imaran,Balan,32.0,Male,Jodhpur,Rajasthan,2020-04-22,IT Professional,131100.0,Single,Online,Gold
CUST001530,Meera,Bhardwaj,23.0,Female,Mumbai,Maharashtra,2021-08-16,Self-Employed,78600.0,Single,Mobile App,Silver
CUST001531,Warinder,Wagle,40.0,Male,Pune,Maharashtra,2020-08-23,Teacher,37500.0,Married,Online,Silver
CUST001532,Praneel,Kaul,18.0,Male,Bengaluru,Karnataka,2026-07-11,Student,7800.0,Single,Online,Bronze
CUST001533,Fariq,Chaudhry,42.0,Male,Chennai,Tamil Nadu,2020-03-02,Engineer,118300.0,Married,Online,Gold
CUST001534,Jatin,Khosla,36.0,Male,Hyderabad,Telangana,2018-11-02,Doctor,133100.0,Single,Online,Gold
CUST001535,Lila,Walla,32.0,Male,Mumbai,Maharashtra,2021-04-19,Business Owner,65800.0,Married,Online,Gold
CUST001536,Ayaan,Kanda,18.0,Male,Bhubaneswar,Odisha,2026-07-11,Student,35300.0,Single,Mobile App,Bronze
CUST001537,Sara,Pant,45.0,Female,Guwahati,Assam,2020-07-09,Teacher,64800.0,Married,Mobile App,Silver
CUST001538,Harini,Goda,31.0,Female,Bengaluru,Karnataka,2018-08-27,Student,13900.0,Married,Store,Silver
CUST001539,Kashish,Nadkarni,23.0,Female,Surat,Gujarat,2021-08-16,Homemaker,4000.0,Single,Mobile App,Bronze
CUST001540,Rachita,Bala,18.0,Female,Kolkata,West Bengal,2026-07-11,Student,13800.0,Single,Online,Bronze
CUST001541,Qushi,Dhar,38.0,Female,Delhi,Delhi,2018-08-17,Engineer,128800.0,Married,Online,Gold
CUST001542,Girindra,Tailor,38.0,Male,Bengaluru,Karnataka,2020-01-31,Business Owner,180300.0,Married,Online,Gold
CUST001543,Nilima,Gill,60.0,Female,Chennai,Tamil Nadu,2021-02-14,Retired,65800.0,Divorced,Store,Bronze
CUST001544,Yatan,Barad,32.0,Male,Hyderabad,Telangana,2019-12-16,Retail Employee,29700.0,Widowed,Online,Silver
CUST001545,Chakradev,Bhalla,30.0,Male,Bengaluru,Karnataka,2020-12-11,Self-Employed,82600.0,Married,Mobile App,Silver
CUST001546,Jackson,Kanda,44.0,Male,Lucknow,Uttar Pradesh,2019-09-19,Self-Employed,201600.0,Married,Online,Gold
CUST001547,Aishani,Vyas,25.0,Female,Chennai,Tamil Nadu,2019-08-17,Engineer,56600.0,Married,Mobile App,Silver
CUST001548,Waida,Acharya,42.0,Female,Ahmedabad,Gujarat,2019-04-08,IT Professional,147000.0,Divorced,Online,Gold
CUST001549,Noah,Jaggi,48.0,Male,Delhi,Delhi,2020-10-21,Retail Employee,33000.0,Widowed,Mobile App,Silver
CUST001550,Eiravati,Oak,54.0,Female,Coimbatore,Tamil Nadu,2020-09-25,Student,20900.0,Married,Online,Bronze
CUST001551,Gaurang,Naik,37.0,Male,Bengaluru,Karnataka,2021-06-01,Student,57300.0,Married,Mobile App,Silver
CUST001552,Ayushman,Bains,35.0,Male,Coimbatore,Tamil Nadu,2020-10-07,Teacher,48100.0,Single,Mobile App,Silver
CUST001553,Ethan,Dhar,27.0,Male,Udaipur,Rajasthan,2021-05-07,Homemaker,3000.0,Married,Online,Bronze
CUST001554,Christopher,Vora,27.0,Male,Jaipur,Rajasthan,2020-02-16,Student,161000.0,Married,Online,Gold
CUST001555,Qabil,Bora,35.0,Male,Hyderabad,Telangana,2019-07-02,Doctor,65800.0,Married,Store,Platinum
CUST001556,Ridhi,Randhawa,43.0,Female,Ahmedabad,Gujarat,2019-05-16,IT Professional,122600.0,Married,Store,Gold
CUST001557,Daksha,Nayar,50.0,Female,Guwahati,Assam,2021-06-12,Retail Employee,32900.0,Married,Store,Bronze
CUST001558,Matthew,Naidu,28.0,Male,Kolkata,West Bengal,2020-08-09,Homemaker,20000.0,Single,Mobile App,Bronze
CUST001559,Ekanta,Dugar,57.0,Female,Pune,Maharashtra,2020-10-04,Teacher,65800.0,Married,Mobile App,Silver
CUST001560,Urmi,Sur,34.0,Female,Ahmedabad,Gujarat,2021-04-24,Retail Employee,23100.0,Single,Store,Bronze
CUST001561,Nitara,Ghosh,38.0,Female,Pune,Maharashtra,2020-07-15,IT Professional,209600.0,Married,Online,Gold
CUST001562,Rachana,Kapoor,28.0,Female,Bhopal,Madhya Pradesh,2020-09-22,Sales Executive,73700.0,Single,Mobile App,Silver
CUST001563,Gagan,Radhakrishnan,18.0,Male,Chennai,Tamil Nadu,2026-07-11,Sales Executive,56900.0,Single,Online,Silver
CUST001564,Nikita,Menon,49.0,Female,Hyderabad,Telangana,2018-12-22,Student,20400.0,Married,Mobile App,Silver
CUST001565,Eesha,Goel,48.0,Female,Mumbai,Maharashtra,2020-04-05,Sales Executive,97200.0,Married,Online,Silver
CUST001566,Aadi,Raman,34.0,Male,Hyderabad,Telangana,2019-05-21,Government Employee,65000.0,Married,Mobile App,Silver
CUST001567,Amol,Gopal,39.0,Male,Patna,Bihar,2021-03-09,Student,10700.0,Divorced,Store,Bronze
CUST001568,Nitara,Kant,45.0,Female,Mumbai,Maharashtra,2018-12-10,Self-Employed,135300.0,Widowed,Mobile App,Gold
CUST001569,Charles,Taneja,18.0,Male,Chennai,Tamil Nadu,2026-07-11,Sales Executive,53100.0,Single,Mobile App,Silver
CUST001570,Lohit,Narula,31.0,Other,Thiruvananthapuram,Kerala,2021-01-18,Engineer,75700.0,Married,Mobile App,Silver
CUST001571,Balvan,Khanna,48.0,Male,Hyderabad,Telangana,2021-04-22,Engineer,109500.0,Married,Mobile App,Gold
CUST001572,Prisha,Nagarajan,22.0,Female,Hyderabad,Telangana,2022-08-17,Retail Employee,26500.0,Married,Online,Bronze
CUST001573,Fiyaz,Chakrabarti,38.0,Male,Kolkata,West Bengal,2019-12-20,Self-Employed,134300.0,Married,Mobile App,Gold
CUST001574,Oviya,Sekhon,20.0,Female,Chennai,Tamil Nadu,2024-08-16,Sales Executive,50500.0,Single,Online,Bronze
CUST001575,Aashi,Lanka,44.0,Female,Nagpur,Maharashtra,2019-03-31,Engineer,124600.0,Married,Online,Gold
CUST001576,Henry,Krish,38.0,Male,Mumbai,Maharashtra,2020-06-25,Homemaker,13200.0,Married,Online,Bronze
CUST001577,Bhavna,Palla,18.0,Female,Kolkata,West Bengal,2026-07-11,Sales Executive,84000.0,Single,Mobile App,Silver
CUST001578,Kabir,Chokshi,53.0,Male,Kochi,Kerala,2019-10-03,Retail Employee,33900.0,Married,Store,Silver
CUST001579,Aadi,Bava,28.0,Male,Pune,Maharashtra,2019-02-27,Self-Employed,90800.0,Married,Online,Gold
CUST001580,Reyansh,Sarma,27.0,Male,Delhi,Delhi,2019-06-01,IT Professional,128000.0,Married,Online,Platinum
CUST001581,Ubika,Ganesan,41.0,Female,Hyderabad,Telangana,2019-12-01,Teacher,50400.0,Widowed,Mobile App,Silver
CUST001582,Samuel,Tailor,53.0,Male,Lucknow,Uttar Pradesh,2019-08-14,Engineer,147600.0,Divorced,Store,Gold
CUST001583,Ranbir,Panchal,25.0,Male,Bengaluru,Karnataka,2019-08-17,Student,9300.0,Married,Store,Bronze
CUST001584,Raghav,Chaudhuri,39.0,Male,Indore,Madhya Pradesh,2021-03-23,IT Professional,146700.0,Married,Online,Silver
CUST001585,Wakeeta,Kar,44.0,Female,Mumbai,Maharashtra,2021-01-09,Sales Executive,63900.0,Married,Online,Silver
CUST001586,Gautami,Seth,47.0,Female,Guwahati,Assam,2019-07-24,Retail Employee,38900.0,Divorced,Mobile App,Silver
CUST001587,Balhaar,Bandi,40.0,Male,Kolkata,West Bengal,2019-01-27,IT Professional,185500.0,Single,Online,Gold
CUST001588,Manan,Bahri,33.0,Male,Ahmedabad,Gujarat,2020-05-25,Sales Executive,92100.0,Married,Mobile App,Gold
CUST001589,Odika,Lal,27.0,Female,Hyderabad,Telangana,2018-09-08,IT Professional,65800.0,Married,Store,Platinum
CUST001590,Charles,Borah,39.0,Male,Udaipur,Rajasthan,2020-12-22,Teacher,36700.0,Married,Mobile App,Silver
CUST001591,Pavani,Garde,24.0,Female,Nagpur,Maharashtra,2020-08-16,IT Professional,130600.0,Single,Mobile App,Silver
CUST001592,Riya,Dyal,18.0,Female,Mumbai,Maharashtra,2026-07-11,Student,5600.0,Single,Mobile App,Bronze
CUST001593,Bishakha,Chander,44.0,Male,Hyderabad,Telangana,2018-11-01,Engineer,156200.0,Married,Mobile App,Gold
CUST001594,Omkaar,Subramanian,50.0,Male,Chandigarh,Chandigarh,2020-10-08,Self-Employed,99900.0,Married,Store,Silver
CUST001595,Amruta,Sankar,18.0,Female,Jaipur,Rajasthan,2026-07-11,Student,6300.0,Single,Online,Bronze
CUST001596,Gayathri,Saraf,25.0,Female,Chennai,Tamil Nadu,2021-01-23,Self-Employed,45900.0,Single,Mobile App,Silver
CUST001597,Gaurangi,Bera,46.0,Female,Kolkata,West Bengal,2020-01-23,Engineer,185000.0,Divorced,Online,Gold
CUST001598,Chandresh,Narula,65.0,Male,Pune,Maharashtra,2019-01-20,Retired,42800.0,Widowed,Store,Silver
CUST001599,Harshil,Gupta,38.0,Male,Varanasi,Uttar Pradesh,2020-09-17,Doctor,221000.0,Married,Online,Gold
CUST001600,Samarth,Zachariah,29.0,Male,Jodhpur,Rajasthan,2019-03-12,Business Owner,136100.0,Married,Store,Gold
CUST001601,Libni,Manda,36.0,Female,Ahmedabad,Gujarat,2018-11-22,Engineer,94800.0,Single,Mobile App,Gold
CUST001602,Neha,Khanna,56.0,Female,Chennai,Tamil Nadu,2021-05-28,Student,12600.0,Married,Online,Bronze
CUST001603,Chanakya,Bawa,30.0,Male,Bhubaneswar,Odisha,2019-05-10,Retail Employee,21400.0,Single,Store,Silver
CUST001604,Ronith,Swaminathan,28.0,Male,Indore,Madhya Pradesh,2020-11-09,Government Employee,57700.0,Married,Store,Silver
CUST001605,Faraj,Bhagat,32.0,Male,Howrah,West Bengal,2021-02-05,Government Employee,75000.0,Married,Mobile App,Silver
CUST001606,Radha,Aggarwal,26.0,Female,Hyderabad,Telangana,2019-10-28,Doctor,133800.0,Married,Online,Silver
CUST001607,Unni,Chahal,40.0,Female,Kolkata,West Bengal,2019-07-05,Student,65800.0,Married,Online,Bronze
CUST001608,Manan,Srinivasan,59.0,Male,Kolkata,West Bengal,2020-06-10,Self-Employed,256300.0,Married,Online,Gold
CUST001609,Harish,Chatterjee,42.0,Male,Hyderabad,Telangana,2021-07-04,Government Employee,70900.0,Married,Mobile App,Silver
CUST001610,Agastya,Jhaveri,35.0,Male,Bengaluru,Karnataka,2018-11-25,Teacher,46500.0,Married,Online,Gold
CUST001611,Harinakshi,Manne,34.0,Female,Hyderabad,Telangana,2019-06-08,IT Professional,166900.0,Married,Store,Gold
CUST001612,Chaitaly,Solanki,18.0,Female,Kolkata,West Bengal,2026-07-11,Student,13600.0,Single,Mobile App,Bronze
CUST001613,Devika,Morar,49.0,Female,Hyderabad,Telangana,2020-02-19,Sales Executive,65800.0,Married,Online,Gold
CUST001614,Rushil,Sinha,37.0,Male,Bengaluru,Karnataka,2021-07-17,Student,15400.0,Married,Mobile App,Bronze
CUST001615,Wishi,Lanka,36.0,Female,Jaipur,Rajasthan,2020-08-09,IT Professional,975300.0,Married,Online,Gold
CUST001616,Chakradev,Ram,75.0,Male,Coimbatore,Tamil Nadu,2020-01-22,Self-Employed,109800.0,Married,Store,Gold
CUST001617,Hiral,Prabhakar,42.0,Female,Mumbai,Maharashtra,2020-01-28,Engineer,152000.0,Married,Mobile App,Gold
CUST001618,Rayaan,Pingle,28.0,Male,Hyderabad,Telangana,2020-12-31,Government Employee,91800.0,Married,Store,Gold
CUST001619,Idika,Sehgal,32.0,Female,Indore,Madhya Pradesh,2019-04-18,IT Professional,147700.0,Single,Store,Gold
CUST001620,Anya,Lall,53.0,Female,Jaipur,Rajasthan,2020-09-23,Business Owner,404100.0,Married,Store,Gold
CUST001621,Urvi,Shroff,39.0,Female,Bengaluru,Karnataka,2019-11-19,Homemaker,9900.0,Single,Store,Bronze
CUST001622,Lekha,Kara,19.0,Female,Thiruvananthapuram,Kerala,2025-08-16,Sales Executive,74300.0,Single,Store,Silver
CUST001623,Krish,Bhatia,50.0,Male,Mumbai,Maharashtra,2020-05-07,Teacher,52500.0,Single,Mobile App,Silver
CUST001624,Faqid,Chatterjee,29.0,Male,Bhubaneswar,Odisha,2021-01-01,Student,37600.0,Married,Online,Bronze
CUST001625,Chaman,Padmanabhan,62.0,Female,Delhi,Delhi,2019-09-23,Retired,56000.0,Married,Store,Silver
CUST001626,Samuel,Karan,52.0,Male,Mumbai,Maharashtra,2020-05-07,Student,22500.0,Widowed,Online,Silver
CUST001627,Azaan,Ram,32.0,Male,Warangal,Telangana,2021-07-30,Self-Employed,174000.0,Married,Mobile App,Silver
CUST001628,Shaurya,Wason,55.0,Male,Hyderabad,Telangana,2021-07-16,Retail Employee,40400.0,Married,Online,Silver
CUST001629,Vyanjana,Keer,39.0,Female,Madurai,Tamil Nadu,2020-03-18,Student,84700.0,Single,Mobile App,Silver
CUST001630,Wazir,Mistry,49.0,Male,Jodhpur,Rajasthan,2021-01-27,Government Employee,65300.0,Married,Online,Silver
CUST001631,Balveer,Rana,44.0,Male,Varanasi,Uttar Pradesh,2019-11-14,Student,151100.0,Married,Store,Gold
CUST001632,Anay,Thakkar,27.0,Male,Hyderabad,Telangana,2020-05-26,Business Owner,328200.0,Married,Online,Platinum
CUST001633,Ethan,Dara,30.0,Male,Hyderabad,Telangana,2019-08-30,Engineer,88500.0,Single,Store,Gold
CUST001634,Vanya,Ghose,51.0,Female,Pune,Maharashtra,2018-10-08,Student,73000.0,Married,Online,Gold
CUST001635,Oliver,Kakar,34.0,Other,Mumbai,Maharashtra,2020-01-15,IT Professional,173400.0,Married,Online,Gold
CUST001636,Inaya,Date,33.0,Female,Howrah,West Bengal,2019-04-06,Sales Executive,54300.0,Married,Online,Gold
CUST001637,Ansh,Sampath,26.0,Male,Mumbai,Maharashtra,2019-05-14,Student,155000.0,Single,Mobile App,Gold
CUST001638,Chaaya,Saran,44.0,Female,Surat,Gujarat,2018-11-10,Teacher,61800.0,Married,Store,Gold
CUST001639,Isha,Divan,65.0,Female,Madurai,Tamil Nadu,2020-12-25,Homemaker,9700.0,Divorced,Store,Bronze
CUST001640,Kai,Nagarajan,24.0,Male,Delhi,Delhi,2020-08-16,Business Owner,306500.0,Married,Mobile App,Platinum
CUST001641,Bhavna,Chahal,38.0,Female,Madurai,Tamil Nadu,2018-11-28,Student,10600.0,Married,Store,Silver
CUST001642,Sara,Ranganathan,56.0,Female,Delhi,Delhi,2020-06-12,Student,17600.0,Married,Store,Bronze
CUST001643,Omaja,Majumdar,37.0,Female,Warangal,Telangana,2020-09-06,Retail Employee,26500.0,Married,Store,Bronze
CUST001644,Yoshita,Shanker,44.0,Male,Jodhpur,Rajasthan,2018-10-08,Business Owner,202600.0,Married,Online,Platinum
CUST001645,Abeer,Virk,24.0,Male,Chennai,Tamil Nadu,2020-08-16,Retail Employee,27100.0,Single,Store,Bronze
CUST001646,Shaurya,Chowdhury,44.0,Male,Pune,Maharashtra,2020-06-25,IT Professional,130600.0,Married,Mobile App,Gold
CUST001647,Triya,Doctor,36.0,Female,Surat,Gujarat,2019-04-02,Student,16800.0,Married,Mobile App,Silver
CUST001648,Ethan,Chaudhry,51.0,Male,Delhi,Delhi,2020-09-17,Sales Executive,113000.0,Single,Store,Gold
CUST001649,Chatresh,Chaudhuri,53.0,Male,Vadodara,Gujarat,2021-02-04,Teacher,324000.0,Married,Online,Gold
CUST001650,Mekhala,Wason,72.0,Female,Chennai,Tamil Nadu,2019-12-29,Homemaker,12300.0,Divorced,Store,Bronze
CUST001651,Pooja,Roy,46.0,Female,Chennai,Tamil Nadu,2019-12-05,Student,23300.0,Married,Online,Silver
CUST001652,Kevin,Rajagopal,38.0,Male,Chandigarh,Chandigarh,2019-02-23,Student,16000.0,Single,Online,Silver
CUST001653,Watika,Solanki,41.0,Female,Ahmedabad,Gujarat,2020-04-02,IT Professional,101200.0,Married,Online,Gold
CUST001654,Anjali,Gera,33.0,Female,Mumbai,Maharashtra,2019-03-08,Student,7900.0,Married,Online,Bronze
CUST001655,Manya,Rau,42.0,Female,Bengaluru,Karnataka,2020-09-09,Student,98400.0,Married,Online,Silver
CUST001656,Ekbal,Ratti,34.0,Male,Bhopal,Madhya Pradesh,2019-11-25,IT Professional,152500.0,Married,Store,Gold
CUST001657,Anirudh,Randhawa,40.0,Male,Mumbai,Maharashtra,2020-12-31,Student,10700.0,Single,Online,Bronze
CUST001658,Noah,Khanna,55.0,Male,Madurai,Tamil Nadu,2020-06-20,Retail Employee,31800.0,Married,Online,Silver
CUST001659,Aryan,Soman,25.0,Male,Surat,Gujarat,2019-08-17,Teacher,30300.0,Married,Online,Silver
CUST001660,Krish,Pradhan,53.0,Male,Kolkata,West Bengal,2020-12-23,Homemaker,5900.0,Single,Store,Bronze
CUST001661,Advaith,Nazareth,55.0,Male,Jaipur,Rajasthan,2019-03-12,Business Owner,464300.0,Married,Store,Platinum
CUST001662,Max,Mukhopadhyay,36.0,Male,Surat,Gujarat,2020-10-10,Sales Executive,100500.0,Married,Store,Silver
CUST001663,Meera,Swamy,18.0,Female,Ahmedabad,Gujarat,2026-07-11,Student,11600.0,Single,Mobile App,Bronze
CUST001664,Chandran,Kari,30.0,Male,Kanpur,Uttar Pradesh,2021-04-18,Student,13600.0,Single,Mobile App,Bronze
CUST001665,Ekani,Mital,55.0,Female,Howrah,West Bengal,2019-05-22,Homemaker,21200.0,Married,Store,Silver
CUST001666,Vaishnavi,Nagi,38.0,Female,Hyderabad,Telangana,2020-11-02,Student,9800.0,Single,Mobile App,Bronze
CUST001667,Krish,Saha,25.0,Male,Chennai,Tamil Nadu,2019-08-30,Homemaker,13700.0,Single,Online,Silver
CUST001668,Chanchal,Guha,31.0,Female,Ahmedabad,Gujarat,2019-07-12,Teacher,50800.0,Married,Online,Silver
CUST001669,Vaishnavi,Kakar,49.0,Female,Bhopal,Madhya Pradesh,2020-08-03,Student,11100.0,Married,Mobile App,Bronze
CUST001670,Samar,Sundaram,45.0,Male,Bengaluru,Karnataka,2020-03-14,Doctor,266000.0,Single,Online,Gold
CUST001671,Yauvani,Prakash,35.0,Female,Mysuru,Karnataka,2020-05-31,Retired,31900.0,Single,Store,Silver
CUST001672,Ayaan,Varma,33.0,Male,Thiruvananthapuram,Kerala,2018-10-13,Homemaker,10500.0,Divorced,Online,Bronze
CUST001673,Gauri,Bhatti,33.0,Female,Kolkata,West Bengal,2020-08-31,Retail Employee,30500.0,Married,Online,Silver
CUST001674,Nachiket,Toor,26.0,Male,Delhi,Delhi,2021-01-27,Retail Employee,27800.0,Divorced,Online,Silver
CUST001675,Tamanna,Deshmukh,59.0,Female,Ahmedabad,Gujarat,2020-07-12,Engineer,164900.0,Widowed,Store,Gold
CUST001676,Akshay,Ghose,34.0,Male,Ludhiana,Punjab,2019-08-14,Engineer,108000.0,Married,Online,Gold
CUST001677,Inaya,Iyer,54.0,Female,Kanpur,Uttar Pradesh,2019-07-14,Business Owner,313100.0,Married,Store,Gold
CUST001678,Ayush,Krish,58.0,Male,Vadodara,Gujarat,2018-11-08,Retail Employee,33900.0,Married,Mobile App,Silver
CUST001679,Anamika,Shan,38.0,Female,Delhi,Delhi,2018-12-24,Homemaker,23400.0,Married,Store,Silver
CUST001680,Arya,Patel,32.0,Female,Bhopal,Madhya Pradesh,2020-10-04,Engineer,118800.0,Single,Store,Silver
CUST001681,Hardik,Mahal,43.0,Male,Coimbatore,Tamil Nadu,2020-04-05,Self-Employed,122900.0,Married,Online,Gold
CUST001682,Raksha,Shetty,38.0,Female,Indore,Madhya Pradesh,2019-05-20,Engineer,1201100.0,Married,Store,Platinum
CUST001683,Zayyan,Ranganathan,26.0,Male,Bengaluru,Karnataka,2018-11-16,IT Professional,148800.0,Single,Mobile App,Gold
CUST001684,Diya,Balasubramanian,42.0,Female,Mumbai,Maharashtra,2020-08-12,Homemaker,3000.0,Married,Store,Bronze
CUST001685,Kavya,Pradhan,23.0,Female,Chennai,Tamil Nadu,2021-08-16,Engineer,68000.0,Single,Online,Silver
CUST001686,Wishi,Sehgal,53.0,Female,Bengaluru,Karnataka,2018-12-05,Sales Executive,77500.0,Married,Mobile App,Gold
CUST001687,Hema,Som,32.0,Female,Ahmedabad,Gujarat,2020-07-19,Homemaker,12400.0,Single,Online,Bronze
CUST001688,Parth,Padmanabhan,41.0,Male,Bhubaneswar,Odisha,2020-03-08,Doctor,200000.0,Married,Store,Gold
CUST001689,Finn,Kuruvilla,42.0,Male,Ahmedabad,Gujarat,2018-11-29,Engineer,145100.0,Married,Online,Gold
CUST001690,Chakradev,Mane,38.0,Male,Indore,Madhya Pradesh,2019-03-21,Student,15500.0,Married,Online,Silver
CUST001691,Amrita,Raju,46.0,Female,Chennai,Tamil Nadu,2020-11-23,Student,12200.0,Married,Mobile App,Bronze
CUST001692,Aryan,Gaba,32.0,Male,Udaipur,Rajasthan,2020-08-25,Retail Employee,18600.0,Married,Online,Bronze
CUST001693,Jalsa,Kant,49.0,Female,Varanasi,Uttar Pradesh,2020-07-25,Retail Employee,36300.0,Single,Online,Silver
CUST001694,Jeevika,Jhaveri,21.0,Female,Ahmedabad,Gujarat,2023-08-17,Student,12800.0,Single,Mobile App,Bronze
CUST001695,Krish,Rout,40.0,Male,Chennai,Tamil Nadu,2018-08-18,Government Employee,69600.0,Married,Mobile App,Gold
CUST001696,Yashvi,Bahri,63.0,Female,Kolkata,West Bengal,2019-04-21,Retired,61100.0,Married,Store,Silver
CUST001697,Aayush,Som,25.0,Male,Ahmedabad,Gujarat,2020-03-04,IT Professional,131100.0,Single,Mobile App,Gold
CUST001698,Dominic,Ghose,29.0,Male,New Delhi,Delhi,2021-08-05,Student,13300.0,Married,Mobile App,Bronze
CUST001699,Aarna,Kapur,45.0,Female,Lucknow,Uttar Pradesh,2019-07-14,Student,15600.0,Single,Mobile App,Silver
CUST001700,Jonathan,Mody,40.0,Male,Guwahati,Assam,2020-06-16,Doctor,183200.0,Married,Store,Gold
CUST001701,Laksh,Sampath,43.0,Male,Chennai,Tamil Nadu,2019-09-23,Engineer,189300.0,Married,Store,Gold
CUST001702,Riya,Palla,44.0,Female,Ahmedabad,Gujarat,2019-10-21,IT Professional,134300.0,Married,Mobile App,Gold
CUST001703,Victor,Krishnan,46.0,Male,Surat,Gujarat,2020-03-07,Engineer,150300.0,Single,Mobile App,Gold
CUST001704,Janani,Shukla,52.0,Female,Ahmedabad,Gujarat,2018-10-16,Self-Employed,231700.0,Divorced,Store,Platinum
CUST001705,Nidhi,Verma,43.0,Female,Madurai,Tamil Nadu,2021-07-22,IT Professional,134100.0,Widowed,Online,Silver
CUST001706,Rushil,Chaudry,35.0,Male,Indore,Madhya Pradesh,2019-06-28,Engineer,103200.0,Single,Online,Gold
CUST001707,Aarush,Vaidya,47.0,Male,Chennai,Tamil Nadu,2020-05-24,Student,14100.0,Married,Store,Bronze
CUST001708,Ridhi,Mandal,63.0,Female,Mumbai,Maharashtra,2019-06-26,Self-Employed,209400.0,Widowed,Store,Platinum
CUST001709,Manthan,Chokshi,36.0,Male,Varanasi,Uttar Pradesh,2019-08-07,IT Professional,126900.0,Married,Online,Gold
CUST001710,Wridesh,Bhatt,25.0,Male,Ahmedabad,Gujarat,2021-08-05,Engineer,150300.0,Married,Mobile App,Silver
CUST001711,Pahal,Malhotra,52.0,Female,Chandigarh,Chandigarh,2020-10-08,Retail Employee,33300.0,Married,Store,Silver
CUST001712,Nicholas,Malhotra,36.0,Male,Pune,Maharashtra,2021-01-21,Engineer,126800.0,Married,Online,Gold
CUST001713,Leena,Misra,18.0,Female,Mumbai,Maharashtra,2026-07-11,Sales Executive,32000.0,Single,Online,Bronze
CUST001714,Girindra,Doctor,49.0,Male,Thiruvananthapuram,Kerala,2019-06-10,Student,136700.0,Divorced,Online,Gold
CUST001715,Jai,Bhandari,31.0,Male,Pune,Maharashtra,2020-11-27,Sales Executive,72800.0,Married,Online,Silver
CUST001716,Saksham,Nagarajan,37.0,Male,Lucknow,Uttar Pradesh,2020-03-14,Student,104200.0,Single,Online,Gold
CUST001717,Ekiya,Bal,42.0,Female,Kanpur,Uttar Pradesh,2020-11-19,Retired,45400.0,Married,Online,Silver
CUST001718,Yadavi,Merchant,40.0,Female,Ahmedabad,Gujarat,2019-11-19,Engineer,131100.0,Married,Mobile App,Gold
CUST001719,Leela,Sahota,47.0,Female,Pune,Maharashtra,2019-06-19,Student,13600.0,Married,Mobile App,Silver
CUST001720,Samaksh,Rama,32.0,Male,Ahmedabad,Gujarat,2020-08-18,Engineer,138000.0,Married,Store,Gold
CUST001721,Andrew,Gupta,45.0,Male,Indore,Madhya Pradesh,2019-10-25,Government Employee,82900.0,Divorced,Store,Silver
CUST001722,Onveer,Kapadia,35.0,Male,Hyderabad,Telangana,2019-02-24,Student,13700.0,Married,Online,Silver
CUST001723,Wazir,Parmer,48.0,Male,Hyderabad,Telangana,2021-05-05,Self-Employed,287800.0,Married,Online,Gold
CUST001724,Yashica,Mital,38.0,Female,Warangal,Telangana,2019-06-30,Government Employee,78000.0,Married,Mobile App,Gold
CUST001725,Harinakshi,Golla,26.0,Female,Pune,Maharashtra,2020-08-27,Self-Employed,98700.0,Married,Online,Gold
CUST001726,Manan,Chatterjee,52.0,Male,Indore,Madhya Pradesh,2021-04-04,Government Employee,73400.0,Married,Store,Silver
CUST001727,Vrishti,Dave,31.0,Female,Bhopal,Madhya Pradesh,2019-12-27,Retail Employee,33500.0,Married,Mobile App,Silver
CUST001728,Kai,Goswami,49.0,Male,Ludhiana,Punjab,2020-12-11,Homemaker,15600.0,Married,Online,Bronze
CUST001729,Oviya,Chakraborty,43.0,Female,Kolkata,West Bengal,2019-02-28,Teacher,62600.0,Single,Online,Silver
CUST001730,Indrajit,Pant,62.0,Male,Vadodara,Gujarat,2021-06-30,Business Owner,196400.0,Married,Store,Gold
CUST001731,Isaac,Mohanty,35.0,Male,Delhi,Delhi,2021-04-30,Engineer,65800.0,Married,Online,Gold
CUST001732,Shivansh,Narula,33.0,Male,Ahmedabad,Gujarat,2020-01-23,Engineer,65800.0,Single,Store,Gold
CUST001733,Quincy,Lad,38.0,Male,Ahmedabad,Gujarat,2019-11-10,Sales Executive,98200.0,Married,Online,Silver
CUST001734,Nandini,Sheth,34.0,Female,Patna,Bihar,2019-06-08,Doctor,228700.0,Single,Store,Gold
CUST001735,Daniel,Singhal,48.0,Male,Varanasi,Uttar Pradesh,2020-11-05,IT Professional,180900.0,Married,Online,Gold
CUST001736,Avi,Bobal,18.0,Male,Guwahati,Assam,2026-07-11,Sales Executive,49100.0,Single,Store,Bronze
CUST001737,Vrishti,Hayer,24.0,Female,Bhopal,Madhya Pradesh,2020-08-16,Retail Employee,24700.0,Single,Online,Bronze
CUST001738,Yamini,Dar,24.0,Female,Bhopal,Madhya Pradesh,2020-08-16,Student,144700.0,Single,Mobile App,Gold
CUST001739,Sai,Wagle,50.0,Female,Mumbai,Maharashtra,2019-05-06,Homemaker,10200.0,Married,Store,Silver
CUST001740,Manthan,Sachdev,60.0,Male,Varanasi,Uttar Pradesh,2020-01-19,Business Owner,289400.0,Divorced,Store,Gold
CUST001741,Avni,Dora,37.0,Female,Kolkata,West Bengal,2021-06-01,Self-Employed,232200.0,Married,Online,Gold
CUST001742,Ekantika,Iyer,36.0,Female,Hyderabad,Telangana,2020-08-24,Doctor,259000.0,Married,Mobile App,Platinum
CUST001743,Onveer,Rout,39.0,Male,Mumbai,Maharashtra,2021-05-12,Self-Employed,229200.0,Married,Store,Gold
CUST001744,Veer,Dhar,53.0,Male,Ahmedabad,Gujarat,2018-08-29,Homemaker,4700.0,Married,Online,Silver
CUST001745,Nakul,Gole,26.0,Male,Bengaluru,Karnataka,2020-12-08,Government Employee,73900.0,Married,Mobile App,Silver
CUST001746,Banjeet,Sura,41.0,Male,Chennai,Tamil Nadu,2019-09-19,Retail Employee,65800.0,Married,Store,Silver
CUST001747,Ojas,Goel,51.0,Male,Ahmedabad,Gujarat,2020-10-09,IT Professional,129600.0,Divorced,Online,Gold
CUST001748,Naksh,Bhardwaj,45.0,Male,Kochi,Kerala,2019-08-31,Business Owner,176900.0,Married,Store,Platinum
CUST001749,Aahana,Seth,40.0,Female,Kanpur,Uttar Pradesh,2020-12-29,Government Employee,91000.0,Married,Mobile App,Silver
CUST001750,Mahika,Kadakia,51.0,Male,Chennai,Tamil Nadu,2019-04-09,Student,21800.0,Single,Store,Silver
CUST001751,Hamsini,Dutt,18.0,Female,Hyderabad,Telangana,2026-07-11,Student,15500.0,Married,Mobile App,Bronze
CUST001752,Wishi,Chakrabarti,47.0,Female,Delhi,Delhi,2018-12-09,Homemaker,16000.0,Married,Store,Silver
CUST001753,Dhruv,Saraf,29.0,Male,Hyderabad,Telangana,2019-02-07,Business Owner,381700.0,Married,Online,Platinum
CUST001754,Upadhriti,Raval,18.0,Female,Pune,Maharashtra,2026-07-11,Student,5000.0,Single,Store,Bronze
CUST001755,Upadhriti,Sood,45.0,Female,Amritsar,Punjab,2021-06-03,Retail Employee,33600.0,Married,Mobile App,Silver
CUST001756,Rehaan,Agrawal,56.0,Male,Kolkata,West Bengal,2020-12-31,Teacher,65900.0,Single,Online,Silver
CUST001757,Anjali,Walla,36.0,Female,Pune,Maharashtra,2019-01-18,Retail Employee,24000.0,Married,Online,Silver
CUST001758,Irya,Prakash,50.0,Female,Mysuru,Karnataka,2021-04-05,Retail Employee,32300.0,Divorced,Online,Bronze
CUST001759,Advika,Nagy,59.0,Female,Madurai,Tamil Nadu,2021-02-26,Sales Executive,65800.0,Married,Mobile App,Silver
CUST001760,Zilmil,Halder,55.0,Female,Coimbatore,Tamil Nadu,2019-12-29,Retired,19500.0,Married,Store,Silver
CUST001761,Aditya,Agrawal,59.0,Male,Mumbai,Maharashtra,2020-10-20,Retail Employee,27900.0,Married,Online,Bronze
CUST001762,Jeet,Kara,48.0,Male,Guwahati,Assam,2020-12-16,Student,13800.0,Married,Mobile App,Bronze
CUST001763,Orinder,Muni,39.0,Male,Bengaluru,Karnataka,2019-11-24,Teacher,54500.0,Married,Store,Silver
CUST001764,Eiravati,Chauhan,18.0,Female,Mumbai,Maharashtra,2026-07-11,Student,13900.0,Single,Mobile App,Bronze
CUST001765,Sanaya,Thakur,35.0,Female,Mumbai,Maharashtra,2021-03-15,Retail Employee,23700.0,Married,Store,Bronze
CUST001766,Damini,Ganesh,27.0,Other,Kolkata,West Bengal,2020-01-08,Government Employee,78200.0,Single,Mobile App,Silver
CUST001767,Bachittar,Bath,66.0,Male,Pune,Maharashtra,2020-06-18,Retired,51000.0,Divorced,Online,Silver
CUST001768,Manthan,Mannan,36.0,Male,Mumbai,Maharashtra,2019-06-03,Self-Employed,203900.0,Single,Online,Platinum
CUST001769,Vasatika,Venkatesh,40.0,Female,Hyderabad,Telangana,2021-04-26,Business Owner,152100.0,Married,Mobile App,Gold
CUST001770,Zaitra,Nazareth,45.0,Female,Kolkata,West Bengal,2019-10-06,Engineer,183200.0,Married,Online,Gold
CUST001771,Teerth,Desai,39.0,Male,Pune,Maharashtra,2020-04-25,Teacher,51700.0,Married,Mobile App,Silver
CUST001772,Pavani,Suri,60.0,Female,Bengaluru,Karnataka,2020-05-28,Homemaker,23900.0,Divorced,Store,Silver
CUST001773,Rachita,Guha,30.0,Female,Hyderabad,Telangana,2020-12-05,Homemaker,6700.0,Married,Mobile App,Bronze
CUST001774,Gayathri,Raval,41.0,Female,Nagpur,Maharashtra,2021-07-14,Retail Employee,27600.0,Married,Store,Bronze
CUST001775,Adya,Kari,28.0,Female,Chennai,Tamil Nadu,2019-01-30,Government Employee,65800.0,Single,Online,Silver
CUST001776,Isaac,Deep,21.0,Male,Pune,Maharashtra,2023-08-17,Student,7300.0,Single,Online,Bronze
CUST001777,Jagvi,Bains,30.0,Female,Mumbai,Maharashtra,2019-08-01,Student,13200.0,Married,Online,Silver
CUST001778,Yashawini,Gara,38.0,Female,Chennai,Tamil Nadu,2018-10-13,IT Professional,138600.0,Married,Mobile App,Gold
CUST001779,David,Peri,32.0,Male,New Delhi,Delhi,2019-12-06,Engineer,136100.0,Divorced,Mobile App,Gold
CUST001780,Anirudh,Prashad,29.0,Male,Pune,Maharashtra,2020-06-07,Student,65800.0,Single,Mobile App,Silver
CUST001781,Lakshmi,Warrior,20.0,Female,Hyderabad,Telangana,2024-08-16,Student,9200.0,Single,Online,Bronze
CUST001782,Arjun,Bava,37.0,Male,Kochi,Kerala,2018-10-28,Engineer,133600.0,Married,Mobile App,Gold
CUST001783,Chatura,Bahri,18.0,Male,Surat,Gujarat,2026-07-11,Sales Executive,27300.0,Single,Mobile App,Bronze
CUST001784,Arunima,D’Alia,48.0,Female,Kanpur,Uttar Pradesh,2019-08-18,Retail Employee,65800.0,Married,Online,Silver
CUST001785,Sathvik,Sawhney,38.0,Male,Bhopal,Madhya Pradesh,2020-05-06,Doctor,303400.0,Married,Mobile App,Gold
CUST001786,Sachi,Dasgupta,19.0,Female,Amritsar,Punjab,2025-08-16,Student,15500.0,Single,Online,Bronze
CUST001787,Jonathan,Som,34.0,Male,Jaipur,Rajasthan,2019-06-26,Student,8500.0,Single,Online,Bronze
CUST001788,Ganga,Jha,38.0,Female,Kolkata,West Bengal,2020-10-10,Engineer,117200.0,Single,Online,Silver
CUST001789,Aayush,Mitra,42.0,Male,Hyderabad,Telangana,2019-10-29,Retail Employee,26400.0,Single,Online,Silver
CUST001790,Shivansh,Chaudhuri,55.0,Male,Delhi,Delhi,2020-05-02,Student,13400.0,Married,Online,Bronze
CUST001791,Krishna,Devan,18.0,Male,Ahmedabad,Gujarat,2026-07-11,Student,9800.0,Single,Mobile App,Bronze
CUST001792,Ubika,Cheema,39.0,Female,Ludhiana,Punjab,2019-03-15,Engineer,78500.0,Married,Online,Silver
CUST001793,Yashodhara,Dalal,36.0,Female,Chennai,Tamil Nadu,2021-04-04,Business Owner,444400.0,Married,Store,Gold
CUST001794,Lohit,Comar,47.0,Male,Surat,Gujarat,2020-02-04,Retail Employee,38300.0,Divorced,Online,Silver
CUST001795,Damyanti,Tank,41.0,Male,Chennai,Tamil Nadu,2020-08-13,Doctor,261700.0,Married,Mobile App,Gold
CUST001796,Ira,Iyengar,28.0,Female,Warangal,Telangana,2020-08-06,Retail Employee,24500.0,Single,Online,Silver
CUST001797,Lekha,Virk,34.0,Female,Hyderabad,Telangana,2020-03-11,Engineer,88100.0,Single,Mobile App,Gold
CUST001798,Harrison,Parmar,28.0,Male,Chennai,Tamil Nadu,2018-08-20,IT Professional,85900.0,Single,Mobile App,Gold
CUST001799,Tara,Merchant,52.0,Female,Hyderabad,Telangana,2020-05-26,Doctor,349100.0,Widowed,Store,Platinum
CUST001800,Faris,Baral,38.0,Male,Vadodara,Gujarat,2021-01-28,Retired,34600.0,Married,Store,Bronze
CUST001801,Yuvraj,Johal,63.0,Male,Bhopal,Madhya Pradesh,2019-10-14,Homemaker,16500.0,Married,Online,Silver
CUST001802,Warda,Narayanan,37.0,Female,Indore,Madhya Pradesh,2020-11-30,Student,11800.0,Married,Mobile App,Bronze
CUST001803,Kamya,Agate,29.0,Male,Delhi,Delhi,2021-04-23,Sales Executive,91400.0,Married,Online,Silver
CUST001804,Abeer,Chakraborty,18.0,Male,Patna,Bihar,2026-07-11,Student,10500.0,Married,Online,Bronze
CUST001805,Christopher,Tak,38.0,Male,Mysuru,Karnataka,2026-07-11,Sales Executive,90000.0,Single,Mobile App,Silver
CUST001806,Falguni,Chana,18.0,Female,Bengaluru,Karnataka,2026-07-11,Student,11000.0,Single,Online,Bronze
CUST001807,Yashodhara,Borde,41.0,Female,Surat,Gujarat,2020-05-06,Teacher,70900.0,Married,Online,Silver
CUST001808,Chandresh,Kunda,45.0,Male,Bengaluru,Karnataka,2021-01-25,Student,14500.0,Divorced,Store,Bronze
CUST001809,Kala,Shan,18.0,Female,Mumbai,Maharashtra,2026-07-11,Student,9300.0,Married,Online,Bronze
CUST001810,Manbir,Lalla,50.0,Male,Hyderabad,Telangana,2021-03-28,Business Owner,196900.0,Married,Online,Gold
CUST001811,Vincent,Bedi,32.0,Male,Ahmedabad,Gujarat,2018-11-17,Homemaker,14400.0,Single,Store,Silver
CUST001812,Daksha,Ghosh,40.0,Female,Bengaluru,Karnataka,2019-11-11,Engineer,73300.0,Married,Online,Silver
CUST001813,Anmol,Mannan,59.0,Male,Kolkata,West Bengal,2021-07-17,Business Owner,491900.0,Widowed,Online,Gold
CUST001814,Pranit,Munshi,50.0,Male,Ahmedabad,Gujarat,2018-09-26,Self-Employed,226200.0,Married,Store,Platinum
CUST001815,Unni,D’Alia,35.0,Female,Surat,Gujarat,2020-09-13,Government Employee,65800.0,Married,Mobile App,Silver
CUST001816,Charvi,Bath,26.0,Female,Patna,Bihar,2020-04-10,Student,11900.0,Married,Mobile App,Bronze
CUST001817,Aayush,Devi,18.0,Male,Warangal,Telangana,2026-07-11,Student,14400.0,Single,Online,Bronze
CUST001818,Harinakshi,Narasimhan,29.0,Female,Nagpur,Maharashtra,2019-06-10,Teacher,55300.0,Married,Mobile App,Silver
CUST001819,Rachita,Sarma,35.0,Female,Bengaluru,Karnataka,2020-03-02,Government Employee,65700.0,Married,Mobile App,Silver
CUST001820,Krish,Chander,25.0,Male,Warangal,Telangana,2021-03-24,Student,14600.0,Married,Mobile App,Bronze
CUST001821,Ria,Oommen,36.0,Female,Ahmedabad,Gujarat,2021-04-24,Retail Employee,28400.0,Married,Store,Silver
CUST001822,Gavin,Comar,39.0,Male,Mumbai,Maharashtra,2019-06-13,Retail Employee,29000.0,Married,Mobile App,Silver
CUST001823,Sai,Ratta,35.0,Male,Bengaluru,Karnataka,2020-11-29,Sales Executive,97200.0,Married,Store,Silver
CUST001824,Vasatika,Magar,30.0,Female,Udaipur,Rajasthan,2021-03-18,Retail Employee,26500.0,Single,Store,Silver
CUST001825,Sanya,Sridhar,40.0,Female,Ahmedabad,Gujarat,2020-02-16,Engineer,116700.0,Divorced,Store,Silver
CUST001826,Shivansh,Ganesan,44.0,Male,Surat,Gujarat,2019-03-21,Engineer,117800.0,Married,Online,Gold
CUST001827,Daksh,Deo,24.0,Male,Lucknow,Uttar Pradesh,2020-10-15,Engineer,129700.0,Single,Mobile App,Silver
CUST001828,Ayushman,Dutta,56.0,Male,Udaipur,Rajasthan,2020-10-17,Student,20700.0,Married,Online,Silver
CUST001829,Charles,Saha,37.0,Male,Ahmedabad,Gujarat,2019-02-15,Teacher,61400.0,Married,Online,Silver
CUST001830,Wyatt,Sarma,38.0,Male,Warangal,Telangana,2021-03-07,Student,14900.0,Divorced,Mobile App,Bronze
CUST001831,Gautam,Raghavan,47.0,Male,Amritsar,Punjab,2019-10-10,IT Professional,168100.0,Married,Online,Platinum
CUST001832,Rachita,Balakrishnan,41.0,Female,Kolkata,West Bengal,2018-10-05,Retail Employee,25600.0,Divorced,Store,Silver
CUST001833,Dhruv,Subramanian,50.0,Male,Delhi,Delhi,2019-02-06,Engineer,169800.0,Married,Online,Platinum
CUST001834,Yagnesh,Chowdhury,42.0,Male,Bengaluru,Karnataka,2021-06-10,Business Owner,65800.0,Married,Online,Gold
CUST001835,Tripti,Sastry,30.0,Female,Ahmedabad,Gujarat,2020-08-31,Engineer,144400.0,Married,Store,Silver
CUST001836,Aradhana,Bhatnagar,43.0,Female,Thiruvananthapuram,Kerala,2021-03-13,IT Professional,145000.0,Married,Mobile App,Silver
CUST001837,Kalpit,Murthy,23.0,Male,Delhi,Delhi,2021-08-16,Teacher,55700.0,Single,Mobile App,Silver
CUST001838,Abeer,Vohra,39.0,Male,Pune,Maharashtra,2018-09-01,Self-Employed,161800.0,Married,Mobile App,Platinum
CUST001839,Jasmit,Nigam,38.0,Female,Indore,Madhya Pradesh,2020-12-02,Retail Employee,23200.0,Married,Mobile App,Bronze
CUST001840,Champak,Sant,35.0,Male,Kochi,Kerala,2019-08-13,Business Owner,358800.0,Married,Mobile App,Platinum
CUST001841,Jeet,Subramaniam,36.0,Male,Bengaluru,Karnataka,2019-02-06,Self-Employed,217400.0,Married,Store,Platinum
CUST001842,Prisha,Rajan,18.0,Female,Hyderabad,Telangana,2026-07-11,Student,6400.0,Single,Online,Bronze
CUST001843,Falan,Bhagat,31.0,Male,Ahmedabad,Gujarat,2021-01-23,Government Employee,80700.0,Married,Mobile App,Silver
CUST001844,Abdul,Dugar,39.0,Male,Bengaluru,Karnataka,2021-08-04,IT Professional,116800.0,Married,Mobile App,Silver
CUST001845,Zayyan,Singh,40.0,Male,Indore,Madhya Pradesh,2020-05-22,Student,13400.0,Married,Store,Bronze
CUST001846,Yug,Gandhi,25.0,Male,Pune,Maharashtra,2019-08-17,Student,12100.0,Married,Online,Silver
CUST001847,Baljiwan,Swamy,54.0,Male,Mumbai,Maharashtra,2018-12-01,Retail Employee,35600.0,Married,Online,Silver
CUST001848,Ekani,Khosla,27.0,Other,Delhi,Delhi,2021-03-29,Retail Employee,26500.0,Single,Mobile App,Silver
CUST001849,Noah,Mall,51.0,Male,Bengaluru,Karnataka,2021-01-04,IT Professional,109200.0,Single,Store,Silver
CUST001850,Aryan,Tripathi,44.0,Male,Pune,Maharashtra,2020-05-26,Self-Employed,185200.0,Married,Online,Gold
CUST001851,Isaac,Radhakrishnan,30.0,Male,Mumbai,Maharashtra,2019-04-14,Government Employee,43600.0,Married,Mobile App,Silver
CUST001852,Tamanna,Keer,61.0,Female,Jaipur,Rajasthan,2019-10-16,Homemaker,8200.0,Single,Store,Bronze
CUST001853,Chaaya,Sharaf,22.0,Female,Nagpur,Maharashtra,2022-08-17,Sales Executive,65800.0,Single,Mobile App,Bronze
CUST001854,Tristan,Sem,50.0,Male,Kochi,Kerala,2019-11-07,Homemaker,12000.0,Married,Store,Silver
CUST001855,Chanchal,Tara,51.0,Female,Hyderabad,Telangana,2021-05-03,Self-Employed,284500.0,Married,Store,Gold
CUST001856,Udant,Mutti,29.0,Male,Ahmedabad,Gujarat,2020-03-11,Teacher,60200.0,Single,Mobile App,Silver
CUST001857,Daniel,Tank,56.0,Male,Delhi,Delhi,2018-08-25,Student,17700.0,Married,Online,Silver
CUST001858,Aditya,Chauhan,35.0,Male,Delhi,Delhi,2021-05-11,Engineer,96300.0,Single,Mobile App,Silver
CUST001859,Saksham,Sachar,42.0,Male,Kolkata,West Bengal,2020-01-25,Engineer,96600.0,Married,Online,Gold
CUST001860,Andrew,Acharya,41.0,Male,Kolkata,West Bengal,2020-09-26,Self-Employed,80100.0,Married,Online,Silver
CUST001861,Chandani,Modi,36.0,Female,Jaipur,Rajasthan,2020-01-03,Retired,21400.0,Married,Store,Bronze
CUST001862,Harshil,Shan,49.0,Male,Jaipur,Rajasthan,2019-11-26,IT Professional,166900.0,Married,Online,Gold
CUST001863,Panini,Patla,48.0,Female,Ahmedabad,Gujarat,2019-11-22,Teacher,61300.0,Married,Mobile App,Silver
CUST001864,Avi,Kapoor,18.0,Male,Chennai,Tamil Nadu,2026-07-11,Student,7600.0,Single,Mobile App,Bronze
CUST001865,Utkarsh,Narula,55.0,Male,Indore,Madhya Pradesh,2020-06-15,Student,13400.0,Married,Mobile App,Bronze
CUST001866,Warjas,Patla,18.0,Male,Kolkata,West Bengal,2026-07-11,Student,14100.0,Single,Mobile App,Bronze
CUST001867,Varsha,Comar,51.0,Female,Ludhiana,Punjab,2021-08-04,Engineer,146500.0,Divorced,Store,Gold
CUST001868,Chanakya,Kapadia,53.0,Male,Kanpur,Uttar Pradesh,2019-04-04,Self-Employed,286200.0,Married,Store,Platinum
CUST001869,Aadhya,Om,24.0,Female,Mumbai,Maharashtra,2020-11-05,IT Professional,127700.0,Single,Mobile App,Gold
CUST001870,Peter,Manne,33.0,Male,Bengaluru,Karnataka,2019-03-06,Sales Executive,100100.0,Married,Online,Gold
CUST001871,Rachit,Cherian,24.0,Male,Kolkata,West Bengal,2020-10-29,Engineer,97600.0,Single,Online,Silver
CUST001872,Arin,Gala,35.0,Male,Ahmedabad,Gujarat,2021-08-04,Self-Employed,96800.0,Married,Online,Silver
CUST001873,Yatin,Dey,34.0,Male,Madurai,Tamil Nadu,2021-02-28,Retail Employee,20800.0,Married,Online,Bronze
CUST001874,Samarth,Chhabra,48.0,Male,Jodhpur,Rajasthan,2018-09-01,Sales Executive,137600.0,Married,Online,Gold
CUST001875,Joshua,Hayre,55.0,Male,Bengaluru,Karnataka,2020-08-31,Doctor,425600.0,Married,Store,Gold
CUST001876,Ijaya,Dara,56.0,Female,Delhi,Delhi,2021-04-19,Retail Employee,44700.0,Married,Store,Silver
CUST001877,Ronith,Kale,31.0,Male,Mumbai,Maharashtra,2021-04-08,Retail Employee,28700.0,Married,Store,Bronze
CUST001878,Vasudha,Halder,35.0,Female,Kolkata,West Bengal,2020-09-10,Sales Executive,96100.0,Married,Store,Silver
CUST001879,Omkaar,Chokshi,18.0,Male,Ahmedabad,Gujarat,2026-07-11,Student,12100.0,Single,Mobile App,Bronze
CUST001880,Triya,Batra,28.0,Female,Bengaluru,Karnataka,2020-02-03,IT Professional,75100.0,Married,Mobile App,Silver
CUST001881,Diya,Seshadri,51.0,Female,Kolkata,West Bengal,2020-12-25,Teacher,65800.0,Married,Store,Silver
CUST001882,Veer,Thaman,59.0,Male,Mumbai,Maharashtra,2020-01-25,Doctor,207100.0,Married,Online,Gold
CUST001883,Ekalinga,Tara,22.0,Male,Pune,Maharashtra,2022-08-17,Retail Employee,23000.0,Single,Mobile App,Bronze
CUST001884,Aahana,Wali,30.0,Female,Ahmedabad,Gujarat,2020-05-02,Teacher,47600.0,Married,Store,Silver
CUST001885,Arunima,Sant,38.0,Female,Hyderabad,Telangana,2019-10-31,IT Professional,116700.0,Married,Online,Gold
CUST001886,Wyatt,Trivedi,42.0,Male,Ahmedabad,Gujarat,2021-06-09,Retired,44500.0,Married,Online,Silver
CUST001887,Gaurang,Ghose,27.0,Male,Varanasi,Uttar Pradesh,2020-06-05,Self-Employed,52300.0,Single,Online,Silver
CUST001888,Eesha,Chawla,44.0,Female,Chandigarh,Chandigarh,2020-09-19,Sales Executive,126800.0,Married,Mobile App,Gold
CUST001889,Rishi,Nagy,32.0,Male,Delhi,Delhi,2020-11-26,IT Professional,119400.0,Single,Online,Silver
CUST001890,Yashawini,Rajagopalan,38.0,Female,Chennai,Tamil Nadu,2019-10-24,Government Employee,66500.0,Divorced,Store,Silver
CUST001891,Shaurya,Kothari,45.0,Male,Surat,Gujarat,2019-11-10,IT Professional,128200.0,Married,Online,Gold
CUST001892,Laksh,Rao,38.0,Male,Udaipur,Rajasthan,2019-09-25,Business Owner,173700.0,Single,Mobile App,Platinum
CUST001893,Pavani,Menon,32.0,Female,Jodhpur,Rajasthan,2021-02-23,Retail Employee,21100.0,Single,Store,Silver
CUST001894,Varsha,Deol,37.0,Female,Delhi,Delhi,2020-10-07,Government Employee,61400.0,Single,Store,Silver
CUST001895,Ekapad,Sachar,37.0,Male,Delhi,Delhi,2020-12-29,Student,11000.0,Married,Online,Bronze
CUST001896,Mason,Murthy,33.0,Male,Kolkata,West Bengal,2020-01-02,IT Professional,116400.0,Single,Store,Gold
CUST001897,Janani,Iyer,35.0,Female,Vadodara,Gujarat,2020-03-29,Self-Employed,183300.0,Married,Store,Gold
CUST001898,Jagrati,Mannan,59.0,Female,Bengaluru,Karnataka,2020-08-19,Student,14800.0,Married,Online,Bronze
CUST001899,Orinder,Deo,45.0,Male,Pune,Maharashtra,2019-04-08,Doctor,214600.0,Married,Online,Platinum
CUST001900,Hemal,Thakur,34.0,Female,Ahmedabad,Gujarat,2021-05-05,Sales Executive,97500.0,Married,Online,Silver
CUST001901,Ojasvi,D’Alia,47.0,Female,Bengaluru,Karnataka,2018-09-13,Government Employee,56400.0,Married,Online,Silver
CUST001902,Qushi,Srinivasan,34.0,Female,Nagpur,Maharashtra,2021-04-11,Student,248300.0,Married,Mobile App,Gold
CUST001903,Turvi,Walla,53.0,Female,Pune,Maharashtra,2019-04-22,Homemaker,7000.0,Married,Online,Silver
CUST001904,Luke,Sami,43.0,Male,Bengaluru,Karnataka,2020-07-09,Homemaker,22900.0,Married,Online,Silver
CUST001905,Abha,Virk,37.0,Female,Kolkata,West Bengal,2019-01-11,Government Employee,91000.0,Married,Store,Gold
CUST001906,Damyanti,Bakshi,44.0,Female,Hyderabad,Telangana,2021-05-27,Retail Employee,40300.0,Married,Online,Silver
CUST001907,Rayaan,Dhillon,18.0,Male,Mumbai,Maharashtra,2026-07-11,Student,10200.0,Single,Mobile App,Bronze
CUST001908,Avi,Bhalla,23.0,Male,Pune,Maharashtra,2021-08-16,Student,367000.0,Married,Mobile App,Gold
CUST001909,Harish,Loke,22.0,Male,Bengaluru,Karnataka,2022-08-17,Retail Employee,22800.0,Single,Mobile App,Bronze
CUST001910,Gaurika,Mangat,40.0,Female,Ahmedabad,Gujarat,2018-09-01,Doctor,140800.0,Divorced,Mobile App,Gold
CUST001911,Jeremiah,Dhingra,61.0,Male,Pune,Maharashtra,2021-01-20,Retired,33500.0,Married,Store,Bronze
CUST001912,Bhavani,Merchant,67.0,Female,Kolkata,West Bengal,2019-09-26,Retired,38600.0,Married,Online,Silver
CUST001913,Ishani,Bali,46.0,Female,Pune,Maharashtra,2020-01-07,Engineer,139800.0,Divorced,Online,Gold
CUST001914,Rachita,Sethi,45.0,Female,Delhi,Delhi,2021-02-28,IT Professional,153600.0,Married,Online,Gold
CUST001915,Dalaja,Kapur,18.0,Female,Delhi,Delhi,2026-07-11,Retail Employee,22900.0,Married,Mobile App,Bronze
CUST001916,Saumya,Khanna,31.0,Female,Mumbai,Maharashtra,2018-08-28,IT Professional,82100.0,Single,Store,Gold
CUST001917,Maanas,Batta,28.0,Male,Ahmedabad,Gujarat,2020-04-07,Teacher,57200.0,Married,Online,Silver
CUST001918,Sai,Ram,30.0,Female,Chennai,Tamil Nadu,2021-03-31,Student,59600.0,Married,Store,Silver
CUST001919,Sathvik,Munshi,36.0,Male,Varanasi,Uttar Pradesh,2020-12-24,Retail Employee,38900.0,Single,Mobile App,Silver
CUST001920,Avni,Arya,32.0,Female,Pune,Maharashtra,2020-10-26,Government Employee,63500.0,Married,Mobile App,Silver
CUST001921,Jeremiah,Jain,18.0,Male,Pune,Maharashtra,2026-07-11,Student,12100.0,Single,Mobile App,Bronze
CUST001922,Saanvi,Kar,48.0,Other,Bengaluru,Karnataka,2020-08-14,Teacher,60000.0,Single,Mobile App,Silver
CUST001923,Raksha,Hegde,24.0,Female,Jaipur,Rajasthan,2020-08-16,Student,11000.0,Married,Mobile App,Bronze
CUST001924,Indali,Menon,41.0,Female,Bengaluru,Karnataka,2021-02-15,Retail Employee,65800.0,Married,Mobile App,Bronze
CUST001925,Udarsh,Goel,38.0,Male,Hyderabad,Telangana,2020-08-23,Business Owner,286700.0,Widowed,Store,Gold
CUST001926,Baljiwan,Grover,26.0,Male,Bengaluru,Karnataka,2021-05-31,Teacher,37500.0,Single,Mobile App,Bronze
CUST001927,Harini,Varkey,18.0,Female,Pune,Maharashtra,2026-07-11,Retail Employee,19800.0,Single,Mobile App,Bronze
CUST001928,Darpan,Purohit,34.0,Male,Guwahati,Assam,2021-01-10,Business Owner,172700.0,Single,Online,Gold
CUST001929,Anusha,Sangha,52.0,Female,Madurai,Tamil Nadu,2019-05-10,Student,165100.0,Married,Store,Gold
CUST001930,Liam,Lalla,63.0,Male,Jodhpur,Rajasthan,2020-07-29,Homemaker,9000.0,Married,Mobile App,Bronze
CUST001931,Eiravati,Dyal,22.0,Female,Ahmedabad,Gujarat,2022-08-17,Student,10500.0,Single,Mobile App,Bronze
CUST001932,Joshua,Ahluwalia,44.0,Male,Chennai,Tamil Nadu,2020-10-01,Business Owner,145200.0,Married,Mobile App,Gold
CUST001933,Oni,Shukla,32.0,Female,Pune,Maharashtra,2019-07-15,Homemaker,8800.0,Married,Mobile App,Silver
CUST001934,Garima,Baral,37.0,Female,Howrah,West Bengal,2019-02-03,Sales Executive,62600.0,Married,Store,Silver
CUST001935,Faraj,Naidu,72.0,Male,Nagpur,Maharashtra,2020-10-07,Retired,65200.0,Married,Online,Silver
CUST001936,Atharv,Mitra,18.0,Male,Hyderabad,Telangana,2026-07-11,Student,16100.0,Single,Mobile App,Bronze
CUST001937,Yatan,Parmar,41.0,Male,Kolkata,West Bengal,2019-08-01,Retail Employee,24900.0,Married,Online,Silver
CUST001938,Bina,Nadkarni,44.0,Female,Udaipur,Rajasthan,2021-01-14,Engineer,65800.0,Married,Online,Gold
CUST001939,Zansi,Kannan,52.0,Female,Ahmedabad,Gujarat,2019-09-15,Business Owner,511000.0,Married,Online,Platinum
CUST001940,Hiral,Verma,39.0,Female,Ahmedabad,Gujarat,2021-05-05,Teacher,69500.0,Single,Online,Silver
CUST001941,Bhavna,Tiwari,42.0,Female,Pune,Maharashtra,2019-10-07,Engineer,152400.0,Married,Store,Gold
CUST001942,Fariq,Sagar,33.0,Male,Mysuru,Karnataka,2020-02-01,Business Owner,88300.0,Married,Mobile App,Silver
CUST001943,Saksham,Chanda,41.0,Male,Mumbai,Maharashtra,2021-04-13,IT Professional,134600.0,Married,Mobile App,Gold
CUST001944,Owen,Kant,34.0,Male,Ahmedabad,Gujarat,2019-09-05,Sales Executive,106800.0,Married,Online,Gold
CUST001945,Hredhaan,Narula,46.0,Male,Guwahati,Assam,2020-04-14,Self-Employed,216000.0,Married,Mobile App,Platinum
CUST001946,Oni,Patel,33.0,Female,Bengaluru,Karnataka,2020-12-21,Student,17500.0,Married,Mobile App,Bronze
CUST001947,Nandini,Kamdar,43.0,Female,Pune,Maharashtra,2020-07-25,Engineer,116800.0,Widowed,Online,Silver
CUST001948,Wazir,Andra,38.0,Male,Chennai,Tamil Nadu,2020-02-24,Government Employee,79900.0,Single,Online,Gold
CUST001949,Deepa,Pal,53.0,Female,Chandigarh,Chandigarh,2021-05-08,Engineer,188600.0,Divorced,Store,Gold
CUST001950,Vansha,Khosla,37.0,Female,Madurai,Tamil Nadu,2018-10-02,Homemaker,12700.0,Married,Store,Silver
CUST001951,Jairaj,Baral,18.0,Male,Mumbai,Maharashtra,2026-07-11,Sales Executive,78400.0,Single,Mobile App,Silver
CUST001952,Naveen,Raj,54.0,Male,Amritsar,Punjab,2021-04-26,IT Professional,182000.0,Married,Store,Gold
CUST001953,Dakshesh,Raju,26.0,Male,Kanpur,Uttar Pradesh,2019-02-27,Government Employee,55100.0,Divorced,Online,Gold
CUST001954,Lavanya,Zachariah,30.0,Female,Pune,Maharashtra,2020-08-28,Government Employee,55700.0,Married,Store,Silver
CUST001955,Megha,Bakshi,30.0,Female,Kochi,Kerala,2019-11-01,Engineer,85700.0,Married,Store,Gold
CUST001956,Yauvani,Prasad,56.0,Female,Chennai,Tamil Nadu,2020-10-17,Retail Employee,42200.0,Married,Mobile App,Silver
CUST001957,Udant,Sur,38.0,Male,Hyderabad,Telangana,2026-07-11,Student,9800.0,Single,Store,Bronze
CUST001958,Anthony,Minhas,75.0,Male,Chennai,Tamil Nadu,2019-06-16,Retired,40500.0,Widowed,Mobile App,Silver
CUST001959,Inaya,Nagi,52.0,Female,Varanasi,Uttar Pradesh,2019-12-20,Teacher,50800.0,Divorced,Store,Silver
CUST001960,Yasti,Butala,41.0,Female,Ahmedabad,Gujarat,2020-11-25,Retail Employee,32100.0,Married,Store,Silver
CUST001961,Chasmum,Ganesh,37.0,Female,Mumbai,Maharashtra,2020-11-11,Homemaker,8700.0,Married,Store,Bronze
CUST001962,Aarini,Bhatti,42.0,Female,Bhubaneswar,Odisha,2020-06-23,Business Owner,229800.0,Single,Mobile App,Platinum
CUST001963,Henry,Kala,45.0,Male,Pune,Maharashtra,2021-03-10,Teacher,54500.0,Married,Mobile App,Silver
CUST001964,Unnati,Chawla,46.0,Female,Vadodara,Gujarat,2020-08-11,Student,9900.0,Married,Online,Bronze
CUST001965,Ishanvi,Yogi,45.0,Female,Howrah,West Bengal,2019-07-28,IT Professional,136000.0,Single,Online,Gold
CUST001966,Teerth,Bora,39.0,Male,Delhi,Delhi,2019-02-18,Retail Employee,20700.0,Single,Online,Silver
CUST001967,Ganga,Bajwa,35.0,Female,Delhi,Delhi,2020-08-17,Engineer,135300.0,Married,Store,Gold
CUST001968,Victor,Narula,36.0,Male,Bhopal,Madhya Pradesh,2020-12-03,Self-Employed,255400.0,Divorced,Store,Gold
CUST001969,Anirudh,Chahal,35.0,Male,Hyderabad,Telangana,2019-02-16,Engineer,133100.0,Married,Online,Gold
CUST001970,Balhaar,Bhagat,53.0,Male,Ahmedabad,Gujarat,2018-12-14,Engineer,155300.0,Married,Mobile App,Gold
CUST001971,Gaurav,Krishnamurthy,46.0,Male,Chennai,Tamil Nadu,2020-05-24,Engineer,130000.0,Widowed,Mobile App,Silver
CUST001972,Balendra,Kari,18.0,Male,Surat,Gujarat,2026-07-11,Sales Executive,65800.0,Single,Online,Bronze
CUST001973,Kai,Reddy,47.0,Male,Chennai,Tamil Nadu,2019-07-17,Sales Executive,77600.0,Married,Mobile App,Gold
CUST001974,Sara,Seshadri,41.0,Female,Bengaluru,Karnataka,2019-04-10,IT Professional,133000.0,Married,Online,Gold
CUST001975,Samaksh,Sant,38.0,Male,Hyderabad,Telangana,2021-07-27,Government Employee,82300.0,Single,Store,Silver
CUST001976,Nakul,Badal,33.0,Male,Chandigarh,Chandigarh,2019-11-03,IT Professional,181300.0,Married,Online,Gold
CUST001977,Robert,Dani,53.0,Male,Chennai,Tamil Nadu,2019-11-11,Retail Employee,26100.0,Single,Online,Silver
CUST001978,Aarini,Bhatnagar,50.0,Female,Delhi,Delhi,2020-06-27,Engineer,107900.0,Married,Online,Gold
CUST001979,Arin,Bora,28.0,Male,Thiruvananthapuram,Kerala,2019-05-18,IT Professional,159900.0,Single,Store,Gold
CUST001980,Praneel,Thakkar,43.0,Male,Jodhpur,Rajasthan,2020-05-04,Retail Employee,31500.0,Divorced,Online,Silver
CUST001981,Damyanti,Mann,25.0,Female,Mumbai,Maharashtra,2019-08-17,Retail Employee,29600.0,Married,Online,Silver
CUST001982,Nidhi,Chadha,20.0,Female,Ludhiana,Punjab,2024-08-16,Student,13000.0,Single,Mobile App,Bronze
CUST001983,Megha,Sarma,30.0,Female,Ahmedabad,Gujarat,2020-11-17,Sales Executive,79400.0,Married,Store,Silver
CUST001984,Sai,Rana,49.0,Female,Nagpur,Maharashtra,2019-10-22,Engineer,98300.0,Married,Online,Gold
CUST001985,Alexander,Som,50.0,Male,Delhi,Delhi,2019-06-01,Doctor,299600.0,Married,Store,Platinum
CUST001986,Gaurangi,Walla,45.0,Female,Ahmedabad,Gujarat,2018-09-14,Teacher,47500.0,Married,Store,Silver
CUST001987,Imaran,Deshpande,47.0,Male,Udaipur,Rajasthan,2020-06-26,Engineer,138200.0,Married,Online,Gold
CUST001988,Rohan,Merchant,45.0,Male,Delhi,Delhi,2021-06-07,IT Professional,179300.0,Married,Mobile App,Silver
CUST001989,Ekbal,Misra,30.0,Male,New Delhi,Delhi,2018-08-30,Doctor,176200.0,Single,Mobile App,Platinum
CUST001990,Ridhi,Apte,44.0,Female,Bengaluru,Karnataka,2019-10-03,Student,11200.0,Married,Online,Silver
CUST001991,Ekavir,Dasgupta,48.0,Male,Kolkata,West Bengal,2018-10-14,IT Professional,774000.0,Married,Store,Platinum
CUST001992,Anvi,Ahluwalia,48.0,Female,Delhi,Delhi,2021-04-24,Government Employee,85100.0,Married,Store,Silver
CUST001993,Shravya,Yogi,53.0,Female,Pune,Maharashtra,2020-08-06,Teacher,77200.0,Married,Store,Gold
CUST001994,Brijesh,Mody,47.0,Male,Ahmedabad,Gujarat,2021-03-22,Homemaker,13600.0,Married,Mobile App,Bronze
CUST001995,Jagrati,Padmanabhan,43.0,Female,Udaipur,Rajasthan,2019-02-13,Retail Employee,28100.0,Married,Store,Silver
CUST001996,Jagvi,Sachar,52.0,Female,Chennai,Tamil Nadu,2018-12-26,Teacher,55100.0,Married,Mobile App,Silver
CUST001997,Yashvi,Dhar,38.0,Female,Hyderabad,Telangana,2020-02-14,IT Professional,139300.0,Married,Online,Gold
CUST001998,Faris,Gour,27.0,Male,Warangal,Telangana,2021-01-24,Sales Executive,105100.0,Married,Mobile App,Silver
CUST001999,Janya,Krishnan,36.0,Female,Hyderabad,Telangana,2021-03-30,IT Professional,65800.0,Divorced,Mobile App,Gold
CUST002000,Gunbir,Contractor,28.0,Male,Bhubaneswar,Odisha,2019-11-11,Business Owner,75500.0,Divorced,Mobile App,Silver
CUST002001,Hemangini,Bhagat,29.0,Female,Jaipur,Rajasthan,2020-02-08,Sales Executive,64700.0,Married,Store,Silver
CUST002002,Vihaan,Bora,38.0,Male,Delhi,Delhi,2019-07-17,Teacher,47500.0,Married,Online,Silver
CUST002003,Maanav,Bhavsar,28.0,Male,Hyderabad,Telangana,2020-09-16,IT Professional,74400.0,Married,Store,Silver
CUST002004,Ladli,Chaudhari,34.0,Female,Madurai,Tamil Nadu,2020-06-01,Teacher,38900.0,Married,Store,Silver
CUST002005,Ira,Sur,18.0,Female,Kolkata,West Bengal,2026-07-11,Retail Employee,31100.0,Married,Mobile App,Bronze
CUST002006,Oni,Parikh,41.0,Female,Chennai,Tamil Nadu,2019-10-18,Student,10500.0,Married,Online,Bronze
CUST002007,Devansh,Keer,38.0,Male,Lucknow,Uttar Pradesh,2020-05-10,Government Employee,65800.0,Married,Online,Silver
CUST002008,Chandresh,Mane,27.0,Male,Jaipur,Rajasthan,2018-11-12,Doctor,112500.0,Married,Mobile App,Gold
CUST002009,Bhavya,Hari,47.0,Female,Chennai,Tamil Nadu,2019-09-13,Engineer,160000.0,Married,Store,Gold
CUST002010,Nitara,Sunder,50.0,Female,Chandigarh,Chandigarh,2020-06-05,IT Professional,175200.0,Married,Store,Gold
CUST002011,Varenya,Narasimhan,18.0,Female,Vadodara,Gujarat,2026-07-11,Student,13100.0,Single,Store,Bronze
CUST002012,Michael,Dua,28.0,Male,Udaipur,Rajasthan,2018-11-28,Retail Employee,18700.0,Single,Online,Silver
CUST002013,Qabil,Mutti,38.0,Male,Bhubaneswar,Odisha,2021-07-29,IT Professional,76100.0,Married,Mobile App,Silver
CUST002014,Upadhriti,Ganguly,26.0,Female,Bengaluru,Karnataka,2020-08-23,IT Professional,169100.0,Married,Store,Gold
CUST002015,Aahana,Munshi,49.0,Female,Bengaluru,Karnataka,2018-10-17,Sales Executive,79500.0,Married,Online,Gold
CUST002016,Jatin,Kant,35.0,Male,Indore,Madhya Pradesh,2019-08-31,Student,399900.0,Married,Mobile App,Platinum
CUST002017,Urmi,Malhotra,35.0,Female,Udaipur,Rajasthan,2020-01-11,Sales Executive,102700.0,Married,Online,Silver
CUST002018,Radha,Desai,18.0,Female,Thiruvananthapuram,Kerala,2026-07-11,Retail Employee,26100.0,Single,Online,Bronze
CUST002019,Noah,Srinivasan,46.0,Male,Mumbai,Maharashtra,2019-02-15,Student,12800.0,Single,Store,Bronze
CUST002020,Vihaan,Sehgal,22.0,Male,Kolkata,West Bengal,2022-08-17,Retail Employee,22400.0,Married,Online,Silver
CUST002021,Praneel,Mody,39.0,Male,Pune,Maharashtra,2020-11-17,Student,13200.0,Single,Online,Bronze
CUST002022,Widisha,Chopra,38.0,Female,Chennai,Tamil Nadu,2021-01-18,Retired,18200.0,Single,Store,Bronze
CUST002023,Gagan,Bumb,56.0,Male,Nagpur,Maharashtra,2021-02-24,Sales Executive,75700.0,Married,Mobile App,Silver
CUST002024,Logan,Dey,21.0,Male,Pune,Maharashtra,2023-08-17,Student,5500.0,Divorced,Mobile App,Bronze
CUST002025,Indira,Lall,18.0,Female,Mumbai,Maharashtra,2026-07-11,Student,9200.0,Single,Online,Bronze
CUST002026,Balvan,Borra,40.0,Male,Kolkata,West Bengal,2019-09-17,Teacher,72000.0,Single,Online,Silver
CUST002027,Aditya,Tripathi,61.0,Male,Hyderabad,Telangana,2018-10-06,Retired,27700.0,Married,Online,Silver
CUST002028,Alexander,Ravel,54.0,Male,Pune,Maharashtra,2020-12-07,Teacher,72400.0,Widowed,Store,Silver
CUST002029,Jagvi,Bansal,41.0,Female,Bengaluru,Karnataka,2021-08-10,Teacher,47300.0,Married,Store,Bronze
CUST002030,Leena,Zacharia,32.0,Female,Nagpur,Maharashtra,2019-10-30,Engineer,145600.0,Married,Online,Platinum
CUST002031,Warinder,Dixit,48.0,Male,Guwahati,Assam,2020-02-07,Student,65800.0,Married,Store,Silver
CUST002032,Rajeshri,Ramanathan,25.0,Male,Bengaluru,Karnataka,2020-03-11,Self-Employed,94400.0,Single,Mobile App,Gold
CUST002033,Jasmit,Mannan,44.0,Male,Bengaluru,Karnataka,2021-06-09,Self-Employed,132100.0,Single,Store,Silver
CUST002034,Ekalinga,Shetty,45.0,Male,Varanasi,Uttar Pradesh,2020-04-05,IT Professional,130700.0,Married,Mobile App,Gold
CUST002035,Zashil,Uppal,52.0,Male,Ahmedabad,Gujarat,2020-10-05,Sales Executive,80600.0,Single,Online,Silver
CUST002036,Chakradev,Ranganathan,74.0,Male,Ahmedabad,Gujarat,2020-10-19,Retired,44300.0,Widowed,Store,Silver
CUST002037,Qabil,Thakkar,43.0,Male,Howrah,West Bengal,2020-12-16,Student,17900.0,Married,Online,Bronze
CUST002038,Aashi,Khare,31.0,Female,Guwahati,Assam,2020-08-17,Engineer,87800.0,Married,Mobile App,Silver
CUST002039,Gayathri,Varkey,38.0,Male,Delhi,Delhi,2020-07-25,IT Professional,125500.0,Single,Store,Gold
CUST002040,Ekaraj,Sehgal,18.0,Male,Ludhiana,Punjab,2026-07-11,Student,13100.0,Single,Mobile App,Bronze
CUST002041,Fariq,Gola,29.0,Male,Varanasi,Uttar Pradesh,2018-09-09,Sales Executive,65800.0,Single,Mobile App,Silver
CUST002042,Elijah,Sule,33.0,Male,Kolkata,West Bengal,2018-10-29,Homemaker,15700.0,Married,Online,Silver
CUST002043,Rachita,Baria,31.0,Female,Ahmedabad,Gujarat,2019-11-26,Engineer,65800.0,Married,Store,Gold
CUST002044,Imaran,Sura,40.0,Male,Ahmedabad,Gujarat,2018-09-06,Self-Employed,120800.0,Single,Store,Gold
CUST002045,Kala,Bhatnagar,27.0,Female,Mumbai,Maharashtra,2018-08-26,Student,8100.0,Married,Online,Bronze
CUST002046,Kevin,Pingle,53.0,Male,Delhi,Delhi,2020-07-22,Retail Employee,37500.0,Married,Online,Silver
CUST002047,Kamala,Basak,38.0,Female,Bhubaneswar,Odisha,2020-04-15,Business Owner,213300.0,Divorced,Online,Gold
CUST002048,Ishanvi,Vasa,38.0,Female,Coimbatore,Tamil Nadu,2018-09-30,IT Professional,98100.0,Married,Online,Gold
CUST002049,Pranit,Rama,34.0,Male,Hyderabad,Telangana,2019-10-19,IT Professional,65800.0,Divorced,Mobile App,Gold
CUST002050,Vrinda,Sha,40.0,Male,Jaipur,Rajasthan,2020-12-26,Government Employee,51800.0,Single,Mobile App,Silver
CUST002051,Aradhana,Baral,49.0,Female,Coimbatore,Tamil Nadu,2019-07-23,Engineer,195100.0,Married,Mobile App,Gold
CUST002052,Neel,Chauhan,27.0,Male,Mumbai,Maharashtra,2021-01-03,Retail Employee,26300.0,Divorced,Mobile App,Silver
CUST002053,Yoshita,Mahal,29.0,Female,Surat,Gujarat,2020-08-09,Student,87400.0,Married,Mobile App,Silver
CUST002054,Karan,Ghosh,34.0,Male,Surat,Gujarat,2020-12-10,Student,21500.0,Single,Mobile App,Bronze
CUST002055,Riya,Radhakrishnan,21.0,Female,Nagpur,Maharashtra,2023-08-17,Student,15500.0,Single,Mobile App,Bronze
CUST002056,Qadim,Brahmbhatt,27.0,Male,Bhubaneswar,Odisha,2021-08-11,Teacher,43500.0,Single,Mobile App,Bronze
CUST002057,Yauvani,Krishnamurthy,32.0,Female,Delhi,Delhi,2018-12-25,Government Employee,65700.0,Married,Online,Gold
CUST002058,Riya,Kapoor,49.0,Male,Chennai,Tamil Nadu,2020-09-26,Student,83600.0,Married,Store,Silver
CUST002059,Yauvani,Ravi,41.0,Female,Pune,Maharashtra,2021-05-14,Student,13800.0,Married,Online,Bronze
CUST002060,Qushi,Pai,38.0,Female,Kolkata,West Bengal,2021-05-13,Student,25400.0,Married,Online,Bronze
CUST002061,Widisha,Subramaniam,49.0,Female,Hyderabad,Telangana,2019-12-16,Engineer,104100.0,Married,Online,Gold
CUST002062,Aarush,Thaker,36.0,Male,Mysuru,Karnataka,2018-08-24,IT Professional,198100.0,Married,Mobile App,Platinum
CUST002063,Ekiya,Sarraf,43.0,Female,Kanpur,Uttar Pradesh,2021-03-10,Student,19100.0,Married,Store,Bronze
CUST002064,Gayathri,Karpe,37.0,Female,Mumbai,Maharashtra,2021-04-29,Student,17800.0,Single,Mobile App,Bronze
CUST002065,Brinda,Varkey,41.0,Female,Jodhpur,Rajasthan,2020-04-23,Retired,44400.0,Married,Mobile App,Silver
CUST002066,Meera,Kakar,30.0,Female,Kolkata,West Bengal,2019-12-08,Student,188700.0,Married,Store,Gold
CUST002067,Falguni,Grover,18.0,Female,Ludhiana,Punjab,2026-07-11,Student,11100.0,Single,Store,Bronze
CUST002068,Gaurangi,Pathak,36.0,Female,Kolkata,West Bengal,2020-09-19,IT Professional,155700.0,Married,Mobile App,Gold
CUST002069,Daniel,Karpe,56.0,Male,Mumbai,Maharashtra,2020-05-08,Government Employee,62800.0,Married,Store,Silver
CUST002070,Sarthak,Narayanan,50.0,Male,Mumbai,Maharashtra,2020-09-06,Teacher,49700.0,Married,Mobile App,Silver
CUST002071,Dakshesh,Subramaniam,51.0,Male,Indore,Madhya Pradesh,2018-11-17,Engineer,125900.0,Married,Online,Gold
CUST002072,Wriddhish,Srinivas,54.0,Male,Varanasi,Uttar Pradesh,2021-07-01,Sales Executive,114600.0,Married,Store,Silver
CUST002073,Jagrati,Edwin,39.0,Female,Mysuru,Karnataka,2020-12-02,Retail Employee,38000.0,Married,Online,Bronze
CUST002074,Samesh,Bains,41.0,Male,Kolkata,West Bengal,2019-03-14,Self-Employed,162300.0,Married,Store,Gold
CUST002075,Jairaj,Bassi,30.0,Male,Chennai,Tamil Nadu,2019-02-14,Retail Employee,18800.0,Single,Store,Silver
CUST002076,Joshua,Dyal,34.0,Other,Bhubaneswar,Odisha,2021-04-16,Retail Employee,20600.0,Married,Store,Silver
CUST002077,Ekalinga,Vala,46.0,Male,Guwahati,Assam,2018-09-14,Student,17800.0,Divorced,Store,Silver
CUST002078,Anmol,Din,54.0,Male,Amritsar,Punjab,2019-07-19,Retail Employee,45700.0,Divorced,Store,Silver
CUST002079,Ayaan,Ganesan,36.0,Male,Bhopal,Madhya Pradesh,2020-10-22,Sales Executive,98500.0,Married,Online,Gold
CUST002080,Kai,Gole,32.0,Male,Kochi,Kerala,2020-04-04,IT Professional,114600.0,Married,Mobile App,Silver
CUST002081,Yauvani,Ravi,38.0,Female,Delhi,Delhi,2020-09-25,Student,14400.0,Married,Online,Bronze
CUST002082,Adya,Mander,46.0,Female,Varanasi,Uttar Pradesh,2021-03-05,Homemaker,18500.0,Widowed,Online,Bronze
CUST002083,Chaman,Kalita,19.0,Female,Ahmedabad,Gujarat,2025-08-16,Sales Executive,102600.0,Single,Mobile App,Silver
CUST002084,Udarsh,Sinha,18.0,Male,Bhubaneswar,Odisha,2026-07-11,Retail Employee,26700.0,Single,Mobile App,Bronze
CUST002085,Warda,Garde,31.0,Female,Kolkata,West Bengal,2019-02-23,Sales Executive,43900.0,Married,Store,Silver
CUST002086,Imaran,Roy,22.0,Male,Pune,Maharashtra,2022-08-17,Student,9900.0,Single,Mobile App,Bronze
CUST002087,Ekbal,Gopal,31.0,Male,Kolkata,West Bengal,2020-07-31,Self-Employed,217900.0,Married,Online,Gold
CUST002088,Kevin,Ganesh,36.0,Male,Ahmedabad,Gujarat,2020-03-21,Doctor,264400.0,Married,Online,Gold
CUST002089,Onveer,Setty,32.0,Male,Delhi,Delhi,2019-09-10,Sales Executive,54600.0,Married,Online,Silver
CUST002090,Bakhshi,Karpe,57.0,Male,Hyderabad,Telangana,2019-05-16,Self-Employed,110400.0,Divorced,Online,Gold
CUST002091,Ranbir,Rajan,42.0,Male,Kolkata,West Bengal,2020-08-23,Teacher,62900.0,Married,Online,Silver
CUST002092,Kevin,Chopra,42.0,Other,Hyderabad,Telangana,2019-11-13,Self-Employed,269400.0,Married,Store,Platinum
CUST002093,Abhiram,Jain,46.0,Male,Hyderabad,Telangana,2020-06-16,Government Employee,83500.0,Married,Store,Silver
CUST002094,Zayyan,Saini,23.0,Male,Pune,Maharashtra,2021-08-16,Teacher,51500.0,Single,Mobile App,Bronze
CUST002095,Falan,Char,52.0,Male,Guwahati,Assam,2021-02-17,Retail Employee,32500.0,Divorced,Store,Bronze
CUST002096,Hema,Soni,37.0,Female,Vadodara,Gujarat,2020-11-08,Sales Executive,64000.0,Married,Mobile App,Silver
CUST002097,Anirudh,Wali,47.0,Male,Mumbai,Maharashtra,2020-05-06,Government Employee,78400.0,Married,Online,Silver
CUST002098,Yashasvi,Dalal,24.0,Female,Jaipur,Rajasthan,2020-08-16,IT Professional,171600.0,Single,Mobile App,Gold
CUST002099,Charita,Subramaniam,18.0,Female,Vadodara,Gujarat,2026-07-11,Student,13100.0,Single,Mobile App,Bronze
CUST002100,Dhruv,Zacharia,49.0,Male,Mumbai,Maharashtra,2018-09-23,Homemaker,22100.0,Married,Store,Silver
CUST002101,Aadi,Sankar,43.0,Male,Hyderabad,Telangana,2021-04-25,Teacher,61600.0,Married,Mobile App,Silver
CUST002102,Shivansh,Prabhakar,26.0,Male,Kolkata,West Bengal,2020-03-30,Self-Employed,180100.0,Married,Mobile App,Gold
CUST002103,Anya,Wagle,27.0,Female,Chennai,Tamil Nadu,2020-05-14,Sales Executive,98800.0,Single,Store,Gold
CUST002104,Tanish,Karnik,53.0,Male,Udaipur,Rajasthan,2019-10-29,IT Professional,183700.0,Married,Online,Gold
CUST002105,Wridesh,Raj,23.0,Male,Hyderabad,Telangana,2021-08-16,Teacher,52000.0,Married,Mobile App,Silver
CUST002106,Parth,Chaudhari,59.0,Male,Nagpur,Maharashtra,2019-02-06,Business Owner,488700.0,Married,Online,Platinum
CUST002107,Unnati,Desai,26.0,Female,Amritsar,Punjab,2019-08-13,Sales Executive,37300.0,Divorced,Online,Silver
CUST002108,Joshua,Sood,46.0,Male,Delhi,Delhi,2019-09-13,Self-Employed,153700.0,Married,Store,Gold
CUST002109,Jackson,Chacko,34.0,Male,Ahmedabad,Gujarat,2018-10-11,Government Employee,53600.0,Married,Store,Silver
CUST002110,Meghana,Rege,46.0,Female,Pune,Maharashtra,2020-06-22,Sales Executive,122900.0,Married,Online,Gold
CUST002111,Lavanya,Gulati,31.0,Female,Bengaluru,Karnataka,2019-02-16,Teacher,63900.0,Married,Online,Gold
CUST002112,Aahana,Amble,36.0,Female,Warangal,Telangana,2018-11-11,Engineer,125300.0,Married,Mobile App,Gold
CUST002113,Daniel,Venkatesh,39.0,Male,Delhi,Delhi,2020-02-25,Self-Employed,185100.0,Married,Store,Gold
CUST002114,Aarini,Prashad,25.0,Female,Chennai,Tamil Nadu,2019-08-17,Retail Employee,34600.0,Single,Store,Silver
CUST002115,Ishanvi,Mutti,48.0,Female,Nagpur,Maharashtra,2020-06-29,Self-Employed,65800.0,Single,Mobile App,Gold
CUST002116,Samarth,Pathak,31.0,Male,Kolkata,West Bengal,2021-02-23,Engineer,141800.0,Divorced,Mobile App,Gold
CUST002117,Damyanti,Dubey,35.0,Female,Ahmedabad,Gujarat,2019-11-13,Sales Executive,75700.0,Single,Store,Silver
CUST002118,Tanay,Kulkarni,25.0,Male,Mumbai,Maharashtra,2021-01-13,Retail Employee,28400.0,Divorced,Online,Bronze
CUST002119,Leena,Wason,18.0,Female,Bhopal,Madhya Pradesh,2026-07-11,Student,12700.0,Single,Mobile App,Bronze
CUST002120,Siddharth,Pau,36.0,Male,Delhi,Delhi,2019-01-03,Self-Employed,126200.0,Married,Mobile App,Gold
CUST002121,Manya,Ranganathan,69.0,Female,Delhi,Delhi,2021-05-14,Retired,54500.0,Married,Mobile App,Silver
CUST002122,Harsh,Sachdev,48.0,Male,Ahmedabad,Gujarat,2021-07-14,Retail Employee,32400.0,Married,Mobile App,Silver
CUST002123,Warhi,Gola,38.0,Female,Chennai,Tamil Nadu,2019-10-22,Retired,32000.0,Single,Online,Silver
CUST002124,Qasim,Sule,35.0,Male,Chennai,Tamil Nadu,2020-08-18,Government Employee,89800.0,Married,Online,Silver
CUST002125,Lajita,Mohanty,38.0,Female,Pune,Maharashtra,2020-05-15,Homemaker,18500.0,Married,Online,Silver
CUST002126,Pooja,Rao,45.0,Female,Lucknow,Uttar Pradesh,2020-05-29,Retail Employee,209000.0,Married,Mobile App,Gold
CUST002127,Ekapad,Dani,23.0,Male,Kolkata,West Bengal,2021-08-16,Teacher,53000.0,Single,Online,Silver
CUST002128,Jyoti,Sekhon,52.0,Female,Pune,Maharashtra,2021-08-12,Self-Employed,65800.0,Married,Store,Silver
CUST002129,Neel,Chaudhry,47.0,Other,Hyderabad,Telangana,2018-12-06,Student,318400.0,Married,Online,Platinum
CUST002130,Hredhaan,Trivedi,47.0,Male,Lucknow,Uttar Pradesh,2020-12-21,Engineer,92100.0,Single,Online,Silver
CUST002131,Sai,Nigam,44.0,Male,Kolkata,West Bengal,2020-05-06,IT Professional,156500.0,Married,Online,Gold
CUST002132,Ati,Dyal,38.0,Male,Pune,Maharashtra,2018-09-16,Self-Employed,154500.0,Married,Online,Gold
CUST002133,Robert,Ahluwalia,47.0,Male,Hyderabad,Telangana,2019-02-22,Government Employee,91000.0,Divorced,Store,Gold
CUST002134,Chakradev,Dhillon,46.0,Male,Delhi,Delhi,2021-04-20,IT Professional,221000.0,Married,Mobile App,Gold
CUST002135,Warinder,Saran,33.0,Male,Chennai,Tamil Nadu,2020-02-06,Retail Employee,34800.0,Married,Store,Silver
CUST002136,Chaitanya,Bhatt,31.0,Male,Varanasi,Uttar Pradesh,2019-06-08,Engineer,168100.0,Married,Mobile App,Gold
CUST002137,Karan,Kapadia,39.0,Male,Warangal,Telangana,2019-07-13,Government Employee,53500.0,Married,Store,Silver
CUST002138,Qasim,Buch,58.0,Male,Warangal,Telangana,2019-05-06,Teacher,65800.0,Married,Online,Gold
CUST002139,Anjali,Rajagopalan,22.0,Female,Patna,Bihar,2022-08-17,Student,11100.0,Single,Mobile App,Bronze
CUST002140,Suhani,Verma,19.0,Female,Kolkata,West Bengal,2025-08-16,Student,6000.0,Married,Mobile App,Bronze
CUST002141,Luke,Bhandari,40.0,Male,Kolkata,West Bengal,2020-03-25,Student,13500.0,Married,Online,Bronze
CUST002142,Harita,Talwar,39.0,Female,Bengaluru,Karnataka,2019-09-06,Doctor,306000.0,Single,Mobile App,Platinum
CUST002143,Urvashi,Anne,40.0,Female,Kolkata,West Bengal,2019-10-19,IT Professional,97900.0,Married,Mobile App,Gold
CUST002144,Isha,Vasa,41.0,Female,Kolkata,West Bengal,2021-05-31,Sales Executive,67400.0,Married,Mobile App,Silver
CUST002145,Luke,Hayer,35.0,Male,Hyderabad,Telangana,2021-06-06,Business Owner,418900.0,Single,Store,Gold
CUST002146,Anay,Uppal,57.0,Male,Ludhiana,Punjab,2018-09-24,Student,14200.0,Married,Online,Silver
CUST002147,Yauvani,Kata,18.0,Female,Indore,Madhya Pradesh,2026-07-11,Retail Employee,18700.0,Single,Online,Bronze
CUST002148,Hamsini,Banik,27.0,Female,Vadodara,Gujarat,2020-09-28,Student,11900.0,Divorced,Mobile App,Bronze
CUST002149,Radha,Khare,37.0,Female,Coimbatore,Tamil Nadu,2019-04-28,Self-Employed,208200.0,Single,Mobile App,Gold
CUST002150,Aachal,Dugar,18.0,Female,Chennai,Tamil Nadu,2026-07-11,Sales Executive,48000.0,Single,Online,Bronze
CUST002151,Caleb,Majumdar,36.0,Male,Delhi,Delhi,2021-01-29,Engineer,91600.0,Married,Online,Silver
CUST002152,Sudiksha,Pandit,60.0,Female,Bengaluru,Karnataka,2020-03-22,Business Owner,162400.0,Married,Store,Gold
CUST002153,Rudra,Ravi,38.0,Male,Udaipur,Rajasthan,2019-12-02,Government Employee,48800.0,Married,Online,Silver
CUST002154,Harish,Vasa,41.0,Male,Chennai,Tamil Nadu,2020-04-07,IT Professional,150700.0,Married,Mobile App,Gold
CUST002155,Advika,Biswas,38.0,Female,Indore,Madhya Pradesh,2022-08-17,Sales Executive,33100.0,Single,Online,Bronze
CUST002156,Chakradev,Mane,30.0,Male,Pune,Maharashtra,2020-10-08,Retail Employee,33000.0,Married,Online,Bronze
CUST002157,Owen,Palan,33.0,Male,Chennai,Tamil Nadu,2019-08-23,Government Employee,54900.0,Divorced,Online,Silver
CUST002158,Manya,Kara,34.0,Female,Ahmedabad,Gujarat,2021-04-15,IT Professional,133400.0,Married,Online,Silver
CUST002159,Gunbir,Sha,55.0,Male,Chennai,Tamil Nadu,2020-06-12,Business Owner,191200.0,Widowed,Online,Platinum
CUST002160,Tamanna,Agrawal,45.0,Female,Indore,Madhya Pradesh,2019-05-27,Teacher,63400.0,Married,Store,Silver
CUST002161,Advika,Gill,24.0,Other,Ludhiana,Punjab,2020-12-13,Sales Executive,83700.0,Single,Mobile App,Silver
CUST002162,Tanvi,Toor,41.0,Female,Pune,Maharashtra,2019-11-09,Student,9200.0,Married,Online,Bronze
CUST002163,Chatresh,Bora,44.0,Male,Pune,Maharashtra,2021-03-01,Teacher,74200.0,Married,Online,Silver
CUST002164,Zayan,Menon,53.0,Male,Pune,Maharashtra,2021-04-26,Business Owner,238400.0,Married,Online,Gold
CUST002165,Onkar,Dada,59.0,Male,Ahmedabad,Gujarat,2020-01-21,Government Employee,92500.0,Married,Store,Gold
CUST002166,Kabir,Yogi,25.0,Male,Hyderabad,Telangana,2019-08-17,Doctor,247400.0,Divorced,Online,Platinum
CUST002167,Jeremiah,Savant,27.0,Male,Surat,Gujarat,2021-04-14,Retail Employee,27100.0,Married,Online,Bronze
CUST002168,Saanvi,Sule,22.0,Female,Hyderabad,Telangana,2022-08-17,Student,8800.0,Single,Mobile App,Bronze
CUST002169,Jairaj,Nori,35.0,Male,Kolkata,West Bengal,2020-12-12,Retail Employee,27700.0,Single,Mobile App,Bronze
CUST002170,Vasudha,Sharma,44.0,Female,Udaipur,Rajasthan,2021-04-07,Sales Executive,60800.0,Married,Online,Silver
CUST002171,Akshay,Subramaniam,51.0,Male,Madurai,Tamil Nadu,2021-01-06,Student,143000.0,Widowed,Online,Gold
CUST002172,Devika,Kuruvilla,37.0,Female,Madurai,Tamil Nadu,2021-02-11,Student,236300.0,Married,Store,Gold
CUST002173,Bhavna,Raja,34.0,Female,Pune,Maharashtra,2021-05-09,Teacher,55500.0,Married,Online,Silver
CUST002174,Imaran,Karpe,40.0,Male,Hyderabad,Telangana,2019-03-26,Engineer,121700.0,Married,Store,Gold
CUST002175,Nakul,Sachar,27.0,Male,Madurai,Tamil Nadu,2020-02-20,Student,137100.0,Single,Store,Gold
CUST002176,Qushi,Varty,65.0,Female,Chennai,Tamil Nadu,2020-06-17,Homemaker,14300.0,Married,Online,Bronze
CUST002177,Aarna,Lall,18.0,Female,Patna,Bihar,2026-07-11,Retail Employee,29600.0,Single,Store,Bronze
CUST002178,Kritika,Mani,40.0,Female,Patna,Bihar,2020-07-06,Business Owner,233300.0,Married,Mobile App,Gold
CUST002179,Chakradhar,Rastogi,64.0,Male,Kanpur,Uttar Pradesh,2021-02-14,Retired,53400.0,Married,Online,Silver
CUST002180,Onveer,Borra,38.0,Male,Hyderabad,Telangana,2020-10-20,Engineer,121300.0,Married,Store,Silver
CUST002181,Hemal,Soni,36.0,Female,Ahmedabad,Gujarat,2020-11-27,IT Professional,102700.0,Married,Mobile App,Silver
CUST002182,Nirja,Pandya,33.0,Female,Hyderabad,Telangana,2020-02-17,Sales Executive,108000.0,Single,Store,Gold
CUST002183,Ikbal,Luthra,36.0,Male,Delhi,Delhi,2020-10-01,Government Employee,63100.0,Married,Store,Silver
CUST002184,Hemani,Gupta,56.0,Female,Mysuru,Karnataka,2020-01-29,Government Employee,69900.0,Divorced,Online,Silver
CUST002185,Zaid,Iyengar,18.0,Male,Mumbai,Maharashtra,2026-07-11,Student,12600.0,Single,Mobile App,Bronze
CUST002186,Jacob,Khurana,58.0,Male,Bengaluru,Karnataka,2019-04-18,Government Employee,86000.0,Divorced,Online,Gold
CUST002187,Kevin,Jhaveri,19.0,Male,Chennai,Tamil Nadu,2025-08-16,Student,12900.0,Married,Mobile App,Bronze
CUST002188,Ishwar,Jain,35.0,Male,Bhubaneswar,Odisha,2021-01-03,Sales Executive,88700.0,Single,Online,Silver
CUST002189,Kritika,Parekh,32.0,Female,Bengaluru,Karnataka,2021-04-11,Engineer,153700.0,Single,Online,Gold
CUST002190,Faras,Chhabra,46.0,Male,Patna,Bihar,2019-12-31,Sales Executive,94900.0,Married,Mobile App,Gold
CUST002191,Darpan,Brar,18.0,Male,Delhi,Delhi,2026-07-11,Student,18700.0,Single,Mobile App,Bronze
CUST002192,Xiti,Ahuja,38.0,Female,Delhi,Delhi,2021-05-15,Government Employee,60500.0,Married,Online,Silver
CUST002193,Anvi,Subramaniam,64.0,Male,Chennai,Tamil Nadu,2020-01-17,Retired,38500.0,Married,Mobile App,Silver
CUST002194,Ria,Murty,20.0,Female,Ahmedabad,Gujarat,2024-08-16,Student,6400.0,Single,Mobile App,Bronze
CUST002195,Xiti,Maharaj,40.0,Female,Mumbai,Maharashtra,2019-05-11,Sales Executive,93500.0,Single,Mobile App,Gold
CUST002196,Yatan,Goswami,38.0,Male,Delhi,Delhi,2020-09-06,IT Professional,103800.0,Divorced,Mobile App,Silver
CUST002197,Yashodhara,Mammen,44.0,Female,Chennai,Tamil Nadu,2018-09-09,IT Professional,185100.0,Married,Mobile App,Platinum
CUST002198,Sneha,Kapadia,38.0,Female,Bengaluru,Karnataka,2019-05-08,Government Employee,51100.0,Married,Online,Silver
CUST002199,Eesha,Bhagat,30.0,Female,Ahmedabad,Gujarat,2021-06-14,IT Professional,81000.0,Single,Store,Silver
CUST002200,Siddharth,Sridhar,44.0,Male,Chennai,Tamil Nadu,2020-02-06,Government Employee,65100.0,Married,Online,Silver
CUST002201,Amol,Thakkar,61.0,Male,Nagpur,Maharashtra,2019-12-09,Retired,48000.0,Married,Store,Silver
CUST002202,Prisha,Ramesh,38.0,Female,Patna,Bihar,2019-07-16,Self-Employed,79200.0,Widowed,Online,Gold
CUST002203,Gagan,Shankar,47.0,Male,Bengaluru,Karnataka,2020-02-18,Self-Employed,129800.0,Single,Mobile App,Gold
CUST002204,Dipta,Vasa,21.0,Female,Surat,Gujarat,2023-08-17,Student,9900.0,Single,Mobile App,Bronze
CUST002205,Veda,Mutti,26.0,Female,Udaipur,Rajasthan,2020-07-09,Student,94200.0,Married,Mobile App,Silver
CUST002206,Aarna,Arora,38.0,Female,Bhubaneswar,Odisha,2020-10-23,Sales Executive,65800.0,Married,Mobile App,Gold
CUST002207,Jagrati,Raghavan,57.0,Female,Chennai,Tamil Nadu,2018-10-14,Student,17700.0,Married,Online,Silver
CUST002208,Daksha,Nanda,43.0,Female,Kolkata,West Bengal,2020-09-02,Sales Executive,63100.0,Widowed,Mobile App,Silver
CUST002209,Pratyush,Lad,34.0,Male,Bengaluru,Karnataka,2021-06-08,Retail Employee,24000.0,Married,Mobile App,Bronze
CUST002210,Idika,Lall,38.0,Female,Ahmedabad,Gujarat,2021-02-14,Doctor,284200.0,Married,Mobile App,Gold
CUST002211,Kashish,Luthra,22.0,Female,Chennai,Tamil Nadu,2022-08-17,Student,8600.0,Single,Mobile App,Bronze
CUST002212,Warinder,Oza,46.0,Male,Warangal,Telangana,2019-11-12,Engineer,138900.0,Widowed,Mobile App,Gold
CUST002213,Qadim,Gour,38.0,Male,Chandigarh,Chandigarh,2019-04-16,Sales Executive,109500.0,Widowed,Mobile App,Gold
CUST002214,Zaid,Samra,32.0,Male,Mumbai,Maharashtra,2019-03-14,Retail Employee,22600.0,Married,Mobile App,Silver
CUST002215,Jagrati,Saini,32.0,Female,Indore,Madhya Pradesh,2019-02-26,Teacher,36700.0,Married,Store,Silver
CUST002216,Quincy,Patla,41.0,Male,Chandigarh,Chandigarh,2019-12-22,Engineer,91500.0,Married,Mobile App,Silver
CUST002217,Suhani,Mammen,32.0,Female,Chennai,Tamil Nadu,2021-02-03,Self-Employed,186300.0,Married,Online,Gold
CUST002218,Umang,Gole,37.0,Male,Chennai,Tamil Nadu,2021-03-07,Retail Employee,38500.0,Single,Online,Silver
CUST002219,Dominic,Karnik,65.0,Male,Hyderabad,Telangana,2019-11-26,Self-Employed,161200.0,Married,Store,Gold
CUST002220,Daksha,Madan,35.0,Female,Ludhiana,Punjab,2020-07-11,IT Professional,131400.0,Married,Online,Gold
CUST002221,Jacob,Sankaran,33.0,Male,Pune,Maharashtra,2019-12-14,Retail Employee,24900.0,Married,Store,Silver
CUST002222,Sai,Hayre,30.0,Female,Kolkata,West Bengal,2020-02-17,Self-Employed,230200.0,Single,Store,Platinum
CUST002223,Eta,Doctor,48.0,Female,Ahmedabad,Gujarat,2019-10-26,Student,12000.0,Married,Mobile App,Bronze
CUST002224,Vritti,Andra,36.0,Male,Thiruvananthapuram,Kerala,2021-07-12,IT Professional,160500.0,Married,Store,Gold
CUST002225,Gaurang,Sama,30.0,Male,Udaipur,Rajasthan,2021-07-11,Student,10400.0,Divorced,Mobile App,Bronze
CUST002226,Yahvi,Desai,55.0,Female,Howrah,West Bengal,2019-06-18,Teacher,74900.0,Divorced,Store,Gold
CUST002227,Yauvani,Walla,56.0,Female,Pune,Maharashtra,2021-01-17,Engineer,136300.0,Married,Store,Gold
CUST002228,Nisha,Sur,30.0,Female,Hyderabad,Telangana,2019-09-02,Engineer,127800.0,Married,Online,Gold
CUST002229,Mason,Krishna,18.0,Male,Pune,Maharashtra,2026-07-11,Student,10800.0,Single,Mobile App,Bronze
CUST002230,Arunima,Rao,51.0,Female,Indore,Madhya Pradesh,2018-09-05,IT Professional,121200.0,Married,Store,Gold
CUST002231,Chavvi,Gade,29.0,Female,Vadodara,Gujarat,2019-02-13,Government Employee,65000.0,Divorced,Mobile App,Gold
CUST002232,Bhanumati,Kale,38.0,Female,Jaipur,Rajasthan,2020-05-21,IT Professional,205000.0,Married,Mobile App,Gold
CUST002233,Joshua,Soni,18.0,Male,Ahmedabad,Gujarat,2026-07-11,Sales Executive,40600.0,Married,Store,Bronze
CUST002234,Chanakya,Sengupta,50.0,Male,Chennai,Tamil Nadu,2021-04-10,Sales Executive,102100.0,Married,Online,Gold
CUST002235,Oliver,Lad,22.0,Male,Pune,Maharashtra,2022-08-17,Student,10600.0,Single,Online,Bronze
CUST002236,Pranit,Parsa,47.0,Male,Bengaluru,Karnataka,2019-06-04,Student,15000.0,Married,Mobile App,Silver
CUST002237,Kabir,Padmanabhan,38.0,Male,Pune,Maharashtra,2019-10-04,Sales Executive,110000.0,Divorced,Mobile App,Silver
CUST002238,Advaith,Sabharwal,26.0,Male,Surat,Gujarat,2020-03-03,IT Professional,77700.0,Married,Online,Silver
CUST002239,Divya,Panchal,33.0,Female,Nagpur,Maharashtra,2021-02-04,Engineer,107400.0,Divorced,Online,Silver
CUST002240,Hardik,Yohannan,47.0,Male,Ahmedabad,Gujarat,2019-03-20,Self-Employed,213200.0,Divorced,Store,Platinum
CUST002241,Harita,Mane,39.0,Female,Ahmedabad,Gujarat,2020-10-21,Teacher,54400.0,Single,Mobile App,Silver
CUST002242,Peter,Nair,46.0,Male,Chennai,Tamil Nadu,2019-03-01,IT Professional,65800.0,Married,Online,Gold
CUST002243,Yagnesh,Sekhon,64.0,Male,Pune,Maharashtra,2019-10-16,Homemaker,18200.0,Married,Store,Silver
CUST002244,Balveer,Raj,18.0,Male,Bengaluru,Karnataka,2026-07-11,Retail Employee,65800.0,Single,Mobile App,Bronze
CUST002245,Luke,Sheth,38.0,Male,Bengaluru,Karnataka,2021-07-03,Retail Employee,31200.0,Single,Store,Bronze
CUST002246,Eta,Ganesh,39.0,Female,Ahmedabad,Gujarat,2020-12-05,Retail Employee,31300.0,Widowed,Online,Silver
CUST002247,Pahal,Sama,26.0,Female,Pune,Maharashtra,2018-12-16,Retail Employee,31500.0,Married,Mobile App,Silver
CUST002248,Samaksh,Bora,21.0,Male,Kanpur,Uttar Pradesh,2023-08-17,Retail Employee,16800.0,Single,Mobile App,Bronze
CUST002249,Balveer,Edwin,36.0,Male,Jaipur,Rajasthan,2019-11-25,Government Employee,75800.0,Married,Mobile App,Gold
CUST002250,Onveer,Kari,50.0,Male,Delhi,Delhi,2020-03-23,Student,12000.0,Single,Mobile App,Bronze
CUST002251,Nirja,Nadig,36.0,Female,Ahmedabad,Gujarat,2019-09-07,Homemaker,12600.0,Married,Online,Bronze
CUST002252,Mugdha,Loke,58.0,Female,Ahmedabad,Gujarat,2020-03-23,Retail Employee,41500.0,Divorced,Store,Silver
CUST002253,Siya,Madan,19.0,Female,Vadodara,Gujarat,2025-08-16,Student,8100.0,Married,Mobile App,Bronze
CUST002254,Vamakshi,Patil,38.0,Female,Delhi,Delhi,2020-09-13,Government Employee,71900.0,Married,Store,Silver
CUST002255,Yoshita,Seshadri,38.0,Female,Nagpur,Maharashtra,2022-08-17,Student,12400.0,Single,Mobile App,Bronze
CUST002256,Samuel,Ganesh,43.0,Male,Delhi,Delhi,2019-07-09,IT Professional,171100.0,Married,Mobile App,Gold
CUST002257,George,Bajaj,50.0,Male,Hyderabad,Telangana,2020-08-20,Sales Executive,68100.0,Married,Store,Silver
CUST002258,Edhitha,Keer,33.0,Female,Jodhpur,Rajasthan,2019-02-18,Sales Executive,41900.0,Single,Store,Silver
CUST002259,Ladli,Buch,18.0,Female,Surat,Gujarat,2026-07-11,Student,11600.0,Single,Online,Bronze
CUST002260,Jagrati,Ganesan,41.0,Female,Thiruvananthapuram,Kerala,2021-02-06,IT Professional,187800.0,Married,Online,Gold
CUST002261,Sneha,Chauhan,44.0,Female,Mumbai,Maharashtra,2021-05-23,Engineer,140000.0,Single,Store,Silver
CUST002262,Champak,Bhatt,43.0,Male,Mumbai,Maharashtra,2019-07-12,Government Employee,68100.0,Single,Mobile App,Gold
CUST002263,Vritti,Bhagat,54.0,Male,Ahmedabad,Gujarat,2019-01-11,Student,19900.0,Married,Store,Silver
CUST002264,Amara,Ranganathan,24.0,Female,Bengaluru,Karnataka,2020-08-16,Sales Executive,62700.0,Single,Online,Silver
CUST002265,Benjamin,Chawla,47.0,Male,Bengaluru,Karnataka,2019-08-29,Student,35000.0,Married,Online,Silver
CUST002266,Lekha,Dugal,54.0,Female,Madurai,Tamil Nadu,2021-03-14,Retail Employee,39000.0,Married,Store,Bronze
CUST002267,Chaman,Ramakrishnan,18.0,Female,Pune,Maharashtra,2026-07-11,Student,14100.0,Single,Mobile App,Bronze
CUST002268,Mohammed,Karnik,42.0,Male,Howrah,West Bengal,2020-08-03,IT Professional,158000.0,Divorced,Online,Gold
CUST002269,Jatin,Mander,31.0,Male,Bengaluru,Karnataka,2019-01-22,Student,13600.0,Single,Online,Bronze
CUST002270,Timothy,Date,37.0,Male,Howrah,West Bengal,2018-09-27,Retail Employee,34700.0,Married,Store,Silver
CUST002271,Ekaja,Vyas,43.0,Female,Varanasi,Uttar Pradesh,2020-11-25,Teacher,60900.0,Widowed,Store,Silver
CUST002272,Frederick,Balakrishnan,32.0,Male,Delhi,Delhi,2019-05-04,Doctor,125300.0,Married,Mobile App,Gold
CUST002273,Anika,Parikh,29.0,Female,Thiruvananthapuram,Kerala,2019-11-26,Government Employee,62600.0,Married,Mobile App,Silver
CUST002274,Omaja,Soni,38.0,Female,Coimbatore,Tamil Nadu,2021-07-12,IT Professional,154000.0,Married,Online,Gold
CUST002275,Vivaan,Zachariah,24.0,Male,Kochi,Kerala,2020-08-16,Engineer,100400.0,Single,Mobile App,Silver
CUST002276,Madhavi,Saxena,38.0,Female,Delhi,Delhi,2020-08-16,Sales Executive,36500.0,Single,Store,Silver
CUST002277,Krishna,Zacharia,47.0,Other,Kolkata,West Bengal,2020-10-18,Teacher,74200.0,Married,Mobile App,Silver
CUST002278,Gaurang,Shan,23.0,Male,Hyderabad,Telangana,2021-08-16,Retail Employee,20900.0,Single,Online,Silver
CUST002279,Teerth,Viswanathan,47.0,Male,Udaipur,Rajasthan,2020-11-30,IT Professional,183200.0,Married,Online,Gold
CUST002280,Nilima,Palan,44.0,Male,Kolkata,West Bengal,2021-05-24,Business Owner,254700.0,Divorced,Online,Gold
CUST002281,Warda,Zacharia,18.0,Female,Chennai,Tamil Nadu,2026-07-11,Student,14400.0,Single,Mobile App,Bronze
CUST002282,Ishaan,Chakraborty,29.0,Male,Kochi,Kerala,2019-02-11,Student,134200.0,Married,Online,Gold
CUST002283,Timothy,Morar,54.0,Male,Hyderabad,Telangana,2020-05-16,Student,17400.0,Married,Online,Silver
CUST002284,Qadim,Sachar,25.0,Male,Delhi,Delhi,2019-08-17,Student,10900.0,Married,Store,Bronze
CUST002285,Abha,Dugal,32.0,Other,Kolkata,West Bengal,2020-01-12,IT Professional,150100.0,Married,Mobile App,Gold
CUST002286,Max,Anne,44.0,Male,Kolkata,West Bengal,2020-03-08,Government Employee,82800.0,Married,Online,Gold
CUST002287,Aachal,Virk,48.0,Female,Warangal,Telangana,2019-03-16,Self-Employed,146300.0,Married,Online,Platinum
CUST002288,Ekanta,Padmanabhan,35.0,Female,Chennai,Tamil Nadu,2020-05-09,Engineer,150400.0,Single,Store,Gold
CUST002289,Luke,Singh,30.0,Male,Bhubaneswar,Odisha,2019-03-21,IT Professional,154700.0,Married,Mobile App,Platinum
CUST002290,Aarna,Swamy,56.0,Female,Surat,Gujarat,2021-04-28,IT Professional,155900.0,Married,Store,Gold
CUST002291,William,Mistry,61.0,Male,Pune,Maharashtra,2019-09-19,Retired,26100.0,Divorced,Store,Silver
CUST002292,Aarna,Sani,51.0,Female,Delhi,Delhi,2019-07-08,Student,17300.0,Widowed,Online,Silver
CUST002293,Madhav,Kashyap,39.0,Male,Amritsar,Punjab,2018-12-05,Sales Executive,87800.0,Married,Store,Gold
CUST002294,Aarini,Prakash,27.0,Female,Surat,Gujarat,2020-12-13,Retired,27100.0,Married,Online,Bronze
CUST002295,Ijaya,Sabharwal,27.0,Female,Kochi,Kerala,2019-10-24,Retail Employee,25800.0,Married,Mobile App,Silver
CUST002296,Tejas,Rana,45.0,Male,Bengaluru,Karnataka,2020-04-29,Student,27600.0,Married,Store,Silver
CUST002297,Jeet,Gade,38.0,Male,Vadodara,Gujarat,2020-06-23,Retail Employee,29100.0,Married,Online,Silver
CUST002298,Robert,Radhakrishnan,56.0,Male,Ahmedabad,Gujarat,2021-04-21,Doctor,325600.0,Married,Store,Gold
CUST002299,Imaran,Lall,46.0,Male,Bengaluru,Karnataka,2021-03-22,Doctor,280000.0,Widowed,Store,Gold
CUST002300,Chaaya,Sami,38.0,Male,Madurai,Tamil Nadu,2026-07-11,Retail Employee,16900.0,Single,Online,Bronze
CUST002301,Kashvi,Varughese,52.0,Female,Kolkata,West Bengal,2019-05-18,Self-Employed,107400.0,Widowed,Online,Gold
CUST002302,Laban,Mane,25.0,Male,Chennai,Tamil Nadu,2020-06-23,IT Professional,162800.0,Married,Online,Gold
CUST002303,Zinal,Luthra,33.0,Female,Kanpur,Uttar Pradesh,2019-02-20,Engineer,152800.0,Single,Online,Gold
CUST002304,Triveni,Guha,41.0,Male,Varanasi,Uttar Pradesh,2021-05-20,Doctor,320900.0,Married,Store,Gold
CUST002305,Bhavya,Gopal,64.0,Female,Chandigarh,Chandigarh,2019-10-02,Retired,49500.0,Married,Mobile App,Silver
CUST002306,Ekansh,Mann,75.0,Male,Lucknow,Uttar Pradesh,2019-01-08,Retired,57900.0,Married,Mobile App,Silver
CUST002307,Christopher,Shah,46.0,Male,Chennai,Tamil Nadu,2019-02-09,Engineer,128000.0,Single,Mobile App,Gold
CUST002308,Upkaar,Magar,36.0,Male,Hyderabad,Telangana,2020-07-04,Engineer,95100.0,Married,Store,Silver
CUST002309,Xalak,Guha,45.0,Male,Varanasi,Uttar Pradesh,2019-05-23,Engineer,157100.0,Widowed,Store,Gold
CUST002310,Naveen,Bahl,50.0,Male,Chennai,Tamil Nadu,2020-05-05,Engineer,186000.0,Married,Store,Gold
CUST002311,Faqid,Bawa,34.0,Male,New Delhi,Delhi,2019-02-08,Business Owner,382100.0,Married,Mobile App,Platinum
CUST002312,Advay,Grewal,61.0,Male,Chennai,Tamil Nadu,2020-01-13,Business Owner,431000.0,Married,Store,Gold
CUST002313,Dalaja,Manda,38.0,Female,Pune,Maharashtra,2019-05-01,Student,105300.0,Married,Online,Gold
CUST002314,Krish,Dass,44.0,Male,Ahmedabad,Gujarat,2021-05-22,Doctor,261500.0,Married,Mobile App,Gold
CUST002315,Theodore,Anand,47.0,Male,Bengaluru,Karnataka,2019-11-09,IT Professional,107600.0,Divorced,Mobile App,Gold
CUST002316,Jackson,Chana,43.0,Male,New Delhi,Delhi,2019-12-22,Government Employee,61000.0,Married,Store,Gold
CUST002317,Faqid,Aurora,49.0,Male,Bhubaneswar,Odisha,2019-10-18,Student,15400.0,Married,Online,Bronze
CUST002318,Xiti,Kalla,30.0,Female,Udaipur,Rajasthan,2019-07-16,Engineer,104700.0,Married,Online,Gold
CUST002319,Onveer,Salvi,31.0,Male,Jodhpur,Rajasthan,2018-11-14,Engineer,115700.0,Married,Online,Gold
CUST002320,Nachiket,Tara,24.0,Male,Kolkata,West Bengal,2020-08-16,Homemaker,19300.0,Single,Mobile App,Bronze
CUST002321,Ria,Sheth,44.0,Female,Varanasi,Uttar Pradesh,2020-12-19,Teacher,43000.0,Married,Mobile App,Silver
CUST002322,Amol,Narayanan,48.0,Male,Jaipur,Rajasthan,2019-02-23,IT Professional,149300.0,Married,Online,Gold
CUST002323,Banjeet,Dhingra,44.0,Male,Kolkata,West Bengal,2021-04-04,Retail Employee,37100.0,Married,Store,Silver
CUST002324,Baghyawati,Lata,60.0,Female,Bhubaneswar,Odisha,2019-10-04,Retired,12900.0,Married,Store,Bronze
CUST002325,Rohan,Bora,38.0,Male,Delhi,Delhi,2018-12-23,Self-Employed,116700.0,Married,Online,Gold
CUST002326,Wahab,Golla,47.0,Male,Guwahati,Assam,2021-04-27,Government Employee,77500.0,Single,Store,Silver
CUST002327,Gopal,Krishna,24.0,Male,Hyderabad,Telangana,2020-08-16,Engineer,108900.0,Single,Mobile App,Silver
CUST002328,Sai,Arora,33.0,Female,Coimbatore,Tamil Nadu,2019-03-25,Doctor,133500.0,Divorced,Online,Gold
CUST002329,Divya,Kothari,47.0,Female,Pune,Maharashtra,2020-02-11,Student,176600.0,Married,Mobile App,Gold
CUST002330,Sanya,Savant,49.0,Female,Madurai,Tamil Nadu,2020-09-12,Sales Executive,65800.0,Divorced,Store,Silver
CUST002331,Krishna,Bandi,34.0,Female,Kolkata,West Bengal,2020-05-29,IT Professional,109800.0,Married,Online,Gold
CUST002332,Hardik,Sharma,37.0,Male,Ludhiana,Punjab,2018-09-20,Government Employee,67400.0,Single,Mobile App,Gold
CUST002333,Champak,Verma,18.0,Male,Amritsar,Punjab,2026-07-11,Sales Executive,92800.0,Single,Online,Silver
CUST002334,Ishita,Solanki,33.0,Female,Bhubaneswar,Odisha,2019-11-20,Sales Executive,43800.0,Married,Store,Silver
CUST002335,Saumya,Muni,50.0,Female,Mysuru,Karnataka,2021-05-17,Retail Employee,36700.0,Married,Online,Bronze
CUST002336,Neel,Dutt,45.0,Male,Ludhiana,Punjab,2020-12-20,Student,13700.0,Married,Mobile App,Bronze
CUST002337,Anvi,Verma,45.0,Female,Chennai,Tamil Nadu,2019-05-03,Student,17900.0,Married,Store,Silver
CUST002338,Darsh,Kulkarni,38.0,Male,Chandigarh,Chandigarh,2020-09-19,Government Employee,68100.0,Divorced,Online,Silver
CUST002339,Wridesh,Misra,38.0,Male,Delhi,Delhi,2018-09-01,Homemaker,4200.0,Married,Store,Silver
CUST002340,Hardik,Patel,29.0,Male,Chennai,Tamil Nadu,2020-02-14,Engineer,105900.0,Married,Online,Gold
CUST002341,Atharv,Kamdar,47.0,Male,Bhubaneswar,Odisha,2020-01-28,Teacher,49300.0,Married,Online,Silver
CUST002342,Dayita,Keer,43.0,Female,Guwahati,Assam,2021-07-07,Sales Executive,97700.0,Married,Mobile App,Silver
CUST002343,Urishilla,Nair,44.0,Female,Ahmedabad,Gujarat,2018-10-03,IT Professional,194100.0,Divorced,Mobile App,Platinum
CUST002344,Abhimanyu,Ganesh,31.0,Male,Jodhpur,Rajasthan,2021-02-06,Teacher,63400.0,Single,Store,Silver
CUST002345,Lakshit,Dar,38.0,Male,Delhi,Delhi,2026-07-11,Sales Executive,24500.0,Married,Mobile App,Bronze
CUST002346,Siya,Kibe,52.0,Female,Ahmedabad,Gujarat,2020-06-09,Self-Employed,288100.0,Widowed,Store,Gold
CUST002347,Aayush,Basak,32.0,Male,Kolkata,West Bengal,2020-05-18,Student,96200.0,Married,Online,Silver
CUST002348,Vyanjana,Dubey,27.0,Female,Pune,Maharashtra,2019-09-11,IT Professional,108300.0,Married,Mobile App,Gold
CUST002349,Quincy,Chakraborty,47.0,Male,Pune,Maharashtra,2019-08-22,Self-Employed,195300.0,Married,Store,Platinum
CUST002350,Kritika,Dugar,33.0,Female,Pune,Maharashtra,2021-02-28,Retail Employee,31100.0,Single,Store,Silver
CUST002351,Zaid,Chand,52.0,Male,Surat,Gujarat,2020-02-16,Engineer,169700.0,Single,Online,Gold
CUST002352,Omkaar,Bhasin,46.0,Male,Pune,Maharashtra,2019-04-03,Retired,33000.0,Married,Store,Silver
CUST002353,Ayushman,Parekh,47.0,Male,Chennai,Tamil Nadu,2020-04-18,Government Employee,82700.0,Single,Store,Gold
CUST002354,Faraj,Yadav,20.0,Male,Hyderabad,Telangana,2024-08-16,Retail Employee,23000.0,Single,Mobile App,Silver
CUST002355,Chatresh,Dass,54.0,Male,Madurai,Tamil Nadu,2020-09-07,IT Professional,143100.0,Married,Store,Gold
CUST002356,Widisha,Kaul,41.0,Female,Ahmedabad,Gujarat,2020-12-27,Student,11800.0,Married,Online,Silver
CUST002357,Nathan,Palan,33.0,Male,Ahmedabad,Gujarat,2021-03-31,Self-Employed,83100.0,Married,Online,Silver
CUST002358,Theodore,Hans,40.0,Male,Chennai,Tamil Nadu,2020-06-29,Retail Employee,29000.0,Widowed,Mobile App,Bronze
CUST002359,Aishani,Purohit,18.0,Female,Chennai,Tamil Nadu,2026-07-11,Retail Employee,25200.0,Single,Online,Bronze
CUST002360,Rachita,Desai,43.0,Female,Hyderabad,Telangana,2021-05-29,Student,12000.0,Married,Store,Bronze
CUST002361,Ladli,Baral,38.0,Female,Bhopal,Madhya Pradesh,2019-10-25,Homemaker,13600.0,Married,Online,Silver
CUST002362,Watika,Sarma,20.0,Female,Bengaluru,Karnataka,2024-08-16,Student,6600.0,Single,Mobile App,Bronze
CUST002363,Manan,Suri,18.0,Male,New Delhi,Delhi,2026-07-11,Student,6400.0,Married,Online,Bronze
CUST002364,Ikshita,Grover,52.0,Female,Vadodara,Gujarat,2019-02-20,Retail Employee,65800.0,Married,Online,Silver
CUST002365,Priya,Naik,30.0,Female,Hyderabad,Telangana,2020-10-28,Student,14100.0,Married,Store,Bronze
CUST002366,Vinaya,Maharaj,58.0,Female,Chandigarh,Chandigarh,2021-07-23,Business Owner,338000.0,Married,Online,Gold
CUST002367,Faris,Biswas,31.0,Male,Bengaluru,Karnataka,2019-02-15,Business Owner,399500.0,Divorced,Mobile App,Platinum
CUST002368,Faras,Sengupta,18.0,Male,Ahmedabad,Gujarat,2026-07-11,Student,9200.0,Single,Store,Bronze
CUST002369,Manbir,Lall,23.0,Male,Mumbai,Maharashtra,2021-08-16,IT Professional,122500.0,Married,Mobile App,Silver
CUST002370,Rajeshri,Setty,54.0,Female,Hyderabad,Telangana,2019-12-29,Retail Employee,34500.0,Widowed,Store,Silver
CUST002371,Aachal,Toor,36.0,Female,Mysuru,Karnataka,2021-02-02,Engineer,133300.0,Single,Store,Silver
CUST002372,Sachi,Goyal,31.0,Female,Kanpur,Uttar Pradesh,2019-02-15,Government Employee,74500.0,Divorced,Online,Silver
CUST002373,Aditya,Patla,40.0,Male,Bhubaneswar,Odisha,2019-04-18,Homemaker,13400.0,Single,Online,Bronze
CUST002374,Kashvi,Nagi,45.0,Female,Chennai,Tamil Nadu,2019-05-11,Self-Employed,209300.0,Married,Online,Platinum
CUST002375,Bhavika,Yohannan,53.0,Female,Kanpur,Uttar Pradesh,2019-03-06,IT Professional,144500.0,Married,Online,Gold
CUST002376,Rishi,Gupta,57.0,Male,Ahmedabad,Gujarat,2020-12-19,Student,35700.0,Widowed,Online,Bronze
CUST002377,Zaitra,Tank,33.0,Female,Bhubaneswar,Odisha,2019-06-10,Self-Employed,87900.0,Married,Store,Gold
CUST002378,Faraj,Mandal,21.0,Male,Lucknow,Uttar Pradesh,2023-08-17,Student,8400.0,Single,Mobile App,Bronze
CUST002379,Ojasvi,Rout,33.0,Female,Pune,Maharashtra,2019-08-17,Retail Employee,27300.0,Married,Online,Silver
CUST002380,Oeshi,Choudhry,41.0,Female,Ahmedabad,Gujarat,2021-04-05,Retail Employee,27100.0,Widowed,Store,Silver
CUST002381,Chasmum,Virk,25.0,Female,Coimbatore,Tamil Nadu,2019-08-17,Engineer,104200.0,Married,Mobile App,Gold
CUST002382,Bhavna,Bassi,26.0,Female,Mumbai,Maharashtra,2018-09-16,Self-Employed,154900.0,Single,Mobile App,Platinum
CUST002383,Eiravati,Gokhale,42.0,Female,New Delhi,Delhi,2021-06-29,Teacher,61000.0,Married,Store,Silver
CUST002384,Anamika,Jaggi,37.0,Female,Kochi,Kerala,2021-05-05,Student,9000.0,Single,Store,Bronze
CUST002385,Chatresh,Sunder,38.0,Male,Thiruvananthapuram,Kerala,2021-04-03,IT Professional,141400.0,Married,Online,Gold
CUST002386,Inaya,Chaudhary,28.0,Female,Jodhpur,Rajasthan,2020-05-01,Business Owner,72600.0,Single,Mobile App,Silver
CUST002387,Amol,Rama,35.0,Male,Amritsar,Punjab,2020-10-02,Government Employee,76200.0,Single,Mobile App,Silver
CUST002388,Yash,Vora,26.0,Male,Lucknow,Uttar Pradesh,2019-03-16,Retail Employee,30400.0,Married,Store,Silver
CUST002389,Lavanya,Bawa,50.0,Female,Mumbai,Maharashtra,2020-03-15,Homemaker,4700.0,Married,Store,Bronze
CUST002390,Rajeshri,Kant,51.0,Female,Bengaluru,Karnataka,2020-03-03,Homemaker,17300.0,Married,Online,Bronze
CUST002391,Balendra,Arya,18.0,Male,Mumbai,Maharashtra,2026-07-11,Sales Executive,86800.0,Single,Mobile App,Silver
CUST002392,Hemang,Swamy,26.0,Male,Pune,Maharashtra,2020-07-16,Self-Employed,166300.0,Single,Online,Gold
CUST002393,Balveer,Sidhu,19.0,Male,Delhi,Delhi,2025-08-16,Student,7700.0,Single,Mobile App,Bronze
CUST002394,Azaan,Patel,30.0,Male,Chennai,Tamil Nadu,2019-05-10,Retail Employee,22600.0,Married,Online,Silver
CUST002395,Sarthak,Pillay,37.0,Male,Chandigarh,Chandigarh,2019-04-15,Teacher,49900.0,Married,Mobile App,Silver
CUST002396,Barkha,Lata,19.0,Female,Bhopal,Madhya Pradesh,2025-08-16,Student,14000.0,Single,Mobile App,Bronze
CUST002397,Anmol,Bobal,26.0,Male,Kolkata,West Bengal,2021-03-12,Homemaker,11800.0,Married,Mobile App,Bronze
CUST002398,Max,Brahmbhatt,25.0,Male,Thiruvananthapuram,Kerala,2020-12-26,Self-Employed,45100.0,Married,Mobile App,Bronze
CUST002399,Hritik,Venkataraman,41.0,Male,Chennai,Tamil Nadu,2020-07-27,Business Owner,252200.0,Married,Online,Gold
CUST002400,Gunbir,Chaudhuri,39.0,Other,Indore,Madhya Pradesh,2020-10-01,Retail Employee,26800.0,Married,Store,Bronze
CUST002401,Jack,Wali,29.0,Male,Chennai,Tamil Nadu,2019-08-15,Sales Executive,39100.0,Divorced,Online,Silver
CUST002402,Reyansh,Gupta,40.0,Male,Bengaluru,Karnataka,2019-02-21,Self-Employed,197400.0,Married,Online,Platinum
CUST002403,Gopal,Vora,31.0,Male,Kochi,Kerala,2021-01-18,Retail Employee,22700.0,Married,Online,Bronze
CUST002404,Kritika,Gola,34.0,Female,Hyderabad,Telangana,2019-12-08,Sales Executive,65800.0,Married,Store,Silver
CUST002405,Triya,Cherian,60.0,Female,Chennai,Tamil Nadu,2020-07-09,Retired,25000.0,Married,Store,Bronze
CUST002406,Praneel,Shanker,55.0,Male,Bengaluru,Karnataka,2020-02-09,Student,20500.0,Married,Store,Bronze
CUST002407,Tanay,Chawla,21.0,Male,Ahmedabad,Gujarat,2023-08-17,Retail Employee,16100.0,Single,Online,Bronze
CUST002408,Fiyaz,Gole,49.0,Male,Ludhiana,Punjab,2018-12-11,Doctor,238200.0,Married,Mobile App,Platinum
CUST002409,Suhani,Thaman,49.0,Female,Mumbai,Maharashtra,2021-01-18,Student,17700.0,Married,Store,Bronze
CUST002410,Pahal,Dugar,23.0,Female,Patna,Bihar,2021-08-16,Teacher,41800.0,Single,Mobile App,Silver
CUST002411,Timothy,Pandey,49.0,Male,Mumbai,Maharashtra,2019-09-29,Retired,44800.0,Single,Online,Silver
CUST002412,Nakul,Nair,58.0,Male,Hyderabad,Telangana,2020-06-10,Doctor,294900.0,Divorced,Store,Gold
CUST002413,Quincy,Sachar,23.0,Male,Nagpur,Maharashtra,2021-08-16,Business Owner,108000.0,Married,Mobile App,Silver
CUST002414,Tanveer,Naik,26.0,Male,Jaipur,Rajasthan,2021-04-10,Retail Employee,29200.0,Married,Mobile App,Bronze
CUST002415,Kavya,Kala,51.0,Female,Mumbai,Maharashtra,2019-12-13,Student,18500.0,Married,Store,Silver
CUST002416,Raghav,Kumar,42.0,Male,Madurai,Tamil Nadu,2020-09-21,Government Employee,61200.0,Married,Store,Silver
CUST002417,Pranit,Sethi,45.0,Male,Bengaluru,Karnataka,2018-08-19,Government Employee,50600.0,Divorced,Mobile App,Silver
CUST002418,Udarsh,Ranganathan,42.0,Male,Pune,Maharashtra,2020-05-28,Government Employee,93200.0,Married,Mobile App,Silver
CUST002419,Aachal,Banerjee,43.0,Female,Udaipur,Rajasthan,2020-12-27,Retail Employee,36000.0,Single,Online,Silver
CUST002420,Meghana,Babu,21.0,Female,Delhi,Delhi,2023-08-17,Student,11900.0,Single,Online,Bronze
CUST002421,Ekansh,Mittal,52.0,Male,Delhi,Delhi,2020-11-22,Teacher,45700.0,Married,Store,Silver
CUST002422,Aarush,Mital,53.0,Male,Bengaluru,Karnataka,2020-02-22,Self-Employed,260400.0,Single,Online,Platinum
CUST002423,Indrajit,Kala,35.0,Male,Kolkata,West Bengal,2020-03-05,Retail Employee,22900.0,Married,Online,Silver
CUST002424,Nisha,Bains,37.0,Female,Ahmedabad,Gujarat,2020-04-06,IT Professional,204500.0,Single,Mobile App,Gold
CUST002425,Lakshit,Vaidya,18.0,Male,Mumbai,Maharashtra,2026-07-11,Student,5700.0,Single,Store,Bronze
CUST002426,Garima,Chandra,45.0,Female,Delhi,Delhi,2020-12-22,IT Professional,161100.0,Married,Store,Gold
CUST002427,Anjali,Sharma,45.0,Female,Warangal,Telangana,2018-11-29,Student,19200.0,Widowed,Online,Silver
CUST002428,Rachana,Dugal,37.0,Female,Bengaluru,Karnataka,2019-04-02,Homemaker,16700.0,Single,Store,Silver
CUST002429,Ekapad,Lanka,53.0,Male,Indore,Madhya Pradesh,2020-08-16,Self-Employed,118100.0,Married,Online,Gold
CUST002430,Rajeshri,Krish,34.0,Female,Jodhpur,Rajasthan,2021-01-30,IT Professional,167300.0,Married,Store,Silver
CUST002431,Kamala,Kunda,45.0,Female,Kolkata,West Bengal,2020-10-14,Student,15700.0,Divorced,Mobile App,Bronze
CUST002432,Mason,Chanda,25.0,Male,Bengaluru,Karnataka,2020-08-17,Engineer,98600.0,Married,Mobile App,Silver
CUST002433,Ryan,Kalla,38.0,Male,Ahmedabad,Gujarat,2019-12-15,Self-Employed,173900.0,Married,Store,Platinum
CUST002434,Balvan,Nair,36.0,Male,Varanasi,Uttar Pradesh,2021-06-26,Retail Employee,25300.0,Married,Online,Bronze
CUST002435,Wyatt,Ghose,41.0,Male,Kolkata,West Bengal,2018-11-18,Engineer,117500.0,Married,Mobile App,Gold
CUST002436,Yagnesh,Chandran,33.0,Male,Udaipur,Rajasthan,2021-04-30,Self-Employed,56100.0,Married,Store,Silver
CUST002437,Netra,Barad,36.0,Female,Vadodara,Gujarat,2020-10-14,Self-Employed,132800.0,Married,Online,Gold
CUST002438,Rayaan,Brar,49.0,Male,Kolkata,West Bengal,2021-04-18,Self-Employed,208100.0,Married,Online,Gold
CUST002439,Baghyawati,Natt,32.0,Female,Bengaluru,Karnataka,2020-11-08,Sales Executive,98500.0,Married,Online,Silver
CUST002440,Owen,Saraf,18.0,Male,Vadodara,Gujarat,2026-07-11,Sales Executive,65800.0,Single,Online,Silver
CUST002441,Turvi,Dara,61.0,Female,Delhi,Delhi,2019-10-12,Retired,48600.0,Divorced,Online,Silver
CUST002442,Ishaan,Apte,56.0,Male,Udaipur,Rajasthan,2020-12-10,Engineer,192700.0,Married,Online,Gold
CUST002443,Sai,Bhagat,21.0,Female,Lucknow,Uttar Pradesh,2023-08-17,Retail Employee,28000.0,Single,Store,Bronze
CUST002444,Michael,Viswanathan,47.0,Male,Kanpur,Uttar Pradesh,2019-03-23,Business Owner,159600.0,Married,Online,Gold
CUST002445,Ansh,Nagar,31.0,Male,Chennai,Tamil Nadu,2019-05-13,Retired,47000.0,Married,Online,Silver
CUST002446,Falguni,Narain,41.0,Female,Delhi,Delhi,2019-01-30,Student,16600.0,Married,Mobile App,Silver
CUST002447,Zayan,Kant,42.0,Male,Pune,Maharashtra,2019-10-07,Teacher,72800.0,Married,Online,Silver
CUST002448,Ganga,Bedi,35.0,Female,Vadodara,Gujarat,2020-02-14,Government Employee,65800.0,Married,Mobile App,Platinum
CUST002449,Shravya,Sehgal,28.0,Female,Indore,Madhya Pradesh,2020-07-03,Government Employee,47100.0,Single,Online,Silver
CUST002450,Zayyan,Chana,29.0,Male,Ahmedabad,Gujarat,2020-12-14,Government Employee,55400.0,Divorced,Mobile App,Silver
CUST002451,Janya,Sankaran,26.0,Female,Pune,Maharashtra,2019-12-14,Business Owner,195200.0,Married,Online,Gold
CUST002452,Mohini,Ramesh,27.0,Female,Thiruvananthapuram,Kerala,2018-12-16,Student,14200.0,Married,Mobile App,Silver
CUST002453,Ethan,Deo,37.0,Male,Ludhiana,Punjab,2019-11-04,Business Owner,431700.0,Single,Store,Gold
CUST002454,Pahal,Butala,29.0,Female,Warangal,Telangana,2018-11-13,Business Owner,242700.0,Married,Online,Platinum
CUST002455,Vyanjana,Bawa,47.0,Female,Kolkata,West Bengal,2020-07-21,Government Employee,79800.0,Married,Online,Silver
CUST002456,Ryan,Lala,57.0,Male,Udaipur,Rajasthan,2019-07-17,Government Employee,69700.0,Married,Mobile App,Silver
CUST002457,Brijesh,Rastogi,30.0,Male,Surat,Gujarat,2019-09-05,Engineer,102100.0,Married,Online,Gold
CUST002458,Yamini,Saraf,41.0,Female,Bhubaneswar,Odisha,2019-08-13,Self-Employed,227900.0,Married,Online,Platinum
CUST002459,Dhruv,Deshmukh,44.0,Male,Pune,Maharashtra,2019-09-09,Sales Executive,74300.0,Married,Online,Gold
CUST002460,Wridesh,Hora,44.0,Male,Kolkata,West Bengal,2020-12-16,Student,77800.0,Married,Online,Silver
CUST002461,Yagnesh,Rana,38.0,Male,Ahmedabad,Gujarat,2021-03-12,Homemaker,7100.0,Married,Online,Bronze
CUST002462,Indira,Viswanathan,48.0,Female,Indore,Madhya Pradesh,2018-09-09,Engineer,131400.0,Married,Mobile App,Gold
CUST002463,Jatin,Kibe,44.0,Male,Bhopal,Madhya Pradesh,2021-06-28,Sales Executive,112300.0,Married,Store,Silver
CUST002464,Balendra,Lata,22.0,Male,Amritsar,Punjab,2022-08-17,Retail Employee,25000.0,Single,Online,Bronze
CUST002465,Upasna,Naik,49.0,Female,Chennai,Tamil Nadu,2020-05-07,Sales Executive,78700.0,Married,Mobile App,Silver
CUST002466,Chaitanya,Chowdhury,50.0,Male,Kanpur,Uttar Pradesh,2020-07-18,Student,15200.0,Married,Store,Bronze
CUST002467,Samuel,Sampath,28.0,Male,Hyderabad,Telangana,2019-04-12,Homemaker,3000.0,Married,Online,Bronze
CUST002468,Jasmit,Pall,38.0,Other,Hyderabad,Telangana,2019-05-23,IT Professional,125900.0,Married,Online,Gold
CUST002469,Ikshita,Nagi,47.0,Female,New Delhi,Delhi,2018-11-28,Self-Employed,115300.0,Married,Mobile App,Gold
CUST002470,Pooja,Bajwa,35.0,Female,Kanpur,Uttar Pradesh,2020-06-09,Retail Employee,21400.0,Married,Store,Bronze
CUST002471,Michael,Gara,52.0,Male,Ludhiana,Punjab,2019-12-07,IT Professional,185500.0,Married,Store,Platinum
CUST002472,Pushti,Sathe,69.0,Female,New Delhi,Delhi,2018-12-13,Retired,12300.0,Married,Online,Bronze
CUST002473,Elijah,Sastry,28.0,Male,Mumbai,Maharashtra,2018-08-23,Government Employee,201500.0,Married,Mobile App,Platinum
CUST002474,Anthony,Kaur,20.0,Male,Kanpur,Uttar Pradesh,2024-08-16,Student,9700.0,Single,Online,Bronze
CUST002475,Harish,Prakash,42.0,Male,Kolkata,West Bengal,2019-06-22,Self-Employed,119800.0,Married,Store,Gold
CUST002476,Faras,Chada,47.0,Male,Bhubaneswar,Odisha,2021-03-12,Student,17600.0,Married,Online,Bronze
CUST002477,Dayita,Bhagat,35.0,Female,New Delhi,Delhi,2021-07-22,Teacher,60400.0,Married,Store,Silver
CUST002478,Jairaj,Divan,57.0,Male,Mumbai,Maharashtra,2019-02-24,Retail Employee,40800.0,Married,Mobile App,Gold
CUST002479,Mitali,Atwal,21.0,Female,Chennai,Tamil Nadu,2023-08-17,Student,16200.0,Single,Mobile App,Bronze
CUST002480,Pavani,Choudhry,47.0,Female,Pune,Maharashtra,2019-05-21,Government Employee,67400.0,Divorced,Online,Gold
CUST002481,Niharika,Sengupta,30.0,Female,Bengaluru,Karnataka,2020-10-14,Government Employee,60300.0,Married,Online,Silver
CUST002482,Warinder,Bajaj,60.0,Male,Pune,Maharashtra,2019-09-15,Retired,15100.0,Married,Store,Bronze
CUST002483,Oni,Kadakia,64.0,Female,Delhi,Delhi,2020-09-04,Business Owner,362400.0,Married,Store,Gold
CUST002484,Hitesh,Jani,38.0,Male,Pune,Maharashtra,2020-04-09,Retail Employee,20200.0,Married,Mobile App,Bronze
CUST002485,Kai,Subramanian,31.0,Male,Bhubaneswar,Odisha,2020-06-23,Retail Employee,29100.0,Married,Mobile App,Silver
CUST002486,Lohit,Badami,49.0,Other,Bengaluru,Karnataka,2018-11-19,Government Employee,64400.0,Married,Mobile App,Gold
CUST002487,Raghav,Vyas,33.0,Male,Warangal,Telangana,2020-12-03,Homemaker,6100.0,Married,Mobile App,Bronze
CUST002488,Anthony,Kumer,37.0,Male,Patna,Bihar,2019-11-22,IT Professional,92400.0,Married,Online,Gold
CUST002489,Harinakshi,Bhasin,38.0,Female,Ahmedabad,Gujarat,2020-07-17,Engineer,73700.0,Single,Mobile App,Silver
CUST002490,Lucky,Iyer,18.0,Male,Kolkata,West Bengal,2026-07-11,Student,12900.0,Single,Store,Bronze
CUST002491,Lopa,Bera,38.0,Female,Ahmedabad,Gujarat,2019-12-07,IT Professional,87400.0,Married,Online,Gold
CUST002492,Viraj,Anand,29.0,Male,Kanpur,Uttar Pradesh,2018-11-08,Student,14100.0,Married,Online,Silver
CUST002493,Bahadurjit,Rama,32.0,Male,Indore,Madhya Pradesh,2021-04-27,Student,18100.0,Married,Mobile App,Bronze
CUST002494,Krishna,Parsa,38.0,Male,Howrah,West Bengal,2020-12-17,IT Professional,170800.0,Widowed,Online,Gold
CUST002495,Chatura,Bahl,22.0,Male,Indore,Madhya Pradesh,2022-08-17,Student,8000.0,Single,Store,Bronze
CUST002496,Madhav,Raju,49.0,Male,Coimbatore,Tamil Nadu,2020-07-08,Retail Employee,36900.0,Single,Online,Silver
CUST002497,Kala,Rai,34.0,Female,Bengaluru,Karnataka,2021-02-16,Doctor,231800.0,Married,Online,Gold
CUST002498,Yashoda,Chaudhary,34.0,Female,Indore,Madhya Pradesh,2020-02-12,Retired,16600.0,Single,Store,Silver
CUST002499,Nisha,Sundaram,48.0,Female,Madurai,Tamil Nadu,2019-09-02,IT Professional,99700.0,Married,Store,Gold
CUST002500,Chaitanya,Grewal,42.0,Male,Patna,Bihar,2021-06-28,Engineer,164900.0,Married,Mobile App,Gold
CUST002501,Ira,Tella,45.0,Female,Mumbai,Maharashtra,2020-10-01,Homemaker,11000.0,Married,Store,Bronze
CUST002502,Vasudha,Bains,51.0,Female,Hyderabad,Telangana,2019-03-13,Self-Employed,291500.0,Married,Online,Platinum
CUST002503,Anusha,Kota,34.0,Female,Guwahati,Assam,2020-01-24,IT Professional,171600.0,Married,Store,Gold
CUST002504,Michael,Nath,30.0,Male,New Delhi,Delhi,2021-07-08,Business Owner,115700.0,Married,Mobile App,Gold
CUST002505,Wishi,Ramaswamy,24.0,Female,Guwahati,Assam,2020-10-11,Retail Employee,26300.0,Married,Online,Silver
CUST002506,Gaurangi,Badami,27.0,Female,Bhubaneswar,Odisha,2019-09-16,IT Professional,113400.0,Single,Online,Gold
CUST002507,Oscar,Pandey,75.0,Male,Indore,Madhya Pradesh,2021-01-10,Retired,41700.0,Widowed,Store,Silver
CUST002508,Raagini,Mittal,54.0,Female,Kolkata,West Bengal,2019-02-22,Retail Employee,35800.0,Married,Store,Silver
CUST002509,Jacob,Thaker,20.0,Male,Ahmedabad,Gujarat,2024-08-16,Student,14200.0,Single,Online,Bronze
CUST002510,Manya,Bhatia,21.0,Female,Bhopal,Madhya Pradesh,2023-08-17,Student,14400.0,Single,Mobile App,Bronze
CUST002511,Lavanya,Ram,44.0,Female,Udaipur,Rajasthan,2018-11-17,Business Owner,232100.0,Married,Online,Platinum
CUST002512,Amruta,Mammen,45.0,Female,Kolkata,West Bengal,2020-06-13,IT Professional,142500.0,Married,Mobile App,Gold
CUST002513,Isaiah,Doshi,45.0,Male,Amritsar,Punjab,2020-12-02,Engineer,177300.0,Married,Mobile App,Gold
CUST002514,Onkar,Ramaswamy,35.0,Male,Ahmedabad,Gujarat,2019-08-23,Retail Employee,31000.0,Married,Online,Silver
CUST002515,Ekantika,Chahal,36.0,Female,Amritsar,Punjab,2019-11-27,Retail Employee,115200.0,Married,Store,Gold
CUST002516,Rayaan,Verma,42.0,Male,Mumbai,Maharashtra,2020-08-14,Engineer,155200.0,Married,Mobile App,Gold
CUST002517,Ishaan,Sahni,39.0,Male,Pune,Maharashtra,2020-08-05,Retired,43400.0,Married,Store,Silver
CUST002518,Kavya,Dua,18.0,Female,Chennai,Tamil Nadu,2026-07-11,Student,10900.0,Divorced,Mobile App,Bronze
CUST002519,Tanay,Muni,35.0,Male,Hyderabad,Telangana,2020-10-01,Government Employee,47100.0,Married,Mobile App,Silver
CUST002520,Nitesh,Sen,27.0,Male,Udaipur,Rajasthan,2019-06-30,Sales Executive,46200.0,Divorced,Mobile App,Silver
CUST002521,Dominic,Jhaveri,40.0,Male,Nagpur,Maharashtra,2019-09-03,Student,22500.0,Married,Online,Silver
CUST002522,Ekapad,Jain,75.0,Male,Amritsar,Punjab,2020-04-20,Self-Employed,231700.0,Married,Store,Gold
CUST002523,Ekantika,More,43.0,Female,Bengaluru,Karnataka,2020-06-06,IT Professional,203000.0,Married,Online,Gold
CUST002524,Zaitra,Deshmukh,34.0,Female,Hyderabad,Telangana,2020-07-12,IT Professional,179200.0,Single,Online,Gold
CUST002525,Upasna,Dhillon,50.0,Female,Bengaluru,Karnataka,2020-10-10,Government Employee,105500.0,Single,Online,Gold
CUST002526,Gaurangi,Nadkarni,44.0,Female,Kolkata,West Bengal,2021-05-14,Government Employee,67500.0,Married,Online,Silver
CUST002527,Bhavna,Walia,43.0,Female,Mumbai,Maharashtra,2020-10-26,Government Employee,83100.0,Married,Mobile App,Silver
CUST002528,Dhriti,Gour,46.0,Female,Pune,Maharashtra,2020-08-29,Sales Executive,88200.0,Married,Store,Silver
CUST002529,Nathan,Dhingra,65.0,Male,Vadodara,Gujarat,2019-12-25,Student,586600.0,Divorced,Mobile App,Platinum
CUST002530,Amruta,Nagar,23.0,Female,Delhi,Delhi,2021-08-16,Doctor,164700.0,Single,Mobile App,Silver
CUST002531,Samuel,Sabharwal,44.0,Male,Delhi,Delhi,2020-06-09,Self-Employed,237000.0,Married,Online,Gold
CUST002532,Nidra,Savant,26.0,Female,Jodhpur,Rajasthan,2018-10-16,Government Employee,58400.0,Married,Online,Silver
CUST002533,Mahika,Doshi,45.0,Female,Pune,Maharashtra,2019-02-22,Engineer,149500.0,Single,Online,Gold
CUST002534,Girindra,Chhabra,26.0,Male,Warangal,Telangana,2018-09-02,IT Professional,152300.0,Single,Mobile App,Gold
CUST002535,Ekaja,Goyal,38.0,Female,Mumbai,Maharashtra,2018-12-30,Self-Employed,209500.0,Married,Mobile App,Platinum
CUST002536,Agastya,Loke,34.0,Male,Mysuru,Karnataka,2019-10-10,Government Employee,71900.0,Married,Store,Silver
CUST002537,Kala,Kata,51.0,Female,Ahmedabad,Gujarat,2019-10-30,Engineer,154400.0,Married,Mobile App,Gold
CUST002538,Jack,Bal,50.0,Male,Pune,Maharashtra,2021-03-27,Sales Executive,79600.0,Married,Mobile App,Silver
CUST002539,Rachita,Buch,22.0,Female,Indore,Madhya Pradesh,2022-08-17,Student,12000.0,Single,Online,Bronze
CUST002540,William,Desai,39.0,Male,Kochi,Kerala,2019-10-29,Student,13200.0,Married,Mobile App,Bronze
CUST002541,Zayan,Singh,29.0,Male,Pune,Maharashtra,2020-02-08,IT Professional,106100.0,Married,Mobile App,Gold
CUST002542,Rachit,Gour,22.0,Male,Ludhiana,Punjab,2022-08-17,Student,16800.0,Single,Mobile App,Bronze
CUST002543,Rishi,Swamy,35.0,Male,Bengaluru,Karnataka,2020-04-17,Doctor,196300.0,Married,Online,Gold
CUST002544,Warjas,Devan,34.0,Male,Pune,Maharashtra,2020-01-20,Homemaker,10900.0,Married,Online,Bronze
CUST002545,Gautami,Hans,70.0,Female,Mumbai,Maharashtra,2020-06-06,Retired,47500.0,Married,Online,Silver
CUST002546,Isaiah,Bali,44.0,Male,Hyderabad,Telangana,2019-06-22,IT Professional,144500.0,Married,Online,Gold
CUST002547,Samarth,Aurora,20.0,Male,Kolkata,West Bengal,2024-08-16,Retail Employee,21100.0,Single,Mobile App,Bronze
CUST002548,Krishna,Sachar,38.0,Male,Bengaluru,Karnataka,2019-02-07,Retail Employee,23000.0,Married,Store,Silver
CUST002549,Janya,Jain,51.0,Female,Varanasi,Uttar Pradesh,2019-04-08,Government Employee,72500.0,Married,Store,Gold
CUST002550,Ishani,Bhatti,65.0,Female,Ahmedabad,Gujarat,2021-08-01,Homemaker,11200.0,Widowed,Store,Bronze
CUST002551,Hema,Sarna,18.0,Female,Mysuru,Karnataka,2026-07-11,Student,16600.0,Single,Online,Bronze
CUST002552,Wishi,Nair,18.0,Female,Surat,Gujarat,2026-07-11,Student,13300.0,Single,Online,Bronze
CUST002553,Veer,Koshy,62.0,Male,Guwahati,Assam,2018-12-17,Retired,17500.0,Married,Online,Silver
CUST002554,Tanay,Ravel,38.0,Male,Pune,Maharashtra,2021-01-12,Doctor,229500.0,Married,Online,Gold
CUST002555,Ansh,Rai,27.0,Male,Bengaluru,Karnataka,2020-04-22,Self-Employed,65800.0,Married,Online,Gold
CUST002556,Nirja,Ramesh,45.0,Female,Chennai,Tamil Nadu,2019-05-18,Self-Employed,65800.0,Married,Online,Gold
CUST002557,Balvan,Verma,18.0,Other,Chennai,Tamil Nadu,2026-07-11,Student,12300.0,Single,Mobile App,Bronze
CUST002558,Darika,Seth,38.0,Female,Madurai,Tamil Nadu,2020-05-18,Sales Executive,106100.0,Married,Store,Gold
CUST002559,Vedant,Basak,42.0,Male,Bengaluru,Karnataka,2019-08-04,Engineer,159100.0,Married,Store,Gold
CUST002560,Jason,Venkataraman,50.0,Male,Ahmedabad,Gujarat,2019-12-24,Business Owner,219900.0,Married,Store,Platinum
CUST002561,Rudra,Baral,25.0,Male,Howrah,West Bengal,2020-10-18,Engineer,146800.0,Married,Online,Gold
CUST002562,Sara,Varty,39.0,Female,Kolkata,West Bengal,2019-09-08,Retail Employee,32600.0,Married,Online,Silver
CUST002563,Aryan,Gupta,38.0,Male,Pune,Maharashtra,2021-01-04,Homemaker,22700.0,Married,Mobile App,Bronze
CUST002564,Mugdha,Sarraf,41.0,Female,Chennai,Tamil Nadu,2019-07-18,Retail Employee,25500.0,Widowed,Store,Silver
CUST002565,Rushil,Modi,26.0,Male,Hyderabad,Telangana,2021-08-13,Government Employee,45800.0,Married,Online,Bronze
CUST002566,Mekhala,Shenoy,33.0,Female,Chennai,Tamil Nadu,2019-12-24,Self-Employed,76400.0,Divorced,Mobile App,Gold
CUST002567,Geetika,Sami,25.0,Female,Kochi,Kerala,2020-06-03,Engineer,102500.0,Single,Store,Silver
CUST002568,Nandini,Bhagat,46.0,Female,Chennai,Tamil Nadu,2020-09-18,Self-Employed,108100.0,Single,Store,Silver
CUST002569,Yauvani,Dhar,49.0,Female,Mumbai,Maharashtra,2020-01-29,IT Professional,182200.0,Married,Store,Platinum
CUST002570,Vedika,Seth,35.0,Female,Warangal,Telangana,2019-09-09,Teacher,52700.0,Single,Store,Silver
CUST002571,Chandani,Tella,38.0,Female,Kanpur,Uttar Pradesh,2018-09-24,Sales Executive,93500.0,Married,Store,Gold
CUST002572,Dayita,Gole,19.0,Female,Udaipur,Rajasthan,2025-08-16,Student,9600.0,Single,Store,Bronze
CUST002573,Ekanta,Ramaswamy,34.0,Female,Chennai,Tamil Nadu,2019-06-22,Sales Executive,87700.0,Married,Mobile App,Gold
CUST002574,Odika,Naik,37.0,Other,New Delhi,Delhi,2020-03-09,Government Employee,55700.0,Married,Store,Silver
CUST002575,Varenya,Bakshi,38.0,Female,Chennai,Tamil Nadu,2020-06-13,Self-Employed,255000.0,Widowed,Store,Gold
CUST002576,Hemal,Setty,24.0,Female,Kolkata,West Bengal,2021-07-12,Retail Employee,17000.0,Married,Store,Bronze
CUST002577,Isha,Sha,57.0,Female,Ludhiana,Punjab,2020-07-19,Engineer,116100.0,Married,Store,Gold
CUST002578,Chakradev,Krishna,51.0,Male,Howrah,West Bengal,2019-01-30,Sales Executive,130000.0,Married,Online,Gold
CUST002579,Neel,Gade,42.0,Male,Ahmedabad,Gujarat,2020-06-21,IT Professional,117500.0,Married,Mobile App,Gold
CUST002580,David,Chand,61.0,Male,Chennai,Tamil Nadu,2020-03-28,Business Owner,215000.0,Married,Mobile App,Gold
CUST002581,Deepa,Sengupta,38.0,Female,Hyderabad,Telangana,2020-10-22,Self-Employed,163200.0,Married,Mobile App,Gold
CUST002582,Radhika,Chada,38.0,Female,Lucknow,Uttar Pradesh,2020-10-20,Business Owner,65800.0,Married,Online,Gold
CUST002583,Rehaan,Vaidya,37.0,Male,Chennai,Tamil Nadu,2021-06-09,Sales Executive,52300.0,Single,Online,Silver
CUST002584,Gauri,Radhakrishnan,54.0,Female,Ludhiana,Punjab,2019-10-14,IT Professional,65800.0,Married,Online,Gold
CUST002585,Sachi,Bassi,52.0,Female,Chennai,Tamil Nadu,2020-04-12,Retail Employee,40700.0,Married,Mobile App,Silver
CUST002586,Frederick,Nayak,30.0,Male,Mumbai,Maharashtra,2019-10-22,Student,12200.0,Single,Online,Silver
CUST002587,Falguni,Gaba,21.0,Female,Ahmedabad,Gujarat,2023-08-17,Student,5100.0,Single,Mobile App,Bronze
CUST002588,Eta,Gola,35.0,Female,Mumbai,Maharashtra,2019-03-25,Retail Employee,30600.0,Married,Online,Silver
CUST002589,Atharv,Saini,28.0,Male,New Delhi,Delhi,2019-05-16,Engineer,65800.0,Married,Online,Gold
CUST002590,Nikita,More,37.0,Female,Mysuru,Karnataka,2019-04-24,Retail Employee,40100.0,Married,Online,Silver
CUST002591,Vansha,Mani,54.0,Female,Vadodara,Gujarat,2020-02-16,Student,12700.0,Married,Mobile App,Silver
CUST002592,Gautam,Dalal,32.0,Male,Chennai,Tamil Nadu,2020-07-24,Student,10500.0,Single,Mobile App,Bronze
CUST002593,Dominic,Jain,37.0,Male,Mumbai,Maharashtra,2018-10-28,Self-Employed,243000.0,Single,Online,Platinum
CUST002594,Aarush,Kulkarni,39.0,Other,Kolkata,West Bengal,2021-06-18,Engineer,182900.0,Married,Online,Gold
CUST002595,Abeer,Shanker,49.0,Male,Hyderabad,Telangana,2021-03-02,Teacher,75300.0,Single,Mobile App,Silver
CUST002596,Yuvraj,Tara,18.0,Male,Kochi,Kerala,2026-07-11,Sales Executive,65800.0,Single,Online,Bronze
CUST002597,Aarnav,Tak,30.0,Male,Chennai,Tamil Nadu,2019-10-14,Student,9500.0,Single,Online,Bronze
CUST002598,Kashish,Kalla,41.0,Female,Ahmedabad,Gujarat,2021-08-07,Retired,46800.0,Married,Mobile App,Bronze
CUST002599,Vyanjana,Setty,54.0,Female,Delhi,Delhi,2019-06-20,Engineer,65800.0,Single,Store,Gold
CUST002600,Tara,Sathe,32.0,Female,Jaipur,Rajasthan,2019-12-13,Retail Employee,27600.0,Married,Online,Silver
CUST002601,Balveer,Ahuja,18.0,Male,Ahmedabad,Gujarat,2026-07-11,Retail Employee,23300.0,Single,Online,Bronze
CUST002602,Krisha,Mall,46.0,Female,Patna,Bihar,2020-05-09,Self-Employed,185200.0,Married,Online,Gold
CUST002603,Hemang,Bawa,30.0,Male,Mumbai,Maharashtra,2020-01-25,IT Professional,143400.0,Single,Store,Gold
CUST002604,George,Divan,23.0,Male,Chennai,Tamil Nadu,2021-08-16,Sales Executive,47600.0,Single,Store,Bronze
CUST002605,Ayaan,Palla,38.0,Male,Ahmedabad,Gujarat,2021-04-19,Retail Employee,25300.0,Married,Online,Bronze
CUST002606,Andrew,Dhillon,36.0,Male,Pune,Maharashtra,2020-10-03,Government Employee,66000.0,Married,Mobile App,Silver
CUST002607,Anamika,Misra,30.0,Female,Hyderabad,Telangana,2019-07-01,Student,65800.0,Married,Store,Bronze
CUST002608,Oni,Chahal,18.0,Female,Guwahati,Assam,2026-07-11,Student,7600.0,Single,Mobile App,Bronze
CUST002609,Aryan,Chopra,50.0,Male,Warangal,Telangana,2020-03-08,Government Employee,63000.0,Single,Online,Silver
CUST002610,Turvi,Gokhale,55.0,Female,Ludhiana,Punjab,2019-11-29,Sales Executive,87900.0,Married,Mobile App,Gold
CUST002611,Gaurika,Mane,46.0,Female,Mumbai,Maharashtra,2019-12-12,Student,11400.0,Married,Mobile App,Bronze
CUST002612,Hema,Shah,23.0,Female,Ahmedabad,Gujarat,2021-08-16,IT Professional,62700.0,Single,Online,Silver
CUST002613,Pranit,Banik,35.0,Male,Kolkata,West Bengal,2021-05-01,Engineer,130700.0,Married,Online,Gold
CUST002614,Charita,Mistry,38.0,Female,Chennai,Tamil Nadu,2018-12-08,Sales Executive,47000.0,Married,Online,Silver
CUST002615,Neel,Pillay,46.0,Male,Amritsar,Punjab,2019-10-29,Retired,58300.0,Divorced,Store,Silver
CUST002616,Sachi,Bir,47.0,Female,Pune,Maharashtra,2019-07-14,Student,212100.0,Married,Online,Platinum
CUST002617,Tanay,Bhattacharyya,28.0,Male,Patna,Bihar,2020-03-26,Homemaker,75500.0,Married,Online,Silver
CUST002618,Mugdha,Sinha,39.0,Female,Ahmedabad,Gujarat,2019-05-10,Self-Employed,65800.0,Married,Online,Platinum
CUST002619,Ekalinga,Dara,44.0,Male,New Delhi,Delhi,2019-11-15,Homemaker,7000.0,Married,Mobile App,Bronze
CUST002620,Laksh,Narayan,57.0,Male,Patna,Bihar,2021-06-18,Business Owner,425900.0,Married,Store,Gold
CUST002621,Zansi,Sachdev,47.0,Female,Hyderabad,Telangana,2018-12-15,Student,15300.0,Married,Online,Silver
CUST002622,Zaitra,Kadakia,48.0,Female,Lucknow,Uttar Pradesh,2020-09-15,Student,170600.0,Married,Online,Gold
CUST002623,Jagrati,Bhardwaj,39.0,Female,Hyderabad,Telangana,2021-03-18,Engineer,81400.0,Married,Store,Silver
CUST002624,Darika,Wadhwa,56.0,Female,Chandigarh,Chandigarh,2021-05-12,Teacher,68500.0,Married,Store,Silver
CUST002625,Caleb,Sule,43.0,Male,Howrah,West Bengal,2019-06-19,Student,78100.0,Married,Store,Gold
CUST002626,Mitali,Sane,27.0,Female,Pune,Maharashtra,2019-07-07,Engineer,77000.0,Single,Mobile App,Gold
CUST002627,Nathan,Lad,56.0,Male,Ahmedabad,Gujarat,2019-07-11,Sales Executive,94600.0,Married,Store,Gold
CUST002628,Peter,Dayal,47.0,Male,Delhi,Delhi,2018-11-17,Student,65800.0,Married,Online,Silver
CUST002629,Yadavi,Venkatesh,32.0,Female,Hyderabad,Telangana,2020-07-30,Self-Employed,213600.0,Married,Online,Gold
CUST002630,Yadavi,Tailor,32.0,Female,Delhi,Delhi,2019-12-10,Business Owner,393400.0,Married,Mobile App,Platinum
CUST002631,Hemangini,Kaul,42.0,Female,Mumbai,Maharashtra,2019-10-07,Homemaker,43600.0,Married,Store,Silver
CUST002632,Mohini,Hari,44.0,Female,Delhi,Delhi,2018-09-08,Sales Executive,122100.0,Single,Mobile App,Gold
CUST002633,Aachal,Dani,41.0,Female,Coimbatore,Tamil Nadu,2020-09-08,Self-Employed,106500.0,Married,Online,Gold
CUST002634,Advik,Shroff,42.0,Male,Chennai,Tamil Nadu,2018-10-03,IT Professional,196900.0,Married,Mobile App,Platinum
CUST002635,Daniel,Johal,60.0,Male,Chennai,Tamil Nadu,2021-03-06,Retired,40500.0,Widowed,Store,Silver
CUST002636,Triya,Sachdev,52.0,Female,New Delhi,Delhi,2019-05-02,Engineer,65800.0,Married,Online,Gold
CUST002637,Arin,Nath,40.0,Male,Ahmedabad,Gujarat,2019-09-23,Self-Employed,242700.0,Married,Store,Platinum
CUST002638,Parth,Kala,50.0,Male,Ahmedabad,Gujarat,2019-03-05,Sales Executive,68900.0,Married,Store,Silver
CUST002639,Abdul,Jaggi,25.0,Male,Hyderabad,Telangana,2021-07-16,Self-Employed,65800.0,Single,Online,Silver
CUST002640,Megha,Kumar,43.0,Female,Indore,Madhya Pradesh,2021-05-23,Retail Employee,38400.0,Married,Mobile App,Silver
CUST002641,Bahadurjit,Morar,62.0,Male,Howrah,West Bengal,2021-06-01,Business Owner,254900.0,Married,Mobile App,Gold
CUST002642,Netra,Toor,35.0,Female,Ahmedabad,Gujarat,2019-11-06,Student,40800.0,Divorced,Online,Silver
CUST002643,Ojasvi,Ahuja,27.0,Female,Bengaluru,Karnataka,2019-10-26,Student,9800.0,Married,Mobile App,Bronze
CUST002644,Dakshesh,Nath,30.0,Male,Mumbai,Maharashtra,2018-11-27,Retail Employee,28900.0,Married,Store,Silver
CUST002645,Panini,Randhawa,24.0,Female,Bhopal,Madhya Pradesh,2020-08-16,Retail Employee,17800.0,Single,Mobile App,Silver
CUST002646,Amrita,Gill,28.0,Female,Kanpur,Uttar Pradesh,2021-06-03,Self-Employed,217500.0,Married,Mobile App,Gold
CUST002647,Indali,Narayanan,33.0,Female,Pune,Maharashtra,2020-12-30,Government Employee,45400.0,Married,Store,Silver
CUST002648,Pallavi,Srinivas,20.0,Female,Hyderabad,Telangana,2024-08-16,Student,17100.0,Single,Store,Bronze
CUST002649,Warjas,Banik,38.0,Male,Ahmedabad,Gujarat,2019-04-18,Homemaker,16400.0,Single,Mobile App,Bronze
CUST002650,Ekanta,Subramaniam,50.0,Female,Ahmedabad,Gujarat,2019-03-07,Teacher,43400.0,Married,Online,Silver
CUST002651,Faras,Sharma,26.0,Male,Chandigarh,Chandigarh,2018-08-19,Student,7200.0,Single,Mobile App,Silver
CUST002652,Oviya,Shere,58.0,Female,Pune,Maharashtra,2020-05-22,Government Employee,70200.0,Married,Store,Silver
CUST002653,Triveni,Bhalla,45.0,Female,Hyderabad,Telangana,2021-07-26,Retail Employee,32400.0,Married,Online,Bronze
CUST002654,Yoshita,Mistry,51.0,Female,Pune,Maharashtra,2020-12-02,Retail Employee,45300.0,Married,Mobile App,Silver
CUST002655,Nakul,Wason,29.0,Male,Hyderabad,Telangana,2019-11-11,Student,7700.0,Single,Mobile App,Bronze
CUST002656,Aditya,Joshi,49.0,Male,Mumbai,Maharashtra,2018-09-27,Student,111600.0,Married,Online,Gold
CUST002657,Noah,Pandya,24.0,Male,Patna,Bihar,2021-04-25,Retail Employee,20400.0,Single,Mobile App,Silver
CUST002658,Bachittar,Dixit,50.0,Male,Coimbatore,Tamil Nadu,2021-04-05,Teacher,55700.0,Widowed,Online,Silver
CUST002659,Logan,Balasubramanian,40.0,Male,Chandigarh,Chandigarh,2019-07-09,Sales Executive,63100.0,Married,Store,Gold
CUST002660,Pallavi,Prashad,45.0,Female,Mumbai,Maharashtra,2019-08-16,IT Professional,172200.0,Divorced,Online,Gold
CUST002661,Fitan,Ramachandran,23.0,Male,Delhi,Delhi,2021-08-16,Sales Executive,32800.0,Single,Mobile App,Silver
CUST002662,Idika,Dada,26.0,Female,New Delhi,Delhi,2019-03-09,IT Professional,173300.0,Married,Mobile App,Platinum
CUST002663,Mitesh,Murty,46.0,Male,Hyderabad,Telangana,2021-03-28,IT Professional,167300.0,Married,Online,Gold
CUST002664,Anamika,Magar,26.0,Female,Lucknow,Uttar Pradesh,2018-11-06,Self-Employed,157100.0,Married,Store,Platinum
CUST002665,Triveni,Chadha,44.0,Female,Hyderabad,Telangana,2021-01-08,Student,12600.0,Married,Online,Bronze
CUST002666,Yadavi,Khanna,20.0,Female,Delhi,Delhi,2024-08-16,Student,12200.0,Single,Online,Bronze
CUST002667,Ria,Seth,49.0,Female,Mumbai,Maharashtra,2020-08-09,Doctor,284300.0,Single,Online,Gold
CUST002668,Matthew,Kalita,22.0,Male,Pune,Maharashtra,2022-08-17,Student,11100.0,Married,Mobile App,Bronze
CUST002669,Zaitra,Mittal,45.0,Female,Jaipur,Rajasthan,2020-01-17,Self-Employed,167000.0,Widowed,Online,Gold
CUST002670,Gagan,Choudhury,46.0,Male,Warangal,Telangana,2019-07-26,Sales Executive,62500.0,Married,Store,Silver
CUST002671,Rachit,Barad,29.0,Male,Surat,Gujarat,2020-02-25,Teacher,53000.0,Married,Online,Silver
CUST002672,Isha,Chanda,46.0,Female,Ahmedabad,Gujarat,2019-08-23,Engineer,157300.0,Married,Mobile App,Gold
CUST002673,Vamakshi,Toor,41.0,Male,Pune,Maharashtra,2020-07-12,IT Professional,190300.0,Married,Mobile App,Gold
CUST002674,Amaira,Subramanian,31.0,Female,Pune,Maharashtra,2021-07-17,Retired,65800.0,Single,Store,Silver
CUST002675,Zashil,Dube,25.0,Male,Jaipur,Rajasthan,2019-08-17,Self-Employed,56900.0,Married,Online,Silver
CUST002676,Girish,Oak,18.0,Male,Ahmedabad,Gujarat,2026-07-11,Sales Executive,64700.0,Single,Mobile App,Silver
CUST002677,Wyatt,Viswanathan,43.0,Male,Hyderabad,Telangana,2021-05-28,Government Employee,85100.0,Single,Store,Silver
CUST002678,Mohammed,Narang,18.0,Male,Pune,Maharashtra,2026-07-11,Retail Employee,21800.0,Single,Store,Bronze
CUST002679,Ekbal,Chaudhari,39.0,Male,Mumbai,Maharashtra,2019-09-20,Government Employee,62800.0,Married,Online,Silver
CUST002680,Dominic,Jha,35.0,Male,Bengaluru,Karnataka,2021-01-19,Retail Employee,22600.0,Single,Online,Bronze
CUST002681,Andrew,Sharaf,47.0,Male,Mumbai,Maharashtra,2019-11-22,Homemaker,9700.0,Married,Store,Bronze
CUST002682,Sara,Vig,34.0,Female,Delhi,Delhi,2020-01-10,Student,15700.0,Married,Store,Bronze
CUST002683,Dalbir,Agrawal,34.0,Male,Hyderabad,Telangana,2020-12-31,Homemaker,15400.0,Single,Store,Silver
CUST002684,Nimrat,Basu,48.0,Female,Pune,Maharashtra,2021-03-15,Retail Employee,33000.0,Married,Store,Bronze
CUST002685,Caleb,Nath,42.0,Male,Pune,Maharashtra,2019-05-08,Self-Employed,247500.0,Married,Online,Platinum
CUST002686,Vinaya,Batra,42.0,Female,Patna,Bihar,2020-08-28,Government Employee,61800.0,Married,Online,Silver
CUST002687,Charan,Verma,44.0,Male,Kolkata,West Bengal,2020-11-22,Teacher,50600.0,Divorced,Store,Silver
CUST002688,Nachiket,Bajaj,18.0,Male,Thiruvananthapuram,Kerala,2026-07-11,Student,9300.0,Single,Mobile App,Bronze
CUST002689,Nimrat,Kadakia,48.0,Female,Mysuru,Karnataka,2019-06-02,Engineer,173200.0,Married,Mobile App,Gold
CUST002690,Naveen,Iyer,46.0,Male,Ahmedabad,Gujarat,2020-10-17,Teacher,74500.0,Married,Mobile App,Silver
CUST002691,Inaya,Mangat,25.0,Female,Delhi,Delhi,2019-08-17,Doctor,127200.0,Divorced,Online,Gold
CUST002692,Lakshit,Walia,35.0,Male,Kolkata,West Bengal,2019-07-24,Student,19400.0,Married,Store,Silver
CUST002693,Eiravati,Sastry,37.0,Other,Pune,Maharashtra,2020-08-02,Student,11800.0,Single,Online,Bronze
CUST002694,Daniel,Mahajan,36.0,Male,Mumbai,Maharashtra,2020-05-05,Student,17400.0,Divorced,Store,Silver
CUST002695,Falan,Dugar,42.0,Male,Thiruvananthapuram,Kerala,2019-06-12,IT Professional,114900.0,Widowed,Store,Silver
CUST002696,Mahika,Contractor,57.0,Female,Kolkata,West Bengal,2020-12-27,Self-Employed,295500.0,Married,Store,Gold
CUST002697,Abhimanyu,Varkey,52.0,Male,Thiruvananthapuram,Kerala,2020-03-21,Sales Executive,73200.0,Married,Store,Silver
CUST002698,Dalaja,Jhaveri,21.0,Female,Bengaluru,Karnataka,2023-08-17,Student,13500.0,Single,Mobile App,Bronze
CUST002699,Parth,Nagar,46.0,Male,Bengaluru,Karnataka,2020-01-03,Engineer,172100.0,Single,Online,Gold
CUST002700,Lopa,Dhaliwal,55.0,Female,Hyderabad,Telangana,2019-10-20,Self-Employed,199500.0,Married,Store,Gold
CUST002701,Lucky,Konda,43.0,Male,Ahmedabad,Gujarat,2019-12-27,Government Employee,63300.0,Single,Store,Silver
CUST002702,Harinakshi,Bobal,52.0,Female,Kolkata,West Bengal,2021-01-10,IT Professional,129200.0,Single,Online,Gold
CUST002703,Nimrat,Nigam,64.0,Female,Thiruvananthapuram,Kerala,2020-05-24,Retired,13800.0,Married,Store,Bronze
CUST002704,Tristan,Bedi,51.0,Male,Mumbai,Maharashtra,2020-01-11,Retail Employee,39600.0,Widowed,Online,Silver
CUST002705,Dhruv,Balakrishnan,41.0,Male,Ahmedabad,Gujarat,2019-04-14,Student,10700.0,Married,Store,Silver
CUST002706,Warinder,Bedi,52.0,Male,Bengaluru,Karnataka,2019-08-31,Student,32500.0,Married,Store,Silver
CUST002707,Damyanti,Rajagopal,40.0,Female,Delhi,Delhi,2020-05-06,Engineer,86500.0,Widowed,Online,Silver
CUST002708,Avi,Chadha,38.0,Male,Chennai,Tamil Nadu,2018-09-14,Student,11800.0,Married,Mobile App,Bronze
CUST002709,Tanay,Ramanathan,33.0,Male,Chennai,Tamil Nadu,2021-04-20,Student,27400.0,Married,Mobile App,Bronze
CUST002710,Gaurav,Sehgal,58.0,Male,Pune,Maharashtra,2021-01-02,Teacher,88500.0,Married,Mobile App,Silver
CUST002711,Pranav,Muni,27.0,Male,Delhi,Delhi,2020-08-07,Student,7500.0,Single,Mobile App,Bronze
CUST002712,Osha,Hora,58.0,Female,Hyderabad,Telangana,2020-12-09,Retail Employee,41600.0,Married,Store,Bronze
CUST002713,Chaaya,Shroff,44.0,Female,Hyderabad,Telangana,2019-10-01,Sales Executive,113900.0,Married,Store,Gold
CUST002714,Ekaja,Chander,20.0,Female,Bengaluru,Karnataka,2024-08-16,Student,7000.0,Single,Mobile App,Bronze
CUST002715,Vinaya,Chatterjee,43.0,Female,Pune,Maharashtra,2021-02-03,Doctor,340800.0,Married,Mobile App,Gold
CUST002716,Vasatika,Mukherjee,18.0,Female,Mumbai,Maharashtra,2026-07-11,Student,16000.0,Single,Mobile App,Bronze
CUST002717,Viraj,Singhal,46.0,Male,Amritsar,Punjab,2019-07-29,Doctor,233800.0,Married,Online,Gold
CUST002718,Jack,Kapur,50.0,Male,Guwahati,Assam,2018-12-31,Engineer,155700.0,Single,Online,Gold
CUST002719,Eshana,Kuruvilla,30.0,Female,Chennai,Tamil Nadu,2019-03-25,Government Employee,47400.0,Single,Mobile App,Silver
CUST002720,Rajata,Ramanathan,40.0,Female,Ludhiana,Punjab,2021-01-29,Self-Employed,140000.0,Divorced,Online,Silver
CUST002721,Hemani,Narayanan,63.0,Female,Ahmedabad,Gujarat,2019-12-06,Retired,32000.0,Married,Store,Silver
CUST002722,Nicholas,Setty,31.0,Male,Mumbai,Maharashtra,2021-07-14,Self-Employed,112600.0,Single,Online,Silver
CUST002723,Yagnesh,Balan,24.0,Male,Pune,Maharashtra,2020-09-10,IT Professional,62200.0,Single,Mobile App,Silver
CUST002724,Bachittar,Soman,57.0,Male,Kochi,Kerala,2019-03-17,Retired,65800.0,Single,Store,Silver
CUST002725,Dayita,Panchal,64.0,Female,Kolkata,West Bengal,2020-04-03,Self-Employed,286600.0,Divorced,Mobile App,Gold
CUST002726,Wakeeta,Shenoy,38.0,Female,Varanasi,Uttar Pradesh,2021-03-05,Homemaker,4300.0,Married,Mobile App,Bronze
CUST002727,Harinakshi,Mandal,51.0,Female,Patna,Bihar,2020-04-23,IT Professional,219300.0,Married,Store,Gold
CUST002728,Owen,Datta,55.0,Male,Chennai,Tamil Nadu,2021-01-11,IT Professional,208200.0,Married,Online,Gold
CUST002729,Yashoda,Chauhan,28.0,Female,Mumbai,Maharashtra,2020-06-11,Self-Employed,161200.0,Single,Online,Gold
CUST002730,Samaksh,Chhabra,32.0,Male,Delhi,Delhi,2020-02-29,Sales Executive,84200.0,Married,Store,Silver
CUST002731,Nicholas,Bobal,54.0,Male,Mumbai,Maharashtra,2020-07-29,Homemaker,8100.0,Married,Store,Bronze
CUST002732,Nidhi,Walia,60.0,Female,Delhi,Delhi,2018-10-25,Retired,34100.0,Married,Online,Silver
CUST002733,Vihaan,Rattan,45.0,Male,Hyderabad,Telangana,2019-12-09,Self-Employed,209800.0,Divorced,Store,Gold
CUST002734,Samuel,Khare,27.0,Male,Pune,Maharashtra,2019-02-05,Retail Employee,32200.0,Married,Mobile App,Silver
CUST002735,Keya,Dutt,64.0,Female,Nagpur,Maharashtra,2019-05-06,Retired,25200.0,Widowed,Store,Silver
CUST002736,Warda,Rajagopalan,31.0,Female,Warangal,Telangana,2019-08-23,Retail Employee,21200.0,Single,Store,Silver
CUST002737,Bachittar,Oak,34.0,Male,Mysuru,Karnataka,2020-02-19,Teacher,56200.0,Married,Store,Silver
CUST002738,Ishita,Sankar,42.0,Female,Chennai,Tamil Nadu,2021-08-14,Sales Executive,110600.0,Single,Mobile App,Silver
CUST002739,Teerth,Oommen,38.0,Male,Hyderabad,Telangana,2019-10-14,Retail Employee,30100.0,Married,Store,Silver
CUST002740,Kamya,Ghose,49.0,Female,Howrah,West Bengal,2020-07-22,Engineer,146500.0,Single,Online,Gold
CUST002741,Brinda,Sur,43.0,Female,Thiruvananthapuram,Kerala,2021-04-09,Engineer,176700.0,Married,Store,Gold
CUST002742,Deepa,Sheth,44.0,Female,Pune,Maharashtra,2020-04-16,Retail Employee,36700.0,Married,Store,Silver
CUST002743,Omaja,Chatterjee,39.0,Female,Pune,Maharashtra,2019-06-02,Teacher,58600.0,Married,Store,Silver
CUST002744,Tristan,Goda,45.0,Male,Chandigarh,Chandigarh,2018-09-27,Student,101600.0,Married,Mobile App,Gold
CUST002745,Mitesh,Ravi,18.0,Male,Chennai,Tamil Nadu,2026-07-11,Student,8100.0,Single,Mobile App,Bronze
CUST002746,Bakhshi,Chopra,34.0,Male,Jaipur,Rajasthan,2019-12-31,Student,133400.0,Single,Online,Gold
CUST002747,Ranveer,Narang,41.0,Male,Delhi,Delhi,2019-01-26,Homemaker,11700.0,Single,Store,Silver
CUST002748,Yachana,Bhat,23.0,Female,Kanpur,Uttar Pradesh,2021-08-16,Retail Employee,25200.0,Single,Mobile App,Bronze
CUST002749,Chakradev,Kalla,43.0,Male,Thiruvananthapuram,Kerala,2021-03-13,Retail Employee,28200.0,Widowed,Store,Silver
CUST002750,Ekaraj,Acharya,35.0,Male,Howrah,West Bengal,2020-10-11,IT Professional,196300.0,Single,Online,Gold
CUST002751,Ethan,Dixit,61.0,Male,Pune,Maharashtra,2018-12-05,Business Owner,247300.0,Married,Mobile App,Platinum
CUST002752,Varsha,Wali,58.0,Female,Patna,Bihar,2021-02-23,Government Employee,106300.0,Married,Mobile App,Gold
CUST002753,Madhav,Ramakrishnan,32.0,Male,Jodhpur,Rajasthan,2020-08-21,Student,67700.0,Married,Online,Silver
CUST002754,Vansha,Hayre,36.0,Female,Vadodara,Gujarat,2020-03-25,Engineer,91200.0,Married,Online,Silver
CUST002755,Harshil,Nadig,37.0,Male,Mumbai,Maharashtra,2019-01-31,Homemaker,11900.0,Single,Mobile App,Silver
CUST002756,Mason,Modi,32.0,Male,Jodhpur,Rajasthan,2018-10-24,IT Professional,178800.0,Married,Store,Platinum
CUST002757,Teerth,Padmanabhan,41.0,Male,Pune,Maharashtra,2020-05-07,IT Professional,117400.0,Married,Store,Gold
CUST002758,Chanchal,Anand,28.0,Female,Delhi,Delhi,2018-10-30,Homemaker,14800.0,Married,Mobile App,Silver
CUST002759,Yashodhara,Raval,23.0,Female,Kolkata,West Bengal,2021-08-16,Business Owner,132800.0,Single,Mobile App,Silver
CUST002760,Eesha,Menon,46.0,Male,Bengaluru,Karnataka,2021-02-25,Business Owner,563700.0,Married,Mobile App,Gold
CUST002761,Azaan,Pingle,46.0,Male,Ahmedabad,Gujarat,2018-10-11,Engineer,160100.0,Married,Online,Platinum
CUST002762,Avi,Acharya,28.0,Male,Kolkata,West Bengal,2020-02-05,Homemaker,7200.0,Divorced,Mobile App,Bronze
CUST002763,Rachita,Choudhary,50.0,Female,Pune,Maharashtra,2021-01-25,Doctor,401800.0,Married,Online,Gold
CUST002764,Lohit,Balasubramanian,30.0,Male,Ahmedabad,Gujarat,2020-02-29,Sales Executive,71600.0,Single,Online,Silver
CUST002765,Kamya,Sankaran,41.0,Female,Thiruvananthapuram,Kerala,2019-04-11,Business Owner,298700.0,Married,Store,Gold
CUST002766,Shravya,Nadkarni,49.0,Female,Nagpur,Maharashtra,2019-02-22,Student,257600.0,Married,Mobile App,Platinum
CUST002767,Rayaan,Ravi,38.0,Male,Kolkata,West Bengal,2019-01-13,Government Employee,50900.0,Single,Mobile App,Silver
CUST002768,Sai,Saran,44.0,Female,Mysuru,Karnataka,2019-12-01,Government Employee,80900.0,Married,Mobile App,Silver
CUST002769,Hitesh,Ghose,31.0,Male,Chennai,Tamil Nadu,2019-01-09,Self-Employed,134800.0,Married,Online,Gold
CUST002770,Wazir,Dewan,35.0,Male,Bengaluru,Karnataka,2020-02-04,Government Employee,61400.0,Married,Store,Silver
CUST002771,Girindra,Rajagopalan,35.0,Male,Hyderabad,Telangana,2019-10-21,Engineer,130900.0,Married,Online,Gold
CUST002772,Radha,Sahni,28.0,Female,Mumbai,Maharashtra,2019-05-08,Government Employee,70000.0,Married,Mobile App,Gold
CUST002773,Faraj,Mani,36.0,Male,Amritsar,Punjab,2020-05-07,Self-Employed,121300.0,Single,Store,Gold
CUST002774,Edhitha,Desai,18.0,Male,Kolkata,West Bengal,2026-07-11,Student,12400.0,Single,Mobile App,Bronze
CUST002775,Aashi,Bora,32.0,Female,Chennai,Tamil Nadu,2020-07-29,Self-Employed,251500.0,Married,Online,Gold
CUST002776,Adweta,Dhawan,34.0,Female,Hyderabad,Telangana,2019-10-03,Engineer,160100.0,Single,Mobile App,Gold
CUST002777,Widisha,Sarkar,35.0,Female,Madurai,Tamil Nadu,2021-01-18,Retail Employee,29400.0,Married,Online,Bronze
CUST002778,Ekansh,Chad,35.0,Male,Hyderabad,Telangana,2021-03-07,Engineer,65800.0,Divorced,Online,Gold
CUST002779,Ekapad,Sagar,37.0,Male,Hyderabad,Telangana,2020-09-29,Government Employee,71900.0,Single,Online,Silver
CUST002780,Vedant,Sandal,44.0,Male,Chennai,Tamil Nadu,2021-07-12,Teacher,61400.0,Married,Store,Silver
CUST002781,Hemangini,Sha,49.0,Female,Bengaluru,Karnataka,2019-05-25,Teacher,65400.0,Married,Online,Gold
CUST002782,Yashodhara,Samra,30.0,Other,Delhi,Delhi,2020-11-06,Student,8700.0,Married,Store,Bronze
CUST002783,Varenya,Rajagopalan,22.0,Female,Kolkata,West Bengal,2022-08-17,Sales Executive,41500.0,Married,Mobile App,Bronze
CUST002784,Raagini,Kara,24.0,Female,Varanasi,Uttar Pradesh,2020-08-16,Student,7700.0,Single,Online,Bronze
CUST002785,Idika,Samra,32.0,Female,Pune,Maharashtra,2019-02-05,Doctor,232400.0,Married,Store,Gold
CUST002786,Aarush,Tara,33.0,Male,Mumbai,Maharashtra,2021-07-25,Teacher,32700.0,Married,Store,Bronze
CUST002787,Kashish,Thaker,28.0,Female,New Delhi,Delhi,2020-12-03,Engineer,175300.0,Married,Mobile App,Gold
CUST002788,Lipika,Roy,21.0,Female,Amritsar,Punjab,2023-08-17,Student,13500.0,Single,Online,Bronze
CUST002789,Qadim,Bandi,32.0,Male,Kanpur,Uttar Pradesh,2020-06-20,Doctor,164400.0,Single,Online,Gold
CUST002790,Anjali,Subramanian,40.0,Female,Kolkata,West Bengal,2018-10-23,Business Owner,470500.0,Married,Online,Platinum
CUST002791,Qarin,Chowdhury,46.0,Male,Thiruvananthapuram,Kerala,2020-10-20,Business Owner,293700.0,Married,Store,Gold
CUST002792,Warda,Buch,31.0,Female,Warangal,Telangana,2020-12-20,Retail Employee,33600.0,Single,Online,Silver
CUST002793,Ekta,Vyas,33.0,Female,Amritsar,Punjab,2020-12-25,Doctor,65800.0,Married,Online,Gold
CUST002794,Meera,Shroff,26.0,Female,Bengaluru,Karnataka,2021-05-15,Government Employee,59800.0,Divorced,Mobile App,Silver
CUST002795,Balveer,Virk,38.0,Male,Delhi,Delhi,2018-12-08,Student,20700.0,Married,Online,Silver
CUST002796,Chanchal,Korpal,27.0,Female,Howrah,West Bengal,2018-09-08,Student,125000.0,Divorced,Store,Gold
CUST002797,Vrishti,Brahmbhatt,45.0,Female,Hyderabad,Telangana,2018-10-05,IT Professional,209000.0,Single,Store,Platinum
CUST002798,Nachiket,Bera,18.0,Male,Kolkata,West Bengal,2026-07-11,Student,12800.0,Single,Store,Bronze
CUST002799,Pavani,Warrior,38.0,Female,Bengaluru,Karnataka,2019-01-31,Business Owner,491400.0,Single,Store,Platinum
CUST002800,Aashi,Singh,42.0,Female,Kolkata,West Bengal,2019-08-23,Government Employee,53200.0,Married,Store,Silver
CUST002801,Vasana,Vala,40.0,Female,Bengaluru,Karnataka,2019-02-23,Teacher,58900.0,Married,Online,Silver
CUST002802,Wahab,Narula,73.0,Male,Mumbai,Maharashtra,2020-12-31,Retired,12900.0,Married,Store,Bronze
CUST002803,Shivansh,Pandit,43.0,Male,Kochi,Kerala,2020-06-17,Doctor,261500.0,Married,Mobile App,Gold
CUST002804,Nandini,Mann,25.0,Female,Indore,Madhya Pradesh,2019-09-14,Engineer,60700.0,Married,Mobile App,Gold
CUST002805,Fiyaz,Banik,37.0,Male,Amritsar,Punjab,2019-01-01,Teacher,58000.0,Married,Online,Silver
CUST002806,Max,Lad,18.0,Male,Ahmedabad,Gujarat,2026-07-11,Retail Employee,32900.0,Married,Mobile App,Bronze
CUST002807,Bhavani,Solanki,37.0,Female,Ahmedabad,Gujarat,2019-02-09,Engineer,105100.0,Married,Mobile App,Gold
CUST002808,Hamsini,Behl,27.0,Female,Kolkata,West Bengal,2020-03-15,IT Professional,129900.0,Single,Online,Gold
CUST002809,Mugdha,Bala,50.0,Female,Pune,Maharashtra,2019-06-22,IT Professional,186600.0,Married,Online,Gold
CUST002810,Luke,Sundaram,31.0,Male,Delhi,Delhi,2018-09-07,Engineer,94600.0,Married,Mobile App,Gold
CUST002811,Benjamin,Date,36.0,Male,Bengaluru,Karnataka,2021-03-01,Doctor,308900.0,Married,Mobile App,Gold
CUST002812,Zayyan,Bose,30.0,Male,Indore,Madhya Pradesh,2018-11-05,Government Employee,57200.0,Single,Online,Silver
CUST002813,Liam,Krishnan,61.0,Male,Delhi,Delhi,2020-01-22,Retired,38400.0,Married,Store,Silver
CUST002814,Ekaja,Mand,34.0,Female,Kochi,Kerala,2019-09-11,Retail Employee,25800.0,Single,Online,Silver
CUST002815,Mahika,Kurian,62.0,Female,Chennai,Tamil Nadu,2018-12-28,Business Owner,294400.0,Married,Mobile App,Platinum
CUST002816,Advika,Choudhury,49.0,Female,Ahmedabad,Gujarat,2020-05-24,Sales Executive,65800.0,Married,Online,Silver
CUST002817,Gagan,Dora,44.0,Male,Pune,Maharashtra,2020-05-14,IT Professional,87700.0,Married,Store,Silver
CUST002818,Vansha,Pingle,43.0,Female,Bengaluru,Karnataka,2020-01-17,Retail Employee,31700.0,Married,Mobile App,Silver
CUST002819,Gagan,Lal,43.0,Male,Bhubaneswar,Odisha,2021-07-26,Self-Employed,147800.0,Married,Online,Silver
CUST002820,Jacob,Sundaram,18.0,Male,Bengaluru,Karnataka,2026-07-11,Retail Employee,19500.0,Married,Online,Bronze
CUST002821,Hemangini,Wable,34.0,Female,Bengaluru,Karnataka,2020-10-01,Sales Executive,65800.0,Married,Online,Silver
CUST002822,Anamika,Oza,49.0,Female,Delhi,Delhi,2018-11-03,Engineer,133500.0,Single,Online,Platinum
CUST002823,Chaman,Dhillon,37.0,Female,Pune,Maharashtra,2021-05-12,Sales Executive,79400.0,Divorced,Mobile App,Silver
CUST002824,Faraj,Tandon,20.0,Male,Delhi,Delhi,2024-08-16,Student,13500.0,Single,Store,Bronze
CUST002825,Triveni,Rajagopal,37.0,Female,Howrah,West Bengal,2018-10-13,Retail Employee,34500.0,Widowed,Mobile App,Silver
CUST002826,Kashish,Sarraf,60.0,Female,Chennai,Tamil Nadu,2018-12-03,Retired,31600.0,Widowed,Store,Silver
CUST002827,Geetika,Kade,54.0,Female,Madurai,Tamil Nadu,2019-07-10,Business Owner,278000.0,Married,Store,Platinum
CUST002828,Orinder,Bhagat,37.0,Male,Pune,Maharashtra,2019-11-09,Student,10700.0,Single,Mobile App,Bronze
CUST002829,Libni,D’Alia,50.0,Female,Lucknow,Uttar Pradesh,2020-10-13,IT Professional,105800.0,Married,Store,Gold
CUST002830,Ati,Ganesh,38.0,Female,Udaipur,Rajasthan,2020-07-10,IT Professional,95100.0,Single,Online,Silver
CUST002831,Vedika,Rastogi,18.0,Female,Mumbai,Maharashtra,2026-07-11,Student,9600.0,Married,Mobile App,Bronze
CUST002832,Wazir,Mitra,26.0,Male,Hyderabad,Telangana,2019-04-08,Sales Executive,46600.0,Married,Mobile App,Silver
CUST002833,Wazir,Walia,58.0,Male,Mumbai,Maharashtra,2020-08-26,Retail Employee,39600.0,Married,Online,Silver
CUST002834,Jackson,Raghavan,34.0,Male,Jodhpur,Rajasthan,2019-08-16,Teacher,37100.0,Married,Mobile App,Silver
CUST002835,Robert,Som,35.0,Male,Surat,Gujarat,2020-07-20,Self-Employed,113500.0,Married,Store,Silver
CUST002836,Lekha,Dhillon,34.0,Female,Patna,Bihar,2020-03-25,Student,9400.0,Married,Store,Bronze
CUST002837,Teerth,Arora,63.0,Male,Delhi,Delhi,2019-12-17,Business Owner,302000.0,Married,Store,Gold
CUST002838,Maanas,Sen,59.0,Male,Chennai,Tamil Nadu,2019-03-22,Self-Employed,162900.0,Married,Online,Platinum
CUST002839,Rayaan,Mutti,67.0,Male,Delhi,Delhi,2020-12-28,Homemaker,13100.0,Married,Mobile App,Bronze
CUST002840,Ansh,Chatterjee,36.0,Male,Hyderabad,Telangana,2020-06-05,Sales Executive,70200.0,Divorced,Online,Silver
CUST002841,Peter,Sankaran,42.0,Male,Chennai,Tamil Nadu,2021-03-27,Teacher,57800.0,Married,Store,Silver
CUST002842,Madhavi,Nayak,18.0,Female,Mumbai,Maharashtra,2026-07-11,Student,5200.0,Married,Online,Bronze
CUST002843,Lopa,Loke,57.0,Female,Ahmedabad,Gujarat,2019-10-24,Student,15200.0,Divorced,Mobile App,Bronze
CUST002844,Chandran,Kumer,23.0,Male,Madurai,Tamil Nadu,2021-08-16,Government Employee,38400.0,Single,Online,Silver
CUST002845,Rohan,Shenoy,41.0,Male,Kanpur,Uttar Pradesh,2021-06-12,Student,18700.0,Married,Store,Bronze
CUST002846,Jai,Hayer,24.0,Male,Bengaluru,Karnataka,2020-08-16,Teacher,50500.0,Single,Online,Silver
CUST002847,Om,Gole,30.0,Male,Patna,Bihar,2020-01-09,Sales Executive,55900.0,Married,Store,Silver
CUST002848,Nirja,Anne,27.0,Female,Ludhiana,Punjab,2021-03-22,Teacher,39400.0,Single,Online,Silver
CUST002849,Aarna,Bir,30.0,Female,Kochi,Kerala,2021-06-19,Engineer,120600.0,Married,Store,Silver
CUST002850,Abha,Sabharwal,31.0,Female,Udaipur,Rajasthan,2021-04-07,IT Professional,162200.0,Widowed,Store,Gold
CUST002851,Chavvi,Vohra,31.0,Female,Lucknow,Uttar Pradesh,2020-03-18,IT Professional,128600.0,Single,Online,Gold
CUST002852,Charles,Sehgal,49.0,Male,Kolkata,West Bengal,2019-08-15,Homemaker,6500.0,Married,Store,Bronze
CUST002853,Pushti,Kanda,24.0,Female,Delhi,Delhi,2020-08-16,Government Employee,56500.0,Single,Mobile App,Silver
CUST002854,Meghana,Krishnamurthy,38.0,Female,Ahmedabad,Gujarat,2021-03-11,Engineer,100400.0,Married,Online,Silver
CUST002855,Inaya,Bandi,54.0,Female,Ahmedabad,Gujarat,2019-09-22,IT Professional,187100.0,Married,Store,Gold
CUST002856,Advik,Chanda,31.0,Male,Ludhiana,Punjab,2020-05-30,Student,8400.0,Married,Mobile App,Bronze
CUST002857,Barkha,Kalla,29.0,Female,Madurai,Tamil Nadu,2020-03-25,IT Professional,132100.0,Married,Mobile App,Gold
CUST002858,Divya,Dar,35.0,Female,Bengaluru,Karnataka,2019-03-22,Self-Employed,174700.0,Single,Mobile App,Gold
CUST002859,Chameli,De,53.0,Female,Ahmedabad,Gujarat,2020-08-17,Student,13900.0,Widowed,Online,Bronze
CUST002860,Raghav,Goyal,41.0,Male,Amritsar,Punjab,2021-03-08,Student,12100.0,Married,Online,Bronze
CUST002861,Dayamai,Gour,31.0,Female,Delhi,Delhi,2019-01-02,Retail Employee,32500.0,Married,Mobile App,Silver
CUST002862,Lajita,Menon,44.0,Female,Bengaluru,Karnataka,2020-12-27,Self-Employed,111900.0,Married,Online,Gold
CUST002863,Vinaya,Borra,24.0,Male,Madurai,Tamil Nadu,2020-09-28,Business Owner,119300.0,Single,Store,Gold
CUST002864,Vasana,Malhotra,47.0,Female,Delhi,Delhi,2019-07-04,Engineer,164100.0,Widowed,Store,Gold
CUST002865,Unni,Naik,43.0,Female,Mumbai,Maharashtra,2019-07-29,IT Professional,239100.0,Married,Mobile App,Platinum
CUST002866,Kabir,Edwin,34.0,Male,Bengaluru,Karnataka,2019-03-23,Sales Executive,61300.0,Single,Online,Gold
CUST002867,Bina,Malhotra,27.0,Female,Bhopal,Madhya Pradesh,2021-01-27,Self-Employed,90100.0,Divorced,Mobile App,Silver
CUST002868,Azaan,Raja,26.0,Male,Mumbai,Maharashtra,2020-07-26,Self-Employed,55900.0,Married,Mobile App,Silver
CUST002869,Sara,Natarajan,45.0,Female,Hyderabad,Telangana,2021-03-31,Self-Employed,113500.0,Married,Store,Silver
CUST002870,Ayushman,Kuruvilla,54.0,Male,Jaipur,Rajasthan,2020-01-01,Engineer,146900.0,Married,Store,Gold
CUST002871,Libni,Gokhale,30.0,Male,Guwahati,Assam,2020-09-30,IT Professional,81400.0,Single,Online,Silver
CUST002872,Urvi,Boase,44.0,Female,Ludhiana,Punjab,2019-07-23,Sales Executive,121900.0,Married,Online,Gold
CUST002873,Xalak,Iyer,18.0,Female,Hyderabad,Telangana,2026-07-11,Sales Executive,92400.0,Single,Mobile App,Silver
CUST002874,Shravya,Gokhale,30.0,Female,Guwahati,Assam,2021-06-12,Student,12100.0,Married,Store,Bronze
CUST002875,Xalak,Chopra,38.0,Female,Mumbai,Maharashtra,2020-04-29,Student,65800.0,Married,Mobile App,Silver
CUST002876,Eshana,Zachariah,26.0,Female,Vadodara,Gujarat,2018-10-01,Homemaker,8100.0,Married,Mobile App,Silver
CUST002877,Tanveer,Kamdar,26.0,Male,Howrah,West Bengal,2018-12-14,Government Employee,43800.0,Married,Mobile App,Silver
CUST002878,Chatresh,Sathe,29.0,Male,New Delhi,Delhi,2018-08-23,Sales Executive,43800.0,Single,Store,Silver
CUST002879,Kai,Chauhan,42.0,Male,Chennai,Tamil Nadu,2020-05-17,Teacher,53200.0,Divorced,Mobile App,Silver
CUST002880,Anay,Bora,36.0,Male,Pune,Maharashtra,2021-06-26,Retail Employee,36800.0,Married,Mobile App,Bronze
CUST002881,Bimala,Krishna,18.0,Female,Bhopal,Madhya Pradesh,2026-07-11,Student,14900.0,Single,Mobile App,Bronze
CUST002882,Vansha,Bahl,18.0,Female,Hyderabad,Telangana,2026-07-11,Student,14700.0,Single,Online,Bronze
CUST002883,Yadavi,Dixit,30.0,Female,Kolkata,West Bengal,2021-03-21,Government Employee,58600.0,Married,Store,Silver
CUST002884,Aadi,Barad,44.0,Male,Nagpur,Maharashtra,2020-09-22,Student,170300.0,Divorced,Online,Gold
CUST002885,Robert,Lata,18.0,Male,Delhi,Delhi,2026-07-11,Student,23000.0,Single,Mobile App,Bronze
CUST002886,Forum,Narayan,32.0,Female,Ludhiana,Punjab,2020-03-14,Retired,31600.0,Divorced,Online,Silver
CUST002887,Shivani,Aggarwal,31.0,Female,Vadodara,Gujarat,2020-12-30,IT Professional,168000.0,Married,Online,Gold
CUST002888,Yatan,Sridhar,56.0,Male,Bhubaneswar,Odisha,2021-05-08,IT Professional,167400.0,Divorced,Store,Gold
CUST002889,Urmi,Raval,33.0,Female,Bengaluru,Karnataka,2020-05-23,IT Professional,130100.0,Married,Online,Gold
CUST002890,Bhavya,Zachariah,43.0,Female,Nagpur,Maharashtra,2020-07-27,Engineer,103500.0,Married,Mobile App,Gold
CUST002891,Isaiah,Aggarwal,40.0,Male,Chennai,Tamil Nadu,2020-01-05,IT Professional,137700.0,Married,Store,Gold
CUST002892,Sanaya,Subramaniam,18.0,Female,Chennai,Tamil Nadu,2026-07-11,Student,15700.0,Single,Online,Bronze
CUST002893,Darsh,Wason,48.0,Male,Delhi,Delhi,2021-04-15,Student,12400.0,Married,Mobile App,Bronze
CUST002894,Rachita,Nath,41.0,Female,Surat,Gujarat,2019-04-02,Student,13000.0,Single,Mobile App,Silver
CUST002895,Max,Rattan,45.0,Male,Hyderabad,Telangana,2021-07-18,Retail Employee,29400.0,Married,Store,Bronze
CUST002896,Ayaan,Chana,75.0,Male,Delhi,Delhi,2020-04-18,Business Owner,430600.0,Married,Store,Platinum
CUST002897,Rajeshri,Warrior,18.0,Male,Bengaluru,Karnataka,2026-07-11,Student,14500.0,Single,Online,Bronze
CUST002898,Onkar,Buch,60.0,Male,Kolkata,West Bengal,2018-10-03,Self-Employed,152300.0,Married,Online,Gold
CUST002899,Veda,Mann,34.0,Female,Surat,Gujarat,2019-11-26,Sales Executive,54800.0,Married,Mobile App,Silver
CUST002900,Harrison,Goda,42.0,Male,Chennai,Tamil Nadu,2021-02-23,Homemaker,11600.0,Widowed,Online,Bronze
CUST002901,Anmol,Rajagopalan,37.0,Male,Coimbatore,Tamil Nadu,2020-01-27,Sales Executive,46500.0,Married,Mobile App,Silver
CUST002902,Girish,Mistry,32.0,Male,Pune,Maharashtra,2020-06-09,Government Employee,68100.0,Married,Store,Silver
CUST002903,Saumya,Chhabra,31.0,Male,Kochi,Kerala,2020-03-09,IT Professional,104600.0,Divorced,Mobile App,Gold
CUST002904,Rachita,Sur,42.0,Female,Thiruvananthapuram,Kerala,2021-01-12,Retail Employee,27700.0,Married,Online,Bronze
CUST002905,Brijesh,Sarma,18.0,Male,Ahmedabad,Gujarat,2026-07-11,Retail Employee,31200.0,Single,Mobile App,Bronze
CUST002906,Ikshita,Dey,48.0,Female,Mumbai,Maharashtra,2021-03-05,Sales Executive,85100.0,Married,Online,Silver
CUST002907,Anita,Hans,33.0,Female,Coimbatore,Tamil Nadu,2019-05-24,Sales Executive,77500.0,Married,Mobile App,Gold
CUST002908,Amaira,Khare,23.0,Female,Kolkata,West Bengal,2021-08-16,IT Professional,140900.0,Single,Online,Silver
CUST002909,Wishi,Ramachandran,32.0,Female,Ludhiana,Punjab,2021-05-22,Self-Employed,103400.0,Married,Store,Silver
CUST002910,Bhavika,Zachariah,54.0,Female,Ludhiana,Punjab,2018-12-15,Student,21900.0,Married,Store,Silver
CUST002911,Mitesh,Tata,31.0,Male,Chandigarh,Chandigarh,2019-10-11,Student,7400.0,Married,Online,Bronze
CUST002912,Umang,Babu,43.0,Male,Mumbai,Maharashtra,2020-09-04,Self-Employed,134000.0,Married,Online,Gold
CUST002913,Andrew,Nori,28.0,Male,Guwahati,Assam,2021-06-27,IT Professional,149700.0,Married,Mobile App,Silver
CUST002914,Ayaan,Nazareth,48.0,Male,Kolkata,West Bengal,2019-09-23,Retired,11300.0,Married,Store,Bronze
CUST002915,Ansh,Ravi,47.0,Male,Lucknow,Uttar Pradesh,2020-07-03,Student,13500.0,Married,Mobile App,Bronze
CUST002916,Dhriti,Kakar,62.0,Female,Hyderabad,Telangana,2018-11-26,Self-Employed,132800.0,Widowed,Store,Gold
CUST002917,Veer,Yadav,36.0,Male,Bengaluru,Karnataka,2021-07-09,IT Professional,176000.0,Married,Online,Gold
CUST002918,Falan,Kaul,47.0,Male,Chennai,Tamil Nadu,2021-07-04,Self-Employed,131500.0,Divorced,Store,Silver
CUST002919,Bimala,Bansal,39.0,Female,Pune,Maharashtra,2018-10-11,Self-Employed,190200.0,Married,Online,Platinum
CUST002920,Ekavir,Suresh,55.0,Male,Hyderabad,Telangana,2018-09-24,Sales Executive,85700.0,Married,Online,Gold
CUST002921,Aditya,Sinha,29.0,Male,Chandigarh,Chandigarh,2021-07-17,Student,58300.0,Married,Store,Silver
CUST002922,Arin,Kibe,48.0,Male,Mumbai,Maharashtra,2019-06-24,Homemaker,6600.0,Single,Mobile App,Bronze
CUST002923,Eiravati,Atwal,38.0,Male,Pune,Maharashtra,2020-12-17,Retail Employee,26800.0,Divorced,Mobile App,Bronze
CUST002924,Gabriel,Bedi,37.0,Male,Pune,Maharashtra,2019-07-10,Student,20500.0,Single,Store,Silver
CUST002925,Mitesh,Chatterjee,39.0,Male,Hyderabad,Telangana,2019-01-07,IT Professional,188700.0,Married,Mobile App,Platinum
CUST002926,Vasatika,Garde,41.0,Female,Ludhiana,Punjab,2021-04-28,Self-Employed,67900.0,Married,Store,Silver
CUST002927,Bhavika,Cherian,36.0,Female,Delhi,Delhi,2020-11-28,IT Professional,68600.0,Married,Online,Silver
CUST002928,Deepa,Tank,41.0,Female,Pune,Maharashtra,2021-07-21,Self-Employed,151500.0,Married,Store,Silver
CUST002929,Januja,Bhatnagar,59.0,Female,Kochi,Kerala,2021-06-29,Business Owner,428600.0,Divorced,Mobile App,Gold
CUST002930,Harrison,Sandhu,51.0,Male,Indore,Madhya Pradesh,2021-07-15,Retail Employee,30900.0,Married,Online,Bronze
CUST002931,Om,Ratti,49.0,Male,Mumbai,Maharashtra,2019-03-23,Homemaker,19400.0,Widowed,Mobile App,Silver
CUST002932,Nicholas,Dara,32.0,Male,Vadodara,Gujarat,2020-09-23,Student,10000.0,Married,Mobile App,Bronze
CUST002933,Ekapad,Nagy,26.0,Male,Ahmedabad,Gujarat,2020-02-23,Sales Executive,72000.0,Single,Mobile App,Silver
CUST002934,Hredhaan,Bath,50.0,Male,Jaipur,Rajasthan,2019-04-06,Government Employee,75300.0,Married,Store,Gold
CUST002935,Gabriel,Nayak,49.0,Male,Chennai,Tamil Nadu,2020-02-21,Student,191400.0,Married,Online,Gold
CUST002936,Bhavika,Dara,57.0,Female,Ludhiana,Punjab,2020-05-03,IT Professional,206400.0,Single,Mobile App,Gold
CUST002937,Mahika,Dhaliwal,30.0,Female,Mumbai,Maharashtra,2021-08-04,Retail Employee,30200.0,Married,Mobile App,Bronze
CUST002938,Sarthak,Ganguly,38.0,Male,Delhi,Delhi,2019-12-03,Teacher,64300.0,Single,Mobile App,Silver
CUST002939,Reva,Gala,18.0,Female,Hyderabad,Telangana,2026-07-11,Student,6700.0,Single,Online,Bronze
CUST002940,Theodore,Kohli,33.0,Male,Chennai,Tamil Nadu,2019-05-01,Retail Employee,26000.0,Married,Mobile App,Silver
CUST002941,Anmol,Deol,51.0,Male,Kochi,Kerala,2020-11-07,Retail Employee,42900.0,Married,Store,Silver
CUST002942,Daksha,Puri,38.0,Female,Kolkata,West Bengal,2019-08-09,IT Professional,146000.0,Single,Mobile App,Gold
CUST002943,Farhan,Babu,46.0,Male,Mumbai,Maharashtra,2019-09-08,Self-Employed,219200.0,Married,Online,Gold
CUST002944,Yagnesh,Buch,36.0,Male,Hyderabad,Telangana,2019-10-11,Engineer,95100.0,Married,Mobile App,Silver
CUST002945,Aarush,Amble,42.0,Male,Hyderabad,Telangana,2020-10-28,Sales Executive,65800.0,Single,Online,Silver
CUST002946,Hemal,Chakraborty,23.0,Female,Bhubaneswar,Odisha,2021-08-16,Student,113300.0,Single,Online,Silver
CUST002947,Meghana,Saha,39.0,Female,Kolkata,West Bengal,2019-01-14,Doctor,263100.0,Married,Store,Platinum
CUST002948,Wazir,Date,18.0,Male,Howrah,West Bengal,2026-07-11,Retail Employee,22800.0,Single,Mobile App,Bronze
CUST002949,Ishanvi,Dhar,36.0,Female,Ahmedabad,Gujarat,2021-01-29,IT Professional,171100.0,Married,Online,Gold
CUST002950,Lopa,Virk,18.0,Female,Udaipur,Rajasthan,2026-07-11,Retail Employee,16100.0,Single,Mobile App,Bronze
CUST002951,Varenya,Sabharwal,54.0,Female,Howrah,West Bengal,2019-03-05,Student,10700.0,Married,Store,Bronze
CUST002952,Kashvi,Ghosh,48.0,Female,Delhi,Delhi,2020-07-20,Sales Executive,69200.0,Married,Mobile App,Silver
CUST002953,Anirudh,Gole,44.0,Male,Bhopal,Madhya Pradesh,2019-08-31,Self-Employed,158200.0,Married,Online,Platinum
CUST002954,Zaid,Chakrabarti,58.0,Male,Surat,Gujarat,2019-12-15,Government Employee,93700.0,Married,Store,Silver
CUST002955,Nidhi,Pall,26.0,Female,Vadodara,Gujarat,2021-06-07,Self-Employed,217000.0,Married,Mobile App,Gold
CUST002956,Ubika,Agrawal,38.0,Female,Ludhiana,Punjab,2019-10-05,Retired,51000.0,Married,Mobile App,Silver
CUST002957,Kamya,Handa,50.0,Female,Lucknow,Uttar Pradesh,2019-03-08,Retail Employee,38900.0,Married,Store,Silver
CUST002958,Dhriti,Wagle,35.0,Female,Kanpur,Uttar Pradesh,2018-08-25,Student,15900.0,Married,Mobile App,Silver
CUST002959,Charvi,Pathak,53.0,Female,Guwahati,Assam,2021-07-15,Self-Employed,214300.0,Married,Store,Gold
CUST002960,Yashica,Kanda,24.0,Female,Pune,Maharashtra,2020-08-16,Self-Employed,166900.0,Single,Mobile App,Gold
CUST002961,Vedika,Joshi,27.0,Female,Chennai,Tamil Nadu,2020-05-19,Self-Employed,138100.0,Married,Store,Gold
CUST002962,Manya,Bera,30.0,Male,Kolkata,West Bengal,2021-08-06,Student,14400.0,Married,Online,Bronze
CUST002963,Indali,Chowdhury,31.0,Female,Bengaluru,Karnataka,2019-10-13,IT Professional,171300.0,Married,Store,Platinum
CUST002964,Falan,Som,24.0,Male,Varanasi,Uttar Pradesh,2021-04-04,Business Owner,2498300.0,Single,Online,Gold
CUST002965,Yuvraj,Goda,54.0,Male,Jaipur,Rajasthan,2020-06-27,Retail Employee,41700.0,Widowed,Store,Silver
CUST002966,Gauri,Bassi,35.0,Female,Ahmedabad,Gujarat,2020-11-03,Engineer,103600.0,Married,Store,Silver
CUST002967,Avni,Patla,43.0,Female,Ludhiana,Punjab,2020-07-17,Student,18500.0,Divorced,Store,Bronze
CUST002968,Meghana,Kadakia,31.0,Female,New Delhi,Delhi,2020-02-23,Retail Employee,32900.0,Single,Store,Silver
CUST002969,Urishilla,Krishnamurthy,18.0,Female,Surat,Gujarat,2026-07-11,Student,11700.0,Single,Mobile App,Bronze
CUST002970,Oliver,Setty,42.0,Male,Madurai,Tamil Nadu,2019-12-20,Doctor,346500.0,Married,Online,Gold
CUST002971,Anthony,Chawla,18.0,Male,Bengaluru,Karnataka,2026-07-11,Student,14100.0,Single,Store,Bronze
CUST002972,Ati,Yogi,37.0,Female,Nagpur,Maharashtra,2019-09-20,Retail Employee,31200.0,Married,Online,Silver
CUST002973,Gaurang,Dugar,20.0,Male,Patna,Bihar,2024-08-16,Student,13700.0,Single,Online,Bronze
CUST002974,Akshay,Sundaram,64.0,Male,Kolkata,West Bengal,2020-12-14,Retired,24300.0,Married,Online,Bronze
CUST002975,Dalbir,Bobal,50.0,Male,Kanpur,Uttar Pradesh,2020-02-07,Government Employee,91300.0,Married,Online,Gold
CUST002976,Jacob,Saxena,39.0,Male,Madurai,Tamil Nadu,2019-09-05,IT Professional,152300.0,Married,Store,Gold
CUST002977,Omaja,Saini,54.0,Female,Delhi,Delhi,2019-12-07,Student,181000.0,Married,Online,Gold
CUST002978,Hardik,Nanda,27.0,Male,Bengaluru,Karnataka,2020-07-12,IT Professional,123400.0,Single,Mobile App,Gold
CUST002979,Jyoti,Choudhary,45.0,Female,Hyderabad,Telangana,2019-09-13,Self-Employed,103700.0,Married,Online,Gold
CUST002980,Nicholas,Kari,41.0,Male,Amritsar,Punjab,2021-07-16,Business Owner,290500.0,Married,Online,Gold
CUST002981,Chavvi,Khalsa,41.0,Female,Mumbai,Maharashtra,2020-07-07,Retail Employee,32700.0,Married,Online,Silver
CUST002982,Samuel,Iyengar,55.0,Male,Ludhiana,Punjab,2020-01-11,Student,20400.0,Married,Online,Silver
CUST002983,Riya,Kannan,48.0,Female,Amritsar,Punjab,2021-07-25,Sales Executive,136000.0,Single,Store,Silver
CUST002984,Bina,Sinha,42.0,Female,Ludhiana,Punjab,2020-02-07,Student,21500.0,Married,Store,Bronze
CUST002985,Xavier,Bhagat,18.0,Male,Chennai,Tamil Nadu,2026-07-11,Student,7200.0,Single,Online,Bronze
CUST002986,Urmi,Dhillon,26.0,Female,Bhubaneswar,Odisha,2019-05-07,Student,14900.0,Married,Online,Silver
CUST002987,Janaki,Sha,36.0,Female,Hyderabad,Telangana,2021-04-14,Engineer,100000.0,Single,Online,Silver
CUST002988,Gaurav,Ram,39.0,Male,Mumbai,Maharashtra,2018-08-27,Engineer,121600.0,Married,Mobile App,Gold
CUST002989,Rachit,Deshpande,23.0,Male,Delhi,Delhi,2021-08-16,Retired,27100.0,Married,Store,Silver
CUST002990,Vasudha,Hari,38.0,Female,Guwahati,Assam,2020-07-14,Student,195300.0,Widowed,Store,Gold
CUST002991,Rachita,Madan,58.0,Female,Mumbai,Maharashtra,2020-11-16,IT Professional,160400.0,Married,Store,Gold
CUST002992,Harrison,Nayak,46.0,Male,Madurai,Tamil Nadu,2019-11-27,Teacher,53300.0,Single,Online,Silver
CUST002993,Devansh,Balay,39.0,Male,Mumbai,Maharashtra,2018-12-24,Government Employee,52300.0,Married,Online,Silver
CUST002994,Bhanumati,Mand,35.0,Female,Bengaluru,Karnataka,2020-01-24,Retail Employee,33900.0,Single,Mobile App,Silver
CUST002995,Ekanta,Choudhry,26.0,Female,Pune,Maharashtra,2019-08-22,Retail Employee,25700.0,Married,Mobile App,Silver
CUST002996,Vidhi,Shanker,39.0,Female,Chandigarh,Chandigarh,2020-07-20,Retail Employee,27700.0,Single,Store,Silver
CUST002997,Shaurya,Garg,41.0,Male,Kolkata,West Bengal,2020-06-17,Retail Employee,24200.0,Married,Store,Bronze
CUST002998,Pavani,Kannan,22.0,Female,Patna,Bihar,2022-08-17,Student,10300.0,Single,Online,Bronze
CUST002999,Manbir,Dugar,42.0,Male,Ahmedabad,Gujarat,2019-07-05,Government Employee,87100.0,Married,Store,Gold
CUST003000,Frederick,Karpe,36.0,Male,Amritsar,Punjab,2020-07-19,Homemaker,11500.0,Married,Online,Bronze
CUST003001,Chameli,Sabharwal,18.0,Female,Chennai,Tamil Nadu,2026-07-11,Student,8400.0,Single,Mobile App,Bronze
CUST003002,Yutika,Suresh,27.0,Female,Howrah,West Bengal,2020-07-07,Retired,22000.0,Married,Mobile App,Bronze
CUST003003,Hritik,Solanki,33.0,Male,Kolkata,West Bengal,2019-01-24,Teacher,58400.0,Married,Online,Gold
CUST003004,Vihaan,Mallick,63.0,Male,Chennai,Tamil Nadu,2019-05-30,Retired,37700.0,Married,Store,Silver
CUST003005,Advika,Sangha,45.0,Female,Varanasi,Uttar Pradesh,2020-08-15,Teacher,67300.0,Married,Store,Silver
CUST003006,Krishna,Kota,21.0,Female,Howrah,West Bengal,2023-08-17,Student,9600.0,Single,Online,Bronze
CUST003007,Omisha,Saraf,44.0,Female,Lucknow,Uttar Pradesh,2021-05-26,Retail Employee,27500.0,Married,Mobile App,Bronze
CUST003008,Janya,Dixit,18.0,Female,Jodhpur,Rajasthan,2026-07-11,Sales Executive,59400.0,Single,Mobile App,Silver
CUST003009,Aarnav,Sahni,52.0,Male,Delhi,Delhi,2021-03-30,Retired,19300.0,Married,Mobile App,Bronze
CUST003010,Chaitanya,Baria,32.0,Other,Ahmedabad,Gujarat,2021-04-11,Student,8300.0,Married,Mobile App,Bronze
CUST003011,Vrinda,Thaman,37.0,Female,Delhi,Delhi,2021-05-12,Retail Employee,24900.0,Divorced,Mobile App,Bronze
CUST003012,Anika,Sandal,55.0,Female,Kolkata,West Bengal,2019-08-23,IT Professional,128100.0,Married,Online,Gold
CUST003013,Zilmil,Ramesh,21.0,Female,Ahmedabad,Gujarat,2023-08-17,Student,9700.0,Single,Mobile App,Bronze
CUST003014,Wakeeta,Chaudhari,20.0,Female,Ludhiana,Punjab,2024-08-16,Student,8200.0,Single,Store,Bronze
CUST003015,Upkaar,Tandon,30.0,Male,Mumbai,Maharashtra,2019-07-24,Retail Employee,30200.0,Single,Online,Silver
CUST003016,Jai,Chacko,51.0,Male,Pune,Maharashtra,2019-05-10,IT Professional,178800.0,Single,Online,Platinum
CUST003017,Abha,Ray,18.0,Female,Pune,Maharashtra,2026-07-11,Student,15100.0,Single,Mobile App,Bronze
CUST003018,Ikbal,Deo,18.0,Male,Hyderabad,Telangana,2026-07-11,Student,10900.0,Single,Mobile App,Bronze
CUST003019,Praneel,Merchant,32.0,Male,Kanpur,Uttar Pradesh,2019-11-20,Student,16000.0,Single,Store,Silver
CUST003020,Kashvi,Chana,45.0,Female,Varanasi,Uttar Pradesh,2018-10-17,IT Professional,95000.0,Widowed,Mobile App,Gold
CUST003021,Adweta,Srinivasan,54.0,Female,Surat,Gujarat,2020-12-05,Retired,15200.0,Married,Online,Bronze
CUST003022,Michael,Edwin,38.0,Male,Patna,Bihar,2021-06-13,Teacher,45400.0,Single,Store,Bronze
CUST003023,Veda,Bajwa,33.0,Female,Bengaluru,Karnataka,2019-08-31,Sales Executive,85400.0,Married,Online,Gold
CUST003024,Vasana,Sheth,53.0,Female,Pune,Maharashtra,2019-05-28,Self-Employed,148200.0,Married,Store,Gold
CUST003025,Ekantika,Ravi,18.0,Female,Mumbai,Maharashtra,2026-07-11,Sales Executive,31900.0,Single,Online,Bronze
CUST003026,Hiral,Prabhakar,33.0,Female,Chandigarh,Chandigarh,2019-11-30,Self-Employed,92100.0,Married,Online,Gold
CUST003027,Vincent,Agarwal,38.0,Male,Surat,Gujarat,2021-06-12,Doctor,179900.0,Married,Online,Gold
CUST003028,Balendra,Rajan,44.0,Male,Ahmedabad,Gujarat,2018-09-29,Sales Executive,130400.0,Married,Mobile App,Platinum
CUST003029,Ojas,Wali,31.0,Male,Mysuru,Karnataka,2021-04-18,Student,14700.0,Married,Mobile App,Bronze
CUST003030,Anamika,Minhas,38.0,Female,Hyderabad,Telangana,2021-06-03,IT Professional,173500.0,Single,Online,Gold
CUST003031,Unni,Madan,18.0,Female,Bhubaneswar,Odisha,2026-07-11,Sales Executive,42600.0,Single,Mobile App,Silver
CUST003032,Ishita,Buch,29.0,Female,Mumbai,Maharashtra,2020-05-05,Self-Employed,183100.0,Married,Online,Gold
CUST003033,Oviya,Bhakta,44.0,Female,Udaipur,Rajasthan,2021-05-02,Homemaker,18300.0,Single,Store,Bronze
CUST003034,Yasti,Patla,25.0,Female,Bengaluru,Karnataka,2019-08-17,Self-Employed,180100.0,Married,Mobile App,Gold
CUST003035,Ati,Choudhry,39.0,Male,Mumbai,Maharashtra,2018-12-05,Sales Executive,72400.0,Married,Store,Gold
CUST003036,Rehaan,Pau,44.0,Male,Vadodara,Gujarat,2020-11-04,Business Owner,162900.0,Married,Online,Gold
CUST003037,Viraj,Baria,34.0,Male,Bengaluru,Karnataka,2019-09-27,Self-Employed,77400.0,Single,Online,Silver
CUST003038,Rajeshri,Peri,40.0,Female,Ahmedabad,Gujarat,2021-07-01,IT Professional,111600.0,Married,Store,Silver
CUST003039,Gagan,Bhavsar,25.0,Male,Ahmedabad,Gujarat,2020-06-19,Sales Executive,97400.0,Divorced,Store,Silver
CUST003040,Harsh,Devi,35.0,Male,Coimbatore,Tamil Nadu,2020-09-29,Self-Employed,241300.0,Married,Store,Platinum
CUST003041,Oviya,Khare,46.0,Female,Udaipur,Rajasthan,2020-12-09,Self-Employed,245900.0,Married,Mobile App,Gold
CUST003042,Dakshesh,Sridhar,40.0,Male,Kolkata,West Bengal,2019-09-10,Doctor,226200.0,Married,Store,Platinum
CUST003043,Jagrati,Kar,30.0,Female,Bengaluru,Karnataka,2021-03-27,Government Employee,81300.0,Single,Store,Silver
CUST003044,Naveen,Pandit,41.0,Male,Surat,Gujarat,2019-01-16,Student,13200.0,Married,Online,Silver
CUST003045,Kiaan,Thakur,47.0,Male,Kolkata,West Bengal,2019-08-19,Sales Executive,120400.0,Married,Online,Gold
CUST003046,Siddharth,Malhotra,18.0,Male,Mumbai,Maharashtra,2026-07-11,Student,5500.0,Married,Mobile App,Bronze
CUST003047,Avni,Bhatnagar,53.0,Female,Patna,Bihar,2018-10-26,Government Employee,86100.0,Married,Mobile App,Gold
CUST003048,Quincy,Pai,34.0,Male,Madurai,Tamil Nadu,2018-10-19,Retail Employee,25000.0,Married,Online,Silver
CUST003049,Varsha,Sunder,44.0,Female,Bhopal,Madhya Pradesh,2019-12-21,Self-Employed,247700.0,Married,Online,Gold
CUST003050,Yamini,Vyas,54.0,Female,Indore,Madhya Pradesh,2020-02-20,Self-Employed,111500.0,Married,Store,Gold
CUST003051,Divya,Singhal,20.0,Female,Warangal,Telangana,2024-08-16,Retail Employee,23200.0,Single,Mobile App,Silver
CUST003052,Madhav,Seth,29.0,Male,Chennai,Tamil Nadu,2019-06-24,Engineer,168700.0,Divorced,Mobile App,Gold
CUST003053,Qarin,Bhatti,34.0,Male,Hyderabad,Telangana,2020-01-05,Teacher,48700.0,Divorced,Online,Silver
CUST003054,Ijaya,Shankar,28.0,Female,Chennai,Tamil Nadu,2018-10-29,Government Employee,81000.0,Divorced,Online,Gold
CUST003055,Chameli,Buch,61.0,Female,Patna,Bihar,2020-11-28,Retired,51500.0,Widowed,Mobile App,Bronze
CUST003056,Mahika,Gola,27.0,Other,Jodhpur,Rajasthan,2020-09-10,Self-Employed,148800.0,Married,Mobile App,Gold
CUST003057,Maanas,Bose,31.0,Male,Pune,Maharashtra,2020-09-04,Student,15600.0,Married,Online,Bronze
CUST003058,Darika,Gala,41.0,Female,Kolkata,West Bengal,2019-03-17,Engineer,166000.0,Married,Mobile App,Gold
CUST003059,Lakshit,Choudhury,22.0,Male,Ludhiana,Punjab,2022-08-17,Student,13800.0,Single,Mobile App,Bronze
CUST003060,Ethan,Taneja,33.0,Male,Kolkata,West Bengal,2020-04-04,IT Professional,191500.0,Single,Mobile App,Gold
CUST003061,Faqid,Jayaraman,42.0,Male,Jodhpur,Rajasthan,2020-05-05,Sales Executive,65800.0,Married,Mobile App,Silver
CUST003062,Advay,Memon,34.0,Male,Jaipur,Rajasthan,2021-05-28,Student,16400.0,Married,Online,Bronze
CUST003063,Sathvik,Deo,37.0,Male,Mysuru,Karnataka,2020-05-23,Self-Employed,234300.0,Single,Mobile App,Gold
CUST003064,Warjas,Palan,31.0,Male,Hyderabad,Telangana,2020-02-01,Student,11200.0,Married,Mobile App,Bronze
CUST003065,Ucchal,Sawhney,18.0,Female,Surat,Gujarat,2026-07-11,Student,9300.0,Single,Online,Bronze
CUST003066,Advaith,Manne,42.0,Male,Chennai,Tamil Nadu,2020-02-05,IT Professional,118200.0,Single,Online,Silver
CUST003067,Ijaya,Bhatnagar,61.0,Female,Kolkata,West Bengal,2018-09-30,Retired,21100.0,Married,Store,Silver
CUST003068,Advay,Kata,38.0,Male,Ahmedabad,Gujarat,2018-09-09,Self-Employed,99000.0,Married,Online,Gold
CUST003069,Oliver,Sabharwal,41.0,Male,Udaipur,Rajasthan,2020-01-12,IT Professional,124900.0,Married,Mobile App,Gold
CUST003070,Onveer,Narain,47.0,Male,Bengaluru,Karnataka,2020-01-30,Student,13700.0,Divorced,Store,Silver
CUST003071,Xavier,Wagle,21.0,Male,Pune,Maharashtra,2023-08-17,Student,8400.0,Married,Mobile App,Bronze
CUST003072,Vamakshi,Shankar,60.0,Female,Bengaluru,Karnataka,2018-08-20,Business Owner,296300.0,Widowed,Mobile App,Platinum
CUST003073,Max,Deo,41.0,Male,Chennai,Tamil Nadu,2020-10-20,Self-Employed,173100.0,Married,Mobile App,Gold
CUST003074,Niharika,Garg,59.0,Female,Mysuru,Karnataka,2020-04-07,IT Professional,142900.0,Married,Online,Gold
CUST003075,Kalpit,Karan,28.0,Male,Kolkata,West Bengal,2021-08-13,Student,64700.0,Married,Store,Silver
CUST003076,Warhi,Prabhu,62.0,Female,Mumbai,Maharashtra,2020-07-30,Self-Employed,222200.0,Married,Store,Gold
CUST003077,Mitali,Batta,48.0,Female,Chennai,Tamil Nadu,2021-05-30,Engineer,99400.0,Married,Online,Silver
CUST003078,Ethan,Pandit,45.0,Male,Hyderabad,Telangana,2019-05-24,Government Employee,67700.0,Married,Store,Gold
CUST003079,Lucky,Shah,41.0,Male,Coimbatore,Tamil Nadu,2019-12-11,Engineer,171800.0,Married,Mobile App,Gold
CUST003080,Fiyaz,Dyal,35.0,Male,Hyderabad,Telangana,2019-11-28,Engineer,120400.0,Single,Store,Gold
CUST003081,Mekhala,Gopal,54.0,Female,Bengaluru,Karnataka,2020-10-06,Business Owner,181400.0,Married,Store,Gold
CUST003082,Gagan,Dube,40.0,Male,Patna,Bihar,2019-03-07,Engineer,115900.0,Married,Mobile App,Gold
CUST003083,Gaurika,Khanna,18.0,Female,Delhi,Delhi,2026-07-11,Sales Executive,43600.0,Married,Online,Bronze
CUST003084,Devika,Barman,23.0,Female,Ahmedabad,Gujarat,2021-08-16,Retail Employee,20600.0,Single,Online,Bronze
CUST003085,Nitara,Date,36.0,Female,Thiruvananthapuram,Kerala,2019-08-25,Homemaker,4500.0,Divorced,Online,Bronze
CUST003086,Urvi,Lad,42.0,Female,Madurai,Tamil Nadu,2018-11-25,Engineer,124700.0,Married,Online,Gold
CUST003087,Reva,Gour,37.0,Female,Bhopal,Madhya Pradesh,2020-12-02,Doctor,241700.0,Married,Online,Gold
CUST003088,Harshil,Banerjee,54.0,Male,Pune,Maharashtra,2020-01-01,Student,12200.0,Married,Store,Bronze
CUST003089,Nitara,Padmanabhan,18.0,Female,Chennai,Tamil Nadu,2026-07-11,Student,12200.0,Single,Online,Bronze
CUST003090,Falak,Pradhan,40.0,Female,Chennai,Tamil Nadu,2019-01-01,Self-Employed,98000.0,Married,Online,Gold
CUST003091,Udarsh,Zacharia,18.0,Male,Mumbai,Maharashtra,2026-07-11,Student,27300.0,Single,Online,Bronze
CUST003092,Gautami,Walla,48.0,Male,Warangal,Telangana,2020-05-08,Student,15800.0,Divorced,Store,Bronze
CUST003093,Matthew,Dara,38.0,Male,Hyderabad,Telangana,2021-01-28,Engineer,120200.0,Married,Online,Silver
CUST003094,Amaira,Ravel,43.0,Female,Ahmedabad,Gujarat,2021-07-24,Student,17700.0,Married,Mobile App,Bronze
CUST003095,Yahvi,Dhillon,27.0,Female,Thiruvananthapuram,Kerala,2021-03-08,Retired,46200.0,Married,Mobile App,Silver
CUST003096,Veer,Nagarajan,55.0,Male,Pune,Maharashtra,2018-09-11,Sales Executive,113400.0,Married,Online,Gold
CUST003097,Garima,Agrawal,52.0,Female,Bengaluru,Karnataka,2020-12-24,Student,18100.0,Married,Online,Bronze
CUST003098,Zehaan,Narula,46.0,Male,Warangal,Telangana,2018-10-27,Sales Executive,58500.0,Married,Online,Gold
CUST003099,Manbir,Som,36.0,Male,Chennai,Tamil Nadu,2021-01-03,Sales Executive,80400.0,Single,Online,Silver
CUST003100,Maanav,Din,46.0,Male,Udaipur,Rajasthan,2018-10-31,Teacher,73500.0,Single,Online,Gold
CUST003101,Vaishnavi,Nigam,29.0,Female,Warangal,Telangana,2019-08-30,Business Owner,334500.0,Married,Online,Platinum
CUST003102,Daksh,Srinivas,49.0,Male,Mumbai,Maharashtra,2021-04-14,IT Professional,131000.0,Married,Online,Gold
CUST003103,Anmol,Dewan,59.0,Male,Ahmedabad,Gujarat,2019-11-18,Doctor,278100.0,Single,Store,Platinum
CUST003104,Devika,Morar,52.0,Female,Indore,Madhya Pradesh,2020-09-01,Teacher,50900.0,Married,Store,Silver
CUST003105,Advik,Ratti,29.0,Male,Chennai,Tamil Nadu,2020-06-22,Teacher,41700.0,Single,Mobile App,Silver
CUST003106,Imaran,Sehgal,38.0,Male,Kolkata,West Bengal,2020-04-21,IT Professional,195900.0,Single,Store,Gold
CUST003107,Pranav,Chanda,21.0,Male,Nagpur,Maharashtra,2023-08-17,Student,7800.0,Single,Mobile App,Bronze
CUST003108,Nihal,Bhakta,45.0,Male,Delhi,Delhi,2019-08-20,Self-Employed,182000.0,Married,Store,Gold
CUST003109,Gunbir,Vyas,44.0,Male,Delhi,Delhi,2019-04-27,Teacher,50400.0,Married,Mobile App,Silver
CUST003110,Indrajit,Mall,18.0,Male,Hyderabad,Telangana,2026-07-11,Student,8700.0,Single,Mobile App,Bronze
CUST003111,Indira,Bajaj,23.0,Female,Thiruvananthapuram,Kerala,2021-08-16,Sales Executive,48800.0,Single,Mobile App,Bronze
CUST003112,Chakrika,Yohannan,34.0,Female,Chennai,Tamil Nadu,2018-10-23,IT Professional,153400.0,Single,Store,Gold
CUST003113,Udant,Chahal,34.0,Male,Delhi,Delhi,2021-07-03,Engineer,78400.0,Single,Store,Silver
CUST003114,Ronith,Hayer,22.0,Male,Bengaluru,Karnataka,2022-08-17,Sales Executive,67000.0,Single,Mobile App,Silver
CUST003115,Yatan,Nadkarni,43.0,Male,Hyderabad,Telangana,2020-05-07,Sales Executive,114500.0,Married,Mobile App,Gold
CUST003116,Yashodhara,Bhalla,41.0,Female,Kolkata,West Bengal,2019-11-08,Retail Employee,38100.0,Married,Online,Silver
CUST003117,Pranit,Rao,35.0,Male,Warangal,Telangana,2020-10-16,IT Professional,96100.0,Single,Online,Silver
CUST003118,Ethan,Sane,28.0,Male,Hyderabad,Telangana,2020-11-05,Homemaker,4900.0,Married,Online,Bronze
CUST003119,Reva,Raju,52.0,Female,Kolkata,West Bengal,2019-08-04,Teacher,54400.0,Married,Mobile App,Silver
CUST003120,Quincy,Arora,60.0,Male,Delhi,Delhi,2019-10-27,Retired,42100.0,Single,Mobile App,Silver
CUST003121,Lucky,Pai,32.0,Male,Pune,Maharashtra,2021-02-14,Retail Employee,25300.0,Married,Online,Silver
CUST003122,Pushti,Morar,30.0,Female,Mumbai,Maharashtra,2018-12-21,Retail Employee,25000.0,Married,Online,Silver
CUST003123,Vansha,Chahal,44.0,Female,New Delhi,Delhi,2019-08-02,Business Owner,65800.0,Single,Mobile App,Platinum
CUST003124,Hritik,Sawhney,33.0,Male,Pune,Maharashtra,2020-07-15,Self-Employed,127400.0,Married,Store,Gold
CUST003125,Triya,Savant,36.0,Female,Bengaluru,Karnataka,2019-07-29,Homemaker,15000.0,Married,Online,Silver
CUST003126,Maanas,Gade,48.0,Male,Udaipur,Rajasthan,2021-04-15,Self-Employed,65800.0,Married,Online,Gold
CUST003127,Unnati,Sachdeva,38.0,Female,Ahmedabad,Gujarat,2026-07-11,Student,10700.0,Single,Mobile App,Bronze
CUST003128,Ekaraj,Chadha,55.0,Male,Kolkata,West Bengal,2021-02-12,Student,21300.0,Married,Online,Bronze
CUST003129,Eshana,Johal,39.0,Female,Chandigarh,Chandigarh,2021-07-02,Retired,47300.0,Married,Store,Silver
CUST003130,Nidra,Soman,33.0,Female,Bengaluru,Karnataka,2020-08-11,Teacher,42300.0,Married,Store,Silver
CUST003131,Zaitra,Nayak,37.0,Female,Indore,Madhya Pradesh,2021-03-04,Teacher,44300.0,Married,Store,Silver
CUST003132,Bhavini,Prashad,38.0,Female,Hyderabad,Telangana,2019-09-22,Sales Executive,49500.0,Single,Online,Silver
CUST003133,Chanchal,Ahuja,18.0,Female,Hyderabad,Telangana,2026-07-11,Student,8300.0,Single,Mobile App,Bronze
CUST003134,Samarth,Mahajan,57.0,Male,Hyderabad,Telangana,2021-03-06,Retail Employee,32500.0,Married,Online,Silver
CUST003135,Sarthak,Gill,39.0,Male,Pune,Maharashtra,2021-07-20,Sales Executive,85000.0,Married,Store,Silver
CUST003136,Vedhika,Devan,44.0,Female,Amritsar,Punjab,2019-04-01,Retired,11400.0,Divorced,Online,Silver
CUST003137,Irya,Grewal,50.0,Female,Pune,Maharashtra,2021-08-14,Student,16900.0,Married,Online,Bronze
CUST003138,Rayaan,Mann,25.0,Male,Mysuru,Karnataka,2020-08-04,Student,94300.0,Single,Mobile App,Silver
CUST003139,Xalak,Basak,44.0,Female,Bengaluru,Karnataka,2020-02-21,IT Professional,182800.0,Divorced,Online,Gold
CUST003140,Nidhi,Modi,35.0,Female,Mumbai,Maharashtra,2019-03-03,IT Professional,97000.0,Married,Store,Gold
CUST003141,Xiti,Sheth,49.0,Female,Pune,Maharashtra,2019-02-09,Sales Executive,98600.0,Married,Online,Gold
CUST003142,Jasmit,Bala,18.0,Female,Mumbai,Maharashtra,2026-07-11,Student,66100.0,Single,Mobile App,Silver
CUST003143,Aarav,Dube,37.0,Male,Bengaluru,Karnataka,2020-11-18,Government Employee,48800.0,Married,Online,Silver
CUST003144,Karan,Mital,30.0,Male,Bhopal,Madhya Pradesh,2019-06-19,Retail Employee,65800.0,Married,Mobile App,Silver
CUST003145,Warinder,Dash,44.0,Male,Mysuru,Karnataka,2020-11-19,Student,16700.0,Divorced,Mobile App,Bronze
CUST003146,Maanas,Sahni,44.0,Male,Pune,Maharashtra,2020-12-24,Engineer,183100.0,Married,Mobile App,Gold
CUST003147,Hemal,Swamy,29.0,Female,Howrah,West Bengal,2019-12-26,Student,9200.0,Single,Mobile App,Bronze
CUST003148,Krisha,Balakrishnan,29.0,Female,Ludhiana,Punjab,2019-08-03,IT Professional,89600.0,Married,Mobile App,Gold
CUST003149,Dipta,Malhotra,37.0,Female,Delhi,Delhi,2021-06-19,Student,13800.0,Married,Online,Bronze
CUST003150,Xiti,Bhavsar,26.0,Female,Bengaluru,Karnataka,2021-06-11,IT Professional,65800.0,Divorced,Mobile App,Silver
CUST003151,Pratyush,Srivastava,49.0,Male,Amritsar,Punjab,2019-04-10,Student,15000.0,Married,Store,Bronze
CUST003152,Tejas,Kuruvilla,33.0,Male,Delhi,Delhi,2019-01-17,Self-Employed,178300.0,Married,Mobile App,Gold
CUST003153,Wazir,Dar,18.0,Male,Chennai,Tamil Nadu,2026-07-11,Student,8600.0,Single,Mobile App,Bronze
CUST003154,Rachit,Vala,33.0,Male,Delhi,Delhi,2020-05-03,Teacher,51800.0,Divorced,Online,Silver
CUST003155,Adweta,Lad,24.0,Female,Thiruvananthapuram,Kerala,2020-08-16,Sales Executive,31400.0,Single,Store,Bronze
CUST003156,Finn,Bhardwaj,18.0,Male,Amritsar,Punjab,2026-07-11,Retail Employee,23000.0,Married,Store,Bronze
CUST003157,Elijah,Nagarajan,22.0,Male,Lucknow,Uttar Pradesh,2022-08-17,Student,8000.0,Single,Online,Bronze
CUST003158,Vihaan,Deshmukh,39.0,Male,Bengaluru,Karnataka,2020-08-31,Student,20900.0,Single,Store,Silver
CUST003159,Rachana,Gade,55.0,Female,Hyderabad,Telangana,2021-01-11,Business Owner,349200.0,Married,Store,Gold
CUST003160,Avi,Mahajan,42.0,Male,Delhi,Delhi,2020-05-14,IT Professional,167300.0,Married,Online,Gold
CUST003161,Radha,Saini,30.0,Female,Indore,Madhya Pradesh,2020-10-06,Self-Employed,116800.0,Single,Online,Gold
CUST003162,Pranav,Bava,44.0,Male,Kochi,Kerala,2020-08-10,IT Professional,144000.0,Widowed,Store,Gold
CUST003163,Mohini,Manne,32.0,Female,Hyderabad,Telangana,2020-01-29,Teacher,52200.0,Married,Online,Silver
CUST003164,Balvan,Varkey,29.0,Male,Ahmedabad,Gujarat,2021-02-12,IT Professional,97200.0,Married,Mobile App,Silver
CUST003165,Indali,Goswami,23.0,Female,Nagpur,Maharashtra,2021-08-16,Business Owner,351800.0,Single,Online,Gold
CUST003166,Charvi,Ganesh,18.0,Female,Warangal,Telangana,2026-07-11,Sales Executive,40300.0,Married,Mobile App,Bronze
CUST003167,Ojasvi,Mutti,33.0,Female,Howrah,West Bengal,2020-03-07,Student,9800.0,Married,Mobile App,Bronze
CUST003168,Nidhi,Madan,40.0,Female,Hyderabad,Telangana,2019-05-22,IT Professional,174700.0,Divorced,Mobile App,Platinum
CUST003169,Pratyush,Char,37.0,Male,Hyderabad,Telangana,2020-03-03,Student,10300.0,Divorced,Online,Bronze
CUST003170,Patrick,Dhawan,33.0,Male,Mumbai,Maharashtra,2020-07-17,IT Professional,116900.0,Single,Online,Gold
CUST003171,Abeer,Devan,26.0,Male,Lucknow,Uttar Pradesh,2020-03-14,Sales Executive,43000.0,Single,Online,Silver
CUST003172,Yochana,Manda,46.0,Female,Indore,Madhya Pradesh,2019-01-29,Teacher,52300.0,Married,Mobile App,Silver
CUST003173,Quincy,Sundaram,21.0,Male,Amritsar,Punjab,2023-08-17,Sales Executive,80600.0,Married,Mobile App,Silver
CUST003174,Samesh,Oak,48.0,Male,Ahmedabad,Gujarat,2019-09-25,Student,159200.0,Married,Online,Gold
CUST003175,Gautami,Chaudry,25.0,Female,Madurai,Tamil Nadu,2019-08-17,Sales Executive,208300.0,Married,Online,Gold
CUST003176,Janani,Dubey,28.0,Female,Bengaluru,Karnataka,2021-07-31,Self-Employed,80700.0,Married,Mobile App,Silver
CUST003177,Zayan,Kant,19.0,Male,Ludhiana,Punjab,2025-08-16,Student,8400.0,Single,Online,Bronze
CUST003178,Ijaya,Vora,31.0,Female,Kolkata,West Bengal,2018-10-06,Government Employee,67700.0,Single,Store,Silver
CUST003179,Zinal,Comar,51.0,Female,Ahmedabad,Gujarat,2019-11-25,IT Professional,120000.0,Married,Store,Gold
CUST003180,Sathvik,Sharma,45.0,Male,Ahmedabad,Gujarat,2019-05-13,Retail Employee,34100.0,Married,Store,Silver
CUST003181,Balvan,Dada,51.0,Male,Varanasi,Uttar Pradesh,2020-02-01,IT Professional,195000.0,Married,Store,Gold
CUST003182,Ekaja,Badal,45.0,Female,Mumbai,Maharashtra,2020-10-07,IT Professional,142100.0,Widowed,Online,Silver
CUST003183,Wakeeta,Pall,24.0,Female,Delhi,Delhi,2020-08-16,Homemaker,15400.0,Single,Online,Bronze
CUST003184,Nachiket,Patil,34.0,Male,Ahmedabad,Gujarat,2019-11-01,IT Professional,162700.0,Divorced,Store,Gold
CUST003185,Ekaraj,Sathe,28.0,Male,Patna,Bihar,2019-11-20,Self-Employed,90800.0,Married,Mobile App,Gold
CUST003186,Yutika,Oommen,55.0,Female,Ahmedabad,Gujarat,2019-08-25,Homemaker,3600.0,Married,Store,Bronze
CUST003187,Harini,Modi,22.0,Female,Hyderabad,Telangana,2022-08-17,Sales Executive,25600.0,Single,Online,Bronze
CUST003188,Amrita,Dani,50.0,Female,Hyderabad,Telangana,2019-06-06,Retail Employee,24700.0,Divorced,Online,Silver
CUST003189,Indrajit,Dave,50.0,Male,Surat,Gujarat,2020-12-28,IT Professional,194200.0,Divorced,Store,Gold
CUST003190,Ekavir,Karan,62.0,Male,Vadodara,Gujarat,2020-03-23,Retired,17200.0,Married,Online,Bronze
CUST003191,Nikita,Dass,33.0,Female,Kolkata,West Bengal,2018-09-07,IT Professional,169600.0,Single,Online,Platinum
CUST003192,Henry,De,47.0,Male,Bengaluru,Karnataka,2019-12-18,Teacher,362800.0,Single,Online,Platinum
CUST003193,Farhan,Sandal,68.0,Other,Thiruvananthapuram,Kerala,2018-10-23,Self-Employed,235300.0,Married,Store,Platinum
CUST003194,Dayita,Brahmbhatt,30.0,Female,Madurai,Tamil Nadu,2019-03-09,IT Professional,130300.0,Divorced,Online,Gold
CUST003195,Aditya,Sule,18.0,Male,Jodhpur,Rajasthan,2026-07-11,Student,8800.0,Single,Online,Bronze
CUST003196,Upasna,Basak,18.0,Female,Delhi,Delhi,2026-07-11,Sales Executive,30900.0,Married,Online,Bronze
CUST003197,Guneet,Chokshi,47.0,Male,Mysuru,Karnataka,2020-09-17,Student,13200.0,Married,Online,Bronze
CUST003198,Anamika,Varghese,18.0,Female,Bhopal,Madhya Pradesh,2026-07-11,Student,10000.0,Married,Store,Bronze
CUST003199,Ayushman,Singh,33.0,Male,Mumbai,Maharashtra,2020-04-29,Self-Employed,200400.0,Single,Store,Gold
CUST003200,Daniel,Kulkarni,44.0,Male,Chennai,Tamil Nadu,2019-03-25,Retail Employee,29500.0,Married,Online,Silver
CUST003201,Anya,Bhatti,40.0,Female,Chennai,Tamil Nadu,2019-05-06,Engineer,184600.0,Married,Mobile App,Platinum
CUST003202,Nidhi,Anne,38.0,Female,Vadodara,Gujarat,2020-09-08,Government Employee,51400.0,Married,Store,Silver
CUST003203,Chanakya,Dasgupta,41.0,Male,Bengaluru,Karnataka,2019-07-08,Sales Executive,80300.0,Married,Store,Silver
CUST003204,Ishanvi,Iyengar,55.0,Female,Delhi,Delhi,2020-02-21,Teacher,51500.0,Married,Store,Silver
CUST003205,George,Panchal,38.0,Male,Thiruvananthapuram,Kerala,2020-08-27,Teacher,50300.0,Married,Mobile App,Silver
CUST003206,Akshay,Chana,29.0,Male,Kolkata,West Bengal,2020-05-21,Engineer,142700.0,Married,Mobile App,Gold
CUST003207,Elijah,Mall,28.0,Male,Pune,Maharashtra,2018-12-09,Retail Employee,23900.0,Single,Mobile App,Silver
CUST003208,Owen,Pandey,49.0,Male,Delhi,Delhi,2020-07-18,Government Employee,71300.0,Married,Store,Silver
CUST003209,Faris,Tella,50.0,Male,Ludhiana,Punjab,2020-10-05,IT Professional,156300.0,Married,Store,Gold
CUST003210,Jai,Tiwari,44.0,Male,Delhi,Delhi,2020-07-27,Teacher,60600.0,Married,Mobile App,Silver
CUST003211,Bahadurjit,Chaudhary,53.0,Male,Kolkata,West Bengal,2020-12-24,IT Professional,178900.0,Married,Online,Gold
CUST003212,Abhimanyu,Wadhwa,23.0,Male,Hyderabad,Telangana,2021-08-16,Engineer,120600.0,Single,Mobile App,Silver
CUST003213,Ikbal,Handa,38.0,Male,Indore,Madhya Pradesh,2021-03-08,Business Owner,508500.0,Widowed,Store,Gold
CUST003214,Megha,Garg,58.0,Female,Jaipur,Rajasthan,2019-03-05,Doctor,339600.0,Single,Online,Platinum
CUST003215,Aarnav,Chaudhary,48.0,Male,Kolkata,West Bengal,2020-12-12,Government Employee,85400.0,Single,Online,Silver
CUST003216,Jalsa,Thaman,61.0,Female,Mumbai,Maharashtra,2019-10-31,Retired,39600.0,Divorced,Store,Silver
CUST003217,Vyanjana,Peri,18.0,Female,Indore,Madhya Pradesh,2026-07-11,Retail Employee,27400.0,Single,Mobile App,Bronze
CUST003218,Hiral,Sarraf,31.0,Female,Warangal,Telangana,2018-09-09,Sales Executive,99700.0,Single,Online,Gold
CUST003219,Damyanti,Golla,28.0,Female,Thiruvananthapuram,Kerala,2020-04-05,Government Employee,41700.0,Married,Mobile App,Silver
CUST003220,Raagini,Raghavan,47.0,Female,Chennai,Tamil Nadu,2019-02-27,IT Professional,100300.0,Single,Mobile App,Gold
CUST003221,Simon,Kala,24.0,Male,Ahmedabad,Gujarat,2020-08-16,IT Professional,141700.0,Single,Mobile App,Gold
CUST003222,Yasti,Kari,38.0,Female,Mumbai,Maharashtra,2019-06-26,Engineer,154500.0,Married,Online,Gold
CUST003223,Tanvi,Chowdhury,56.0,Female,Vadodara,Gujarat,2019-02-22,Doctor,239900.0,Married,Store,Platinum
CUST003224,Nirja,Dasgupta,47.0,Female,Bengaluru,Karnataka,2021-04-28,Student,12800.0,Married,Store,Bronze
CUST003225,Vidhi,Choudhary,42.0,Female,Mysuru,Karnataka,2019-08-04,Business Owner,170900.0,Married,Store,Gold
CUST003226,Ekansh,Tandon,38.0,Male,Pune,Maharashtra,2020-10-29,Student,6500.0,Married,Mobile App,Bronze
CUST003227,Radha,Mani,27.0,Female,Pune,Maharashtra,2019-04-08,IT Professional,120000.0,Married,Mobile App,Gold
CUST003228,Anusha,Butala,54.0,Female,Delhi,Delhi,2018-10-03,Self-Employed,235100.0,Married,Online,Platinum
CUST003229,Nihal,Tak,48.0,Male,Bengaluru,Karnataka,2018-12-02,IT Professional,147700.0,Divorced,Online,Gold
CUST003230,Dalbir,Rajan,37.0,Male,Indore,Madhya Pradesh,2021-04-12,Retail Employee,29800.0,Single,Mobile App,Bronze
CUST003231,Meghana,Shan,33.0,Female,Hyderabad,Telangana,2020-07-07,Retired,56500.0,Married,Online,Silver
CUST003232,Nimrat,Sawhney,18.0,Female,Surat,Gujarat,2026-07-11,Sales Executive,33500.0,Married,Online,Bronze
CUST003233,Jeevika,Reddy,24.0,Female,Pune,Maharashtra,2021-04-04,Self-Employed,157900.0,Married,Store,Silver
CUST003234,Mohini,Sangha,63.0,Female,Kolkata,West Bengal,2021-05-01,Retired,31100.0,Married,Store,Bronze
CUST003235,Girindra,Boase,21.0,Male,Chennai,Tamil Nadu,2023-08-17,Student,6400.0,Single,Mobile App,Bronze
CUST003236,Wazir,Pillai,40.0,Male,Amritsar,Punjab,2018-08-25,Homemaker,19000.0,Married,Online,Silver
CUST003237,Gaurav,Arya,51.0,Male,Chandigarh,Chandigarh,2019-12-02,Student,129900.0,Married,Mobile App,Gold
CUST003238,Yatan,Cheema,22.0,Male,Chennai,Tamil Nadu,2022-08-17,Sales Executive,77200.0,Single,Mobile App,Silver
CUST003239,Rudra,Sarma,40.0,Male,Udaipur,Rajasthan,2020-03-18,Teacher,41300.0,Married,Mobile App,Silver
CUST003240,Brijesh,Dar,50.0,Male,Delhi,Delhi,2019-08-22,Teacher,73700.0,Divorced,Store,Gold
CUST003241,Eshana,Rana,38.0,Female,Kolkata,West Bengal,2018-10-03,Retired,10300.0,Married,Online,Bronze
CUST003242,Suhani,Chaudry,75.0,Female,Mumbai,Maharashtra,2019-11-10,Retired,16700.0,Widowed,Store,Bronze
CUST003243,Frado,Bhattacharyya,18.0,Male,Mysuru,Karnataka,2026-07-11,Student,11200.0,Single,Mobile App,Bronze
CUST003244,Qabil,Issac,52.0,Male,Delhi,Delhi,2020-02-23,Retail Employee,34000.0,Single,Store,Silver
CUST003245,Omkaar,Iyer,36.0,Male,Ahmedabad,Gujarat,2018-08-24,IT Professional,169800.0,Married,Store,Gold
CUST003246,Tamanna,Das,48.0,Female,Chennai,Tamil Nadu,2020-06-18,Student,15500.0,Single,Online,Bronze
CUST003247,Jackson,Samra,44.0,Male,Vadodara,Gujarat,2019-11-05,IT Professional,201200.0,Married,Online,Gold
CUST003248,Zaid,Mallick,28.0,Male,Chennai,Tamil Nadu,2021-04-21,IT Professional,121700.0,Married,Mobile App,Gold
CUST003249,Madhavi,Ratta,41.0,Female,Pune,Maharashtra,2021-03-15,Self-Employed,158700.0,Married,Store,Gold
CUST003250,Rachana,Soni,18.0,Female,Surat,Gujarat,2026-07-11,Student,8100.0,Single,Online,Bronze
CUST003251,Samaksh,Sundaram,46.0,Male,Varanasi,Uttar Pradesh,2020-09-21,Retired,57800.0,Married,Online,Silver
CUST003252,Liam,Din,42.0,Male,Patna,Bihar,2020-09-16,Retail Employee,28100.0,Single,Mobile App,Bronze
CUST003253,Utkarsh,Chokshi,46.0,Male,Kolkata,West Bengal,2020-06-18,Engineer,120600.0,Married,Mobile App,Gold
CUST003254,Divya,Krishna,38.0,Female,Vadodara,Gujarat,2018-09-22,Student,20700.0,Married,Store,Silver
CUST003255,Wishi,Tank,43.0,Female,Vadodara,Gujarat,2021-05-16,Business Owner,371800.0,Married,Mobile App,Gold
CUST003256,Jack,Desai,40.0,Male,Nagpur,Maharashtra,2019-03-03,Retired,20200.0,Married,Online,Silver
CUST003257,Amruta,Chaudhary,27.0,Female,Nagpur,Maharashtra,2020-08-07,Self-Employed,83300.0,Married,Mobile App,Silver
CUST003258,Avi,Bir,29.0,Male,Mumbai,Maharashtra,2019-01-28,Engineer,81400.0,Married,Online,Gold
CUST003259,Zaid,Bala,53.0,Male,Bengaluru,Karnataka,2018-08-26,IT Professional,164700.0,Married,Store,Gold
CUST003260,Gaurav,Raja,57.0,Male,Chennai,Tamil Nadu,2020-07-30,Self-Employed,168400.0,Married,Store,Platinum
CUST003261,Omisha,Dua,35.0,Female,Ludhiana,Punjab,2021-03-28,Sales Executive,86500.0,Married,Online,Silver
CUST003262,Max,Char,39.0,Male,Warangal,Telangana,2021-03-11,Retired,16200.0,Married,Online,Bronze
CUST003263,Balvan,Venkatesh,26.0,Male,Surat,Gujarat,2019-05-08,IT Professional,144100.0,Married,Online,Gold
CUST003264,Yatin,Shukla,53.0,Male,Ahmedabad,Gujarat,2021-03-10,Retired,47000.0,Married,Store,Silver
CUST003265,Harrison,Memon,47.0,Male,Delhi,Delhi,2020-11-04,Retail Employee,34600.0,Married,Mobile App,Bronze
CUST003266,Yadavi,Swaminathan,63.0,Female,Mumbai,Maharashtra,2021-01-04,Retired,55000.0,Married,Mobile App,Silver
CUST003267,Zayyan,Lal,27.0,Male,Madurai,Tamil Nadu,2020-07-23,Student,16300.0,Married,Online,Silver
CUST003268,Onveer,Zachariah,33.0,Male,Ahmedabad,Gujarat,2021-05-27,Government Employee,63700.0,Married,Online,Silver
CUST003269,Adya,Balay,41.0,Female,Ludhiana,Punjab,2019-01-20,Self-Employed,131700.0,Divorced,Online,Gold
CUST003270,Upasna,Dani,46.0,Female,Hyderabad,Telangana,2019-01-17,Sales Executive,60900.0,Married,Mobile App,Silver
CUST003271,Sanaya,Sengupta,35.0,Female,Patna,Bihar,2020-05-21,Student,139000.0,Married,Online,Gold
CUST003272,Nisha,Puri,27.0,Female,Hyderabad,Telangana,2019-10-16,Engineer,116800.0,Married,Mobile App,Gold
CUST003273,Timothy,Sharaf,49.0,Male,Ahmedabad,Gujarat,2019-09-13,IT Professional,134600.0,Married,Online,Gold
CUST003274,Anita,Bali,47.0,Female,Kolkata,West Bengal,2019-05-18,Business Owner,422100.0,Widowed,Online,Platinum
CUST003275,Hema,Mitter,26.0,Female,Mumbai,Maharashtra,2020-01-24,IT Professional,102300.0,Married,Store,Silver
CUST003276,Fitan,Swamy,56.0,Male,Pune,Maharashtra,2020-02-04,Self-Employed,229100.0,Married,Store,Gold
CUST003277,Upasna,Desai,53.0,Female,Mumbai,Maharashtra,2019-09-24,Doctor,298900.0,Married,Store,Platinum
CUST003278,Nachiket,Ramachandran,40.0,Male,Hyderabad,Telangana,2019-07-08,Business Owner,415900.0,Married,Online,Platinum
CUST003279,Vinaya,Choudhary,39.0,Other,Vadodara,Gujarat,2020-08-01,Engineer,990800.0,Married,Store,Gold
CUST003280,Xalak,Zacharia,45.0,Female,Delhi,Delhi,2020-08-19,Sales Executive,72700.0,Married,Online,Silver
CUST003281,Vrinda,Soni,27.0,Female,Kolkata,West Bengal,2020-10-25,Government Employee,52100.0,Single,Store,Silver
CUST003282,Gaurangi,Toor,38.0,Female,Bengaluru,Karnataka,2019-12-24,Teacher,62600.0,Single,Mobile App,Gold
CUST003283,Baghyawati,Raman,18.0,Female,Jodhpur,Rajasthan,2026-07-11,Retail Employee,22100.0,Single,Store,Bronze
CUST003284,Karan,Talwar,49.0,Male,Jodhpur,Rajasthan,2020-01-02,IT Professional,186500.0,Married,Mobile App,Gold
CUST003285,Ranbir,Pandit,18.0,Male,Udaipur,Rajasthan,2026-07-11,Sales Executive,60000.0,Single,Online,Silver
CUST003286,Lucky,Nagi,58.0,Male,Coimbatore,Tamil Nadu,2019-02-11,Teacher,73800.0,Married,Store,Silver
CUST003287,Azaan,Bala,34.0,Male,Bengaluru,Karnataka,2021-05-28,Teacher,33600.0,Married,Store,Bronze
CUST003288,Aradhana,Dave,35.0,Female,Lucknow,Uttar Pradesh,2019-11-28,Sales Executive,98300.0,Married,Store,Gold
CUST003289,Qadim,Palla,30.0,Male,Delhi,Delhi,2019-11-25,IT Professional,87100.0,Single,Online,Silver
CUST003290,Agastya,Om,34.0,Male,Bengaluru,Karnataka,2020-06-22,IT Professional,184500.0,Single,Online,Gold
CUST003291,Sachi,Chatterjee,56.0,Female,Delhi,Delhi,2020-05-12,Teacher,588800.0,Married,Store,Gold
CUST003292,Upadhriti,Pai,18.0,Female,Ahmedabad,Gujarat,2026-07-11,Student,15000.0,Married,Mobile App,Bronze
CUST003293,Pranav,Sabharwal,55.0,Male,Ahmedabad,Gujarat,2020-10-13,Doctor,330300.0,Divorced,Mobile App,Gold
CUST003294,Parth,Bhalla,42.0,Male,Ahmedabad,Gujarat,2019-01-04,Retail Employee,38800.0,Single,Mobile App,Silver
CUST003295,Jason,Kota,22.0,Male,Hyderabad,Telangana,2022-08-17,Sales Executive,60300.0,Married,Online,Silver
CUST003296,Kamya,Muni,38.0,Female,Pune,Maharashtra,2020-08-16,Student,77000.0,Married,Online,Silver
CUST003297,Brijesh,Bhatti,60.0,Male,Kochi,Kerala,2019-04-22,Retired,25800.0,Married,Store,Silver
CUST003298,Niharika,Contractor,38.0,Female,Chennai,Tamil Nadu,2019-10-15,Business Owner,342900.0,Single,Mobile App,Platinum
CUST003299,Om,Gara,23.0,Male,Hyderabad,Telangana,2021-08-16,Engineer,110500.0,Single,Online,Silver
CUST003300,Advaith,Yohannan,53.0,Male,Kolkata,West Bengal,2018-09-22,Retail Employee,28500.0,Married,Store,Silver
CUST003301,Omaja,Barad,42.0,Female,Delhi,Delhi,2020-10-11,Government Employee,559300.0,Married,Mobile App,Gold
CUST003302,Victor,Sami,26.0,Male,Pune,Maharashtra,2021-02-28,IT Professional,78700.0,Married,Mobile App,Silver
CUST003303,Shivansh,Loke,41.0,Male,Hyderabad,Telangana,2020-10-05,Business Owner,199700.0,Married,Mobile App,Gold
CUST003304,Advaith,Singh,25.0,Male,Delhi,Delhi,2019-10-13,Engineer,65800.0,Married,Online,Silver
CUST003305,Advay,Nadig,52.0,Male,Delhi,Delhi,2021-01-25,Engineer,202100.0,Single,Store,Gold
CUST003306,Saanvi,Ramakrishnan,52.0,Female,Patna,Bihar,2018-11-24,Self-Employed,159300.0,Married,Store,Platinum
CUST003307,Neel,Chaudhari,45.0,Male,Coimbatore,Tamil Nadu,2020-05-23,Self-Employed,120300.0,Married,Store,Gold
CUST003308,Yash,Chaudhry,43.0,Male,Chennai,Tamil Nadu,2019-01-28,Engineer,124200.0,Married,Online,Gold
CUST003309,Harshil,Nayar,61.0,Male,Ahmedabad,Gujarat,2020-11-16,Self-Employed,138400.0,Married,Store,Gold
CUST003310,Yadavi,Thakkar,38.0,Female,Guwahati,Assam,2020-09-07,Teacher,53400.0,Married,Mobile App,Silver
CUST003311,Pallavi,Ganesan,23.0,Female,Pune,Maharashtra,2021-08-16,Sales Executive,71100.0,Single,Store,Silver
CUST003312,Netra,Patla,44.0,Female,Varanasi,Uttar Pradesh,2020-11-07,Engineer,181500.0,Married,Mobile App,Gold
CUST003313,Urmi,Jaggi,65.0,Female,Kolkata,West Bengal,2020-02-26,Self-Employed,146300.0,Married,Online,Gold
CUST003314,Yuvraj,Borra,25.0,Male,Pune,Maharashtra,2019-08-17,Engineer,132200.0,Single,Mobile App,Gold
CUST003315,Hredhaan,Mani,33.0,Male,Bengaluru,Karnataka,2020-06-16,Retail Employee,21300.0,Single,Mobile App,Silver
CUST003316,Kevin,Batta,43.0,Male,Chennai,Tamil Nadu,2019-09-15,Engineer,108100.0,Married,Mobile App,Gold
CUST003317,Manthan,Ratti,37.0,Male,Ahmedabad,Gujarat,2020-05-05,Teacher,39100.0,Single,Store,Silver
CUST003318,Isaiah,Chanda,25.0,Male,Delhi,Delhi,2021-06-26,Business Owner,328900.0,Married,Mobile App,Gold
CUST003319,Charvi,Nayar,53.0,Female,Coimbatore,Tamil Nadu,2020-02-12,IT Professional,164000.0,Married,Online,Gold
CUST003320,Madhavi,Bhavsar,68.0,Female,Ahmedabad,Gujarat,2021-06-05,Self-Employed,317900.0,Married,Store,Gold
CUST003321,Zilmil,Soman,41.0,Female,Chennai,Tamil Nadu,2018-12-22,Doctor,292900.0,Widowed,Mobile App,Platinum
CUST003322,Tanay,Kadakia,26.0,Male,Bhopal,Madhya Pradesh,2019-05-14,Doctor,200700.0,Married,Mobile App,Platinum
CUST003323,Prisha,Bose,18.0,Female,Bhopal,Madhya Pradesh,2026-07-11,Student,12900.0,Single,Mobile App,Bronze
CUST003324,Nidhi,Thaman,41.0,Female,Chennai,Tamil Nadu,2019-09-15,Retired,18400.0,Married,Online,Silver
CUST003325,Netra,Sant,52.0,Female,Amritsar,Punjab,2021-04-15,Self-Employed,141800.0,Married,Online,Gold
CUST003326,Naksh,Iyengar,44.0,Male,Mumbai,Maharashtra,2019-07-08,Self-Employed,65800.0,Widowed,Mobile App,Gold
CUST003327,Sarthak,Ratti,38.0,Male,Mumbai,Maharashtra,2019-02-27,Teacher,62600.0,Married,Mobile App,Silver
CUST003328,Jeremiah,Varma,30.0,Male,Hyderabad,Telangana,2019-02-28,Engineer,111900.0,Divorced,Online,Gold
CUST003329,Utkarsh,Gole,24.0,Male,Kolkata,West Bengal,2020-10-09,Retail Employee,26000.0,Single,Mobile App,Bronze
CUST003330,Adya,Varty,49.0,Female,Kolkata,West Bengal,2020-10-31,Engineer,130700.0,Married,Online,Gold
CUST003331,Girik,Tata,50.0,Male,Chennai,Tamil Nadu,2020-01-23,Retail Employee,33200.0,Married,Online,Silver
CUST003332,Hredhaan,Sibal,18.0,Male,Pune,Maharashtra,2026-07-11,Student,12800.0,Single,Mobile App,Bronze
CUST003333,Lipika,Walia,59.0,Female,Delhi,Delhi,2018-11-12,Engineer,130700.0,Married,Online,Gold
CUST003334,Urishilla,Bhasin,45.0,Female,Chandigarh,Chandigarh,2020-07-18,IT Professional,65800.0,Divorced,Mobile App,Gold
CUST003335,Harish,Patla,56.0,Male,Bhopal,Madhya Pradesh,2019-04-15,IT Professional,198000.0,Single,Online,Gold
CUST003336,Vedhika,Divan,21.0,Female,Ahmedabad,Gujarat,2023-08-17,Sales Executive,80700.0,Single,Online,Silver
CUST003337,Jai,Dora,20.0,Male,Ahmedabad,Gujarat,2024-08-16,Student,6800.0,Single,Mobile App,Bronze
CUST003338,Mason,Saran,36.0,Male,Kolkata,West Bengal,2019-02-18,Self-Employed,202200.0,Married,Mobile App,Platinum
CUST003339,Samesh,Nagar,45.0,Male,Delhi,Delhi,2020-10-27,Retail Employee,43900.0,Married,Online,Silver
CUST003340,Bhavika,Jani,61.0,Female,Hyderabad,Telangana,2020-08-05,Retired,25900.0,Married,Store,Silver
CUST003341,Triveni,Loke,47.0,Female,Ahmedabad,Gujarat,2021-01-10,Retail Employee,40200.0,Married,Online,Silver
CUST003342,Luke,Dyal,35.0,Male,Coimbatore,Tamil Nadu,2020-02-08,Self-Employed,107100.0,Married,Online,Gold
CUST003343,Lavanya,Keer,25.0,Female,Mumbai,Maharashtra,2019-08-17,IT Professional,96100.0,Married,Online,Gold
CUST003344,Samaksh,Khare,54.0,Male,Guwahati,Assam,2020-01-16,Sales Executive,131400.0,Married,Store,Gold
CUST003345,Deepa,Doctor,25.0,Female,Varanasi,Uttar Pradesh,2021-04-03,IT Professional,141700.0,Married,Store,Gold
CUST003346,Gopal,Bala,59.0,Male,New Delhi,Delhi,2020-11-13,Student,19700.0,Widowed,Store,Bronze
CUST003347,Jason,Mukherjee,34.0,Male,Kolkata,West Bengal,2019-12-08,Business Owner,376000.0,Married,Store,Gold
CUST003348,Vedika,Sunder,38.0,Female,Thiruvananthapuram,Kerala,2019-11-16,Retail Employee,258800.0,Married,Store,Platinum
CUST003349,Urmi,Sami,47.0,Female,Pune,Maharashtra,2019-11-23,Self-Employed,266400.0,Married,Store,Platinum
CUST003350,Andrew,Jaggi,36.0,Male,Chennai,Tamil Nadu,2021-05-24,Retail Employee,32600.0,Married,Online,Bronze
CUST003351,Fariq,Mahajan,31.0,Male,Chennai,Tamil Nadu,2019-05-13,Teacher,56800.0,Married,Mobile App,Silver
CUST003352,Ekansh,Balakrishnan,34.0,Male,Hyderabad,Telangana,2018-11-24,Self-Employed,167200.0,Married,Online,Platinum
CUST003353,Kai,Mall,44.0,Male,Varanasi,Uttar Pradesh,2020-02-04,Homemaker,14000.0,Married,Online,Bronze
CUST003354,Hema,Basak,39.0,Female,Hyderabad,Telangana,2019-06-21,Teacher,65400.0,Married,Online,Silver
CUST003355,Watika,Bahri,30.0,Female,Mumbai,Maharashtra,2018-11-19,Self-Employed,166900.0,Single,Mobile App,Platinum
CUST003356,Ayaan,Chacko,38.0,Male,Mumbai,Maharashtra,2019-09-12,Retail Employee,30000.0,Married,Mobile App,Silver
CUST003357,Naksh,Misra,39.0,Male,Mumbai,Maharashtra,2019-08-08,Self-Employed,115500.0,Single,Mobile App,Gold
CUST003358,Bhavika,Ray,18.0,Male,Hyderabad,Telangana,2026-07-11,Retail Employee,25000.0,Single,Mobile App,Bronze
CUST003359,Qabil,Chana,44.0,Male,Ahmedabad,Gujarat,2020-11-04,Retail Employee,33000.0,Married,Store,Silver
CUST003360,Sneha,Dey,25.0,Female,Delhi,Delhi,2019-11-17,Government Employee,39200.0,Single,Online,Silver
CUST003361,Jacob,Choudhury,23.0,Male,Ahmedabad,Gujarat,2021-08-16,Retail Employee,25500.0,Single,Store,Bronze
CUST003362,Yamini,Dara,18.0,Female,Ahmedabad,Gujarat,2026-07-11,Student,9900.0,Single,Mobile App,Bronze
CUST003363,Yutika,Vohra,18.0,Female,New Delhi,Delhi,2026-07-11,Student,8100.0,Married,Online,Bronze
CUST003364,Ladli,Taneja,20.0,Female,Kolkata,West Bengal,2024-08-16,Retail Employee,27800.0,Single,Mobile App,Bronze
CUST003365,Chandani,Khanna,29.0,Female,Ahmedabad,Gujarat,2020-05-10,Retired,24300.0,Married,Mobile App,Silver
CUST003366,Darsh,Munshi,63.0,Male,Chennai,Tamil Nadu,2019-10-03,Retired,55900.0,Widowed,Mobile App,Silver
CUST003367,Omya,Ramakrishnan,31.0,Female,Bengaluru,Karnataka,2020-06-02,Engineer,112200.0,Married,Store,Gold
CUST003368,Kamya,Sampath,40.0,Male,Kolkata,West Bengal,2019-02-10,Engineer,139700.0,Married,Mobile App,Gold
CUST003369,Ikbal,Dhawan,43.0,Male,Amritsar,Punjab,2020-03-06,Sales Executive,90400.0,Married,Mobile App,Gold
CUST003370,Chatresh,Gill,40.0,Male,Hyderabad,Telangana,2018-12-03,IT Professional,112000.0,Married,Mobile App,Gold
CUST003371,Hredhaan,Maharaj,37.0,Male,Hyderabad,Telangana,2020-02-05,Engineer,90800.0,Married,Store,Silver
CUST003372,Thomas,Rege,22.0,Male,Chennai,Tamil Nadu,2022-08-17,Student,6400.0,Single,Store,Bronze
CUST003373,Joshua,Bhalla,57.0,Male,Mumbai,Maharashtra,2018-08-19,Government Employee,86400.0,Married,Online,Gold
CUST003374,Xalak,Walla,61.0,Female,Madurai,Tamil Nadu,2021-03-08,Retired,57600.0,Married,Online,Silver
CUST003375,Rachit,Chowdhury,18.0,Male,Bengaluru,Karnataka,2026-07-11,Student,4600.0,Single,Mobile App,Bronze
CUST003376,Nitara,Sampath,25.0,Female,Pune,Maharashtra,2021-03-17,Student,16500.0,Single,Mobile App,Bronze
CUST003377,Wazir,Koshy,34.0,Male,Chennai,Tamil Nadu,2019-02-09,Engineer,98800.0,Married,Store,Gold
CUST003378,Liam,Dhillon,25.0,Male,Mumbai,Maharashtra,2019-11-02,Government Employee,72000.0,Single,Mobile App,Silver
CUST003379,Pratyush,Soman,45.0,Male,Hyderabad,Telangana,2018-10-23,Engineer,191400.0,Married,Mobile App,Platinum
CUST003380,Raksha,Morar,29.0,Female,Pune,Maharashtra,2019-01-10,Retail Employee,19000.0,Single,Mobile App,Silver
CUST003381,Advaith,Banerjee,66.0,Male,Mumbai,Maharashtra,2021-05-26,Homemaker,10500.0,Married,Store,Bronze
CUST003382,Avi,Khatri,53.0,Male,Kanpur,Uttar Pradesh,2021-03-19,Sales Executive,64600.0,Married,Store,Silver
CUST003383,Jonathan,Rajagopalan,41.0,Male,Kochi,Kerala,2019-10-28,Retail Employee,32700.0,Married,Mobile App,Silver
CUST003384,Nilima,Patil,51.0,Female,Delhi,Delhi,2020-01-26,Teacher,83700.0,Single,Mobile App,Gold
CUST003385,Divya,Warrior,52.0,Female,Madurai,Tamil Nadu,2021-02-13,Engineer,65800.0,Married,Store,Silver
CUST003386,Jagat,Savant,31.0,Male,Bengaluru,Karnataka,2021-03-28,Student,13300.0,Single,Online,Bronze
CUST003387,Sara,Anand,27.0,Female,Chennai,Tamil Nadu,2019-12-07,Teacher,47000.0,Married,Mobile App,Silver
CUST003388,Shravya,Kumer,39.0,Female,Warangal,Telangana,2021-06-24,Government Employee,78900.0,Married,Store,Silver
CUST003389,Matthew,Chana,38.0,Male,Bengaluru,Karnataka,2019-01-02,Sales Executive,65800.0,Divorced,Mobile App,Gold
CUST003390,Kamya,Mishra,40.0,Female,Ahmedabad,Gujarat,2019-03-16,Sales Executive,64300.0,Single,Mobile App,Gold
CUST003391,Jagrati,Dyal,18.0,Female,Pune,Maharashtra,2026-07-11,Student,15300.0,Single,Store,Bronze
CUST003392,Theodore,Nadig,28.0,Male,Mumbai,Maharashtra,2021-07-30,Student,84600.0,Married,Mobile App,Silver
CUST003393,Samar,Bandi,37.0,Male,Jaipur,Rajasthan,2021-06-25,Sales Executive,105500.0,Divorced,Online,Silver
CUST003394,Laksh,Buch,37.0,Male,Ahmedabad,Gujarat,2019-12-23,Sales Executive,84800.0,Single,Online,Gold
CUST003395,Yatan,Sinha,64.0,Male,Chennai,Tamil Nadu,2018-08-23,Homemaker,17800.0,Married,Store,Silver
CUST003396,Triveni,Natarajan,20.0,Female,Chennai,Tamil Nadu,2024-08-16,Student,14400.0,Single,Online,Bronze
CUST003397,Siddharth,Chaudhry,45.0,Male,Chennai,Tamil Nadu,2020-08-04,Retail Employee,27600.0,Married,Online,Silver
CUST003398,Gaurika,Lal,57.0,Female,Warangal,Telangana,2021-03-22,Doctor,224600.0,Married,Mobile App,Gold
CUST003399,Yashica,Bhatti,68.0,Female,Hyderabad,Telangana,2019-08-08,Retired,16300.0,Widowed,Online,Silver
CUST003400,Qushi,Salvi,33.0,Female,Chennai,Tamil Nadu,2019-09-08,Student,11700.0,Single,Online,Bronze
CUST003401,Omisha,Setty,44.0,Female,Coimbatore,Tamil Nadu,2021-04-27,Student,12700.0,Married,Online,Bronze
CUST003402,Akshay,Ben,45.0,Male,Ahmedabad,Gujarat,2020-03-22,Sales Executive,77400.0,Married,Mobile App,Gold
CUST003403,George,Sawhney,41.0,Male,Ahmedabad,Gujarat,2019-08-16,Sales Executive,67800.0,Married,Online,Gold
CUST003404,Ekanta,Aggarwal,37.0,Female,Hyderabad,Telangana,2020-02-22,Teacher,65300.0,Married,Store,Silver
CUST003405,Sai,Iyengar,44.0,Male,Hyderabad,Telangana,2019-08-08,Sales Executive,120200.0,Married,Online,Silver
CUST003406,Michael,Murthy,38.0,Male,Hyderabad,Telangana,2026-07-11,Student,5700.0,Single,Store,Bronze
CUST003407,Chakrika,Choudhry,47.0,Female,Coimbatore,Tamil Nadu,2019-07-27,Self-Employed,214900.0,Married,Mobile App,Platinum
CUST003408,Gaurangi,Krish,40.0,Female,Chennai,Tamil Nadu,2019-10-11,IT Professional,87400.0,Married,Mobile App,Silver
CUST003409,Dhruv,Roy,35.0,Male,Indore,Madhya Pradesh,2019-01-24,Retail Employee,22300.0,Married,Mobile App,Silver
CUST003410,Odika,Seth,65.0,Female,Ahmedabad,Gujarat,2018-12-03,Retired,57900.0,Married,Store,Gold
CUST003411,Waida,Deol,29.0,Female,Patna,Bihar,2020-06-16,IT Professional,160900.0,Married,Mobile App,Gold
CUST003412,Kalpit,Ghose,38.0,Male,Ahmedabad,Gujarat,2021-02-07,Engineer,105500.0,Married,Online,Silver
CUST003413,Nihal,Manda,64.0,Male,Amritsar,Punjab,2019-03-04,Retired,44500.0,Married,Online,Silver
CUST003414,Ira,Chad,27.0,Female,Howrah,West Bengal,2020-12-25,Retired,31200.0,Divorced,Mobile App,Bronze
CUST003415,Sarthak,Pillai,31.0,Male,Bhubaneswar,Odisha,2018-11-02,Government Employee,59200.0,Married,Store,Silver
CUST003416,Gavin,Ramaswamy,38.0,Male,Nagpur,Maharashtra,2021-07-22,Retail Employee,26300.0,Married,Mobile App,Bronze
CUST003417,Saanvi,Kapur,49.0,Female,Mumbai,Maharashtra,2018-11-11,IT Professional,138400.0,Married,Store,Gold
CUST003418,Aishani,Bajaj,41.0,Female,Kolkata,West Bengal,2019-11-10,Engineer,138700.0,Married,Mobile App,Gold
CUST003419,Ishwar,Chakraborty,21.0,Male,Amritsar,Punjab,2023-08-17,Student,14600.0,Single,Mobile App,Bronze
CUST003420,Vihaan,Issac,31.0,Male,Hyderabad,Telangana,2020-06-06,Self-Employed,227700.0,Married,Mobile App,Gold
CUST003421,Karan,Ganguly,30.0,Male,Delhi,Delhi,2018-08-26,IT Professional,109000.0,Single,Online,Gold
CUST003422,Chandran,Rattan,37.0,Other,Chennai,Tamil Nadu,2020-12-10,Engineer,164800.0,Single,Mobile App,Gold
CUST003423,Tanish,Lad,44.0,Male,Ahmedabad,Gujarat,2020-10-31,Business Owner,191900.0,Single,Store,Gold
CUST003424,Falguni,Chakraborty,43.0,Female,Bengaluru,Karnataka,2021-06-21,Student,18500.0,Divorced,Online,Bronze
CUST003425,Raksha,Garde,18.0,Female,Ahmedabad,Gujarat,2026-07-11,Student,6500.0,Single,Online,Bronze
CUST003426,Daniel,Atwal,52.0,Male,Amritsar,Punjab,2020-04-04,Student,94300.0,Married,Online,Silver
CUST003427,Zansi,Saran,41.0,Female,Patna,Bihar,2019-08-08,Student,13900.0,Married,Online,Bronze
CUST003428,Vasana,Talwar,56.0,Female,Bengaluru,Karnataka,2019-07-25,IT Professional,198200.0,Married,Store,Gold
CUST003429,Dhriti,Kapur,44.0,Female,Bengaluru,Karnataka,2019-01-01,Sales Executive,73100.0,Married,Mobile App,Gold
CUST003430,Harsh,Halder,52.0,Male,Hyderabad,Telangana,2019-08-19,Teacher,70400.0,Divorced,Store,Gold
CUST003431,Lila,Mani,44.0,Female,Hyderabad,Telangana,2019-12-09,IT Professional,195200.0,Married,Store,Gold
CUST003432,Yachana,Raja,56.0,Female,Pune,Maharashtra,2019-06-30,Retired,65800.0,Married,Store,Silver
CUST003433,Kalpit,Sankar,45.0,Other,Jaipur,Rajasthan,2019-05-16,Student,23400.0,Married,Online,Silver
CUST003434,Harshil,Kale,37.0,Male,Hyderabad,Telangana,2021-01-25,Student,11500.0,Divorced,Mobile App,Bronze
CUST003435,Megha,Gulati,38.0,Female,Indore,Madhya Pradesh,2021-04-18,Self-Employed,272200.0,Married,Store,Gold
CUST003436,Shaurya,Gole,50.0,Male,Thiruvananthapuram,Kerala,2021-05-26,Sales Executive,102200.0,Single,Mobile App,Silver
CUST003437,Samarth,Dhingra,45.0,Male,Mumbai,Maharashtra,2020-07-02,IT Professional,186600.0,Married,Mobile App,Gold
CUST003438,Akshay,Mannan,21.0,Male,Ludhiana,Punjab,2023-08-17,Student,12400.0,Single,Online,Bronze
CUST003439,Lekha,Keer,21.0,Female,Ahmedabad,Gujarat,2023-08-17,Retail Employee,30500.0,Single,Store,Bronze
CUST003440,Umang,Kothari,42.0,Male,Chennai,Tamil Nadu,2018-10-01,Business Owner,505600.0,Married,Store,Platinum
CUST003441,Reva,Shanker,38.0,Female,Hyderabad,Telangana,2020-08-19,Government Employee,73300.0,Married,Online,Silver
CUST003442,Frederick,Anne,30.0,Other,Chennai,Tamil Nadu,2019-05-06,Student,13500.0,Married,Online,Silver
CUST003443,Wahab,Deol,40.0,Male,Bengaluru,Karnataka,2020-01-12,IT Professional,126800.0,Married,Mobile App,Gold
CUST003444,Ojasvi,Rao,59.0,Female,Kolkata,West Bengal,2020-12-18,Sales Executive,110400.0,Married,Online,Silver
CUST003445,Hitesh,Rajagopal,47.0,Male,Pune,Maharashtra,2019-10-12,Sales Executive,133000.0,Married,Store,Gold
CUST003446,Siddharth,Kunda,38.0,Male,Kolkata,West Bengal,2021-08-16,Student,22800.0,Single,Store,Bronze
CUST003447,Bina,Chandran,37.0,Female,Bengaluru,Karnataka,2021-04-02,Sales Executive,108700.0,Married,Online,Silver
CUST003448,Bhanumati,Ben,28.0,Female,Mumbai,Maharashtra,2020-02-07,Engineer,99600.0,Single,Mobile App,Silver
CUST003449,Osha,Keer,33.0,Female,Madurai,Tamil Nadu,2021-06-21,IT Professional,139400.0,Single,Mobile App,Silver
CUST003450,Vrishti,Pandya,38.0,Female,Kolkata,West Bengal,2020-08-29,Self-Employed,216600.0,Married,Online,Gold
CUST003451,Arin,Ahluwalia,32.0,Male,Hyderabad,Telangana,2019-10-06,Business Owner,457900.0,Married,Mobile App,Platinum
CUST003452,Jonathan,Thaman,22.0,Male,Mumbai,Maharashtra,2022-08-17,Student,12800.0,Single,Online,Bronze
CUST003453,Sai,Mittal,36.0,Male,Patna,Bihar,2019-06-08,Student,10900.0,Married,Online,Bronze
CUST003454,Rudra,Prabhakar,31.0,Male,Kolkata,West Bengal,2020-03-27,Sales Executive,105800.0,Single,Online,Silver
CUST003455,Dominic,Barman,18.0,Male,Pune,Maharashtra,2026-07-11,Student,9000.0,Single,Store,Bronze
CUST003456,Hemal,Lad,65.0,Female,Chennai,Tamil Nadu,2020-09-19,Retired,26700.0,Married,Store,Silver
CUST003457,Frado,Thakur,52.0,Male,Chennai,Tamil Nadu,2019-05-13,Engineer,137400.0,Married,Online,Gold
CUST003458,Yatin,Nori,33.0,Male,Mumbai,Maharashtra,2020-03-15,Doctor,1628600.0,Married,Online,Platinum
CUST003459,Vinaya,Deo,38.0,Female,Kolkata,West Bengal,2018-12-06,Retail Employee,36800.0,Married,Online,Silver
CUST003460,Chanchal,Nadig,23.0,Female,Lucknow,Uttar Pradesh,2021-08-16,Self-Employed,146600.0,Single,Mobile App,Silver
CUST003461,Zilmil,Sant,60.0,Female,Vadodara,Gujarat,2018-12-02,Retired,45100.0,Widowed,Store,Gold
CUST003462,Ekta,Lad,63.0,Female,Delhi,Delhi,2020-12-24,Retired,17700.0,Widowed,Store,Bronze
CUST003463,Dalbir,Munshi,40.0,Male,Bhopal,Madhya Pradesh,2019-08-15,IT Professional,96900.0,Married,Online,Gold
CUST003464,Anya,Datta,51.0,Female,Mysuru,Karnataka,2019-05-30,Business Owner,150300.0,Divorced,Online,Gold
CUST003465,Yahvi,Mand,40.0,Female,Guwahati,Assam,2019-05-26,Homemaker,8400.0,Married,Mobile App,Bronze
CUST003466,Pranit,Sani,21.0,Male,Mumbai,Maharashtra,2023-08-17,Retail Employee,19600.0,Married,Store,Bronze
CUST003467,Lohit,Lall,33.0,Male,Chennai,Tamil Nadu,2021-08-04,Homemaker,6400.0,Married,Mobile App,Bronze
CUST003468,Libni,Varughese,40.0,Female,Kolkata,West Bengal,2020-11-03,Retail Employee,28200.0,Widowed,Online,Silver
CUST003469,Nirja,Sarin,32.0,Female,New Delhi,Delhi,2020-08-27,Student,11200.0,Married,Store,Bronze
CUST003470,Gayathri,Mutti,35.0,Female,Udaipur,Rajasthan,2019-01-26,Engineer,108600.0,Married,Online,Gold
CUST003471,Xalak,Dora,37.0,Female,Kolkata,West Bengal,2019-02-07,Government Employee,53100.0,Married,Store,Silver
CUST003472,Urvi,Bera,37.0,Female,Mumbai,Maharashtra,2021-04-24,Self-Employed,107000.0,Single,Mobile App,Silver
CUST003473,Ranbir,Dixit,39.0,Other,Kolkata,West Bengal,2018-10-10,Doctor,144200.0,Married,Mobile App,Platinum
CUST003474,Avni,Karpe,24.0,Female,Chennai,Tamil Nadu,2021-01-28,Homemaker,4900.0,Married,Mobile App,Bronze
CUST003475,Gavin,Banik,29.0,Male,Delhi,Delhi,2020-05-19,Government Employee,40600.0,Single,Store,Silver
CUST003476,Vrinda,Lad,21.0,Female,Ludhiana,Punjab,2023-08-17,Student,7600.0,Single,Mobile App,Bronze
CUST003477,Finn,Sibal,51.0,Male,Patna,Bihar,2019-01-17,IT Professional,185500.0,Married,Store,Platinum
CUST003478,Urmi,D’Alia,18.0,Female,Bengaluru,Karnataka,2026-07-11,Student,10900.0,Single,Online,Bronze
CUST003479,Yachana,Baria,53.0,Female,Madurai,Tamil Nadu,2020-07-25,Engineer,202800.0,Divorced,Online,Gold
CUST003480,Vaishnavi,Parikh,56.0,Female,Bengaluru,Karnataka,2019-07-31,IT Professional,214100.0,Divorced,Store,Platinum
CUST003481,Watika,Shankar,34.0,Female,Udaipur,Rajasthan,2021-01-26,IT Professional,167600.0,Married,Mobile App,Gold
CUST003482,Yatin,Chowdhury,18.0,Male,Thiruvananthapuram,Kerala,2026-07-11,Student,9100.0,Single,Online,Bronze
CUST003483,Ethan,Dasgupta,33.0,Male,Hyderabad,Telangana,2020-06-29,Student,15400.0,Married,Mobile App,Silver
CUST003484,Owen,Chander,37.0,Male,Lucknow,Uttar Pradesh,2020-11-29,IT Professional,65800.0,Married,Store,Gold
CUST003485,Ishani,Mander,25.0,Female,Chennai,Tamil Nadu,2019-08-17,Teacher,31300.0,Married,Mobile App,Silver
CUST003486,Hemangini,Ganguly,31.0,Female,Hyderabad,Telangana,2019-08-03,Student,8700.0,Single,Store,Bronze
CUST003487,Yashoda,Mahajan,58.0,Female,Thiruvananthapuram,Kerala,2020-10-14,Government Employee,64200.0,Married,Store,Silver
CUST003488,Hitesh,Agrawal,47.0,Male,Chennai,Tamil Nadu,2020-11-24,Student,69200.0,Married,Mobile App,Silver
CUST003489,Zansi,Gole,26.0,Female,Chennai,Tamil Nadu,2021-07-28,IT Professional,119400.0,Married,Online,Gold
CUST003490,Turvi,Bose,18.0,Female,Ahmedabad,Gujarat,2026-07-11,Student,10200.0,Single,Mobile App,Bronze
CUST003491,Jatin,Tara,34.0,Male,New Delhi,Delhi,2020-01-17,IT Professional,109300.0,Married,Store,Gold
CUST003492,Charvi,Narasimhan,35.0,Female,Bengaluru,Karnataka,2020-10-16,Business Owner,275000.0,Single,Mobile App,Gold
CUST003493,Amara,Mane,44.0,Female,Thiruvananthapuram,Kerala,2019-07-11,Engineer,183400.0,Widowed,Online,Gold
CUST003494,Divya,Ramesh,31.0,Female,Ahmedabad,Gujarat,2020-05-22,Self-Employed,100100.0,Married,Online,Silver
CUST003495,Rachit,Cherian,45.0,Male,Kanpur,Uttar Pradesh,2020-09-04,IT Professional,187800.0,Single,Store,Gold
CUST003496,Ojasvi,Dube,63.0,Female,Bengaluru,Karnataka,2018-10-22,Retired,47400.0,Married,Store,Silver
CUST003497,Akshay,Bumb,49.0,Male,Madurai,Tamil Nadu,2020-11-01,Self-Employed,225100.0,Married,Mobile App,Gold
CUST003498,Triveni,Srinivasan,37.0,Other,Amritsar,Punjab,2020-06-06,IT Professional,148600.0,Married,Mobile App,Silver
CUST003499,Utkarsh,Luthra,36.0,Male,Bengaluru,Karnataka,2020-06-23,Business Owner,334400.0,Married,Mobile App,Gold
CUST003500,Aarnav,Narayan,33.0,Male,Nagpur,Maharashtra,2020-11-25,IT Professional,117600.0,Single,Mobile App,Silver
CUST003501,Anya,Sethi,53.0,Female,Chennai,Tamil Nadu,2020-12-21,IT Professional,243200.0,Married,Mobile App,Gold
CUST003502,Nicholas,Dayal,30.0,Male,Hyderabad,Telangana,2020-09-19,Self-Employed,146900.0,Married,Mobile App,Gold
CUST003503,Jagvi,Bava,39.0,Female,Nagpur,Maharashtra,2019-01-12,Retail Employee,33200.0,Married,Store,Silver
CUST003504,Megha,Naidu,38.0,Female,Indore,Madhya Pradesh,2019-04-29,Teacher,58800.0,Married,Mobile App,Silver
CUST003505,Baghyawati,Bobal,31.0,Female,Ludhiana,Punjab,2019-08-01,Government Employee,72600.0,Single,Online,Silver
CUST003506,Lakshmi,Chanda,20.0,Other,Kolkata,West Bengal,2024-08-16,Student,8800.0,Single,Store,Bronze
CUST003507,Ryan,Kumer,42.0,Male,Udaipur,Rajasthan,2020-02-07,Government Employee,90600.0,Divorced,Mobile App,Gold
CUST003508,Hemal,Khatri,37.0,Female,Chandigarh,Chandigarh,2020-10-28,Engineer,82300.0,Married,Mobile App,Silver
CUST003509,Ryan,Chakraborty,45.0,Male,Ahmedabad,Gujarat,2021-05-27,Self-Employed,137000.0,Single,Online,Silver
CUST003510,Advaith,Joshi,31.0,Male,Mumbai,Maharashtra,2020-08-19,Self-Employed,141600.0,Married,Store,Gold
CUST003511,Gautami,Rama,54.0,Female,Nagpur,Maharashtra,2020-02-20,Teacher,80200.0,Divorced,Store,Silver
CUST003512,Saksham,Mane,27.0,Male,Mumbai,Maharashtra,2021-06-14,Retired,17100.0,Single,Mobile App,Bronze
CUST003513,Ganga,Dara,60.0,Female,Mumbai,Maharashtra,2021-05-12,Business Owner,429100.0,Single,Online,Gold
CUST003514,Neha,Swaminathan,18.0,Female,Bengaluru,Karnataka,2026-07-11,Student,7000.0,Single,Online,Bronze
CUST003515,Upma,Mukherjee,44.0,Female,Hyderabad,Telangana,2020-07-10,Self-Employed,232300.0,Divorced,Mobile App,Gold
CUST003516,Ekaja,Parmer,44.0,Female,Delhi,Delhi,2020-06-11,Business Owner,134700.0,Married,Online,Gold
CUST003517,Chanakya,Pillai,28.0,Male,Mumbai,Maharashtra,2021-04-09,Student,333200.0,Married,Online,Gold
CUST003518,Yashvi,Iyengar,44.0,Female,Coimbatore,Tamil Nadu,2020-12-12,Retail Employee,34300.0,Married,Store,Silver
CUST003519,Wishi,Sehgal,55.0,Female,Bengaluru,Karnataka,2020-11-03,IT Professional,185500.0,Married,Store,Gold
CUST003520,Rishi,Soni,18.0,Male,Jodhpur,Rajasthan,2026-07-11,Sales Executive,63500.0,Single,Store,Silver
CUST003521,Krish,Sampath,45.0,Male,Mumbai,Maharashtra,2020-08-24,IT Professional,193200.0,Married,Online,Gold
CUST003522,Chandani,Sami,18.0,Female,Varanasi,Uttar Pradesh,2026-07-11,Retail Employee,24000.0,Single,Mobile App,Bronze
CUST003523,Qarin,Grewal,25.0,Male,Bhubaneswar,Odisha,2019-08-17,Engineer,112700.0,Married,Online,Gold
CUST003524,Teerth,Sandhu,59.0,Male,Ahmedabad,Gujarat,2020-06-19,Self-Employed,139200.0,Married,Online,Gold
CUST003525,Charita,Baria,30.0,Female,Surat,Gujarat,2020-08-23,Government Employee,55300.0,Single,Online,Silver
CUST003526,Yashvi,Om,23.0,Female,Thiruvananthapuram,Kerala,2021-08-16,Engineer,93000.0,Single,Mobile App,Silver
CUST003527,Vedika,Kapur,35.0,Male,Delhi,Delhi,2020-12-11,Retail Employee,25300.0,Married,Online,Bronze
CUST003528,Garima,Tandon,65.0,Female,Ludhiana,Punjab,2020-12-04,Business Owner,418800.0,Divorced,Online,Gold
CUST003529,Zansi,Vohra,18.0,Female,Udaipur,Rajasthan,2026-07-11,Retail Employee,25100.0,Single,Online,Bronze
CUST003530,Benjamin,Mannan,24.0,Male,Surat,Gujarat,2020-08-16,Student,16800.0,Single,Mobile App,Bronze
CUST003531,Vivaan,Sarkar,57.0,Male,Hyderabad,Telangana,2021-07-31,Doctor,333600.0,Married,Online,Gold
CUST003532,Balveer,Sridhar,62.0,Male,Madurai,Tamil Nadu,2019-10-10,Retired,14500.0,Widowed,Online,Bronze
CUST003533,Netra,Dixit,37.0,Female,Ahmedabad,Gujarat,2020-11-09,Retail Employee,31600.0,Single,Mobile App,Silver
CUST003534,Devansh,Mital,22.0,Male,Kolkata,West Bengal,2022-08-17,Student,10800.0,Married,Mobile App,Bronze
CUST003535,Jeet,Virk,65.0,Male,Ahmedabad,Gujarat,2019-07-05,Retired,15100.0,Divorced,Store,Silver
CUST003536,Unni,Merchant,59.0,Female,Pune,Maharashtra,2021-03-25,IT Professional,130600.0,Married,Online,Gold
CUST003537,Arjun,Bose,47.0,Male,Hyderabad,Telangana,2020-04-17,Teacher,54300.0,Single,Store,Silver
CUST003538,Arin,Varghese,27.0,Male,Warangal,Telangana,2019-09-24,Business Owner,438800.0,Married,Online,Platinum
CUST003539,Darika,Uppal,37.0,Female,New Delhi,Delhi,2019-12-18,Self-Employed,153400.0,Single,Store,Gold
CUST003540,Simon,Sachar,36.0,Male,Delhi,Delhi,2018-09-10,Engineer,120000.0,Married,Mobile App,Gold
CUST003541,Champak,Shetty,42.0,Male,Pune,Maharashtra,2019-04-08,Student,14300.0,Widowed,Online,Silver
CUST003542,Jonathan,Pant,57.0,Male,Hyderabad,Telangana,2019-04-21,Sales Executive,78400.0,Married,Store,Silver
CUST003543,Lakshmi,Bumb,49.0,Female,Chennai,Tamil Nadu,2020-07-23,Doctor,223700.0,Married,Online,Gold
CUST003544,Yashasvi,Babu,24.0,Female,Mumbai,Maharashtra,2021-08-07,Student,15600.0,Single,Mobile App,Bronze
CUST003545,Dakshesh,Shere,56.0,Male,Guwahati,Assam,2019-06-04,Self-Employed,145200.0,Married,Store,Gold
CUST003546,Hemal,Gopal,42.0,Female,Jaipur,Rajasthan,2018-08-17,Retail Employee,26900.0,Married,Store,Silver
CUST003547,Ronith,Bath,47.0,Male,Surat,Gujarat,2020-05-29,Engineer,114200.0,Married,Mobile App,Silver
CUST003548,Chakrika,Saha,57.0,Female,Delhi,Delhi,2018-09-01,IT Professional,122500.0,Married,Store,Gold
CUST003549,Manthan,Murthy,24.0,Male,Kolkata,West Bengal,2021-03-14,IT Professional,134600.0,Single,Online,Silver
CUST003550,Vasana,Sengupta,38.0,Female,Coimbatore,Tamil Nadu,2020-09-25,Sales Executive,83100.0,Single,Mobile App,Silver
CUST003551,Libni,Om,31.0,Female,Amritsar,Punjab,2021-02-10,IT Professional,78300.0,Single,Store,Silver
CUST003552,Idika,Kakar,18.0,Female,Vadodara,Gujarat,2026-07-11,Student,4700.0,Single,Mobile App,Bronze
CUST003553,George,Brar,38.0,Male,Kolkata,West Bengal,2019-03-27,Homemaker,13600.0,Widowed,Online,Silver
CUST003554,Kai,Cherian,71.0,Male,Chandigarh,Chandigarh,2020-08-08,Homemaker,26700.0,Married,Store,Bronze
CUST003555,Urishilla,Warrior,38.0,Female,Nagpur,Maharashtra,2026-07-11,Retail Employee,28400.0,Single,Mobile App,Bronze
CUST003556,Aditya,Ahluwalia,38.0,Male,Mumbai,Maharashtra,2019-12-28,IT Professional,123900.0,Married,Store,Gold
CUST003557,Siya,Dada,46.0,Female,Ahmedabad,Gujarat,2020-03-24,Student,14200.0,Married,Mobile App,Bronze
CUST003558,Abha,Garg,40.0,Female,Pune,Maharashtra,2019-04-07,Self-Employed,135000.0,Married,Mobile App,Gold
CUST003559,Waida,Sharma,37.0,Female,Pune,Maharashtra,2021-04-27,Student,10400.0,Single,Online,Bronze
CUST003560,Samaksh,Sur,21.0,Male,Vadodara,Gujarat,2023-08-17,Student,10200.0,Single,Mobile App,Bronze
CUST003561,Nidra,Patel,41.0,Female,Bengaluru,Karnataka,2020-11-23,Engineer,132800.0,Married,Mobile App,Gold
CUST003562,Siya,Mittal,28.0,Female,Kolkata,West Bengal,2020-10-13,Student,28300.0,Married,Online,Silver
CUST003563,Chameli,Dass,18.0,Female,Kochi,Kerala,2026-07-11,Student,10400.0,Single,Mobile App,Bronze
CUST003564,Ekansh,Atwal,54.0,Male,Bengaluru,Karnataka,2018-12-02,IT Professional,135900.0,Single,Online,Gold
CUST003565,Girish,Choudhury,50.0,Male,Delhi,Delhi,2019-11-21,Retail Employee,32200.0,Married,Store,Silver
CUST003566,Abhiram,Guha,39.0,Male,Pune,Maharashtra,2019-09-05,Retail Employee,29900.0,Married,Online,Silver
CUST003567,Agastya,Kadakia,41.0,Male,Pune,Maharashtra,2019-04-18,Student,21200.0,Single,Store,Silver
CUST003568,Warda,Dhillon,52.0,Female,Mumbai,Maharashtra,2020-11-05,Retail Employee,31900.0,Married,Store,Silver
CUST003569,Kavya,Sarin,41.0,Female,Pune,Maharashtra,2019-02-22,Business Owner,242600.0,Divorced,Mobile App,Platinum
CUST003570,Girish,Chadha,50.0,Male,Warangal,Telangana,2020-05-15,Self-Employed,90600.0,Married,Mobile App,Silver
CUST003571,Nidhi,Sheth,34.0,Female,Bengaluru,Karnataka,2021-02-05,IT Professional,117600.0,Widowed,Mobile App,Silver
CUST003572,Ethan,Som,55.0,Male,Ahmedabad,Gujarat,2020-07-29,IT Professional,158000.0,Married,Online,Gold
CUST003573,Siddharth,Bains,42.0,Male,Bhopal,Madhya Pradesh,2020-11-20,Student,19700.0,Married,Online,Bronze
CUST003574,Dalbir,Ganesan,41.0,Male,Jodhpur,Rajasthan,2020-12-09,Student,17000.0,Married,Mobile App,Bronze
CUST003575,Faraj,Saxena,21.0,Male,Coimbatore,Tamil Nadu,2023-08-17,Student,12300.0,Single,Mobile App,Bronze
CUST003576,Watika,Sinha,42.0,Female,Pune,Maharashtra,2021-01-30,Engineer,65800.0,Married,Online,Silver
CUST003577,Advaith,Sengupta,38.0,Male,Ahmedabad,Gujarat,2019-08-16,Business Owner,99300.0,Single,Online,Gold
CUST003578,Keya,Jaggi,30.0,Female,Hyderabad,Telangana,2019-11-20,Engineer,114600.0,Single,Store,Silver
CUST003579,Manan,Ramanathan,27.0,Male,Pune,Maharashtra,2019-09-06,IT Professional,118000.0,Married,Mobile App,Gold
CUST003580,Ati,Nath,24.0,Female,Varanasi,Uttar Pradesh,2020-08-16,Retail Employee,24800.0,Single,Mobile App,Silver
CUST003581,Aayush,Chauhan,66.0,Male,Bengaluru,Karnataka,2019-04-26,Self-Employed,154900.0,Married,Online,Gold
CUST003582,Tarak,Sagar,55.0,Male,Delhi,Delhi,2021-03-27,Teacher,49500.0,Divorced,Online,Silver
CUST003583,Yug,Mannan,63.0,Male,Bhopal,Madhya Pradesh,2019-11-29,Business Owner,506000.0,Divorced,Store,Gold
CUST003584,Andrew,Sura,22.0,Male,Patna,Bihar,2022-08-17,Student,5900.0,Single,Online,Bronze
CUST003585,Ryan,Sunder,39.0,Male,Mysuru,Karnataka,2020-01-16,Business Owner,461700.0,Divorced,Mobile App,Platinum
CUST003586,Yashvi,Sura,21.0,Female,Hyderabad,Telangana,2023-08-17,Sales Executive,53600.0,Single,Mobile App,Silver
CUST003587,Kala,Bhat,29.0,Female,Kolkata,West Bengal,2019-04-03,Sales Executive,55400.0,Single,Online,Gold
CUST003588,Zarna,Bahl,26.0,Female,Surat,Gujarat,2018-12-14,Engineer,117900.0,Widowed,Online,Gold
CUST003589,Udyati,Mutti,54.0,Female,Mumbai,Maharashtra,2019-05-26,IT Professional,199000.0,Single,Online,Platinum
CUST003590,Azad,Loyal,33.0,Male,Kolkata,West Bengal,2021-02-05,Government Employee,66000.0,Married,Online,Silver
CUST003591,Sathvik,Solanki,52.0,Male,Guwahati,Assam,2020-10-19,Sales Executive,60100.0,Married,Mobile App,Silver
CUST003592,Jackson,Talwar,46.0,Other,Bengaluru,Karnataka,2018-11-13,IT Professional,182100.0,Married,Online,Platinum
CUST003593,Prisha,Sen,68.0,Female,Kochi,Kerala,2020-04-24,Retired,20500.0,Married,Store,Bronze
CUST003594,Urmi,Bail,19.0,Female,Guwahati,Assam,2025-08-16,Student,9000.0,Single,Store,Bronze
CUST003595,Gaurika,Mani,54.0,Male,Bengaluru,Karnataka,2020-06-12,Retail Employee,37400.0,Married,Online,Silver
CUST003596,Gopal,Singh,53.0,Male,Jaipur,Rajasthan,2018-10-08,IT Professional,186500.0,Married,Store,Platinum
CUST003597,Orinder,Sarma,25.0,Male,Delhi,Delhi,2019-08-17,Engineer,70400.0,Single,Mobile App,Gold
CUST003598,Jack,Tripathi,51.0,Male,Surat,Gujarat,2019-08-23,Teacher,81000.0,Married,Online,Silver
CUST003599,Imaran,Nori,42.0,Male,Jodhpur,Rajasthan,2021-08-07,Student,11700.0,Married,Mobile App,Bronze
CUST003600,Vivaan,Deep,35.0,Male,New Delhi,Delhi,2020-06-04,Homemaker,11000.0,Married,Mobile App,Bronze
CUST003601,Manan,Ramakrishnan,27.0,Male,Ahmedabad,Gujarat,2018-11-22,Self-Employed,211800.0,Married,Mobile App,Platinum
CUST003602,Turvi,Parsa,38.0,Female,Lucknow,Uttar Pradesh,2018-12-20,Self-Employed,195800.0,Married,Mobile App,Platinum
CUST003603,Vrishti,Edwin,65.0,Female,Hyderabad,Telangana,2021-01-23,Retired,40000.0,Married,Store,Silver
CUST003604,Ishita,Mandal,38.0,Female,Nagpur,Maharashtra,2020-06-05,Self-Employed,164800.0,Single,Mobile App,Gold
CUST003605,Chameli,Subramanian,48.0,Female,Pune,Maharashtra,2019-02-13,IT Professional,127400.0,Married,Mobile App,Gold
CUST003606,Dhruv,Ghose,28.0,Male,Kolkata,West Bengal,2019-11-22,Retail Employee,35400.0,Single,Online,Silver
CUST003607,Harish,Dugar,28.0,Male,Amritsar,Punjab,2019-01-31,Retail Employee,27700.0,Married,Mobile App,Silver
CUST003608,Xalak,Chaudhuri,52.0,Female,Kanpur,Uttar Pradesh,2019-02-23,Teacher,83800.0,Widowed,Online,Gold
CUST003609,Sarthak,Tak,20.0,Male,Warangal,Telangana,2024-08-16,Student,6200.0,Single,Online,Bronze
CUST003610,Max,Keer,33.0,Male,Coimbatore,Tamil Nadu,2021-04-10,Retired,29900.0,Divorced,Online,Bronze
CUST003611,Henry,Batta,38.0,Male,Bengaluru,Karnataka,2021-03-10,Student,12300.0,Single,Mobile App,Bronze
CUST003612,Aditya,Parmer,39.0,Male,Nagpur,Maharashtra,2021-05-18,IT Professional,172900.0,Divorced,Online,Gold
CUST003613,Leena,Parikh,36.0,Female,Chennai,Tamil Nadu,2018-10-26,IT Professional,173800.0,Single,Store,Platinum
CUST003614,Fariq,Ghosh,43.0,Male,Chennai,Tamil Nadu,2020-03-14,Government Employee,93200.0,Divorced,Store,Gold
CUST003615,Yashasvi,Balay,47.0,Female,Chennai,Tamil Nadu,2021-06-07,Student,115900.0,Single,Online,Silver
CUST003616,Bhavika,Nazareth,48.0,Female,Guwahati,Assam,2020-08-29,Retail Employee,30500.0,Divorced,Online,Silver
CUST003617,Tanveer,Comar,25.0,Male,Kolkata,West Bengal,2020-07-27,Self-Employed,87500.0,Single,Mobile App,Silver
CUST003618,Ishaan,Dara,34.0,Male,Kolkata,West Bengal,2019-03-13,Teacher,44500.0,Married,Online,Silver
CUST003619,Isaac,Sur,38.0,Male,Pune,Maharashtra,2019-06-02,Engineer,187100.0,Married,Store,Gold
CUST003620,Kai,Oak,50.0,Male,Ludhiana,Punjab,2019-07-23,Business Owner,382700.0,Married,Online,Platinum
CUST003621,Raagini,Batra,20.0,Female,Udaipur,Rajasthan,2024-08-16,Sales Executive,70600.0,Single,Online,Silver
CUST003622,Lila,Dora,43.0,Female,Indore,Madhya Pradesh,2018-11-22,Student,213600.0,Married,Online,Platinum
CUST003623,Yasti,Chawla,18.0,Male,Hyderabad,Telangana,2026-07-11,Retail Employee,22400.0,Single,Online,Bronze
CUST003624,Aryan,Sarma,39.0,Male,Chennai,Tamil Nadu,2019-09-27,Teacher,63800.0,Married,Online,Gold
CUST003625,Vasudha,Choudhry,63.0,Female,Chennai,Tamil Nadu,2021-06-10,Retired,39600.0,Married,Store,Bronze
CUST003626,Damyanti,Chaudry,26.0,Female,Delhi,Delhi,2021-05-19,Self-Employed,124900.0,Married,Online,Gold
CUST003627,Ansh,Tripathi,27.0,Male,Ahmedabad,Gujarat,2021-08-06,Sales Executive,52800.0,Married,Mobile App,Silver
CUST003628,Damini,Ganesh,48.0,Female,Patna,Bihar,2019-12-05,Retail Employee,25300.0,Divorced,Store,Silver
CUST003629,Dhriti,Jha,18.0,Female,Nagpur,Maharashtra,2026-07-11,Student,11500.0,Single,Store,Bronze
CUST003630,Radhika,Dugar,30.0,Female,Pune,Maharashtra,2021-06-22,Self-Employed,84100.0,Married,Online,Silver
CUST003631,Mugdha,Sathe,46.0,Female,Surat,Gujarat,2020-10-02,IT Professional,188700.0,Married,Online,Gold
CUST003632,Zehaan,Tara,30.0,Male,Bengaluru,Karnataka,2019-01-26,Teacher,51600.0,Single,Online,Gold
CUST003633,Chavvi,Dube,35.0,Female,Kolkata,West Bengal,2021-04-27,IT Professional,186700.0,Married,Mobile App,Gold
CUST003634,Qabil,Natt,48.0,Male,Ahmedabad,Gujarat,2020-12-22,Engineer,131600.0,Married,Mobile App,Silver
CUST003635,Ekapad,Das,43.0,Male,Bengaluru,Karnataka,2020-05-08,Retired,17400.0,Married,Online,Bronze
CUST003636,Isha,Sarna,41.0,Female,Lucknow,Uttar Pradesh,2019-02-05,IT Professional,129000.0,Single,Store,Gold
CUST003637,Triya,Ahuja,34.0,Female,Madurai,Tamil Nadu,2020-11-10,Retail Employee,36100.0,Married,Online,Bronze
CUST003638,Jason,Som,43.0,Male,Bhopal,Madhya Pradesh,2018-08-20,Retail Employee,65800.0,Single,Online,Silver
CUST003639,Onkar,Mangat,36.0,Male,Jaipur,Rajasthan,2020-07-23,Student,9200.0,Married,Mobile App,Bronze
CUST003640,Zayyan,Garg,44.0,Male,Bhopal,Madhya Pradesh,2020-06-19,Engineer,132700.0,Married,Mobile App,Gold
CUST003641,Brijesh,Lata,38.0,Male,Mumbai,Maharashtra,2021-04-04,Engineer,96100.0,Single,Online,Silver
CUST003642,Ria,Sachdeva,36.0,Female,Delhi,Delhi,2019-08-02,Retail Employee,22200.0,Married,Mobile App,Silver
CUST003643,Radha,Korpal,25.0,Female,Pune,Maharashtra,2020-11-22,Business Owner,335400.0,Married,Online,Platinum
CUST003644,Forum,Wagle,38.0,Female,Warangal,Telangana,2019-09-27,Business Owner,159200.0,Married,Mobile App,Gold
CUST003645,Shivansh,Kari,27.0,Male,Indore,Madhya Pradesh,2020-12-15,Government Employee,52600.0,Married,Online,Silver
CUST003646,Ekantika,Sanghvi,24.0,Female,Chennai,Tamil Nadu,2020-08-16,Student,36300.0,Single,Online,Silver
CUST003647,Samuel,Rout,41.0,Male,Chandigarh,Chandigarh,2019-01-21,Retired,49800.0,Married,Online,Silver
CUST003648,Vasudha,Varty,41.0,Female,Bengaluru,Karnataka,2019-05-30,Teacher,43400.0,Married,Mobile App,Silver
CUST003649,Radhika,Balan,48.0,Female,Mysuru,Karnataka,2021-02-28,Self-Employed,294700.0,Married,Online,Gold
CUST003650,Vaishnavi,Dhingra,38.0,Female,Patna,Bihar,2019-10-20,IT Professional,113400.0,Married,Store,Gold
CUST003651,Abdul,Varughese,43.0,Male,Hyderabad,Telangana,2019-09-27,Self-Employed,127600.0,Married,Online,Gold
CUST003652,Bakhshi,Chad,45.0,Male,Jodhpur,Rajasthan,2021-05-09,Self-Employed,236000.0,Married,Mobile App,Gold
CUST003653,Omkaar,Murty,44.0,Male,Delhi,Delhi,2020-03-24,Doctor,285900.0,Married,Online,Platinum
CUST003654,Suhani,Gala,27.0,Female,Guwahati,Assam,2020-11-04,Sales Executive,46000.0,Divorced,Mobile App,Silver
CUST003655,Teerth,Bhat,40.0,Male,Kolkata,West Bengal,2020-03-22,Sales Executive,82500.0,Married,Mobile App,Silver
CUST003656,Ronith,Bansal,43.0,Male,Jaipur,Rajasthan,2019-04-18,Engineer,194600.0,Married,Mobile App,Platinum
CUST003657,Faqid,Bhardwaj,38.0,Male,Pune,Maharashtra,2021-02-24,Government Employee,53800.0,Married,Online,Silver
CUST003658,Yoshita,Merchant,18.0,Female,Chennai,Tamil Nadu,2026-07-11,Student,8700.0,Single,Online,Bronze
CUST003659,Shaurya,Ratti,40.0,Male,Patna,Bihar,2020-10-25,Self-Employed,211300.0,Single,Mobile App,Gold
CUST003660,Nidra,Murthy,67.0,Female,Indore,Madhya Pradesh,2018-10-08,Business Owner,479600.0,Married,Online,Platinum
CUST003661,Pooja,Anand,33.0,Female,Mumbai,Maharashtra,2019-05-20,Retail Employee,32300.0,Married,Mobile App,Silver
CUST003662,Meera,Wable,29.0,Female,Bengaluru,Karnataka,2021-07-26,Student,8200.0,Divorced,Mobile App,Bronze
CUST003663,Ethan,Raval,43.0,Male,Warangal,Telangana,2020-06-03,Doctor,292700.0,Married,Store,Gold
CUST003664,Udant,Jha,42.0,Male,Delhi,Delhi,2020-11-07,Government Employee,49600.0,Widowed,Mobile App,Silver
CUST003665,Timothy,Pai,54.0,Male,Surat,Gujarat,2019-09-17,IT Professional,65800.0,Single,Store,Platinum
CUST003666,Samaksh,Hora,22.0,Male,Delhi,Delhi,2022-08-17,Student,32800.0,Single,Online,Bronze
CUST003667,Matthew,Chad,48.0,Male,Mysuru,Karnataka,2018-09-24,Engineer,89700.0,Married,Mobile App,Gold
CUST003668,Anita,Yogi,46.0,Female,Ahmedabad,Gujarat,2020-12-19,Student,16500.0,Widowed,Online,Bronze
CUST003669,Oliver,Ramakrishnan,36.0,Male,Chennai,Tamil Nadu,2019-11-11,Retail Employee,25000.0,Married,Store,Silver
CUST003670,Edhitha,Venkatesh,42.0,Female,Vadodara,Gujarat,2019-07-11,Retail Employee,34000.0,Single,Online,Silver
CUST003671,Lucky,Kala,51.0,Male,Bhubaneswar,Odisha,2019-02-24,Government Employee,88800.0,Married,Store,Gold
CUST003672,Charita,Vaidya,49.0,Female,Pune,Maharashtra,2020-05-27,Engineer,152300.0,Married,Mobile App,Gold
CUST003673,Nimrat,Verma,23.0,Female,Ahmedabad,Gujarat,2021-08-16,IT Professional,95300.0,Single,Online,Silver
CUST003674,Panini,Dutta,49.0,Female,Delhi,Delhi,2020-09-18,Retail Employee,43500.0,Single,Online,Silver
CUST003675,Alka,Bala,37.0,Female,Hyderabad,Telangana,2020-04-26,Student,19500.0,Married,Online,Bronze
CUST003676,Leela,Khurana,39.0,Male,Mumbai,Maharashtra,2018-12-09,Retail Employee,27400.0,Married,Mobile App,Silver
CUST003677,Nidra,Sami,39.0,Female,Pune,Maharashtra,2018-10-10,Retired,39200.0,Married,Online,Silver
CUST003678,Zayyan,Choudhry,36.0,Male,Bengaluru,Karnataka,2019-06-21,IT Professional,87000.0,Single,Mobile App,Gold
CUST003679,Bhanumati,Pradhan,53.0,Female,Mysuru,Karnataka,2020-07-02,Sales Executive,102900.0,Single,Store,Silver
CUST003680,Kai,Tripathi,37.0,Male,Patna,Bihar,2019-03-02,Self-Employed,146000.0,Married,Store,Gold
CUST003681,Peter,Dasgupta,23.0,Male,Vadodara,Gujarat,2021-08-16,IT Professional,122600.0,Married,Online,Silver
CUST003682,Arjun,Dash,33.0,Male,Amritsar,Punjab,2021-04-26,Business Owner,297600.0,Married,Online,Gold
CUST003683,Udarsh,Misra,40.0,Male,Kolkata,West Bengal,2019-08-23,Retail Employee,34200.0,Divorced,Online,Silver
CUST003684,Aarnav,Setty,54.0,Male,Delhi,Delhi,2020-10-01,Doctor,379600.0,Married,Online,Gold
CUST003685,Omkaar,Keer,46.0,Male,Bengaluru,Karnataka,2018-10-09,Government Employee,69600.0,Single,Online,Gold
CUST003686,Jackson,Palla,27.0,Male,Bengaluru,Karnataka,2020-04-25,Self-Employed,225300.0,Single,Online,Gold
CUST003687,Netra,Mane,70.0,Female,Bengaluru,Karnataka,2020-05-03,Retired,52500.0,Married,Store,Silver
CUST003688,Ekaraj,Purohit,41.0,Male,Ahmedabad,Gujarat,2019-08-04,Self-Employed,156500.0,Married,Online,Gold
CUST003689,Yoshita,Kota,55.0,Female,Coimbatore,Tamil Nadu,2019-04-28,Student,17900.0,Married,Store,Silver
CUST003690,Charles,Narang,36.0,Male,Hyderabad,Telangana,2020-03-13,Sales Executive,48700.0,Married,Online,Silver
CUST003691,Yauvani,Hans,45.0,Female,Pune,Maharashtra,2020-12-25,Government Employee,60000.0,Married,Online,Silver
CUST003692,Radha,Sha,49.0,Female,Mumbai,Maharashtra,2019-04-22,Doctor,230300.0,Divorced,Mobile App,Platinum
CUST003693,Chavvi,Din,54.0,Female,Delhi,Delhi,2020-08-30,IT Professional,169800.0,Married,Store,Gold
CUST003694,Unnati,Sabharwal,52.0,Female,Pune,Maharashtra,2021-02-05,Teacher,71100.0,Married,Online,Silver
CUST003695,Banjeet,Chanda,49.0,Male,Jodhpur,Rajasthan,2019-09-24,Engineer,131300.0,Married,Mobile App,Gold
CUST003696,David,Sandal,34.0,Other,Pune,Maharashtra,2021-05-09,Homemaker,11600.0,Married,Mobile App,Bronze
CUST003697,Eiravati,Soni,38.0,Female,Surat,Gujarat,2018-09-17,Student,19000.0,Married,Store,Silver
CUST003698,Jalsa,Sehgal,42.0,Female,Hyderabad,Telangana,2019-09-23,Sales Executive,76200.0,Divorced,Online,Silver
CUST003699,Brinda,Pingle,38.0,Female,Mumbai,Maharashtra,2018-09-01,Student,152000.0,Married,Online,Platinum
CUST003700,Saksham,Venkataraman,38.0,Male,Lucknow,Uttar Pradesh,2020-08-10,Self-Employed,115000.0,Married,Online,Silver
CUST003701,Siya,Lalla,52.0,Female,Kolkata,West Bengal,2018-09-17,Teacher,70500.0,Married,Online,Gold
CUST003702,Zaid,Sampath,57.0,Male,Delhi,Delhi,2021-03-10,IT Professional,203000.0,Married,Online,Gold
CUST003703,Urvi,Suri,26.0,Female,Patna,Bihar,2021-07-03,Sales Executive,50700.0,Married,Mobile App,Silver
CUST003704,Sathvik,Gaba,27.0,Male,Mumbai,Maharashtra,2021-07-11,IT Professional,150000.0,Married,Store,Gold
CUST003705,Eshana,Tiwari,36.0,Female,Delhi,Delhi,2020-03-25,Engineer,140000.0,Divorced,Mobile App,Gold
CUST003706,Devansh,Sundaram,42.0,Male,Vadodara,Gujarat,2021-05-17,Student,16200.0,Married,Online,Bronze
CUST003707,Veer,Dayal,31.0,Male,Ahmedabad,Gujarat,2020-02-02,Retail Employee,37400.0,Married,Online,Silver
CUST003708,Yashvi,Wadhwa,56.0,Female,Bengaluru,Karnataka,2020-08-22,Engineer,142600.0,Single,Online,Gold
CUST003709,Dhriti,Kala,44.0,Female,Mumbai,Maharashtra,2020-08-13,Student,359200.0,Single,Mobile App,Gold
CUST003710,Vasatika,Solanki,39.0,Female,Chandigarh,Chandigarh,2019-09-20,Engineer,118700.0,Single,Store,Gold
CUST003711,Amol,Dugar,19.0,Male,Bengaluru,Karnataka,2025-08-16,Student,7900.0,Single,Online,Bronze
CUST003712,Qasim,Dani,21.0,Male,Delhi,Delhi,2023-08-17,Student,7000.0,Single,Store,Bronze
CUST003713,Tara,Choudhary,42.0,Female,Chennai,Tamil Nadu,2019-11-17,Teacher,67600.0,Married,Mobile App,Gold
CUST003714,Jai,Pingle,18.0,Other,Kochi,Kerala,2026-07-11,Student,13000.0,Single,Mobile App,Bronze
CUST003715,Mohini,Baria,51.0,Female,Mumbai,Maharashtra,2020-07-12,Sales Executive,93500.0,Married,Online,Silver
CUST003716,Faraj,Dalal,36.0,Male,Jaipur,Rajasthan,2018-09-04,Self-Employed,105000.0,Married,Online,Gold
CUST003717,Ria,Mody,75.0,Female,Kolkata,West Bengal,2019-11-24,Retired,23300.0,Married,Online,Silver
CUST003718,Rachit,Mitter,38.0,Male,Hyderabad,Telangana,2018-09-15,Self-Employed,218200.0,Married,Store,Platinum
CUST003719,Nandini,Sunder,36.0,Female,Vadodara,Gujarat,2021-07-18,IT Professional,174800.0,Divorced,Online,Gold
CUST003720,Akshay,Dhar,37.0,Male,Bhubaneswar,Odisha,2019-06-11,Business Owner,155800.0,Single,Mobile App,Platinum
CUST003721,Ekavir,Sama,51.0,Male,Delhi,Delhi,2019-03-05,Retail Employee,39400.0,Divorced,Store,Silver
CUST003722,Arunima,Mody,60.0,Female,Pune,Maharashtra,2021-06-19,Business Owner,456000.0,Married,Store,Gold
CUST003723,Meghana,Kale,18.0,Female,Kochi,Kerala,2026-07-11,Student,11900.0,Single,Store,Bronze
CUST003724,Gavin,Suresh,18.0,Male,Ahmedabad,Gujarat,2026-07-11,Student,11200.0,Single,Store,Bronze
CUST003725,Aarav,Das,30.0,Male,Warangal,Telangana,2019-12-10,Student,12600.0,Single,Online,Bronze
CUST003726,Owen,Bir,38.0,Male,Kolkata,West Bengal,2021-06-07,Retail Employee,40200.0,Married,Store,Bronze
CUST003727,Anya,Sahni,44.0,Female,Vadodara,Gujarat,2019-07-18,Student,9800.0,Married,Online,Silver
CUST003728,Wridesh,Mukherjee,52.0,Male,Udaipur,Rajasthan,2021-06-11,Government Employee,77200.0,Married,Online,Silver
CUST003729,Upkaar,Nazareth,22.0,Male,Kochi,Kerala,2022-08-17,Student,15700.0,Single,Online,Bronze
CUST003730,Saanvi,Soman,18.0,Female,Hyderabad,Telangana,2026-07-11,Retail Employee,23300.0,Single,Store,Bronze
CUST003731,Ekaja,Devi,49.0,Female,Bengaluru,Karnataka,2021-03-19,Student,13300.0,Married,Online,Bronze
CUST003732,Yashawini,Sharma,27.0,Female,Howrah,West Bengal,2020-10-19,Student,71800.0,Married,Online,Silver
CUST003733,Varenya,Sen,18.0,Female,Hyderabad,Telangana,2026-07-11,Student,13200.0,Married,Mobile App,Bronze
CUST003734,Falguni,Nanda,40.0,Female,Kolkata,West Bengal,2018-09-11,Homemaker,6900.0,Married,Online,Silver
CUST003735,Chanchal,Rout,48.0,Female,Hyderabad,Telangana,2021-04-09,Sales Executive,90400.0,Married,Online,Silver
CUST003736,Sara,Kaul,36.0,Female,Pune,Maharashtra,2021-03-13,Government Employee,57400.0,Single,Online,Silver
CUST003737,Siya,Nori,32.0,Female,Chennai,Tamil Nadu,2020-07-08,Engineer,95400.0,Divorced,Online,Silver
CUST003738,Arin,Savant,36.0,Male,Ahmedabad,Gujarat,2019-02-12,Student,14400.0,Single,Mobile App,Silver
CUST003739,Arunima,Chakrabarti,33.0,Other,Jodhpur,Rajasthan,2020-03-22,Sales Executive,51500.0,Married,Online,Silver
CUST003740,Fitan,Bakshi,20.0,Male,Chennai,Tamil Nadu,2024-08-16,Student,65800.0,Single,Mobile App,Bronze
CUST003741,Mohammed,Dasgupta,29.0,Male,Nagpur,Maharashtra,2019-12-10,Student,7900.0,Divorced,Mobile App,Bronze
CUST003742,Brijesh,Hans,45.0,Male,Hyderabad,Telangana,2020-11-04,Student,73600.0,Married,Store,Silver
CUST003743,Avi,Vig,42.0,Male,Jodhpur,Rajasthan,2020-06-03,Student,11600.0,Married,Mobile App,Bronze
CUST003744,Ijaya,Soni,40.0,Female,Hyderabad,Telangana,2020-08-17,IT Professional,144800.0,Married,Mobile App,Gold
CUST003745,Yashasvi,Bahl,25.0,Female,Ahmedabad,Gujarat,2019-08-17,Doctor,271000.0,Divorced,Store,Platinum
CUST003746,Dipta,Wali,36.0,Female,Chennai,Tamil Nadu,2018-11-07,IT Professional,109600.0,Divorced,Online,Gold
CUST003747,Hemangini,Bahl,18.0,Female,Delhi,Delhi,2026-07-11,Student,12000.0,Single,Mobile App,Bronze
CUST003748,Mahika,Jha,40.0,Male,Jodhpur,Rajasthan,2020-04-22,Retail Employee,27400.0,Married,Online,Silver
CUST003749,Jason,Sawhney,57.0,Male,Pune,Maharashtra,2020-02-11,Government Employee,95100.0,Married,Online,Gold
CUST003750,Chaman,Walla,19.0,Female,Coimbatore,Tamil Nadu,2025-08-16,Student,8400.0,Single,Mobile App,Bronze
CUST003751,Oeshi,Ratti,30.0,Female,Delhi,Delhi,2019-05-21,Self-Employed,53700.0,Married,Online,Silver
CUST003752,Arin,Swamy,42.0,Male,Mumbai,Maharashtra,2019-11-02,Retail Employee,27700.0,Married,Store,Silver
CUST003753,Alka,Oak,54.0,Female,Chennai,Tamil Nadu,2018-12-01,Engineer,147400.0,Married,Store,Platinum
CUST003754,Tejas,Gole,32.0,Male,Chennai,Tamil Nadu,2021-01-08,Teacher,65800.0,Married,Online,Silver
CUST003755,Sarthak,Bajwa,29.0,Male,Ahmedabad,Gujarat,2019-05-07,Government Employee,47500.0,Married,Mobile App,Silver
CUST003756,Nathan,Raja,18.0,Male,Vadodara,Gujarat,2026-07-11,Retail Employee,16700.0,Married,Store,Bronze
CUST003757,Kabir,Chand,39.0,Male,Surat,Gujarat,2020-10-29,IT Professional,111600.0,Married,Online,Gold
CUST003758,Deepa,Chaudhary,65.0,Female,Hyderabad,Telangana,2019-08-16,Retired,37600.0,Married,Online,Silver
CUST003759,Hamsini,Mangal,42.0,Female,Howrah,West Bengal,2018-11-07,Engineer,95300.0,Married,Mobile App,Gold
CUST003760,Ekbal,Goswami,38.0,Male,Kolkata,West Bengal,2018-11-14,IT Professional,141900.0,Single,Mobile App,Gold
CUST003761,Lakshmi,Chakraborty,42.0,Female,Hyderabad,Telangana,2019-06-20,Government Employee,48400.0,Married,Online,Silver
CUST003762,Ganga,Mohanty,38.0,Female,Kolkata,West Bengal,2021-06-25,Engineer,149600.0,Married,Online,Silver
CUST003763,Samar,Gara,27.0,Male,Guwahati,Assam,2019-01-03,Doctor,237600.0,Married,Mobile App,Platinum
CUST003764,Ayushman,Nanda,49.0,Male,Delhi,Delhi,2019-08-26,Student,14800.0,Married,Mobile App,Bronze
CUST003765,Hemangini,Bala,41.0,Female,Patna,Bihar,2020-09-10,IT Professional,194100.0,Married,Store,Gold
CUST003766,Barkha,Misra,38.0,Female,Mumbai,Maharashtra,2021-01-23,Student,13700.0,Married,Mobile App,Bronze
CUST003767,Madhavi,Chaudhary,25.0,Other,Bengaluru,Karnataka,2021-04-11,Retail Employee,30000.0,Married,Mobile App,Bronze
CUST003768,Nathaniel,Dhar,55.0,Male,Bengaluru,Karnataka,2021-06-22,Engineer,140700.0,Single,Store,Silver
CUST003769,Triveni,Naik,47.0,Female,Kolkata,West Bengal,2019-05-13,Sales Executive,57400.0,Married,Online,Silver
CUST003770,Kai,Prashad,31.0,Male,Pune,Maharashtra,2020-12-01,Sales Executive,67400.0,Divorced,Mobile App,Silver
CUST003771,Darpan,Ben,51.0,Male,Indore,Madhya Pradesh,2021-07-21,Student,16900.0,Single,Online,Bronze
CUST003772,Isha,Khatri,32.0,Female,Kanpur,Uttar Pradesh,2020-06-07,IT Professional,92400.0,Married,Online,Gold
CUST003773,Jagat,Tailor,28.0,Male,Ahmedabad,Gujarat,2020-03-05,Engineer,95900.0,Married,Store,Silver
CUST003774,Zayyan,Rajan,28.0,Male,Chennai,Tamil Nadu,2021-02-12,Retail Employee,24600.0,Single,Store,Bronze
CUST003775,Dakshesh,Luthra,18.0,Male,Thiruvananthapuram,Kerala,2026-07-11,Retail Employee,21700.0,Single,Mobile App,Bronze
CUST003776,Azaan,Nadkarni,44.0,Male,Kanpur,Uttar Pradesh,2021-01-21,Business Owner,152400.0,Married,Store,Gold
CUST003777,Vedika,Ray,18.0,Male,Chennai,Tamil Nadu,2026-07-11,Sales Executive,67100.0,Single,Mobile App,Silver
CUST003778,Bhavini,Sule,22.0,Female,Ahmedabad,Gujarat,2022-08-17,Student,8000.0,Single,Online,Bronze
CUST003779,Akshay,Reddy,18.0,Male,Kolkata,West Bengal,2026-07-11,Student,9100.0,Single,Mobile App,Bronze
CUST003780,Jackson,Bahl,37.0,Male,Kolkata,West Bengal,2021-03-09,Self-Employed,123000.0,Married,Online,Silver
CUST003781,Krish,Chaudhuri,36.0,Male,Bengaluru,Karnataka,2021-01-14,Doctor,183000.0,Single,Store,Gold
CUST003782,Krishna,Dass,34.0,Female,Chennai,Tamil Nadu,2020-06-12,Sales Executive,56500.0,Married,Online,Silver
CUST003783,Max,Ray,24.0,Male,Pune,Maharashtra,2021-04-28,Student,15400.0,Single,Store,Bronze
CUST003784,Vansha,Chacko,23.0,Female,Hyderabad,Telangana,2021-08-16,Engineer,96800.0,Single,Mobile App,Silver
CUST003785,Zashil,Jani,44.0,Male,Ahmedabad,Gujarat,2020-07-30,Engineer,106900.0,Married,Online,Silver
CUST003786,Ekavir,Prakash,31.0,Male,Guwahati,Assam,2020-08-20,Student,10700.0,Married,Online,Bronze
CUST003787,Hamsini,Korpal,42.0,Female,Bhubaneswar,Odisha,2019-05-18,IT Professional,99300.0,Divorced,Mobile App,Gold
CUST003788,Udyati,Seth,26.0,Female,Kolkata,West Bengal,2021-05-26,Engineer,84000.0,Married,Online,Silver
CUST003789,Ansh,Agarwal,40.0,Male,Kolkata,West Bengal,2019-01-16,Student,35300.0,Married,Online,Silver
CUST003790,Vedika,Mann,55.0,Female,Delhi,Delhi,2019-03-06,Government Employee,62900.0,Divorced,Store,Silver
CUST003791,Geetika,Acharya,46.0,Female,Ahmedabad,Gujarat,2019-04-30,Engineer,134300.0,Divorced,Online,Gold
CUST003792,Bhanumati,Subramaniam,33.0,Female,Mumbai,Maharashtra,2020-09-11,IT Professional,121800.0,Married,Store,Gold
CUST003793,Madhavi,Krishna,41.0,Female,Bengaluru,Karnataka,2019-02-27,Sales Executive,95000.0,Married,Store,Gold
CUST003794,Sachi,Panchal,35.0,Female,Ahmedabad,Gujarat,2021-01-28,Teacher,66400.0,Single,Store,Silver
CUST003795,Simon,Uppal,38.0,Other,Bengaluru,Karnataka,2021-04-02,Government Employee,54600.0,Married,Store,Silver
CUST003796,Lohit,Bath,34.0,Male,Mumbai,Maharashtra,2021-06-28,Retired,15000.0,Divorced,Mobile App,Bronze
CUST003797,Gaurika,Walla,36.0,Female,Varanasi,Uttar Pradesh,2018-10-22,Sales Executive,44200.0,Married,Online,Silver
CUST003798,Bakhshi,Mital,41.0,Male,Bengaluru,Karnataka,2020-09-13,Student,10600.0,Married,Store,Bronze
CUST003799,Chaitanya,Rana,25.0,Male,Mumbai,Maharashtra,2019-08-17,Self-Employed,233300.0,Single,Mobile App,Gold
CUST003800,Darsh,Dey,25.0,Male,Mumbai,Maharashtra,2020-10-22,Retail Employee,30800.0,Single,Online,Silver
CUST003801,Logan,Sankaran,20.0,Male,New Delhi,Delhi,2024-08-16,Student,13800.0,Single,Mobile App,Bronze
CUST003802,Jagrati,Thaman,18.0,Male,Delhi,Delhi,2026-07-11,Student,9700.0,Married,Mobile App,Bronze
CUST003803,Nitara,Oommen,22.0,Female,Udaipur,Rajasthan,2022-08-17,Student,14600.0,Married,Online,Bronze
CUST003804,Leena,Sethi,40.0,Female,Bengaluru,Karnataka,2020-02-20,Self-Employed,122300.0,Divorced,Online,Gold
CUST003805,Laban,Korpal,26.0,Male,Lucknow,Uttar Pradesh,2019-01-10,Business Owner,365100.0,Single,Mobile App,Platinum
CUST003806,Naveen,Om,45.0,Male,Delhi,Delhi,2018-10-09,Retired,38900.0,Married,Online,Silver
CUST003807,Jagrati,Sharaf,38.0,Female,Chennai,Tamil Nadu,2020-08-26,Business Owner,210900.0,Married,Online,Gold
CUST003808,Nitesh,Babu,18.0,Male,Ahmedabad,Gujarat,2026-07-11,Student,11900.0,Married,Mobile App,Bronze
CUST003809,Ekani,Agate,47.0,Female,Ahmedabad,Gujarat,2019-06-20,Business Owner,403600.0,Single,Mobile App,Platinum
CUST003810,Vyanjana,Agrawal,49.0,Male,Kolkata,West Bengal,2020-09-21,Retired,53400.0,Married,Online,Silver
CUST003811,Aarna,Ghose,25.0,Female,Thiruvananthapuram,Kerala,2019-08-17,Business Owner,197500.0,Single,Mobile App,Gold
CUST003812,Triveni,Suresh,43.0,Female,Delhi,Delhi,2021-05-27,Self-Employed,65800.0,Divorced,Online,Gold
CUST003813,Shravya,Yohannan,27.0,Female,Chennai,Tamil Nadu,2020-01-21,Sales Executive,63100.0,Single,Store,Silver
CUST003814,Banjeet,Brahmbhatt,39.0,Male,Indore,Madhya Pradesh,2021-04-04,Retail Employee,22100.0,Single,Mobile App,Bronze
CUST003815,Amruta,Saxena,22.0,Female,Pune,Maharashtra,2022-08-17,Retail Employee,19600.0,Single,Mobile App,Bronze
CUST003816,David,Pandit,18.0,Male,Mumbai,Maharashtra,2026-07-11,Sales Executive,39500.0,Single,Online,Bronze
CUST003817,Raghav,Parmar,33.0,Male,Delhi,Delhi,2019-02-09,Homemaker,11300.0,Married,Online,Silver
CUST003818,Rishi,Goel,36.0,Male,Howrah,West Bengal,2021-01-16,Retail Employee,22200.0,Divorced,Online,Bronze
CUST003819,Aarna,Dash,33.0,Female,New Delhi,Delhi,2019-03-14,IT Professional,137500.0,Married,Store,Gold
CUST003820,Vihaan,Prabhakar,23.0,Male,Delhi,Delhi,2021-08-16,Doctor,274900.0,Married,Store,Gold
CUST003821,Gopal,Saxena,33.0,Male,Chennai,Tamil Nadu,2020-02-17,Government Employee,65800.0,Married,Online,Silver
CUST003822,Aayush,Kant,42.0,Male,Kolkata,West Bengal,2020-12-03,Engineer,173300.0,Married,Store,Gold
CUST003823,Aishani,Mand,37.0,Female,New Delhi,Delhi,2020-12-11,Government Employee,65800.0,Divorced,Mobile App,Silver
CUST003824,Rachita,Handa,40.0,Female,Bengaluru,Karnataka,2020-03-25,Teacher,54700.0,Married,Online,Silver
CUST003825,Chandani,Mitter,29.0,Female,Kolkata,West Bengal,2021-08-07,IT Professional,98400.0,Married,Store,Silver
CUST003826,Janya,Kaur,53.0,Female,Guwahati,Assam,2020-01-12,IT Professional,254600.0,Married,Online,Platinum
CUST003827,Yatin,Patil,23.0,Male,Ahmedabad,Gujarat,2021-08-16,IT Professional,69000.0,Single,Mobile App,Silver
CUST003828,Andrew,Mand,44.0,Male,Udaipur,Rajasthan,2021-02-28,IT Professional,169100.0,Married,Online,Gold
CUST003829,Xiti,Kadakia,53.0,Female,Hyderabad,Telangana,2019-11-27,Government Employee,77300.0,Married,Store,Silver
CUST003830,Aarush,Hayre,44.0,Male,Bengaluru,Karnataka,2018-09-27,Retail Employee,39100.0,Married,Mobile App,Silver
CUST003831,Rudra,Choudhry,35.0,Male,Chennai,Tamil Nadu,2019-01-16,Student,10300.0,Married,Mobile App,Silver
CUST003832,Liam,Tella,31.0,Male,Lucknow,Uttar Pradesh,2019-01-27,Retail Employee,26800.0,Single,Online,Silver
CUST003833,Xiti,Garde,51.0,Female,Chennai,Tamil Nadu,2019-02-28,Engineer,134800.0,Widowed,Mobile App,Platinum
CUST003834,Gunbir,Gill,20.0,Male,Chandigarh,Chandigarh,2024-08-16,Retail Employee,21500.0,Single,Store,Bronze
CUST003835,Bhavini,Dave,25.0,Male,Ludhiana,Punjab,2019-08-17,Retail Employee,26100.0,Married,Mobile App,Silver
CUST003836,Bachittar,Datta,33.0,Male,Mumbai,Maharashtra,2018-10-20,Retail Employee,19400.0,Single,Online,Silver
CUST003837,Leela,Kari,54.0,Female,Mumbai,Maharashtra,2020-02-20,Business Owner,281100.0,Single,Store,Platinum
CUST003838,Laksh,Handa,43.0,Male,Pune,Maharashtra,2020-07-24,Government Employee,96400.0,Married,Online,Silver
CUST003839,Advay,Walia,25.0,Male,Hyderabad,Telangana,2020-05-19,Homemaker,5700.0,Married,Mobile App,Bronze
CUST003840,Jonathan,Setty,34.0,Male,Pune,Maharashtra,2020-08-15,Business Owner,151300.0,Married,Online,Gold
CUST003841,Aadhya,Sane,30.0,Female,Bhopal,Madhya Pradesh,2020-12-26,Teacher,46500.0,Divorced,Store,Silver
CUST003842,Atharv,Naidu,29.0,Male,Mumbai,Maharashtra,2019-10-09,Government Employee,62900.0,Married,Mobile App,Silver
CUST003843,Upma,Ray,51.0,Female,Bengaluru,Karnataka,2019-12-09,IT Professional,134300.0,Married,Online,Gold
CUST003844,Mahika,Dara,20.0,Female,Delhi,Delhi,2024-08-16,Student,14700.0,Single,Mobile App,Bronze
CUST003845,Yochana,Shukla,59.0,Female,Thiruvananthapuram,Kerala,2021-05-03,Retail Employee,29500.0,Married,Online,Bronze
CUST003846,Yug,Pathak,38.0,Male,Ahmedabad,Gujarat,2019-03-27,Retail Employee,36300.0,Married,Online,Silver
CUST003847,Anthony,Kapur,52.0,Male,Kochi,Kerala,2021-02-06,Self-Employed,207300.0,Married,Online,Gold
CUST003848,Arjun,Mall,32.0,Male,Amritsar,Punjab,2021-04-13,IT Professional,104700.0,Married,Store,Silver
CUST003849,Ucchal,Walia,36.0,Female,Chennai,Tamil Nadu,2019-10-04,Student,10700.0,Married,Mobile App,Bronze
CUST003850,Vanya,Mutti,38.0,Female,Delhi,Delhi,2025-08-16,Retail Employee,19000.0,Single,Mobile App,Bronze
CUST003851,Aahana,Ramanathan,31.0,Female,Delhi,Delhi,2021-06-12,IT Professional,81100.0,Married,Online,Silver
CUST003852,Indali,Natt,44.0,Female,Delhi,Delhi,2020-07-23,IT Professional,181200.0,Married,Mobile App,Gold
CUST003853,Banjeet,Bakshi,55.0,Male,Ahmedabad,Gujarat,2019-04-24,Retail Employee,41000.0,Married,Online,Silver
CUST003854,Isaiah,Sampath,24.0,Male,Mumbai,Maharashtra,2020-08-16,Student,92100.0,Single,Online,Silver
CUST003855,Bishakha,Krish,33.0,Female,Mumbai,Maharashtra,2020-07-15,Homemaker,3000.0,Married,Store,Bronze
CUST003856,Guneet,Gala,36.0,Male,Kolkata,West Bengal,2021-01-18,Student,11700.0,Divorced,Mobile App,Bronze
CUST003857,Nitesh,Mukhopadhyay,20.0,Male,Howrah,West Bengal,2024-08-16,Student,12500.0,Single,Online,Bronze
CUST003858,Bhavika,Chatterjee,46.0,Female,Ahmedabad,Gujarat,2018-12-18,Government Employee,63400.0,Married,Store,Silver
CUST003859,Akshay,Srinivasan,29.0,Male,Hyderabad,Telangana,2019-09-08,Government Employee,43300.0,Married,Store,Silver
CUST003860,Upma,Bajwa,35.0,Female,Lucknow,Uttar Pradesh,2019-03-10,Teacher,73300.0,Married,Store,Gold
CUST003861,Oviya,Krishna,32.0,Female,Coimbatore,Tamil Nadu,2020-01-23,Self-Employed,246300.0,Single,Online,Gold
CUST003862,Krishna,Chokshi,28.0,Female,Pune,Maharashtra,2019-06-22,Sales Executive,38400.0,Married,Mobile App,Silver
CUST003863,Warjas,Khare,38.0,Male,Jodhpur,Rajasthan,2018-12-08,Retail Employee,34600.0,Married,Online,Silver
CUST003864,Onkar,Bhagat,35.0,Male,Guwahati,Assam,2019-04-22,Engineer,120400.0,Married,Online,Gold
CUST003865,Osha,Venkatesh,33.0,Female,Mumbai,Maharashtra,2018-11-23,Engineer,65800.0,Married,Online,Platinum
CUST003866,Jagat,Bora,29.0,Male,Hyderabad,Telangana,2020-05-01,IT Professional,153500.0,Married,Mobile App,Gold
CUST003867,Theodore,Chandran,42.0,Male,Chennai,Tamil Nadu,2018-11-29,IT Professional,122400.0,Married,Online,Gold
CUST003868,Udant,Dash,59.0,Male,Pune,Maharashtra,2019-10-05,Retail Employee,33400.0,Married,Online,Silver
CUST003869,Brijesh,Bhat,40.0,Male,Bhopal,Madhya Pradesh,2019-01-06,IT Professional,186700.0,Married,Online,Platinum
CUST003870,Anay,Purohit,51.0,Male,Bengaluru,Karnataka,2021-07-04,IT Professional,215200.0,Single,Store,Gold
CUST003871,Nirja,Bhattacharyya,20.0,Female,Udaipur,Rajasthan,2024-08-16,Retail Employee,22000.0,Single,Mobile App,Bronze
CUST003872,Devansh,Bhatia,40.0,Male,Ahmedabad,Gujarat,2019-01-30,Self-Employed,138600.0,Married,Mobile App,Gold
CUST003873,Timothy,Bhakta,24.0,Male,Kolkata,West Bengal,2021-02-06,Retail Employee,16900.0,Single,Mobile App,Bronze
CUST003874,Nidhi,Sankaran,19.0,Female,Delhi,Delhi,2025-08-16,Student,8700.0,Single,Mobile App,Bronze
CUST003875,Bhavini,Chaudry,28.0,Female,Delhi,Delhi,2019-02-24,Sales Executive,92800.0,Married,Store,Gold
CUST003876,Ayaan,Ben,53.0,Male,Mumbai,Maharashtra,2020-10-05,Engineer,167500.0,Single,Store,Gold
CUST003877,Manan,Raj,50.0,Male,Delhi,Delhi,2020-05-29,Sales Executive,112900.0,Married,Store,Gold
CUST003878,Suhani,Char,41.0,Female,Mysuru,Karnataka,2019-12-01,Student,9900.0,Married,Online,Bronze
CUST003879,Tripti,Kaul,18.0,Female,Varanasi,Uttar Pradesh,2026-07-11,Student,9200.0,Single,Online,Bronze
CUST003880,Aashi,Setty,35.0,Female,Hyderabad,Telangana,2021-07-04,Engineer,101300.0,Single,Store,Silver
CUST003881,Sanaya,Shetty,42.0,Female,Jaipur,Rajasthan,2021-04-30,Sales Executive,65100.0,Married,Mobile App,Silver
CUST003882,Tanish,Chaudhuri,40.0,Male,Warangal,Telangana,2021-04-28,Student,9900.0,Married,Online,Bronze
CUST003883,Pallavi,Bal,18.0,Female,Jodhpur,Rajasthan,2026-07-11,Student,9500.0,Single,Mobile App,Bronze
CUST003884,Utkarsh,Varughese,26.0,Male,Amritsar,Punjab,2020-11-20,IT Professional,119500.0,Married,Online,Gold
CUST003885,Omya,Hans,37.0,Female,Delhi,Delhi,2019-05-26,Sales Executive,86100.0,Divorced,Store,Gold
CUST003886,Darika,Chauhan,45.0,Female,Bhopal,Madhya Pradesh,2019-11-28,Sales Executive,107200.0,Divorced,Online,Silver
CUST003887,Abha,Bir,18.0,Female,Kolkata,West Bengal,2026-07-11,Sales Executive,77200.0,Single,Store,Bronze
CUST003888,Gunbir,Date,36.0,Male,Kanpur,Uttar Pradesh,2021-06-01,Homemaker,3200.0,Married,Mobile App,Bronze
CUST003889,Kabir,Pant,40.0,Male,Ahmedabad,Gujarat,2020-03-03,Student,11500.0,Married,Store,Bronze
CUST003890,Ucchal,Srivastava,49.0,Female,Hyderabad,Telangana,2020-08-26,Student,13500.0,Widowed,Online,Bronze
CUST003891,Vamakshi,Grewal,47.0,Female,Delhi,Delhi,2019-01-28,Retail Employee,28600.0,Married,Store,Silver
CUST003892,Keya,Devan,46.0,Female,Mumbai,Maharashtra,2019-07-03,Teacher,54300.0,Married,Store,Silver
CUST003893,Anthony,Bhasin,28.0,Male,Coimbatore,Tamil Nadu,2019-01-07,Self-Employed,82500.0,Married,Mobile App,Gold
CUST003894,Devansh,Muni,18.0,Male,Ludhiana,Punjab,2026-07-11,Sales Executive,72600.0,Single,Store,Silver
CUST003895,Urmi,Varghese,33.0,Female,Surat,Gujarat,2019-06-18,Retail Employee,30200.0,Married,Store,Silver
CUST003896,Praneel,Mukhopadhyay,51.0,Male,Bengaluru,Karnataka,2020-01-03,Engineer,129800.0,Married,Store,Gold
CUST003897,Eta,Din,56.0,Female,Kanpur,Uttar Pradesh,2019-02-24,Sales Executive,118700.0,Married,Mobile App,Gold
CUST003898,Wahab,More,47.0,Male,Jaipur,Rajasthan,2020-02-08,IT Professional,166500.0,Married,Mobile App,Gold
CUST003899,Pavani,Manne,44.0,Female,Bengaluru,Karnataka,2020-01-02,Retail Employee,36500.0,Divorced,Mobile App,Silver
CUST003900,Raksha,Anand,43.0,Female,Mumbai,Maharashtra,2021-06-21,IT Professional,151900.0,Married,Store,Gold
CUST003901,Yochana,Dhillon,31.0,Female,Pune,Maharashtra,2019-08-15,Teacher,67400.0,Married,Mobile App,Silver
CUST003902,Ayush,Khanna,36.0,Male,Indore,Madhya Pradesh,2020-10-21,Engineer,123800.0,Married,Online,Silver
CUST003903,Yashica,Bhagat,60.0,Female,Varanasi,Uttar Pradesh,2021-07-26,Retired,69100.0,Married,Store,Silver
CUST003904,Siddharth,Padmanabhan,26.0,Male,Bengaluru,Karnataka,2021-06-04,Student,13100.0,Married,Online,Bronze
CUST003905,Indira,Iyer,59.0,Female,Bengaluru,Karnataka,2018-10-02,Retired,60400.0,Married,Online,Silver
CUST003906,Harrison,Biswas,34.0,Male,Jodhpur,Rajasthan,2020-08-02,Engineer,95500.0,Divorced,Store,Silver
CUST003907,Onkar,Gulati,55.0,Male,Thiruvananthapuram,Kerala,2019-01-08,IT Professional,249700.0,Married,Online,Platinum
CUST003908,Wazir,Sibal,20.0,Male,Udaipur,Rajasthan,2024-08-16,Sales Executive,73800.0,Single,Online,Silver
CUST003909,Noah,Nayak,46.0,Male,Kolkata,West Bengal,2018-10-18,Retail Employee,38100.0,Single,Online,Silver
CUST003910,Netra,Sahota,28.0,Female,Delhi,Delhi,2018-12-24,Retail Employee,28500.0,Single,Mobile App,Silver
CUST003911,Nitesh,Gaba,20.0,Male,Coimbatore,Tamil Nadu,2024-08-16,Retail Employee,16300.0,Single,Store,Bronze
CUST003912,Damini,Sha,41.0,Female,Delhi,Delhi,2020-10-04,Government Employee,65900.0,Married,Mobile App,Silver
CUST003913,Brijesh,Tandon,51.0,Male,Lucknow,Uttar Pradesh,2021-03-03,Self-Employed,185300.0,Married,Store,Gold
CUST003914,Imaran,Aggarwal,27.0,Male,Hyderabad,Telangana,2019-09-16,Government Employee,68900.0,Single,Store,Silver
CUST003915,Jasmit,Karpe,19.0,Female,Varanasi,Uttar Pradesh,2025-08-16,Student,9000.0,Single,Mobile App,Bronze
CUST003916,Viraj,Kala,37.0,Male,Hyderabad,Telangana,2021-04-30,IT Professional,111600.0,Divorced,Mobile App,Silver
CUST003917,Jagdish,Srivastava,37.0,Male,Kanpur,Uttar Pradesh,2019-08-05,Retail Employee,35100.0,Married,Online,Silver
CUST003918,Noah,Prashad,45.0,Male,Bengaluru,Karnataka,2019-12-08,Self-Employed,89200.0,Married,Online,Gold
CUST003919,Ishanvi,Ratta,50.0,Female,Warangal,Telangana,2019-01-14,Engineer,127900.0,Married,Store,Gold
CUST003920,George,Ahuja,37.0,Male,Kolkata,West Bengal,2019-10-19,Sales Executive,111100.0,Divorced,Mobile App,Silver
CUST003921,Radhika,Anne,62.0,Female,Mumbai,Maharashtra,2019-11-26,Self-Employed,192500.0,Married,Store,Gold
CUST003922,Bina,Parmar,41.0,Female,Guwahati,Assam,2020-04-20,Student,65800.0,Married,Online,Silver
CUST003923,Amruta,Contractor,33.0,Female,Kolkata,West Bengal,2020-03-27,Self-Employed,163900.0,Single,Store,Gold
CUST003924,Ekavir,Mannan,18.0,Male,Chennai,Tamil Nadu,2026-07-11,Retail Employee,28100.0,Single,Mobile App,Bronze
CUST003925,Urvi,Hayer,35.0,Female,Varanasi,Uttar Pradesh,2021-03-18,Doctor,225600.0,Married,Store,Gold
CUST003926,Radha,Bassi,34.0,Female,Bhopal,Madhya Pradesh,2020-04-14,Self-Employed,99800.0,Single,Online,Silver
CUST003927,Amruta,Issac,50.0,Female,Chennai,Tamil Nadu,2019-08-29,Engineer,178700.0,Married,Online,Gold
CUST003928,Ira,Mander,44.0,Female,Thiruvananthapuram,Kerala,2020-04-29,IT Professional,143300.0,Married,Mobile App,Gold
CUST003929,Harita,Kanda,23.0,Female,Mumbai,Maharashtra,2021-08-16,Engineer,100000.0,Single,Mobile App,Silver
CUST003930,Karan,Ghosh,40.0,Male,Pune,Maharashtra,2020-10-05,Government Employee,56700.0,Single,Online,Silver
CUST003931,Omkaar,Korpal,47.0,Male,Kolkata,West Bengal,2020-12-03,Retail Employee,31900.0,Married,Online,Silver
CUST003932,Gaurav,Hayre,58.0,Male,Hyderabad,Telangana,2020-08-04,Engineer,146600.0,Married,Store,Gold
CUST003933,Advay,Goda,50.0,Male,Chennai,Tamil Nadu,2019-01-04,Government Employee,66400.0,Married,Mobile App,Gold
CUST003934,Karan,Chaudhuri,48.0,Male,Bengaluru,Karnataka,2020-02-10,Student,11900.0,Married,Online,Bronze
CUST003935,Advaith,Devan,39.0,Male,Hyderabad,Telangana,2020-11-26,Student,65800.0,Married,Online,Bronze
CUST003936,Ranveer,Choudhry,43.0,Male,Kanpur,Uttar Pradesh,2020-06-21,Engineer,94400.0,Married,Online,Gold
CUST003937,Pallavi,Kade,54.0,Female,Kolkata,West Bengal,2021-04-22,Teacher,62700.0,Married,Store,Silver
CUST003938,Michael,Shan,21.0,Male,Ludhiana,Punjab,2023-08-17,Retail Employee,24000.0,Single,Mobile App,Bronze
CUST003939,Kashvi,Pingle,33.0,Female,Jodhpur,Rajasthan,2020-05-26,Teacher,64000.0,Married,Store,Silver
CUST003940,Quincy,Garg,28.0,Male,Bengaluru,Karnataka,2018-09-07,IT Professional,108300.0,Divorced,Online,Gold
CUST003941,Zansi,Saraf,43.0,Female,Bengaluru,Karnataka,2020-07-31,IT Professional,148800.0,Married,Online,Gold
CUST003942,Bhavini,Dani,54.0,Female,Bengaluru,Karnataka,2019-02-12,Doctor,319000.0,Married,Online,Platinum
CUST003943,Ekbal,De,30.0,Male,Varanasi,Uttar Pradesh,2020-11-08,Teacher,57100.0,Single,Mobile App,Silver
CUST003944,Girish,Handa,18.0,Male,Mumbai,Maharashtra,2026-07-11,Sales Executive,60500.0,Single,Store,Silver
CUST003945,Ranbir,Prasad,33.0,Male,Delhi,Delhi,2021-07-12,Sales Executive,89000.0,Married,Mobile App,Silver
CUST003946,Nathan,Sanghvi,50.0,Male,Patna,Bihar,2019-10-22,Self-Employed,255500.0,Married,Mobile App,Gold
CUST003947,Krisha,Batra,45.0,Female,Howrah,West Bengal,2020-09-09,Sales Executive,96500.0,Married,Store,Silver
CUST003948,Ijaya,Wason,44.0,Female,Delhi,Delhi,2020-04-17,IT Professional,115500.0,Married,Store,Gold
CUST003949,Manan,Dixit,34.0,Male,Delhi,Delhi,2019-03-03,Engineer,140600.0,Single,Online,Gold
CUST003950,Nihal,Kota,21.0,Male,Bhopal,Madhya Pradesh,2023-08-17,Retail Employee,16100.0,Single,Store,Bronze
CUST003951,Avi,Mammen,45.0,Male,Patna,Bihar,2020-09-12,Business Owner,222900.0,Married,Online,Platinum
CUST003952,Dev,Trivedi,27.0,Male,New Delhi,Delhi,2019-02-02,Sales Executive,89400.0,Married,Mobile App,Gold
CUST003953,Wishi,Kadakia,66.0,Female,Hyderabad,Telangana,2020-02-23,Business Owner,558500.0,Married,Store,Platinum
CUST003954,Banjeet,Singhal,45.0,Male,Varanasi,Uttar Pradesh,2019-02-21,Retired,44600.0,Married,Mobile App,Silver
CUST003955,Bhavini,Ganesh,30.0,Female,Udaipur,Rajasthan,2020-07-02,Teacher,61300.0,Single,Mobile App,Silver
CUST003956,Rishi,Upadhyay,30.0,Male,Lucknow,Uttar Pradesh,2020-06-06,Self-Employed,96900.0,Single,Online,Gold
CUST003957,Rachit,Tara,37.0,Male,Chennai,Tamil Nadu,2021-02-14,Business Owner,283300.0,Married,Store,Gold
CUST003958,Yochana,Shetty,35.0,Female,Kochi,Kerala,2018-11-16,Business Owner,163200.0,Married,Online,Gold
CUST003959,Gaurav,Nagy,53.0,Male,Bengaluru,Karnataka,2018-12-08,Teacher,61000.0,Married,Mobile App,Silver
CUST003960,Ridhi,Vora,40.0,Female,Nagpur,Maharashtra,2018-09-03,Self-Employed,138700.0,Married,Store,Gold
CUST003961,Warhi,Talwar,28.0,Female,Ahmedabad,Gujarat,2020-06-01,Sales Executive,36300.0,Married,Mobile App,Silver
CUST003962,Warjas,Loyal,63.0,Male,Madurai,Tamil Nadu,2019-03-03,Retired,55700.0,Married,Store,Silver
CUST003963,Sai,Bansal,39.0,Male,Chandigarh,Chandigarh,2020-05-19,Engineer,149700.0,Married,Online,Gold
CUST003964,Ishita,Kanda,48.0,Female,Pune,Maharashtra,2020-04-05,IT Professional,197800.0,Married,Store,Gold
CUST003965,Isha,Seth,30.0,Female,Varanasi,Uttar Pradesh,2019-02-19,Retired,25200.0,Married,Mobile App,Silver
CUST003966,Kamya,Randhawa,43.0,Female,Bengaluru,Karnataka,2021-02-03,IT Professional,175500.0,Married,Online,Silver
CUST003967,Ikbal,Mohan,42.0,Male,Ahmedabad,Gujarat,2020-12-18,Government Employee,58800.0,Divorced,Mobile App,Silver
CUST003968,Pavani,Purohit,18.0,Other,Mumbai,Maharashtra,2026-07-11,Student,8100.0,Single,Store,Bronze
CUST003969,Farhan,Prasad,64.0,Male,Kolkata,West Bengal,2019-04-06,Business Owner,427200.0,Divorced,Online,Platinum
CUST003970,Lakshmi,Chad,55.0,Female,Ahmedabad,Gujarat,2020-07-04,Student,17000.0,Married,Store,Bronze
CUST003971,Ekani,Chad,33.0,Female,Hyderabad,Telangana,2020-07-20,Engineer,115200.0,Married,Online,Gold
CUST003972,Manbir,Saxena,24.0,Male,Delhi,Delhi,2020-08-16,Sales Executive,50100.0,Married,Mobile App,Silver
CUST003973,Yochana,Pandey,43.0,Female,Coimbatore,Tamil Nadu,2020-06-22,Student,115100.0,Married,Store,Silver
CUST003974,Ishwar,Barman,39.0,Male,Varanasi,Uttar Pradesh,2020-11-18,Student,9100.0,Married,Online,Bronze
CUST003975,Vidhi,Vala,43.0,Female,Bengaluru,Karnataka,2019-10-03,Retired,12500.0,Married,Online,Bronze
CUST003976,Om,Sandhu,40.0,Male,New Delhi,Delhi,2019-03-22,Business Owner,342400.0,Married,Mobile App,Platinum
CUST003977,Varenya,Sibal,45.0,Female,Bengaluru,Karnataka,2021-06-01,Retail Employee,33300.0,Married,Mobile App,Bronze
CUST003978,Tarak,Rege,38.0,Male,Guwahati,Assam,2019-10-08,Student,21200.0,Divorced,Store,Silver
CUST003979,Raksha,Tank,45.0,Female,Hyderabad,Telangana,2021-07-08,Retail Employee,27100.0,Married,Mobile App,Bronze
CUST003980,Nitara,Mahajan,24.0,Female,Mumbai,Maharashtra,2020-08-16,Self-Employed,67700.0,Single,Mobile App,Silver
CUST003981,Rayaan,Bakshi,38.0,Male,Udaipur,Rajasthan,2020-11-08,Student,19000.0,Married,Store,Bronze
CUST003982,Gaurav,Sathe,59.0,Male,Ahmedabad,Gujarat,2020-09-14,Government Employee,81100.0,Married,Online,Silver
CUST003983,Kamala,Lanka,75.0,Female,Pune,Maharashtra,2020-03-22,Self-Employed,260100.0,Married,Store,Platinum
CUST003984,Baljiwan,Parmer,23.0,Male,Ludhiana,Punjab,2021-08-16,Engineer,140500.0,Single,Mobile App,Silver
CUST003985,Chakrika,Menon,41.0,Female,Kolkata,West Bengal,2019-06-30,Self-Employed,174900.0,Single,Store,Gold
CUST003986,Zashil,Varghese,18.0,Male,Chennai,Tamil Nadu,2026-07-11,Student,23200.0,Single,Mobile App,Bronze
CUST003987,Chaaya,Malhotra,45.0,Female,Hyderabad,Telangana,2019-08-24,Student,22000.0,Married,Mobile App,Silver
CUST003988,Ishaan,Chaudhari,31.0,Male,Patna,Bihar,2021-08-08,Sales Executive,82800.0,Married,Mobile App,Silver
CUST003989,Daniel,Bora,63.0,Male,Delhi,Delhi,2020-10-29,Retired,39100.0,Married,Online,Silver
CUST003990,Pranit,Barad,28.0,Male,Bengaluru,Karnataka,2018-11-28,Engineer,121400.0,Married,Store,Gold
CUST003991,Harish,Nath,18.0,Male,Pune,Maharashtra,2026-07-11,Retail Employee,14000.0,Single,Mobile App,Bronze
CUST003992,Guneet,Narayan,32.0,Male,Jaipur,Rajasthan,2018-09-06,Retail Employee,31200.0,Single,Store,Silver
CUST003993,Ladli,Mittal,18.0,Male,Kolkata,West Bengal,2026-07-11,Sales Executive,65800.0,Single,Mobile App,Bronze
CUST003994,Mahika,Halder,48.0,Female,Kolkata,West Bengal,2020-09-25,IT Professional,149300.0,Married,Online,Gold
CUST003995,Ekantika,Lal,18.0,Female,Delhi,Delhi,2026-07-11,Student,11400.0,Single,Mobile App,Bronze
CUST003996,Aarna,Mistry,38.0,Female,Ahmedabad,Gujarat,2020-08-23,Sales Executive,65500.0,Married,Online,Silver
CUST003997,Lohit,Pal,18.0,Male,Jaipur,Rajasthan,2026-07-11,Student,8400.0,Single,Online,Bronze
CUST003998,Tamanna,Ravi,34.0,Male,Hyderabad,Telangana,2020-04-17,Business Owner,155200.0,Divorced,Store,Gold
CUST003999,Abeer,Sodhi,59.0,Male,Lucknow,Uttar Pradesh,2019-09-12,IT Professional,151900.0,Married,Mobile App,Gold
CUST004000,Yashvi,Dixit,43.0,Female,Mysuru,Karnataka,2020-09-09,Self-Employed,201000.0,Married,Mobile App,Gold
CUST004001,Rushil,Kari,27.0,Male,Jaipur,Rajasthan,2021-05-21,Student,7500.0,Married,Store,Bronze
CUST004002,Ishaan,Kadakia,38.0,Male,Mumbai,Maharashtra,2019-07-02,Student,87600.0,Married,Mobile App,Silver
CUST004003,Warjas,Kaur,38.0,Male,Madurai,Tamil Nadu,2020-03-31,IT Professional,163300.0,Married,Store,Gold
CUST004004,Yauvani,Sidhu,44.0,Female,Amritsar,Punjab,2019-12-15,Student,20200.0,Divorced,Mobile App,Silver
CUST004005,Vihaan,Oak,20.0,Male,Amritsar,Punjab,2024-08-16,Student,18100.0,Single,Mobile App,Bronze
CUST004006,Chaman,Munshi,38.0,Female,Bengaluru,Karnataka,2018-12-15,IT Professional,104300.0,Married,Store,Gold
CUST004007,Girindra,Sanghvi,18.0,Male,Warangal,Telangana,2026-07-11,Student,10700.0,Single,Mobile App,Bronze
CUST004008,Turvi,Kadakia,30.0,Female,Mumbai,Maharashtra,2018-11-09,Student,8200.0,Married,Store,Bronze
CUST004009,Urvashi,Sengupta,32.0,Female,Bhopal,Madhya Pradesh,2020-02-04,Business Owner,157800.0,Single,Online,Gold
CUST004010,Alexander,Prasad,38.0,Male,Kolkata,West Bengal,2020-09-30,Self-Employed,150600.0,Married,Mobile App,Gold
CUST004011,Ekaraj,Dave,38.0,Male,Hyderabad,Telangana,2020-07-23,IT Professional,120100.0,Married,Online,Gold
CUST004012,Niharika,Andra,20.0,Female,Pune,Maharashtra,2024-08-16,Student,8900.0,Single,Mobile App,Bronze
CUST004013,Yahvi,Pant,25.0,Female,Guwahati,Assam,2020-01-14,Government Employee,50600.0,Single,Online,Silver
CUST004014,Omkaar,Kar,41.0,Male,Coimbatore,Tamil Nadu,2019-07-25,Engineer,127700.0,Married,Mobile App,Gold
CUST004015,Ubika,Sandal,37.0,Female,Bengaluru,Karnataka,2020-12-13,Student,12900.0,Married,Store,Bronze
CUST004016,Tamanna,Yogi,30.0,Female,Mysuru,Karnataka,2019-08-25,IT Professional,123100.0,Married,Online,Gold
CUST004017,Mason,Nanda,32.0,Male,Bengaluru,Karnataka,2019-04-16,Engineer,86600.0,Married,Mobile App,Gold
CUST004018,Alka,Balay,47.0,Female,Kolkata,West Bengal,2019-08-06,Sales Executive,77700.0,Married,Store,Gold
CUST004019,Ekaraj,Dube,31.0,Male,Thiruvananthapuram,Kerala,2020-03-06,Teacher,55100.0,Married,Mobile App,Silver
CUST004020,Noah,Raman,37.0,Male,Chandigarh,Chandigarh,2018-08-26,Self-Employed,184200.0,Single,Mobile App,Platinum
CUST004021,Sai,Jayaraman,66.0,Female,Chennai,Tamil Nadu,2020-05-30,Business Owner,383100.0,Married,Online,Platinum
CUST004022,Rohan,Bhatt,19.0,Male,Kanpur,Uttar Pradesh,2025-08-16,Sales Executive,32200.0,Single,Online,Bronze
CUST004023,Reyansh,Guha,18.0,Male,Hyderabad,Telangana,2026-07-11,Student,10400.0,Married,Mobile App,Bronze
CUST004024,Vyanjana,Chopra,48.0,Female,New Delhi,Delhi,2020-12-27,Teacher,72000.0,Married,Mobile App,Silver
CUST004025,Omya,Seth,29.0,Female,Amritsar,Punjab,2019-06-27,Student,67500.0,Married,Online,Silver
CUST004026,Nidra,Chander,34.0,Female,Bengaluru,Karnataka,2021-02-01,Student,9400.0,Married,Online,Bronze
CUST004027,Harinakshi,Chawla,28.0,Female,Bengaluru,Karnataka,2021-07-29,Retail Employee,19600.0,Married,Mobile App,Silver
CUST004028,Hema,Balay,35.0,Female,Ludhiana,Punjab,2021-02-22,Student,18700.0,Married,Store,Bronze
CUST004029,Yash,Bala,59.0,Male,Pune,Maharashtra,2020-06-29,Self-Employed,292500.0,Married,Online,Platinum
CUST004030,Girik,Issac,38.0,Male,Jaipur,Rajasthan,2021-04-21,Student,15900.0,Married,Mobile App,Bronze
CUST004031,Bhavya,Raju,49.0,Female,Thiruvananthapuram,Kerala,2021-01-12,Sales Executive,124100.0,Widowed,Online,Silver
CUST004032,Lucky,Jha,20.0,Male,Chennai,Tamil Nadu,2024-08-16,Student,5500.0,Single,Online,Bronze
CUST004033,Kamala,Manne,23.0,Female,Mumbai,Maharashtra,2021-08-16,Student,14100.0,Single,Mobile App,Bronze
CUST004034,Zaitra,Boase,18.0,Female,Hyderabad,Telangana,2026-07-11,Student,10900.0,Married,Store,Bronze
CUST004035,Utkarsh,Bhandari,27.0,Male,Pune,Maharashtra,2019-02-07,Retail Employee,19700.0,Married,Online,Silver
CUST004036,Raksha,Vasa,50.0,Male,Hyderabad,Telangana,2020-05-13,Engineer,154400.0,Married,Mobile App,Gold
CUST004037,Aashi,Garg,45.0,Female,Jodhpur,Rajasthan,2019-01-09,Doctor,65800.0,Married,Online,Platinum
CUST004038,Nihal,Roy,35.0,Male,Warangal,Telangana,2020-01-18,IT Professional,144800.0,Married,Online,Gold
CUST004039,Mahika,Dugar,38.0,Other,Warangal,Telangana,2020-03-19,Student,15100.0,Single,Mobile App,Bronze
CUST004040,Dayamai,Dayal,29.0,Female,Kolkata,West Bengal,2019-06-21,Doctor,154300.0,Divorced,Online,Gold
CUST004041,Shaurya,Sridhar,41.0,Male,Kolkata,West Bengal,2020-12-25,Self-Employed,207900.0,Married,Mobile App,Platinum
CUST004042,Bhavya,Ramachandran,48.0,Male,Chandigarh,Chandigarh,2019-04-04,Business Owner,289500.0,Divorced,Online,Platinum
CUST004043,Ishanvi,De,18.0,Female,Bengaluru,Karnataka,2026-07-11,Retail Employee,19500.0,Single,Online,Bronze
CUST004044,Ishanvi,Mukherjee,42.0,Female,Kanpur,Uttar Pradesh,2021-03-30,Retail Employee,33700.0,Married,Online,Silver
CUST004045,Upma,Soman,50.0,Female,Kolkata,West Bengal,2021-04-08,Student,73000.0,Single,Store,Silver
CUST004046,Gauri,Mukherjee,33.0,Female,Bengaluru,Karnataka,2021-02-17,Teacher,40800.0,Married,Store,Silver
CUST004047,Harrison,Thakkar,47.0,Male,Bengaluru,Karnataka,2018-12-14,Student,22500.0,Married,Online,Silver
CUST004048,Vasudha,Majumdar,75.0,Female,Hyderabad,Telangana,2018-08-26,Self-Employed,119100.0,Married,Store,Gold
CUST004049,Isha,Amble,37.0,Female,Kolkata,West Bengal,2020-07-21,Homemaker,3300.0,Married,Store,Bronze
CUST004050,Ekbal,Sehgal,43.0,Male,Delhi,Delhi,2020-09-30,Doctor,340200.0,Married,Store,Gold
CUST004051,Azad,Rastogi,28.0,Male,Kochi,Kerala,2020-12-20,Government Employee,54700.0,Married,Mobile App,Silver
CUST004052,Krishna,Vora,40.0,Female,Kolkata,West Bengal,2019-02-26,Government Employee,63900.0,Married,Mobile App,Gold
CUST004053,Omya,Swaminathan,44.0,Female,Kochi,Kerala,2020-12-30,IT Professional,209400.0,Married,Mobile App,Gold
CUST004054,Veda,Shere,41.0,Female,Mumbai,Maharashtra,2018-11-08,Sales Executive,61200.0,Divorced,Store,Silver
CUST004055,Anusha,Chand,25.0,Female,Mysuru,Karnataka,2019-08-17,Retail Employee,27600.0,Single,Mobile App,Silver
CUST004056,Mitali,Shan,41.0,Female,Mumbai,Maharashtra,2018-12-07,Self-Employed,106100.0,Married,Online,Gold
CUST004057,Prisha,Mishra,57.0,Female,Bengaluru,Karnataka,2019-12-18,Government Employee,77700.0,Married,Online,Silver
CUST004058,Shivani,Gill,44.0,Female,Bhopal,Madhya Pradesh,2019-07-21,Self-Employed,79200.0,Widowed,Store,Gold
CUST004059,Sarthak,Krish,51.0,Male,Mumbai,Maharashtra,2019-10-07,Sales Executive,114200.0,Married,Store,Gold
CUST004060,Hemal,Sankaran,35.0,Female,Warangal,Telangana,2019-02-17,IT Professional,95500.0,Married,Online,Gold
CUST004061,Vasudha,Rajagopalan,48.0,Female,Pune,Maharashtra,2019-02-12,Teacher,64800.0,Married,Store,Silver
CUST004062,Hemani,Chandran,42.0,Female,Hyderabad,Telangana,2019-11-09,Self-Employed,227800.0,Married,Mobile App,Gold
CUST004063,Shravya,Bassi,26.0,Female,Varanasi,Uttar Pradesh,2019-09-23,IT Professional,134200.0,Divorced,Online,Gold
CUST004064,Kashvi,Dugar,38.0,Female,Kolkata,West Bengal,2018-11-10,Doctor,132400.0,Divorced,Store,Gold
CUST004065,Laksh,Yogi,25.0,Male,Surat,Gujarat,2019-08-17,Engineer,146200.0,Married,Online,Platinum
CUST004066,Madhav,Bhavsar,30.0,Male,Mysuru,Karnataka,2019-08-19,Retail Employee,31800.0,Married,Store,Silver
CUST004067,Ikbal,Tak,40.0,Male,Guwahati,Assam,2021-08-08,Self-Employed,159800.0,Single,Online,Silver
CUST004068,Samesh,Dara,42.0,Male,Ahmedabad,Gujarat,2021-04-24,Retail Employee,28000.0,Married,Online,Bronze
CUST004069,Raksha,Bose,23.0,Female,Hyderabad,Telangana,2021-08-16,Sales Executive,94600.0,Single,Mobile App,Silver
CUST004070,Charles,Thaman,52.0,Male,Hyderabad,Telangana,2021-05-15,Government Employee,77900.0,Married,Store,Silver
CUST004071,Nicholas,Rout,45.0,Male,Kochi,Kerala,2020-12-25,Business Owner,400100.0,Married,Online,Gold
CUST004072,Varenya,Gala,29.0,Female,Kolkata,West Bengal,2020-12-07,Government Employee,62800.0,Married,Mobile App,Silver
CUST004073,Lajita,Johal,38.0,Female,Ahmedabad,Gujarat,2026-07-11,Student,7300.0,Single,Online,Bronze
CUST004074,Zehaan,Basu,36.0,Male,Hyderabad,Telangana,2019-11-23,Teacher,56200.0,Married,Store,Silver
CUST004075,Vedhika,Bala,32.0,Female,Delhi,Delhi,2020-10-03,Business Owner,396300.0,Single,Mobile App,Gold
CUST004076,Bina,Shenoy,39.0,Female,Surat,Gujarat,2021-01-01,Engineer,95700.0,Married,Online,Silver
CUST004077,Rayaan,Oza,33.0,Male,Kolkata,West Bengal,2019-05-02,Sales Executive,64800.0,Married,Mobile App,Silver
CUST004078,Ryan,Hayer,18.0,Male,Chennai,Tamil Nadu,2026-07-11,Student,6000.0,Single,Store,Bronze
CUST004079,Sneha,Barad,33.0,Female,Kolkata,West Bengal,2021-06-19,Business Owner,330300.0,Married,Online,Gold
CUST004080,Aashi,Krishna,34.0,Female,Delhi,Delhi,2021-03-23,Self-Employed,227700.0,Single,Online,Gold
CUST004081,Deepa,Deshpande,38.0,Female,Jodhpur,Rajasthan,2019-09-13,Student,32100.0,Married,Store,Silver
CUST004082,Nihal,Shetty,29.0,Male,Guwahati,Assam,2019-03-19,IT Professional,142400.0,Divorced,Store,Gold
CUST004083,Xavier,Shenoy,60.0,Male,Indore,Madhya Pradesh,2019-04-02,Retired,16700.0,Married,Mobile App,Silver
CUST004084,Bhavna,Butala,18.0,Female,Bengaluru,Karnataka,2026-07-11,Student,9000.0,Married,Mobile App,Bronze
CUST004085,Jairaj,Sarma,55.0,Male,Hyderabad,Telangana,2018-12-18,Teacher,59700.0,Divorced,Online,Silver
CUST004086,Ekaraj,Sinha,35.0,Male,Lucknow,Uttar Pradesh,2020-12-21,Doctor,133900.0,Divorced,Store,Gold
CUST004087,Maya,Edwin,49.0,Female,Kolkata,West Bengal,2021-04-21,Retail Employee,65800.0,Divorced,Mobile App,Silver
CUST004088,Frederick,Badami,39.0,Male,Madurai,Tamil Nadu,2019-10-12,Business Owner,471900.0,Single,Online,Platinum
CUST004089,Daksha,Goel,53.0,Female,Thiruvananthapuram,Kerala,2019-02-27,Sales Executive,138200.0,Divorced,Store,Gold
CUST004090,Nandini,Dash,33.0,Female,Coimbatore,Tamil Nadu,2019-11-17,Engineer,149600.0,Single,Store,Gold
CUST004091,Rohan,Ganguly,24.0,Male,Chennai,Tamil Nadu,2020-08-16,Engineer,105500.0,Single,Mobile App,Gold
CUST004092,Brinda,Apte,56.0,Female,Mumbai,Maharashtra,2019-03-29,Student,19600.0,Single,Store,Silver
CUST004093,Laban,Dube,37.0,Male,Mumbai,Maharashtra,2019-07-10,Sales Executive,59500.0,Married,Store,Silver
CUST004094,Urvi,Parmar,41.0,Female,Mumbai,Maharashtra,2021-06-11,Government Employee,71200.0,Married,Online,Silver
CUST004095,Gaurav,Kalita,54.0,Male,Kochi,Kerala,2021-04-20,Engineer,167100.0,Married,Store,Gold
CUST004096,Anay,Walia,25.0,Male,Hyderabad,Telangana,2019-08-17,Homemaker,14800.0,Single,Online,Silver
CUST004097,Janaki,Sathe,46.0,Female,Chennai,Tamil Nadu,2021-01-11,Student,150900.0,Married,Online,Silver
CUST004098,Arjun,Virk,30.0,Male,Varanasi,Uttar Pradesh,2021-07-16,Business Owner,299200.0,Married,Mobile App,Gold
CUST004099,Dalaja,Ramakrishnan,36.0,Female,Kolkata,West Bengal,2018-11-22,IT Professional,114200.0,Married,Mobile App,Gold
CUST004100,Mitesh,Sawhney,39.0,Male,Kolkata,West Bengal,2018-12-14,Student,11800.0,Single,Online,Bronze
CUST004101,Atharv,Agrawal,18.0,Male,Bengaluru,Karnataka,2026-07-11,Retail Employee,20100.0,Single,Mobile App,Bronze
CUST004102,Arunima,Purohit,28.0,Female,Varanasi,Uttar Pradesh,2019-04-14,Student,14800.0,Single,Mobile App,Bronze
CUST004103,Harrison,Krish,56.0,Male,Nagpur,Maharashtra,2021-06-25,Business Owner,299700.0,Married,Store,Gold
CUST004104,Rachit,Khare,50.0,Male,Mumbai,Maharashtra,2020-10-08,Student,16200.0,Married,Online,Bronze
CUST004105,Irya,Chand,37.0,Female,Delhi,Delhi,2019-10-03,Student,73400.0,Married,Mobile App,Gold
CUST004106,Adweta,Sama,41.0,Female,Bengaluru,Karnataka,2019-05-03,Retail Employee,26200.0,Married,Store,Silver
CUST004107,Amrita,Atwal,34.0,Female,Bengaluru,Karnataka,2021-08-05,IT Professional,95200.0,Married,Online,Silver
CUST004108,Pahal,Handa,56.0,Female,Ahmedabad,Gujarat,2020-08-24,Student,159600.0,Married,Mobile App,Gold
CUST004109,Azad,Kannan,35.0,Male,Delhi,Delhi,2020-12-24,IT Professional,151900.0,Divorced,Mobile App,Silver
CUST004110,Chasmum,Ganesh,41.0,Female,Ahmedabad,Gujarat,2018-08-18,Teacher,50300.0,Married,Mobile App,Silver
CUST004111,Fiyaz,Basu,53.0,Male,Pune,Maharashtra,2019-08-12,IT Professional,126300.0,Married,Store,Gold
CUST004112,Triya,Vala,28.0,Female,Pune,Maharashtra,2020-05-29,Teacher,54000.0,Married,Online,Silver
CUST004113,Chatura,Narain,58.0,Male,Chennai,Tamil Nadu,2021-05-25,Student,185600.0,Single,Online,Gold
CUST004114,Ekantika,Gupta,18.0,Other,Kochi,Kerala,2026-07-11,Student,9000.0,Divorced,Mobile App,Bronze
CUST004115,Ishita,Rana,59.0,Female,Chandigarh,Chandigarh,2019-09-13,Engineer,177800.0,Married,Mobile App,Gold
CUST004116,Upadhriti,Dara,33.0,Female,Bhubaneswar,Odisha,2019-03-06,Government Employee,69700.0,Married,Mobile App,Silver
CUST004117,Kala,Kala,35.0,Female,Ahmedabad,Gujarat,2020-10-04,Retired,42300.0,Married,Mobile App,Silver
CUST004118,Damyanti,Parikh,18.0,Female,Ahmedabad,Gujarat,2026-07-11,Student,16400.0,Single,Online,Bronze
CUST004119,Ojasvi,Ghose,32.0,Female,Kolkata,West Bengal,2020-04-22,Retail Employee,19600.0,Single,Store,Silver
CUST004120,Abhimanyu,Ratti,24.0,Male,Kolkata,West Bengal,2020-09-26,IT Professional,163800.0,Single,Store,Silver
CUST004121,Nakul,Arora,30.0,Male,Pune,Maharashtra,2020-07-30,Sales Executive,89100.0,Married,Online,Silver
CUST004122,Robert,Kala,36.0,Male,Madurai,Tamil Nadu,2020-01-25,Student,18000.0,Married,Mobile App,Bronze
CUST004123,Veer,Kannan,50.0,Male,Hyderabad,Telangana,2018-10-25,Doctor,299100.0,Married,Online,Platinum
CUST004124,Bhavini,Mallick,41.0,Female,Warangal,Telangana,2019-06-03,Engineer,126200.0,Married,Online,Gold
CUST004125,Raksha,Bassi,42.0,Female,Coimbatore,Tamil Nadu,2019-11-23,Retail Employee,22400.0,Married,Store,Silver
CUST004126,Bhavna,Kamdar,24.0,Female,Pune,Maharashtra,2021-02-19,Self-Employed,137300.0,Single,Store,Gold
CUST004127,Tripti,Mitra,27.0,Female,Hyderabad,Telangana,2021-03-06,Teacher,54800.0,Married,Mobile App,Silver
CUST004128,Yahvi,Chaudry,61.0,Female,Mumbai,Maharashtra,2020-02-13,Student,61000.0,Married,Online,Gold
CUST004129,Frederick,Krishnamurthy,28.0,Male,Amritsar,Punjab,2019-06-10,Self-Employed,118100.0,Married,Online,Gold
CUST004130,Champak,Nair,60.0,Male,Pune,Maharashtra,2019-05-16,Business Owner,303700.0,Widowed,Online,Platinum
CUST004131,Rishi,Deol,35.0,Male,New Delhi,Delhi,2020-12-12,Sales Executive,47800.0,Single,Mobile App,Silver
CUST004132,Ojas,Gill,38.0,Male,Indore,Madhya Pradesh,2021-04-29,Engineer,130300.0,Married,Online,Silver
CUST004133,Nitara,Subramaniam,52.0,Female,Chennai,Tamil Nadu,2020-06-21,Business Owner,160900.0,Married,Store,Gold
CUST004134,Bhavna,Nayak,55.0,Female,Pune,Maharashtra,2018-11-14,Self-Employed,235100.0,Married,Store,Platinum
CUST004135,Adya,Sen,37.0,Female,Hyderabad,Telangana,2019-12-28,Student,17900.0,Single,Online,Bronze
CUST004136,Sai,Vaidya,38.0,Female,Pune,Maharashtra,2020-08-31,Self-Employed,113100.0,Married,Mobile App,Gold
CUST004137,Kamala,Thakur,37.0,Female,Delhi,Delhi,2020-08-27,Engineer,111200.0,Married,Mobile App,Gold
CUST004138,Abeer,Kaul,38.0,Male,Mumbai,Maharashtra,2021-03-25,Student,14600.0,Married,Online,Bronze
CUST004139,Aishani,Dash,50.0,Female,Warangal,Telangana,2020-03-16,IT Professional,131600.0,Married,Store,Gold
CUST004140,Mohammed,Khalsa,38.0,Male,Lucknow,Uttar Pradesh,2019-04-02,Student,11800.0,Married,Store,Silver
CUST004141,Tanish,Kohli,46.0,Male,Kolkata,West Bengal,2018-09-20,Student,301200.0,Single,Mobile App,Platinum
CUST004142,Balveer,Bhasin,59.0,Male,Kolkata,West Bengal,2020-02-14,Engineer,144600.0,Divorced,Store,Gold
CUST004143,Ekapad,Prasad,43.0,Male,Delhi,Delhi,2021-02-14,Homemaker,18100.0,Married,Online,Bronze
CUST004144,Zaid,Minhas,42.0,Male,Mysuru,Karnataka,2019-07-30,Retail Employee,41800.0,Single,Store,Silver
CUST004145,Harrison,Doshi,18.0,Male,Varanasi,Uttar Pradesh,2026-07-11,Retail Employee,23100.0,Single,Store,Bronze
CUST004146,Riya,Jayaraman,18.0,Female,Pune,Maharashtra,2026-07-11,Student,9500.0,Single,Mobile App,Bronze
CUST004147,Anjali,Khanna,43.0,Female,Chandigarh,Chandigarh,2019-01-28,Engineer,132400.0,Single,Online,Platinum
CUST004148,Tristan,Narasimhan,37.0,Male,Chennai,Tamil Nadu,2019-02-20,Business Owner,292800.0,Married,Online,Platinum
CUST004149,Ekalinga,Mall,31.0,Male,Varanasi,Uttar Pradesh,2020-03-16,Business Owner,458700.0,Single,Mobile App,Platinum
CUST004150,Nitara,Baral,41.0,Male,Bengaluru,Karnataka,2019-12-11,Self-Employed,111300.0,Divorced,Online,Gold
CUST004151,Sarthak,Mani,37.0,Male,Mysuru,Karnataka,2019-06-27,Sales Executive,41600.0,Married,Store,Silver
CUST004152,Amaira,Karnik,53.0,Female,Vadodara,Gujarat,2019-08-06,Student,12900.0,Married,Online,Bronze
CUST004153,Oni,Oommen,38.0,Female,Jodhpur,Rajasthan,2021-07-29,Teacher,56900.0,Married,Store,Silver
CUST004154,Jairaj,Jha,28.0,Male,Delhi,Delhi,2021-04-04,Doctor,264600.0,Married,Mobile App,Gold
CUST004155,Avi,Kothari,51.0,Male,Amritsar,Punjab,2021-02-19,IT Professional,140400.0,Married,Store,Gold
CUST004156,Indrajit,Raj,35.0,Male,Pune,Maharashtra,2019-05-11,Retail Employee,35800.0,Single,Mobile App,Silver
CUST004157,Naveen,Goswami,45.0,Male,Mumbai,Maharashtra,2020-04-21,Engineer,135300.0,Divorced,Mobile App,Gold
CUST004158,Timothy,Ahuja,32.0,Male,Kolkata,West Bengal,2019-12-28,IT Professional,151400.0,Married,Store,Gold
CUST004159,Bhavini,Swamy,30.0,Female,Ahmedabad,Gujarat,2019-04-23,IT Professional,143000.0,Single,Online,Gold
CUST004160,Bakhshi,Hans,39.0,Male,Bhubaneswar,Odisha,2020-08-08,Self-Employed,140100.0,Married,Online,Gold
CUST004161,Ati,Dhaliwal,38.0,Female,Hyderabad,Telangana,2019-05-19,IT Professional,148500.0,Married,Online,Platinum
CUST004162,Ishani,Dass,44.0,Female,Mumbai,Maharashtra,2020-04-19,Student,15600.0,Married,Mobile App,Bronze
CUST004163,Chakradev,Ghose,35.0,Male,Kolkata,West Bengal,2020-06-29,Student,11900.0,Married,Online,Bronze
CUST004164,Harsh,Keer,18.0,Male,Bengaluru,Karnataka,2026-07-11,Sales Executive,99200.0,Single,Mobile App,Silver
CUST004165,Zehaan,Brar,32.0,Male,Warangal,Telangana,2018-09-24,Homemaker,8300.0,Married,Online,Silver
CUST004166,Tanay,Sibal,48.0,Male,Chennai,Tamil Nadu,2019-04-23,Doctor,332900.0,Married,Mobile App,Platinum
CUST004167,Nimrat,Gala,34.0,Female,Mumbai,Maharashtra,2021-07-25,Teacher,40600.0,Divorced,Store,Silver
CUST004168,Hardik,Konda,35.0,Male,Chennai,Tamil Nadu,2018-10-02,Sales Executive,65800.0,Single,Online,Gold
CUST004169,Unnati,Goda,51.0,Female,Hyderabad,Telangana,2019-04-20,Doctor,230500.0,Married,Online,Gold
CUST004170,Jeet,Mitter,29.0,Male,Ahmedabad,Gujarat,2021-03-06,Self-Employed,211600.0,Married,Mobile App,Gold
CUST004171,Luke,Sen,18.0,Male,Howrah,West Bengal,2026-07-11,Retail Employee,20400.0,Single,Online,Bronze
CUST004172,Isha,Magar,36.0,Female,Delhi,Delhi,2020-09-13,Teacher,48300.0,Single,Online,Silver
CUST004173,Warda,Buch,32.0,Female,Delhi,Delhi,2019-10-02,IT Professional,121600.0,Single,Online,Gold
CUST004174,Pranit,Rao,25.0,Male,New Delhi,Delhi,2019-10-11,Retail Employee,22000.0,Married,Online,Silver
CUST004175,Ranbir,Ganesh,36.0,Male,Delhi,Delhi,2020-10-18,Government Employee,56100.0,Married,Store,Silver
CUST004176,Vrishti,Sastry,44.0,Female,Ahmedabad,Gujarat,2020-04-15,Self-Employed,170700.0,Married,Store,Gold
CUST004177,Siddharth,Tiwari,38.0,Male,Ludhiana,Punjab,2020-12-27,Sales Executive,98600.0,Married,Mobile App,Gold
CUST004178,Tarak,Dugal,42.0,Male,Ahmedabad,Gujarat,2021-06-22,Business Owner,237700.0,Married,Mobile App,Gold
CUST004179,Warda,Bahri,62.0,Female,Kolkata,West Bengal,2020-01-28,Retired,65800.0,Married,Store,Silver
CUST004180,Sai,Sane,34.0,Female,Hyderabad,Telangana,2020-08-01,Student,13300.0,Single,Store,Bronze
CUST004181,Chakrika,Mital,42.0,Female,Bengaluru,Karnataka,2019-12-30,Student,12100.0,Widowed,Mobile App,Bronze
CUST004182,Ganga,Gill,31.0,Female,Kochi,Kerala,2018-10-14,Teacher,63900.0,Married,Mobile App,Silver
CUST004183,Lavanya,Rai,27.0,Female,Bhubaneswar,Odisha,2021-03-12,IT Professional,93600.0,Married,Store,Silver
CUST004184,Vedika,Mohan,30.0,Female,Chennai,Tamil Nadu,2021-08-14,Engineer,79400.0,Married,Online,Silver
CUST004185,Vasana,Mander,32.0,Female,Bengaluru,Karnataka,2021-05-24,Student,15700.0,Married,Mobile App,Bronze
CUST004186,Riya,Srivastava,43.0,Female,Udaipur,Rajasthan,2020-03-27,Retired,33800.0,Married,Online,Silver
CUST004187,Bimala,Nath,69.0,Female,Pune,Maharashtra,2019-07-04,Retired,13500.0,Married,Store,Silver
CUST004188,Ekansh,Singh,29.0,Male,Jaipur,Rajasthan,2019-11-19,Self-Employed,75000.0,Married,Mobile App,Gold
CUST004189,Guneet,Dubey,33.0,Male,Kanpur,Uttar Pradesh,2020-02-21,Engineer,65800.0,Married,Online,Gold
CUST004190,Ikshita,Agrawal,37.0,Female,Pune,Maharashtra,2020-07-24,Retail Employee,39200.0,Single,Mobile App,Silver
CUST004191,Abha,Tella,43.0,Female,Amritsar,Punjab,2020-09-11,Self-Employed,136200.0,Married,Store,Gold
CUST004192,Rachit,Swamy,41.0,Male,Ludhiana,Punjab,2020-06-30,Student,389500.0,Divorced,Store,Gold
CUST004193,Tanmayi,Sagar,55.0,Female,Thiruvananthapuram,Kerala,2019-10-16,IT Professional,205800.0,Married,Store,Gold
CUST004194,Rudra,Prakash,18.0,Male,Chennai,Tamil Nadu,2026-07-11,Student,6400.0,Single,Mobile App,Bronze
CUST004195,Sanaya,Suri,18.0,Female,Delhi,Delhi,2026-07-11,Student,6400.0,Single,Mobile App,Bronze
CUST004196,Nikita,Bobal,32.0,Female,Kolkata,West Bengal,2019-11-25,Doctor,136500.0,Married,Online,Gold
CUST004197,Tara,Barad,52.0,Female,Hyderabad,Telangana,2020-10-25,Sales Executive,77200.0,Married,Store,Silver
CUST004198,David,Rajan,18.0,Male,Delhi,Delhi,2026-07-11,Student,7000.0,Single,Online,Bronze
CUST004199,Gautami,Hari,18.0,Female,Hyderabad,Telangana,2026-07-11,Student,10800.0,Single,Online,Bronze
CUST004200,Tejas,Kumer,45.0,Male,Ahmedabad,Gujarat,2021-07-25,Sales Executive,72600.0,Married,Mobile App,Silver
CUST004201,Owen,Upadhyay,41.0,Male,Mumbai,Maharashtra,2021-01-10,Government Employee,82700.0,Married,Mobile App,Silver
CUST004202,Yash,Pillay,24.0,Male,Bengaluru,Karnataka,2020-08-16,Doctor,217700.0,Single,Mobile App,Gold
CUST004203,Barkha,Rajan,25.0,Female,Mumbai,Maharashtra,2019-09-17,Engineer,62800.0,Married,Mobile App,Silver
CUST004204,Simon,Koshy,25.0,Male,Vadodara,Gujarat,2020-12-27,Engineer,73000.0,Married,Online,Silver
CUST004205,Jairaj,Sridhar,39.0,Male,Howrah,West Bengal,2018-10-31,IT Professional,170500.0,Married,Online,Platinum
CUST004206,Anika,Pathak,30.0,Female,Mumbai,Maharashtra,2019-09-12,Government Employee,47100.0,Married,Online,Silver
CUST004207,Amrita,Divan,44.0,Female,Bhubaneswar,Odisha,2018-12-29,Student,11100.0,Married,Online,Bronze
CUST004208,Leena,Shah,18.0,Female,Mumbai,Maharashtra,2026-07-11,Retail Employee,26800.0,Single,Mobile App,Bronze
CUST004209,Falak,Kumar,27.0,Female,Kolkata,West Bengal,2019-02-20,Business Owner,258300.0,Single,Store,Platinum
CUST004210,Jatin,Edwin,23.0,Male,Udaipur,Rajasthan,2021-08-16,Doctor,81600.0,Single,Mobile App,Silver
CUST004211,Abha,Dada,35.0,Female,Jodhpur,Rajasthan,2020-11-12,Student,89400.0,Single,Online,Silver
CUST004212,Charita,Rajagopalan,31.0,Female,Mumbai,Maharashtra,2018-11-21,Government Employee,49700.0,Married,Online,Silver
CUST004213,Rushil,Buch,48.0,Male,Patna,Bihar,2021-05-07,Student,23100.0,Married,Online,Bronze
CUST004214,Girindra,Sampath,18.0,Male,Kochi,Kerala,2026-07-11,Retail Employee,29100.0,Single,Mobile App,Bronze
CUST004215,Fitan,Sane,39.0,Male,Kolkata,West Bengal,2020-04-01,IT Professional,120300.0,Single,Store,Silver
CUST004216,Jonathan,Mittal,45.0,Male,Chennai,Tamil Nadu,2018-08-25,Government Employee,79300.0,Married,Online,Gold
CUST004217,Yamini,Walia,62.0,Female,Mumbai,Maharashtra,2020-01-03,Retired,11600.0,Widowed,Store,Bronze
CUST004218,Sai,Morar,32.0,Female,Kolkata,West Bengal,2019-05-09,Student,13200.0,Married,Online,Silver
CUST004219,Tripti,Chakraborty,42.0,Female,Hyderabad,Telangana,2021-08-09,Teacher,57600.0,Married,Mobile App,Silver
CUST004220,Darika,Padmanabhan,18.0,Female,Udaipur,Rajasthan,2026-07-11,Retail Employee,22200.0,Single,Mobile App,Bronze
CUST004221,Ekbal,Luthra,18.0,Male,Hyderabad,Telangana,2026-07-11,Sales Executive,38700.0,Single,Online,Silver
CUST004222,Jagrati,Rao,49.0,Female,Ahmedabad,Gujarat,2019-04-11,Sales Executive,56900.0,Married,Online,Silver
CUST004223,Mitesh,Ahuja,38.0,Male,Pune,Maharashtra,2021-02-24,Sales Executive,98900.0,Married,Store,Silver
CUST004224,Hamsini,Swamy,38.0,Female,Pune,Maharashtra,2020-05-14,Sales Executive,92200.0,Married,Online,Gold
CUST004225,Aadi,Chatterjee,20.0,Male,Pune,Maharashtra,2024-08-16,Student,16000.0,Single,Mobile App,Bronze
CUST004226,Bhavya,Sahni,45.0,Female,Mumbai,Maharashtra,2021-04-25,Retail Employee,65800.0,Single,Mobile App,Bronze
CUST004227,Sathvik,Mani,62.0,Male,Madurai,Tamil Nadu,2020-04-18,Self-Employed,157400.0,Married,Store,Gold
CUST004228,Tanveer,Garde,43.0,Male,Jodhpur,Rajasthan,2019-03-16,Retail Employee,35000.0,Married,Mobile App,Silver
CUST004229,Gaurang,Prasad,42.0,Male,Kolkata,West Bengal,2020-09-21,Government Employee,80000.0,Married,Online,Silver
CUST004230,Idika,Desai,38.0,Female,Kolkata,West Bengal,2020-04-29,Government Employee,72900.0,Married,Store,Silver
CUST004231,Ira,Sur,18.0,Female,Ahmedabad,Gujarat,2026-07-11,Student,8000.0,Single,Store,Bronze
CUST004232,Gavin,Thakkar,56.0,Male,Mysuru,Karnataka,2021-07-13,Teacher,63900.0,Married,Store,Silver
CUST004233,Dayamai,Seshadri,30.0,Female,Hyderabad,Telangana,2019-11-07,Retail Employee,31600.0,Married,Online,Silver
CUST004234,Jagvi,Grewal,45.0,Female,Bengaluru,Karnataka,2019-05-25,IT Professional,150300.0,Married,Online,Gold
CUST004235,Irya,Bhargava,18.0,Female,Ahmedabad,Gujarat,2026-07-11,Sales Executive,81700.0,Single,Mobile App,Silver
CUST004236,Hemani,Handa,23.0,Female,Nagpur,Maharashtra,2021-08-16,Engineer,60500.0,Single,Mobile App,Silver
CUST004237,Kai,Rege,57.0,Male,Mumbai,Maharashtra,2019-06-12,Sales Executive,114800.0,Married,Mobile App,Gold
CUST004238,Thomas,Chopra,33.0,Male,Kolkata,West Bengal,2021-06-13,Retail Employee,31600.0,Married,Online,Bronze
CUST004239,Geetika,Buch,57.0,Female,Guwahati,Assam,2020-01-09,Retail Employee,34600.0,Single,Store,Silver
CUST004240,Nandini,Chada,37.0,Female,Kolkata,West Bengal,2019-04-11,Engineer,109400.0,Single,Mobile App,Gold
CUST004241,Saanvi,Dash,18.0,Female,Udaipur,Rajasthan,2026-07-11,Student,14400.0,Single,Mobile App,Bronze
CUST004242,Manya,Bhatt,50.0,Female,Ahmedabad,Gujarat,2021-08-03,Doctor,351000.0,Married,Store,Gold
CUST004243,Onveer,Balan,38.0,Male,Chennai,Tamil Nadu,2019-03-08,Self-Employed,125500.0,Married,Online,Gold
CUST004244,Kamya,Sridhar,47.0,Female,Ahmedabad,Gujarat,2019-06-28,Self-Employed,180300.0,Widowed,Store,Platinum
CUST004245,Xavier,Chaudhuri,38.0,Male,Kanpur,Uttar Pradesh,2020-05-22,Homemaker,9600.0,Single,Mobile App,Bronze
CUST004246,Aditya,Bhat,18.0,Other,Delhi,Delhi,2026-07-11,Student,8900.0,Single,Mobile App,Bronze
CUST004247,Kiaan,Amble,40.0,Male,Bengaluru,Karnataka,2019-04-29,Retail Employee,32000.0,Married,Mobile App,Silver
CUST004248,Anvi,Chatterjee,67.0,Female,Delhi,Delhi,2018-09-21,Business Owner,461400.0,Married,Online,Platinum
CUST004249,Jagvi,Vig,44.0,Female,Chennai,Tamil Nadu,2018-11-02,Retail Employee,32700.0,Married,Mobile App,Silver
CUST004250,Aarush,Prashad,37.0,Male,Indore,Madhya Pradesh,2020-03-07,Government Employee,84400.0,Married,Online,Silver
CUST004251,Kiaan,Sunder,52.0,Male,Mysuru,Karnataka,2019-05-12,Retail Employee,33100.0,Married,Mobile App,Silver
CUST004252,Vritti,Nazareth,41.0,Female,Hyderabad,Telangana,2019-08-14,IT Professional,129700.0,Married,Online,Gold
CUST004253,Upadhriti,Nayar,41.0,Female,Chandigarh,Chandigarh,2019-03-11,Retail Employee,29300.0,Single,Store,Silver
CUST004254,Qasim,Oza,24.0,Male,Chennai,Tamil Nadu,2020-08-16,Student,10300.0,Single,Online,Bronze
CUST004255,Nisha,Khatri,41.0,Female,Coimbatore,Tamil Nadu,2021-03-01,Doctor,190700.0,Divorced,Online,Gold
CUST004256,Radha,Rastogi,51.0,Female,Chandigarh,Chandigarh,2020-12-03,Engineer,165600.0,Married,Online,Gold
CUST004257,Ranbir,Bhandari,27.0,Male,Chennai,Tamil Nadu,2020-10-29,Business Owner,417200.0,Married,Mobile App,Gold
CUST004258,Pranav,Narayanan,57.0,Male,Ahmedabad,Gujarat,2019-03-03,Doctor,152200.0,Married,Mobile App,Gold
CUST004259,Daksha,Aggarwal,37.0,Female,Pune,Maharashtra,2019-03-12,Retail Employee,25200.0,Married,Online,Silver
CUST004260,Vasatika,Ratti,26.0,Female,Delhi,Delhi,2020-02-20,Government Employee,78900.0,Married,Online,Silver
CUST004261,Ekiya,Bal,51.0,Male,Hyderabad,Telangana,2019-11-19,Retail Employee,46300.0,Married,Online,Silver
CUST004262,Divya,Wali,34.0,Male,Chennai,Tamil Nadu,2019-02-22,Self-Employed,201700.0,Married,Online,Gold
CUST004263,Logan,Kothari,48.0,Male,Bhubaneswar,Odisha,2020-09-08,Business Owner,403200.0,Married,Online,Platinum
CUST004264,Qarin,Seth,34.0,Male,Amritsar,Punjab,2021-06-22,Retail Employee,30400.0,Single,Online,Bronze
CUST004265,Wazir,Varma,37.0,Male,Chandigarh,Chandigarh,2020-03-05,Teacher,58700.0,Single,Online,Silver
CUST004266,Samuel,Guha,44.0,Male,Bengaluru,Karnataka,2018-11-19,Homemaker,19800.0,Married,Mobile App,Silver
CUST004267,Aadhya,Nagy,42.0,Female,Bhubaneswar,Odisha,2019-04-03,Engineer,125100.0,Married,Online,Gold
CUST004268,Adweta,Parsa,18.0,Female,Ahmedabad,Gujarat,2026-07-11,Retail Employee,16300.0,Single,Mobile App,Bronze
CUST004269,Arin,Nanda,23.0,Male,Hyderabad,Telangana,2021-08-16,Government Employee,62100.0,Single,Mobile App,Silver
CUST004270,Tristan,Kaur,50.0,Male,Ahmedabad,Gujarat,2019-09-18,Retail Employee,34700.0,Married,Store,Silver
CUST004271,Watika,Ratta,36.0,Female,Mumbai,Maharashtra,2019-02-14,Self-Employed,118400.0,Divorced,Store,Gold
CUST004272,Chaitaly,Pall,31.0,Female,Pune,Maharashtra,2019-08-19,Student,155700.0,Married,Mobile App,Gold
CUST004273,Upadhriti,Soni,20.0,Female,Kanpur,Uttar Pradesh,2024-08-16,Retail Employee,23600.0,Single,Store,Bronze
CUST004274,Daksha,Rajan,24.0,Female,Howrah,West Bengal,2021-04-03,Engineer,90400.0,Single,Online,Silver
CUST004275,Nandini,Hayer,18.0,Female,Hyderabad,Telangana,2026-07-11,Student,6200.0,Single,Store,Bronze
CUST004276,Eshana,Venkatesh,37.0,Female,Chennai,Tamil Nadu,2020-10-18,Business Owner,475400.0,Married,Store,Gold
CUST004277,Zayyan,Balay,30.0,Male,Patna,Bihar,2020-12-13,Student,64600.0,Married,Store,Silver
CUST004278,Devansh,Tank,25.0,Male,Howrah,West Bengal,2019-08-17,Teacher,53900.0,Single,Mobile App,Silver
CUST004279,Caleb,Mitra,37.0,Male,Hyderabad,Telangana,2018-09-06,Student,64100.0,Single,Mobile App,Silver
CUST004280,Vinaya,Ganguly,43.0,Female,Pune,Maharashtra,2019-08-24,Government Employee,61600.0,Married,Store,Silver
CUST004281,Vansha,D’Alia,65.0,Female,Bengaluru,Karnataka,2019-10-02,Student,47800.0,Married,Online,Silver
CUST004282,Warda,Zachariah,18.0,Female,Amritsar,Punjab,2026-07-11,Retail Employee,15600.0,Single,Store,Bronze
CUST004283,Jai,Kohli,53.0,Male,Warangal,Telangana,2021-07-25,Retired,24200.0,Married,Online,Bronze
CUST004284,Hitesh,Garde,51.0,Male,Chennai,Tamil Nadu,2021-01-18,IT Professional,180300.0,Married,Online,Gold
CUST004285,Chaitanya,Cherian,28.0,Male,Chennai,Tamil Nadu,2019-11-15,IT Professional,117900.0,Married,Online,Gold
CUST004286,Teerth,Balakrishnan,41.0,Male,Indore,Madhya Pradesh,2021-03-03,Self-Employed,135400.0,Married,Mobile App,Silver
CUST004287,Gaurika,Narain,32.0,Female,Kolkata,West Bengal,2018-12-22,Self-Employed,117400.0,Married,Mobile App,Gold
CUST004288,Sanaya,Mand,40.0,Female,Ahmedabad,Gujarat,2021-01-22,Student,457100.0,Married,Online,Gold
CUST004289,Januja,Kurian,58.0,Female,Hyderabad,Telangana,2020-01-22,IT Professional,110600.0,Married,Mobile App,Gold
CUST004290,Vyanjana,Dasgupta,46.0,Female,Mumbai,Maharashtra,2020-02-02,Teacher,69200.0,Married,Mobile App,Silver
CUST004291,Ekanta,Warrior,45.0,Female,Thiruvananthapuram,Kerala,2019-10-24,Engineer,154000.0,Married,Mobile App,Gold
CUST004292,Xalak,Chana,32.0,Female,Guwahati,Assam,2020-08-22,Sales Executive,90100.0,Married,Online,Silver
CUST004293,Ojas,Kapur,19.0,Male,Guwahati,Assam,2025-08-16,Sales Executive,24800.0,Single,Online,Bronze
CUST004294,Bhavini,Oza,35.0,Female,Guwahati,Assam,2020-04-16,Retail Employee,31700.0,Married,Online,Silver
CUST004295,Saanvi,Raj,54.0,Female,Lucknow,Uttar Pradesh,2019-07-11,IT Professional,188700.0,Married,Mobile App,Platinum
CUST004296,Urmi,Kaul,18.0,Female,Ahmedabad,Gujarat,2026-07-11,Student,8000.0,Single,Mobile App,Bronze
CUST004297,Isaac,Lad,24.0,Male,Varanasi,Uttar Pradesh,2021-04-10,Homemaker,11800.0,Single,Online,Bronze
CUST004298,Dalbir,Mannan,40.0,Male,Kolkata,West Bengal,2019-10-04,Doctor,210000.0,Married,Mobile App,Platinum
CUST004299,Caleb,Choudhury,38.0,Male,Pune,Maharashtra,2019-12-22,IT Professional,131300.0,Married,Store,Gold
CUST004300,Chanchal,Oak,28.0,Female,Hyderabad,Telangana,2018-12-06,Student,7300.0,Divorced,Mobile App,Silver
CUST004301,Girindra,D’Alia,32.0,Male,Amritsar,Punjab,2018-12-25,Engineer,164500.0,Married,Store,Gold
CUST004302,Raksha,Datta,20.0,Female,Mysuru,Karnataka,2024-08-16,Student,5700.0,Married,Mobile App,Bronze
CUST004303,Nirja,Rai,25.0,Female,Bhopal,Madhya Pradesh,2021-05-19,Self-Employed,90600.0,Single,Store,Silver
CUST004304,Aadi,Mukhopadhyay,47.0,Male,Pune,Maharashtra,2020-09-27,Self-Employed,65800.0,Married,Online,Silver
CUST004305,Bhavani,Wason,21.0,Female,Bengaluru,Karnataka,2023-08-17,Student,6400.0,Single,Online,Bronze
CUST004306,Ikshita,Rama,18.0,Female,Mysuru,Karnataka,2026-07-11,Student,15200.0,Single,Online,Bronze
CUST004307,Siddharth,Nagarajan,30.0,Male,Mumbai,Maharashtra,2019-08-10,Student,94800.0,Married,Mobile App,Gold
CUST004308,Rajata,Date,48.0,Female,Pune,Maharashtra,2019-10-19,Government Employee,67600.0,Married,Mobile App,Silver
CUST004309,Indrajit,Chhabra,35.0,Male,Delhi,Delhi,2019-09-08,Government Employee,49500.0,Married,Store,Silver
CUST004310,Rudra,Andra,32.0,Male,Varanasi,Uttar Pradesh,2020-12-20,Sales Executive,46400.0,Married,Online,Silver
CUST004311,Veda,Mutti,39.0,Female,Mumbai,Maharashtra,2020-12-11,Self-Employed,75800.0,Divorced,Online,Silver
CUST004312,Eta,Minhas,18.0,Female,Bengaluru,Karnataka,2026-07-11,Retail Employee,18500.0,Single,Store,Bronze
CUST004313,Theodore,Tata,44.0,Other,Mumbai,Maharashtra,2021-05-03,Retail Employee,31900.0,Divorced,Store,Silver
CUST004314,Vasatika,Din,43.0,Female,Ahmedabad,Gujarat,2021-05-26,Retail Employee,41000.0,Married,Online,Silver
CUST004315,Meghana,Dhingra,33.0,Female,Kolkata,West Bengal,2021-05-11,Student,10900.0,Married,Online,Bronze
CUST004316,Anika,Nagarajan,51.0,Female,Howrah,West Bengal,2019-11-27,Government Employee,76200.0,Married,Store,Silver
CUST004317,Nilima,Thakkar,23.0,Female,Hyderabad,Telangana,2021-08-16,Self-Employed,84100.0,Single,Mobile App,Silver
CUST004318,Diya,Mahal,53.0,Female,Delhi,Delhi,2020-09-29,Government Employee,54500.0,Married,Store,Silver
CUST004319,William,Kale,40.0,Male,Ahmedabad,Gujarat,2020-09-04,Business Owner,236200.0,Married,Online,Gold
CUST004320,Yachana,Manne,34.0,Female,Lucknow,Uttar Pradesh,2021-01-01,Government Employee,76700.0,Married,Mobile App,Silver
CUST004321,Raghav,Bhargava,38.0,Male,Pune,Maharashtra,2020-05-22,IT Professional,215700.0,Widowed,Store,Gold
CUST004322,Osha,Dua,37.0,Female,Chennai,Tamil Nadu,2021-01-06,Retired,54400.0,Married,Online,Silver
CUST004323,Henry,Kar,54.0,Male,New Delhi,Delhi,2019-07-13,Government Employee,86600.0,Single,Online,Silver
CUST004324,Ati,Gola,24.0,Female,Nagpur,Maharashtra,2021-04-02,Teacher,33000.0,Single,Mobile App,Bronze
CUST004325,Yagnesh,Ramanathan,28.0,Male,Surat,Gujarat,2018-10-12,Government Employee,65800.0,Married,Mobile App,Gold
CUST004326,Mason,Dutta,51.0,Male,Coimbatore,Tamil Nadu,2021-05-10,Retail Employee,41800.0,Married,Store,Silver
CUST004327,Alka,Ramanathan,38.0,Female,Delhi,Delhi,2018-10-17,IT Professional,180100.0,Married,Mobile App,Platinum
CUST004328,Om,Sami,50.0,Male,Bengaluru,Karnataka,2019-02-15,Student,62500.0,Married,Store,Silver
CUST004329,Vritti,Pall,60.0,Female,Bhubaneswar,Odisha,2019-08-01,Business Owner,65800.0,Widowed,Online,Platinum
CUST004330,Rohan,Raman,33.0,Male,Chandigarh,Chandigarh,2018-11-21,Self-Employed,213700.0,Married,Store,Platinum
CUST004331,Balendra,Wable,47.0,Male,Indore,Madhya Pradesh,2021-03-17,Engineer,107000.0,Married,Store,Silver
CUST004332,Lohit,Mandal,23.0,Male,Chennai,Tamil Nadu,2021-08-16,Student,9000.0,Single,Online,Bronze
CUST004333,Indali,Ramesh,48.0,Female,Kolkata,West Bengal,2020-11-13,Engineer,171900.0,Married,Online,Gold
CUST004334,Chanakya,Deep,41.0,Male,Hyderabad,Telangana,2020-11-21,Student,12700.0,Married,Mobile App,Bronze
CUST004335,Ojasvi,Bhagat,44.0,Female,Pune,Maharashtra,2020-09-10,Engineer,162400.0,Married,Mobile App,Gold
CUST004336,Max,Shankar,30.0,Male,Hyderabad,Telangana,2019-11-25,Doctor,117400.0,Single,Online,Gold
CUST004337,Finn,Devan,18.0,Male,Kolkata,West Bengal,2026-07-11,Student,5000.0,Single,Online,Bronze
CUST004338,Timothy,Subramanian,45.0,Male,Bengaluru,Karnataka,2020-06-23,Self-Employed,120500.0,Married,Online,Gold
CUST004339,Madhav,Dhillon,18.0,Male,Chandigarh,Chandigarh,2026-07-11,Sales Executive,27100.0,Single,Mobile App,Bronze
CUST004340,Jagrati,Kamdar,34.0,Female,Pune,Maharashtra,2019-10-22,Self-Employed,99600.0,Married,Store,Gold
CUST004341,Indira,Andra,50.0,Female,Hyderabad,Telangana,2018-09-02,Government Employee,70500.0,Married,Store,Gold
CUST004342,Radhika,Chaudry,38.0,Female,Pune,Maharashtra,2020-01-27,Engineer,152600.0,Married,Mobile App,Gold
CUST004343,Ethan,Puri,38.0,Male,Hyderabad,Telangana,2020-05-07,Homemaker,3900.0,Divorced,Store,Bronze
CUST004344,Tanay,Ganguly,51.0,Male,Mumbai,Maharashtra,2020-07-09,Teacher,52500.0,Widowed,Mobile App,Silver
CUST004345,Ayaan,Char,29.0,Male,Bengaluru,Karnataka,2019-04-09,Self-Employed,62600.0,Married,Online,Gold
CUST004346,Rachana,Som,38.0,Female,Hyderabad,Telangana,2021-05-29,Student,15300.0,Single,Online,Bronze
CUST004347,Gaurav,Ben,37.0,Male,Chennai,Tamil Nadu,2018-09-30,Student,17500.0,Single,Online,Silver
CUST004348,Dhriti,Varma,18.0,Female,Madurai,Tamil Nadu,2026-07-11,Retail Employee,23800.0,Single,Online,Bronze
CUST004349,Omkaar,Saraf,26.0,Male,Bengaluru,Karnataka,2020-09-07,Self-Employed,117500.0,Married,Mobile App,Gold
CUST004350,Falan,Raval,31.0,Male,Chennai,Tamil Nadu,2018-09-14,Student,119800.0,Married,Store,Gold
CUST004351,Jason,Bandi,18.0,Male,Chennai,Tamil Nadu,2026-07-11,Sales Executive,81700.0,Single,Online,Silver
CUST004352,Daniel,Khosla,39.0,Male,Bengaluru,Karnataka,2019-09-13,Retail Employee,33200.0,Married,Online,Silver
CUST004353,Sneha,Suresh,35.0,Male,Kanpur,Uttar Pradesh,2021-07-27,Government Employee,71300.0,Single,Store,Silver
CUST004354,Matthew,Gera,18.0,Male,Madurai,Tamil Nadu,2026-07-11,Sales Executive,59400.0,Single,Mobile App,Silver
CUST004355,Riya,Chakraborty,43.0,Female,Bengaluru,Karnataka,2020-08-14,Retail Employee,65800.0,Divorced,Mobile App,Silver
CUST004356,Vincent,Raja,47.0,Male,Guwahati,Assam,2020-06-17,Doctor,327300.0,Married,Mobile App,Gold
CUST004357,Mahika,Saxena,41.0,Male,Varanasi,Uttar Pradesh,2021-02-23,Engineer,65800.0,Widowed,Online,Silver
CUST004358,Qarin,Apte,34.0,Male,Amritsar,Punjab,2020-01-21,Student,13800.0,Married,Online,Bronze
CUST004359,Dipta,Dada,46.0,Female,Ahmedabad,Gujarat,2019-05-23,Government Employee,83500.0,Married,Online,Gold
CUST004360,Chakrika,Dara,47.0,Female,Hyderabad,Telangana,2020-10-21,IT Professional,139800.0,Married,Online,Gold
CUST004361,Wishi,Upadhyay,42.0,Female,Bengaluru,Karnataka,2018-10-23,Sales Executive,65800.0,Married,Mobile App,Gold
CUST004362,Isaiah,Bajaj,27.0,Male,Ahmedabad,Gujarat,2021-01-15,Business Owner,175300.0,Married,Mobile App,Gold
CUST004363,Wakeeta,Mahal,42.0,Female,Amritsar,Punjab,2021-06-05,Engineer,97900.0,Married,Store,Silver
CUST004364,Champak,Golla,54.0,Male,Kolkata,West Bengal,2019-09-10,Student,219500.0,Married,Online,Platinum
CUST004365,Rehaan,Sule,30.0,Male,Indore,Madhya Pradesh,2019-01-29,Government Employee,46900.0,Married,Online,Silver
CUST004366,Teerth,Misra,65.0,Male,Bengaluru,Karnataka,2018-10-07,Retired,18300.0,Single,Store,Silver
CUST004367,Dev,Chaudhary,31.0,Male,Hyderabad,Telangana,2019-04-29,IT Professional,143600.0,Married,Store,Platinum
CUST004368,Eshana,Bhatt,38.0,Other,Patna,Bihar,2021-01-09,Student,15500.0,Married,Store,Bronze
CUST004369,George,Ravi,29.0,Male,Jaipur,Rajasthan,2018-09-10,Retail Employee,19000.0,Married,Store,Silver
CUST004370,Aishani,Ramesh,41.0,Female,Amritsar,Punjab,2018-11-13,IT Professional,183900.0,Married,Store,Platinum
CUST004371,Zilmil,Suresh,18.0,Female,Udaipur,Rajasthan,2026-07-11,Student,6000.0,Single,Mobile App,Bronze
CUST004372,Bhavika,Venkataraman,31.0,Female,Chennai,Tamil Nadu,2019-12-13,Student,8600.0,Single,Online,Bronze
CUST004373,Diya,Johal,24.0,Female,Coimbatore,Tamil Nadu,2020-08-16,Engineer,118400.0,Single,Online,Gold
CUST004374,Daniel,Golla,40.0,Male,Patna,Bihar,2020-04-18,Engineer,95100.0,Married,Online,Gold
CUST004375,Hemangini,Ahluwalia,51.0,Female,Madurai,Tamil Nadu,2018-09-03,Student,16500.0,Married,Store,Silver
CUST004376,Udant,Murthy,46.0,Male,New Delhi,Delhi,2021-06-12,Homemaker,12500.0,Single,Store,Bronze
CUST004377,Divya,Baral,38.0,Female,Warangal,Telangana,2026-07-11,Student,12000.0,Single,Store,Bronze
CUST004378,Eesha,Jhaveri,65.0,Female,Chennai,Tamil Nadu,2021-01-03,Self-Employed,270400.0,Married,Store,Gold
CUST004379,Gaurika,Chahal,42.0,Female,Pune,Maharashtra,2020-01-16,Student,15900.0,Married,Mobile App,Bronze
CUST004380,Kabir,Banerjee,28.0,Male,Vadodara,Gujarat,2019-04-15,Sales Executive,55900.0,Married,Mobile App,Gold
CUST004381,Brijesh,Dash,40.0,Male,Pune,Maharashtra,2020-11-19,Student,13100.0,Married,Online,Bronze
CUST004382,Zehaan,Misra,40.0,Male,Hyderabad,Telangana,2020-06-11,Self-Employed,170600.0,Married,Store,Gold
CUST004383,Qabil,Garg,29.0,Male,Lucknow,Uttar Pradesh,2018-10-09,Teacher,42400.0,Married,Online,Silver
CUST004384,Siddharth,Acharya,41.0,Male,Chennai,Tamil Nadu,2019-05-05,Business Owner,65800.0,Married,Online,Platinum
CUST004385,Kritika,Mital,38.0,Female,Varanasi,Uttar Pradesh,2019-11-28,IT Professional,110000.0,Single,Mobile App,Gold
CUST004386,Arin,Venkataraman,33.0,Male,Mysuru,Karnataka,2020-12-16,Student,13400.0,Married,Store,Bronze
CUST004387,Nandini,Walla,29.0,Female,Bhubaneswar,Odisha,2020-05-07,Self-Employed,174900.0,Single,Mobile App,Gold
CUST004388,Vamakshi,Dey,19.0,Female,Delhi,Delhi,2025-08-16,Student,11200.0,Divorced,Mobile App,Bronze
CUST004389,Xalak,Munshi,40.0,Female,Mumbai,Maharashtra,2019-03-01,Sales Executive,91700.0,Married,Store,Gold
CUST004390,Patrick,Yohannan,46.0,Male,Bhopal,Madhya Pradesh,2020-11-21,Student,13800.0,Married,Mobile App,Bronze
CUST004391,Henry,Chaudhary,45.0,Male,Vadodara,Gujarat,2019-08-22,IT Professional,179300.0,Married,Store,Platinum
CUST004392,Anthony,Khalsa,49.0,Male,Delhi,Delhi,2021-05-04,Business Owner,311300.0,Married,Online,Gold
CUST004393,Andrew,Guha,42.0,Male,Ludhiana,Punjab,2021-07-22,IT Professional,149400.0,Married,Store,Silver
CUST004394,Ekta,Mistry,31.0,Female,Chennai,Tamil Nadu,2019-12-24,Retail Employee,35100.0,Married,Store,Silver
CUST004395,Hritik,Desai,49.0,Male,Guwahati,Assam,2020-12-13,Self-Employed,220700.0,Married,Mobile App,Gold
CUST004396,Janaki,Parmer,20.0,Female,Chennai,Tamil Nadu,2024-08-16,Retail Employee,16600.0,Single,Mobile App,Bronze
CUST004397,Maya,Dave,26.0,Female,Chennai,Tamil Nadu,2019-06-09,Sales Executive,80500.0,Married,Mobile App,Gold
CUST004398,Udyati,Borde,25.0,Female,Chennai,Tamil Nadu,2020-02-18,Student,37800.0,Married,Online,Silver
CUST004399,Joshua,Lad,52.0,Male,Bengaluru,Karnataka,2019-03-28,IT Professional,159500.0,Married,Online,Platinum
CUST004400,Rayaan,Gade,50.0,Male,Coimbatore,Tamil Nadu,2019-08-20,Teacher,59000.0,Married,Store,Silver
CUST004401,Sudiksha,Shan,44.0,Female,Chennai,Tamil Nadu,2019-06-09,Government Employee,58700.0,Married,Online,Gold
CUST004402,Benjamin,Kumar,52.0,Male,Mumbai,Maharashtra,2020-09-13,Self-Employed,115700.0,Married,Online,Gold
CUST004403,Simon,Dhar,27.0,Male,New Delhi,Delhi,2020-11-01,Teacher,59900.0,Married,Mobile App,Silver
CUST004404,Harsh,Bobal,43.0,Male,Delhi,Delhi,2019-10-28,IT Professional,177300.0,Divorced,Store,Gold
CUST004405,Krish,Hans,36.0,Male,Bhopal,Madhya Pradesh,2021-01-09,IT Professional,175000.0,Single,Store,Gold
CUST004406,Ria,Vaidya,49.0,Female,Kolkata,West Bengal,2019-03-07,Business Owner,349600.0,Divorced,Online,Platinum
CUST004407,Finn,Saini,37.0,Male,Jaipur,Rajasthan,2020-01-21,Student,93900.0,Single,Online,Silver
CUST004408,Ganga,Mutti,33.0,Female,Bhubaneswar,Odisha,2020-12-11,Doctor,109800.0,Married,Store,Gold
CUST004409,Teerth,Raghavan,45.0,Male,Howrah,West Bengal,2019-10-01,IT Professional,65800.0,Married,Online,Gold
CUST004410,Amara,Kota,49.0,Female,Amritsar,Punjab,2018-10-16,Self-Employed,165500.0,Married,Mobile App,Gold
CUST004411,Brinda,Madan,38.0,Female,Bengaluru,Karnataka,2021-05-18,Engineer,138200.0,Single,Mobile App,Gold
CUST004412,Diya,Wali,37.0,Female,Delhi,Delhi,2021-04-18,Student,12300.0,Married,Online,Bronze
CUST004413,Christopher,Ray,24.0,Male,Hyderabad,Telangana,2020-08-16,Student,17300.0,Married,Mobile App,Bronze
CUST004414,Bachittar,Narayan,18.0,Male,Chennai,Tamil Nadu,2026-07-11,Student,11200.0,Single,Online,Bronze
CUST004415,Chaitanya,Patil,41.0,Male,Patna,Bihar,2021-07-04,IT Professional,112100.0,Divorced,Store,Silver
CUST004416,Osha,Mahajan,46.0,Female,Kolkata,West Bengal,2020-07-31,Self-Employed,169700.0,Married,Online,Gold
CUST004417,Eta,Kara,38.0,Male,Bengaluru,Karnataka,2020-03-23,Student,51700.0,Divorced,Mobile App,Silver
CUST004418,Mahika,Anne,18.0,Female,Vadodara,Gujarat,2026-07-11,Student,9300.0,Single,Mobile App,Bronze
CUST004419,Chandran,Purohit,33.0,Male,Chennai,Tamil Nadu,2020-02-07,Sales Executive,45700.0,Married,Mobile App,Silver
CUST004420,Janya,Radhakrishnan,18.0,Female,Nagpur,Maharashtra,2026-07-11,Retail Employee,19100.0,Single,Online,Bronze
CUST004421,Charles,Dasgupta,56.0,Male,Kolkata,West Bengal,2019-04-27,Doctor,275900.0,Divorced,Store,Platinum
CUST004422,Harita,Vyas,24.0,Female,Kochi,Kerala,2020-08-16,Government Employee,54900.0,Single,Mobile App,Silver
CUST004423,Michael,Suri,54.0,Male,Varanasi,Uttar Pradesh,2020-03-12,Retail Employee,39900.0,Married,Store,Silver
CUST004424,Charvi,Wadhwa,50.0,Female,Kolkata,West Bengal,2021-05-16,Student,17400.0,Married,Mobile App,Bronze
CUST004425,Owen,Manda,26.0,Male,Hyderabad,Telangana,2018-10-04,Retail Employee,19900.0,Married,Online,Silver
CUST004426,Krishna,Chaudhary,23.0,Male,Pune,Maharashtra,2021-08-16,Government Employee,63700.0,Single,Mobile App,Silver
CUST004427,Arunima,Garde,43.0,Female,Chennai,Tamil Nadu,2019-04-19,Engineer,124900.0,Married,Online,Gold
CUST004428,Nathan,Ramachandran,27.0,Male,Vadodara,Gujarat,2021-07-13,Student,12900.0,Married,Online,Bronze
CUST004429,Hemangini,Pai,39.0,Female,Hyderabad,Telangana,2019-05-05,Retail Employee,39800.0,Married,Online,Silver
CUST004430,Zinal,Rau,32.0,Female,Delhi,Delhi,2018-10-24,Retail Employee,33500.0,Married,Store,Silver
CUST004431,Waida,Datta,18.0,Female,Thiruvananthapuram,Kerala,2026-07-11,Retail Employee,27800.0,Single,Mobile App,Bronze
CUST004432,Kai,Andra,18.0,Male,Kanpur,Uttar Pradesh,2026-07-11,Retail Employee,24600.0,Married,Store,Bronze
CUST004433,Faras,Date,41.0,Male,Howrah,West Bengal,2020-12-11,Engineer,114300.0,Married,Online,Gold
CUST004434,Eshana,Radhakrishnan,31.0,Female,Pune,Maharashtra,2020-02-24,Government Employee,71100.0,Married,Store,Silver
CUST004435,Kiaan,Bera,31.0,Male,Pune,Maharashtra,2021-02-10,Teacher,54800.0,Single,Online,Silver
CUST004436,Reva,Krish,47.0,Female,Pune,Maharashtra,2019-08-10,Student,19300.0,Divorced,Store,Silver
CUST004437,Shaurya,Shankar,53.0,Male,Kolkata,West Bengal,2020-07-09,Government Employee,75300.0,Married,Online,Silver
CUST004438,Gavin,Sarna,34.0,Male,Pune,Maharashtra,2020-08-27,Sales Executive,50000.0,Married,Online,Silver
CUST004439,Peter,Sidhu,38.0,Male,Varanasi,Uttar Pradesh,2020-03-29,Homemaker,21400.0,Married,Mobile App,Silver
CUST004440,Zayan,Mangat,38.0,Male,Ludhiana,Punjab,2019-12-31,Student,139100.0,Single,Mobile App,Gold
CUST004441,Lakshit,Sangha,38.0,Male,Hyderabad,Telangana,2024-08-16,Sales Executive,81700.0,Single,Online,Silver
CUST004442,Yoshita,Karnik,41.0,Female,Chennai,Tamil Nadu,2019-07-03,Engineer,123700.0,Married,Store,Gold
CUST004443,Niharika,Chahal,45.0,Female,Ahmedabad,Gujarat,2018-12-23,Student,14700.0,Married,Online,Silver
CUST004444,Michael,Ray,47.0,Male,Thiruvananthapuram,Kerala,2020-10-16,Retired,26200.0,Married,Mobile App,Bronze
CUST004445,Nirja,Chana,18.0,Female,Patna,Bihar,2026-07-11,Student,65800.0,Single,Store,Bronze
CUST004446,Chaaya,Bose,28.0,Female,Mumbai,Maharashtra,2019-05-06,Doctor,197100.0,Single,Mobile App,Platinum
CUST004447,Kashvi,Chander,27.0,Female,Nagpur,Maharashtra,2021-01-27,Government Employee,54500.0,Single,Online,Silver
CUST004448,Gayathri,Bhandari,39.0,Female,Jaipur,Rajasthan,2021-07-02,IT Professional,135900.0,Divorced,Mobile App,Silver
CUST004449,Chaman,Mangal,44.0,Female,Ahmedabad,Gujarat,2019-10-08,Engineer,94900.0,Single,Store,Gold
CUST004450,Yatin,Anne,57.0,Male,Pune,Maharashtra,2020-11-27,IT Professional,134500.0,Married,Online,Gold
CUST004451,Simon,Trivedi,32.0,Male,Chennai,Tamil Nadu,2021-02-09,Government Employee,64700.0,Single,Store,Silver
CUST004452,Ekansh,Srinivasan,32.0,Male,Udaipur,Rajasthan,2018-09-06,Teacher,53200.0,Married,Online,Silver
CUST004453,Yadavi,Varma,53.0,Female,Delhi,Delhi,2020-09-30,Teacher,57500.0,Married,Online,Silver
CUST004454,David,Ravi,42.0,Male,Bhopal,Madhya Pradesh,2018-11-30,Homemaker,4100.0,Married,Online,Silver
CUST004455,Advika,Gupta,54.0,Male,Mumbai,Maharashtra,2021-02-02,Self-Employed,286600.0,Married,Online,Gold
CUST004456,Aarush,Sandal,42.0,Male,Udaipur,Rajasthan,2019-03-03,IT Professional,112600.0,Married,Mobile App,Gold
CUST004457,Pooja,Konda,23.0,Female,Kolkata,West Bengal,2021-08-16,Retail Employee,25600.0,Single,Mobile App,Bronze
CUST004458,Ansh,Sen,21.0,Male,Bengaluru,Karnataka,2023-08-17,Retail Employee,31300.0,Single,Store,Bronze
CUST004459,Frado,Viswanathan,18.0,Male,Ahmedabad,Gujarat,2026-07-11,Student,9500.0,Single,Mobile App,Bronze
CUST004460,Isaiah,Gill,47.0,Male,Udaipur,Rajasthan,2018-12-13,Retail Employee,33200.0,Married,Mobile App,Silver
CUST004461,Baljiwan,Peri,53.0,Male,Thiruvananthapuram,Kerala,2021-02-19,Teacher,58700.0,Married,Store,Silver
CUST004462,Ekalinga,Varkey,62.0,Male,Hyderabad,Telangana,2019-06-13,Self-Employed,268500.0,Married,Online,Platinum
CUST004463,Qushi,Behl,49.0,Female,Ahmedabad,Gujarat,2020-04-16,Retail Employee,28500.0,Married,Online,Bronze
CUST004464,Siddharth,Tandon,53.0,Male,Kolkata,West Bengal,2019-05-13,Retail Employee,40800.0,Married,Online,Silver
CUST004465,Ranveer,Garde,30.0,Male,Coimbatore,Tamil Nadu,2019-06-26,IT Professional,101100.0,Married,Store,Gold
CUST004466,Ridhi,Chowdhury,23.0,Female,Indore,Madhya Pradesh,2021-08-16,Government Employee,70800.0,Single,Mobile App,Silver
CUST004467,Omkaar,Krish,49.0,Male,Mumbai,Maharashtra,2021-02-01,Engineer,127200.0,Married,Online,Silver
CUST004468,Dhriti,Mannan,43.0,Female,Bengaluru,Karnataka,2020-03-18,Student,182100.0,Married,Mobile App,Gold
CUST004469,Chandani,Subramanian,39.0,Other,Coimbatore,Tamil Nadu,2018-10-28,IT Professional,180900.0,Married,Online,Platinum
CUST004470,Manan,Lanka,43.0,Male,Delhi,Delhi,2020-08-06,Retail Employee,36000.0,Married,Store,Silver
CUST004471,Hredhaan,Agate,38.0,Male,Kochi,Kerala,2019-09-27,Retail Employee,33900.0,Widowed,Mobile App,Silver
CUST004472,Ronith,Kalla,55.0,Male,Ahmedabad,Gujarat,2021-08-03,Student,109300.0,Married,Store,Silver
CUST004473,Niharika,Varma,55.0,Female,Chennai,Tamil Nadu,2019-06-29,Sales Executive,123700.0,Married,Store,Gold
CUST004474,Anita,Sheth,45.0,Female,Lucknow,Uttar Pradesh,2019-10-25,Government Employee,76300.0,Divorced,Online,Gold
CUST004475,Widisha,Bhandari,49.0,Female,Chennai,Tamil Nadu,2019-06-24,Student,49100.0,Married,Mobile App,Silver
CUST004476,Rachana,Ahuja,45.0,Female,Kolkata,West Bengal,2018-11-29,Student,16900.0,Divorced,Online,Silver
CUST004477,Victor,Narasimhan,32.0,Male,Mumbai,Maharashtra,2021-03-09,Engineer,95900.0,Married,Online,Silver
CUST004478,Neha,Pandya,48.0,Female,Hyderabad,Telangana,2020-11-03,Business Owner,172000.0,Married,Store,Gold
CUST004479,Damyanti,Ahluwalia,20.0,Female,Pune,Maharashtra,2024-08-16,Student,9800.0,Married,Online,Bronze
CUST004480,Pushti,Grewal,52.0,Male,Ahmedabad,Gujarat,2021-02-26,Doctor,204700.0,Married,Store,Gold
CUST004481,Suhani,Pant,22.0,Female,Chennai,Tamil Nadu,2022-08-17,Retail Employee,23000.0,Single,Online,Bronze
CUST004482,Aarna,Chaudhuri,42.0,Female,Bengaluru,Karnataka,2019-06-14,Sales Executive,129900.0,Married,Mobile App,Gold
CUST004483,Tanveer,Swamy,27.0,Male,Chennai,Tamil Nadu,2019-07-30,Student,12600.0,Married,Store,Silver
CUST004484,Hardik,Chad,45.0,Male,Delhi,Delhi,2020-12-10,Retail Employee,38600.0,Married,Store,Silver
CUST004485,Zarna,Varkey,38.0,Female,Thiruvananthapuram,Kerala,2020-12-24,Student,15900.0,Single,Mobile App,Bronze
CUST004486,Faraj,Roy,18.0,Male,Mumbai,Maharashtra,2026-07-11,Sales Executive,40700.0,Single,Mobile App,Bronze
CUST004487,Diya,Sura,43.0,Female,Bhopal,Madhya Pradesh,2021-01-24,Self-Employed,222600.0,Married,Mobile App,Gold
CUST004488,Aarush,Dugal,38.0,Male,Chennai,Tamil Nadu,2019-08-22,Engineer,65800.0,Single,Mobile App,Silver
CUST004489,Ladli,Kara,49.0,Female,Kolkata,West Bengal,2020-02-24,Student,14200.0,Married,Online,Bronze
CUST004490,Vrinda,Rana,38.0,Female,Bengaluru,Karnataka,2020-06-19,Government Employee,47400.0,Married,Online,Silver
CUST004491,Rachit,Mistry,43.0,Male,Bhubaneswar,Odisha,2020-09-21,Government Employee,86500.0,Married,Store,Silver
CUST004492,Rajata,Sangha,26.0,Female,Bengaluru,Karnataka,2018-10-13,Engineer,132500.0,Married,Store,Gold
CUST004493,Hemani,Yadav,30.0,Male,Kolkata,West Bengal,2020-02-07,Government Employee,80100.0,Married,Mobile App,Silver
CUST004494,Lipika,Chopra,32.0,Male,Ludhiana,Punjab,2019-12-10,Student,12500.0,Single,Mobile App,Silver
CUST004495,Theodore,Sarna,49.0,Male,Indore,Madhya Pradesh,2018-10-11,Business Owner,129200.0,Married,Mobile App,Gold
CUST004496,Faris,Dey,60.0,Male,Coimbatore,Tamil Nadu,2019-08-31,Retired,15100.0,Married,Store,Bronze
CUST004497,Peter,Saraf,28.0,Male,Ludhiana,Punjab,2018-10-02,IT Professional,137100.0,Divorced,Mobile App,Gold
CUST004498,Aarnav,Parmer,52.0,Male,Ahmedabad,Gujarat,2021-04-22,Retail Employee,35000.0,Married,Store,Silver
CUST004499,Ira,Choudhry,18.0,Female,Delhi,Delhi,2026-07-11,Retail Employee,21300.0,Single,Store,Bronze
CUST004500,Ikshita,Mane,22.0,Female,Hyderabad,Telangana,2022-08-17,Student,14300.0,Single,Store,Bronze
CUST004501,Anusha,Deol,26.0,Female,Bengaluru,Karnataka,2019-03-12,Sales Executive,81500.0,Married,Mobile App,Gold
CUST004502,Siya,Sama,20.0,Female,Mysuru,Karnataka,2024-08-16,Student,9400.0,Single,Mobile App,Bronze
CUST004503,Oni,Balay,18.0,Male,Jaipur,Rajasthan,2026-07-11,Sales Executive,44600.0,Single,Online,Bronze
CUST004504,Faris,Issac,43.0,Male,Kolkata,West Bengal,2020-05-25,Sales Executive,126500.0,Married,Online,Gold
CUST004505,Wakeeta,Lata,35.0,Female,Mumbai,Maharashtra,2019-06-13,Engineer,134700.0,Married,Mobile App,Gold
CUST004506,Daniel,Sama,43.0,Male,Indore,Madhya Pradesh,2021-04-30,Sales Executive,77100.0,Married,Online,Silver
CUST004507,Wishi,Tandon,47.0,Female,Bengaluru,Karnataka,2019-05-11,Teacher,49200.0,Divorced,Store,Silver
CUST004508,Devansh,Nair,41.0,Male,Ludhiana,Punjab,2021-04-17,Teacher,51500.0,Single,Store,Silver
CUST004509,Ryan,Thaker,47.0,Male,Bhubaneswar,Odisha,2018-11-18,Student,9500.0,Married,Mobile App,Silver
CUST004510,Saumya,Deep,37.0,Female,Guwahati,Assam,2020-10-17,Engineer,142200.0,Married,Store,Gold
CUST004511,Dayamai,Chokshi,23.0,Female,Lucknow,Uttar Pradesh,2021-08-16,Business Owner,231100.0,Single,Online,Gold
CUST004512,Aishani,Date,52.0,Female,Delhi,Delhi,2021-04-10,Self-Employed,81100.0,Single,Online,Silver
CUST004513,Garima,Padmanabhan,30.0,Female,Coimbatore,Tamil Nadu,2020-10-25,Retail Employee,24000.0,Divorced,Online,Bronze
CUST004514,Zashil,Arya,26.0,Male,Delhi,Delhi,2020-05-31,IT Professional,122900.0,Single,Online,Gold
CUST004515,Kashish,Ben,36.0,Female,New Delhi,Delhi,2020-03-01,Retail Employee,65800.0,Single,Online,Silver
CUST004516,Onveer,Sanghvi,26.0,Male,Kolkata,West Bengal,2021-08-16,Doctor,216100.0,Married,Mobile App,Gold
CUST004517,Aarna,Saraf,33.0,Female,Mumbai,Maharashtra,2018-12-17,Retail Employee,27000.0,Married,Online,Silver
CUST004518,Wakeeta,Mann,42.0,Female,Amritsar,Punjab,2021-08-08,Student,112800.0,Married,Store,Silver
CUST004519,Lohit,Sunder,43.0,Male,Kochi,Kerala,2019-04-21,Government Employee,56400.0,Married,Online,Silver
CUST004520,Chakrika,Sanghvi,26.0,Female,Hyderabad,Telangana,2020-03-19,Government Employee,39100.0,Married,Mobile App,Silver
CUST004521,Krishna,Dua,32.0,Female,Chennai,Tamil Nadu,2020-01-20,Sales Executive,48400.0,Married,Mobile App,Silver
CUST004522,Girik,Krish,52.0,Male,Chennai,Tamil Nadu,2020-12-31,IT Professional,124400.0,Married,Store,Silver
CUST004523,Meera,Contractor,44.0,Female,Indore,Madhya Pradesh,2019-10-21,Student,17300.0,Divorced,Mobile App,Bronze
CUST004524,Lekha,Kota,65.0,Female,Ahmedabad,Gujarat,2020-01-06,Retired,48400.0,Widowed,Store,Silver
CUST004525,Upadhriti,Issac,53.0,Female,Bengaluru,Karnataka,2021-02-17,Student,20800.0,Married,Online,Bronze
CUST004526,Warjas,Chauhan,53.0,Male,Chennai,Tamil Nadu,2020-11-28,Retired,12000.0,Single,Store,Bronze
CUST004527,Zayan,Golla,20.0,Male,Hyderabad,Telangana,2024-08-16,Student,12800.0,Married,Mobile App,Bronze
CUST004528,Ijaya,Dixit,38.0,Male,Bhubaneswar,Odisha,2021-06-05,Government Employee,65900.0,Married,Store,Silver
CUST004529,Ishwar,Dara,37.0,Male,Delhi,Delhi,2021-08-01,Engineer,118000.0,Single,Online,Silver
CUST004530,Ekaja,Rattan,31.0,Female,Pune,Maharashtra,2020-12-18,Student,9700.0,Single,Store,Bronze
CUST004531,Anirudh,Mahal,40.0,Male,Indore,Madhya Pradesh,2019-08-03,Self-Employed,188200.0,Married,Mobile App,Gold
CUST004532,Inaya,Dhingra,50.0,Female,Patna,Bihar,2020-09-04,Sales Executive,108700.0,Married,Store,Silver
CUST004533,Unni,Badami,45.0,Female,Bhopal,Madhya Pradesh,2020-08-06,Sales Executive,125500.0,Married,Online,Silver
CUST004534,Harish,Chand,27.0,Male,Chennai,Tamil Nadu,2021-03-25,Teacher,37000.0,Married,Online,Silver
CUST004535,Atharv,Rai,48.0,Male,Ahmedabad,Gujarat,2019-11-25,Teacher,52800.0,Married,Online,Silver
CUST004536,Tanvi,Vohra,30.0,Male,Kolkata,West Bengal,2020-08-06,Student,12300.0,Married,Mobile App,Bronze
CUST004537,Niharika,Kashyap,41.0,Female,Mumbai,Maharashtra,2019-08-06,Doctor,191900.0,Widowed,Store,Gold
CUST004538,Indrajit,Nayar,34.0,Male,Kolkata,West Bengal,2019-05-27,Engineer,97000.0,Married,Online,Gold
CUST004539,Unni,Srinivas,35.0,Female,Mumbai,Maharashtra,2019-11-15,Student,182200.0,Married,Online,Gold
CUST004540,Azaan,Uppal,48.0,Male,Bengaluru,Karnataka,2020-10-18,Sales Executive,93900.0,Married,Mobile App,Silver
CUST004541,Tanay,Behl,24.0,Male,Thiruvananthapuram,Kerala,2020-08-16,Retail Employee,25800.0,Single,Online,Bronze
CUST004542,Nidra,Choudhary,63.0,Male,Bengaluru,Karnataka,2020-11-13,Retired,47200.0,Married,Store,Silver
CUST004543,Krish,Patla,18.0,Male,Guwahati,Assam,2026-07-11,Student,13900.0,Single,Mobile App,Bronze
CUST004544,Meera,Panchal,30.0,Female,New Delhi,Delhi,2019-04-29,Government Employee,72600.0,Married,Store,Silver
CUST004545,Shaurya,Koshy,43.0,Male,Bengaluru,Karnataka,2020-02-23,Student,16100.0,Married,Online,Silver
CUST004546,Nathaniel,Batta,46.0,Male,Kolkata,West Bengal,2018-09-23,IT Professional,200800.0,Married,Online,Platinum
CUST004547,Gavin,Baria,37.0,Male,Jaipur,Rajasthan,2019-12-26,Teacher,41900.0,Married,Mobile App,Silver
CUST004548,Aachal,Ben,37.0,Female,Chennai,Tamil Nadu,2020-08-21,Retail Employee,36300.0,Single,Online,Silver
CUST004549,Oeshi,Kala,43.0,Female,Indore,Madhya Pradesh,2021-05-04,Self-Employed,69900.0,Married,Mobile App,Silver
CUST004550,Mekhala,Sodhi,35.0,Female,Mumbai,Maharashtra,2019-12-29,Retail Employee,21000.0,Married,Mobile App,Bronze
CUST004551,Logan,Chaudhuri,56.0,Male,Kochi,Kerala,2019-01-16,Doctor,238700.0,Married,Store,Gold
CUST004552,Tanveer,Goyal,49.0,Male,Delhi,Delhi,2019-01-10,Teacher,56400.0,Married,Online,Gold
CUST004553,Lajita,Swamy,49.0,Female,Indore,Madhya Pradesh,2019-10-24,IT Professional,96600.0,Married,Store,Gold
CUST004554,Qabil,Natt,25.0,Male,Hyderabad,Telangana,2020-06-11,Sales Executive,67600.0,Married,Mobile App,Silver
CUST004555,Nidra,Choudhury,37.0,Female,Varanasi,Uttar Pradesh,2019-09-04,Student,12300.0,Divorced,Mobile App,Bronze
CUST004556,Chanakya,Arya,34.0,Male,Ahmedabad,Gujarat,2019-05-04,IT Professional,198500.0,Single,Online,Platinum
CUST004557,Eiravati,Narula,25.0,Female,Delhi,Delhi,2020-05-22,Sales Executive,61700.0,Married,Online,Silver
CUST004558,Pranit,Pathak,43.0,Male,Kochi,Kerala,2020-03-12,Engineer,101900.0,Married,Mobile App,Silver
CUST004559,Zarna,Prabhu,31.0,Female,Delhi,Delhi,2019-08-01,Government Employee,52700.0,Single,Online,Silver
CUST004560,Jagat,Majumdar,38.0,Male,Delhi,Delhi,2018-12-30,IT Professional,149200.0,Divorced,Online,Gold
CUST004561,Henry,Rajagopalan,24.0,Male,Lucknow,Uttar Pradesh,2020-08-16,Doctor,192400.0,Single,Mobile App,Gold
CUST004562,Caleb,Cherian,60.0,Male,Pune,Maharashtra,2021-07-23,Self-Employed,238700.0,Widowed,Online,Gold
CUST004563,Dhruv,Dara,26.0,Male,Delhi,Delhi,2021-04-02,Student,8000.0,Single,Online,Bronze
CUST004564,Ansh,Halder,41.0,Male,Chennai,Tamil Nadu,2019-01-25,Student,14400.0,Married,Store,Silver
CUST004565,Inaya,Sehgal,48.0,Female,Kanpur,Uttar Pradesh,2019-02-15,Teacher,64900.0,Married,Store,Silver
CUST004566,Chavvi,Borde,31.0,Female,Pune,Maharashtra,2020-06-16,Student,58700.0,Married,Online,Silver
CUST004567,Pavani,Mitra,49.0,Female,Madurai,Tamil Nadu,2019-11-15,Government Employee,66900.0,Married,Mobile App,Silver
CUST004568,Vritti,Jaggi,22.0,Female,Ahmedabad,Gujarat,2022-08-17,Student,7300.0,Single,Store,Bronze
CUST004569,Ganga,Bassi,57.0,Female,Chandigarh,Chandigarh,2018-11-21,Student,42500.0,Married,Store,Silver
CUST004570,Devansh,Handa,38.0,Male,Thiruvananthapuram,Kerala,2019-04-11,Student,32200.0,Single,Store,Silver
CUST004571,Shaurya,Krishnan,30.0,Male,Jodhpur,Rajasthan,2020-12-30,Sales Executive,85000.0,Married,Online,Silver
CUST004572,Oscar,Pau,34.0,Male,Ahmedabad,Gujarat,2019-06-08,Retail Employee,65800.0,Married,Store,Silver
CUST004573,Vanya,Dalal,49.0,Female,Warangal,Telangana,2021-04-27,Retail Employee,30000.0,Married,Online,Bronze
CUST004574,Tejas,Bir,38.0,Male,Pune,Maharashtra,2018-12-11,Government Employee,61800.0,Single,Store,Silver
CUST004575,Wyatt,Saini,28.0,Male,Ahmedabad,Gujarat,2021-03-06,Sales Executive,84300.0,Married,Online,Silver
CUST004576,Zaitra,Thakur,35.0,Female,Ludhiana,Punjab,2019-08-21,Self-Employed,224400.0,Single,Online,Gold
CUST004577,Advay,Ganesan,23.0,Male,Surat,Gujarat,2021-08-16,Self-Employed,56400.0,Single,Online,Silver
CUST004578,Mahika,Dayal,62.0,Female,Mumbai,Maharashtra,2019-04-18,Retired,13800.0,Married,Mobile App,Silver
CUST004579,Mohini,Bath,31.0,Female,Chennai,Tamil Nadu,2019-12-21,Self-Employed,64600.0,Widowed,Mobile App,Silver
CUST004580,Azaan,Gupta,49.0,Male,Kolkata,West Bengal,2021-06-12,IT Professional,139300.0,Divorced,Mobile App,Gold
CUST004581,Rushil,Talwar,41.0,Male,Ahmedabad,Gujarat,2019-07-05,Government Employee,69200.0,Married,Mobile App,Silver
CUST004582,Zinal,Varghese,25.0,Female,Ahmedabad,Gujarat,2020-06-22,Engineer,56500.0,Married,Mobile App,Silver
CUST004583,Bishakha,Gandhi,38.0,Female,Kolkata,West Bengal,2020-08-30,Self-Employed,98000.0,Widowed,Online,Silver
CUST004584,Theodore,Upadhyay,48.0,Male,Delhi,Delhi,2018-08-26,Self-Employed,179100.0,Married,Online,Platinum
CUST004585,Sanaya,Ramakrishnan,36.0,Female,Guwahati,Assam,2019-11-08,Sales Executive,50100.0,Married,Store,Silver
CUST004586,Suhani,Magar,54.0,Male,Ahmedabad,Gujarat,2019-06-29,Sales Executive,95700.0,Married,Online,Gold
CUST004587,Harshil,Gour,38.0,Male,Delhi,Delhi,2020-01-18,Government Employee,73800.0,Married,Online,Gold
CUST004588,Aarav,Dutta,50.0,Male,Bengaluru,Karnataka,2019-04-26,IT Professional,65800.0,Single,Online,Platinum
CUST004589,Janani,Andra,32.0,Female,Kochi,Kerala,2019-05-15,Student,10200.0,Married,Online,Silver
CUST004590,Vedant,Thakur,24.0,Male,Indore,Madhya Pradesh,2020-08-16,Sales Executive,45400.0,Single,Online,Silver
CUST004591,Zaitra,Lad,30.0,Female,Hyderabad,Telangana,2018-08-19,Retail Employee,225000.0,Married,Online,Platinum
CUST004592,Max,Kannan,41.0,Male,Mumbai,Maharashtra,2020-03-30,Sales Executive,113900.0,Married,Store,Gold
CUST004593,Neelima,Loyal,45.0,Female,Mumbai,Maharashtra,2019-07-04,Teacher,46500.0,Married,Online,Silver
CUST004594,Dhriti,Garg,18.0,Female,Bengaluru,Karnataka,2026-07-11,Student,13200.0,Divorced,Mobile App,Bronze
CUST004595,Jasmit,Bath,38.0,Female,Kolkata,West Bengal,2020-06-30,Student,11100.0,Single,Mobile App,Bronze
CUST004596,Jagat,Manne,40.0,Male,Kolkata,West Bengal,2020-04-02,Teacher,65800.0,Married,Mobile App,Silver
CUST004597,Anmol,Divan,34.0,Male,Howrah,West Bengal,2018-09-19,Sales Executive,86800.0,Single,Store,Gold
CUST004598,Maya,Deol,55.0,Female,Ahmedabad,Gujarat,2021-07-12,Student,18300.0,Married,Store,Bronze
CUST004599,Krishna,Behl,43.0,Male,Mumbai,Maharashtra,2020-08-14,IT Professional,183000.0,Married,Online,Gold
CUST004600,Jeet,Kade,55.0,Male,Pune,Maharashtra,2020-03-01,Student,18300.0,Married,Online,Bronze
CUST004601,Devika,Agarwal,35.0,Female,Hyderabad,Telangana,2021-08-15,Teacher,63400.0,Single,Store,Silver
CUST004602,Oscar,Pillay,50.0,Male,Nagpur,Maharashtra,2018-12-05,Retail Employee,33100.0,Married,Store,Silver
CUST004603,Nicholas,Chacko,59.0,Male,Mumbai,Maharashtra,2020-10-07,Government Employee,96500.0,Married,Online,Silver
CUST004604,Kevin,Deol,55.0,Male,Howrah,West Bengal,2020-11-07,Sales Executive,105200.0,Married,Store,Silver
CUST004605,Tara,Menon,24.0,Female,Lucknow,Uttar Pradesh,2020-08-16,IT Professional,94700.0,Single,Mobile App,Silver
CUST004606,Omaja,Bhandari,35.0,Female,Vadodara,Gujarat,2020-10-16,Government Employee,60400.0,Married,Store,Silver
CUST004607,Abdul,Parekh,34.0,Male,Kanpur,Uttar Pradesh,2019-08-27,Engineer,144400.0,Divorced,Mobile App,Platinum
CUST004608,Imaran,Mammen,44.0,Male,Ahmedabad,Gujarat,2019-02-28,Student,28100.0,Married,Online,Silver
CUST004609,Gaurang,Kunda,47.0,Male,Surat,Gujarat,2019-04-01,Government Employee,58000.0,Married,Mobile App,Gold
CUST004610,Adweta,Yogi,27.0,Female,Bengaluru,Karnataka,2019-04-12,Engineer,63100.0,Married,Online,Silver
CUST004611,Chatresh,Raja,39.0,Male,Ludhiana,Punjab,2021-05-11,Government Employee,60800.0,Married,Mobile App,Silver
CUST004612,Lavanya,Jhaveri,18.0,Female,Delhi,Delhi,2026-07-11,Retail Employee,30000.0,Married,Mobile App,Bronze
CUST004613,Timothy,Kannan,57.0,Male,Delhi,Delhi,2020-09-14,Student,198200.0,Single,Store,Gold
CUST004614,Ekta,Luthra,31.0,Other,Bengaluru,Karnataka,2021-07-08,Self-Employed,121500.0,Married,Mobile App,Silver
CUST004615,Harsh,Rana,39.0,Male,Amritsar,Punjab,2020-02-15,Homemaker,17800.0,Married,Mobile App,Silver
CUST004616,Garima,Sehgal,34.0,Female,Ludhiana,Punjab,2020-06-10,Retail Employee,36700.0,Married,Online,Silver
CUST004617,Jack,Saraf,53.0,Male,Jodhpur,Rajasthan,2019-12-15,Teacher,64300.0,Married,Store,Silver
CUST004618,Qarin,Divan,18.0,Male,Kolkata,West Bengal,2026-07-11,Student,8400.0,Single,Online,Bronze
CUST004619,Wakeeta,Chander,38.0,Female,Chennai,Tamil Nadu,2020-03-02,Retail Employee,23900.0,Married,Online,Silver
CUST004620,Yachana,Golla,37.0,Female,Amritsar,Punjab,2020-08-14,Self-Employed,123900.0,Single,Store,Gold
CUST004621,Victor,Goyal,32.0,Male,Ahmedabad,Gujarat,2021-01-14,Self-Employed,215000.0,Married,Online,Gold
CUST004622,Hema,Gulati,60.0,Female,Guwahati,Assam,2019-09-05,Retired,20400.0,Married,Store,Silver
CUST004623,Xalak,Gole,26.0,Female,Bengaluru,Karnataka,2019-08-09,Engineer,70900.0,Married,Mobile App,Gold
CUST004624,Megha,Bail,48.0,Female,Bengaluru,Karnataka,2019-02-20,Student,65800.0,Married,Mobile App,Silver
CUST004625,Mohammed,Gaba,43.0,Male,Chandigarh,Chandigarh,2019-01-01,Engineer,148900.0,Married,Online,Gold
CUST004626,Hema,Ramesh,54.0,Female,Pune,Maharashtra,2019-07-06,Self-Employed,210700.0,Divorced,Online,Gold
CUST004627,Girindra,Boase,29.0,Male,Guwahati,Assam,2019-07-25,Engineer,141900.0,Married,Mobile App,Gold
CUST004628,Ekbal,Bora,28.0,Male,Chennai,Tamil Nadu,2021-06-15,Government Employee,61200.0,Married,Online,Silver
CUST004629,Unni,Korpal,52.0,Female,Thiruvananthapuram,Kerala,2021-04-18,Doctor,215300.0,Single,Online,Gold
CUST004630,Utkarsh,Rau,44.0,Male,Bengaluru,Karnataka,2019-03-10,Student,56800.0,Divorced,Online,Silver
CUST004631,Chandresh,Vyas,18.0,Male,Ahmedabad,Gujarat,2026-07-11,Student,8000.0,Single,Mobile App,Bronze
CUST004632,Ekantika,Arora,31.0,Female,Chennai,Tamil Nadu,2020-07-23,IT Professional,96600.0,Married,Mobile App,Silver
CUST004633,Daksha,Purohit,43.0,Female,Kolkata,West Bengal,2021-03-10,Teacher,59000.0,Married,Mobile App,Silver
CUST004634,Rehaan,Bail,49.0,Male,Chennai,Tamil Nadu,2021-01-14,Business Owner,313200.0,Divorced,Online,Gold
CUST004635,Christopher,Arya,29.0,Male,Bhubaneswar,Odisha,2019-04-20,Sales Executive,91800.0,Married,Mobile App,Silver
CUST004636,Anya,Deo,18.0,Female,Ahmedabad,Gujarat,2026-07-11,Student,8100.0,Single,Mobile App,Bronze
CUST004637,Jeet,Chacko,45.0,Male,New Delhi,Delhi,2020-04-11,Sales Executive,67700.0,Married,Store,Gold
CUST004638,Lipika,Dhar,22.0,Female,Kochi,Kerala,2022-08-17,Student,10400.0,Single,Store,Bronze
CUST004639,Abha,Andra,18.0,Female,Bengaluru,Karnataka,2026-07-11,Retail Employee,29300.0,Single,Mobile App,Bronze
CUST004640,Chatresh,Nigam,18.0,Male,Hyderabad,Telangana,2026-07-11,Student,30800.0,Divorced,Store,Bronze
CUST004641,Chaman,Jain,49.0,Female,Pune,Maharashtra,2020-07-16,IT Professional,158800.0,Married,Store,Gold
CUST004642,Ekiya,Srinivasan,40.0,Female,Patna,Bihar,2019-04-09,Self-Employed,219500.0,Divorced,Store,Platinum
CUST004643,Tristan,Gade,35.0,Male,Bengaluru,Karnataka,2020-11-26,Retail Employee,32200.0,Married,Online,Bronze
CUST004644,Nikita,Narula,56.0,Female,New Delhi,Delhi,2019-07-20,Retail Employee,34600.0,Married,Online,Silver
CUST004645,Wakeeta,Dubey,46.0,Female,Kochi,Kerala,2019-06-08,Doctor,293200.0,Married,Mobile App,Platinum
CUST004646,Keya,Bhalla,59.0,Female,Lucknow,Uttar Pradesh,2018-09-20,Sales Executive,77000.0,Married,Store,Gold
CUST004647,Lila,Dasgupta,20.0,Female,Pune,Maharashtra,2024-08-16,Sales Executive,38800.0,Single,Online,Bronze
CUST004648,Advaith,Basu,38.0,Male,Udaipur,Rajasthan,2021-05-06,Engineer,65800.0,Divorced,Mobile App,Silver
CUST004649,Charan,Minhas,18.0,Male,Kochi,Kerala,2026-07-11,Student,6200.0,Married,Mobile App,Bronze
CUST004650,Charan,Vaidya,35.0,Male,Pune,Maharashtra,2021-04-04,Teacher,66300.0,Married,Mobile App,Silver
CUST004651,Sarthak,Dhar,35.0,Male,Kanpur,Uttar Pradesh,2021-02-11,Retired,37000.0,Single,Mobile App,Bronze
CUST004652,Aadi,Kapur,46.0,Male,Madurai,Tamil Nadu,2020-08-15,Teacher,70300.0,Married,Online,Silver
CUST004653,Amaira,Karan,39.0,Female,Ahmedabad,Gujarat,2020-05-20,Business Owner,107300.0,Divorced,Store,Gold
CUST004654,Unni,Rajan,46.0,Female,Chennai,Tamil Nadu,2018-11-30,Engineer,111100.0,Single,Store,Gold
CUST004655,Falak,Pandit,47.0,Female,Ahmedabad,Gujarat,2021-01-14,Engineer,180500.0,Married,Mobile App,Gold
CUST004656,Mekhala,Kara,66.0,Female,Mumbai,Maharashtra,2018-09-16,Retired,11400.0,Married,Online,Bronze
CUST004657,Sanaya,Chowdhury,34.0,Female,Jaipur,Rajasthan,2019-03-13,Homemaker,14800.0,Married,Online,Silver
CUST004658,Yatan,Gara,26.0,Male,Mumbai,Maharashtra,2018-12-24,Engineer,104400.0,Married,Mobile App,Gold
CUST004659,Dayamai,Kapur,41.0,Female,Chennai,Tamil Nadu,2018-11-02,Sales Executive,114100.0,Single,Store,Gold
CUST004660,Charan,Manda,28.0,Male,Pune,Maharashtra,2019-05-14,Student,10800.0,Married,Mobile App,Silver
CUST004661,Rachana,Bose,57.0,Female,Kanpur,Uttar Pradesh,2019-04-05,Engineer,200100.0,Widowed,Mobile App,Platinum
CUST004662,Osha,Dani,34.0,Female,Bengaluru,Karnataka,2020-04-24,Business Owner,412900.0,Married,Online,Platinum
CUST004663,Pranit,Chad,31.0,Male,Chennai,Tamil Nadu,2020-02-04,Business Owner,365100.0,Married,Store,Platinum
CUST004664,Anya,Dora,32.0,Male,Hyderabad,Telangana,2018-10-29,Sales Executive,99000.0,Married,Mobile App,Gold
CUST004665,Hemal,Sangha,47.0,Female,Udaipur,Rajasthan,2020-06-28,Student,15300.0,Single,Store,Bronze
CUST004666,Oliver,Golla,36.0,Male,Chennai,Tamil Nadu,2021-07-01,Student,14000.0,Single,Online,Bronze
CUST004667,Unnati,Doctor,30.0,Male,Jodhpur,Rajasthan,2019-05-03,IT Professional,152100.0,Married,Mobile App,Gold
CUST004668,Matthew,Mangat,60.0,Male,Mumbai,Maharashtra,2019-11-27,Retired,45600.0,Married,Online,Silver
CUST004669,Owen,Chawla,27.0,Male,Delhi,Delhi,2019-03-07,Homemaker,65800.0,Married,Mobile App,Silver
CUST004670,Lopa,Tata,38.0,Female,Madurai,Tamil Nadu,2021-05-25,Government Employee,78300.0,Married,Store,Silver
CUST004671,Raksha,Lanka,46.0,Female,Guwahati,Assam,2019-10-06,IT Professional,138800.0,Single,Online,Gold
CUST004672,Brinda,Agate,18.0,Female,Mumbai,Maharashtra,2026-07-11,Student,10400.0,Single,Mobile App,Bronze
CUST004673,Falguni,Din,44.0,Female,Mumbai,Maharashtra,2018-11-30,IT Professional,92000.0,Single,Online,Gold
CUST004674,Nathaniel,Divan,24.0,Male,Nagpur,Maharashtra,2021-04-18,Teacher,53200.0,Single,Mobile App,Silver
CUST004675,Saumya,Sekhon,49.0,Female,Howrah,West Bengal,2019-02-04,Student,17400.0,Married,Mobile App,Silver
CUST004676,Waida,Bhavsar,25.0,Female,Hyderabad,Telangana,2021-05-11,Teacher,38100.0,Married,Online,Bronze
CUST004677,Dayita,Sane,47.0,Female,Kanpur,Uttar Pradesh,2021-07-20,IT Professional,206800.0,Married,Online,Gold
CUST004678,Liam,Dhillon,52.0,Male,Mumbai,Maharashtra,2020-12-02,Retired,41700.0,Married,Store,Bronze
CUST004679,Chandani,Naidu,49.0,Female,Delhi,Delhi,2020-08-16,Retail Employee,34000.0,Married,Store,Silver
CUST004680,Eesha,Gopal,41.0,Female,Bengaluru,Karnataka,2019-09-30,Engineer,150100.0,Married,Store,Gold
CUST004681,Sanya,Pandit,35.0,Female,Kolkata,West Bengal,2021-03-25,Retired,23700.0,Married,Store,Bronze
CUST004682,Odika,Talwar,31.0,Female,Ahmedabad,Gujarat,2020-04-24,Self-Employed,60300.0,Married,Online,Silver
CUST004683,Simon,Srivastava,57.0,Male,Pune,Maharashtra,2021-01-04,Retired,52000.0,Married,Online,Silver
CUST004684,Triveni,Nath,29.0,Female,Guwahati,Assam,2019-01-22,Homemaker,17200.0,Single,Online,Silver
CUST004685,Ekantika,Korpal,25.0,Female,Mysuru,Karnataka,2021-06-28,IT Professional,122700.0,Married,Store,Silver
CUST004686,Rehaan,Sahota,47.0,Male,Ahmedabad,Gujarat,2020-07-22,Business Owner,392500.0,Married,Online,Gold
CUST004687,Yadavi,Yohannan,28.0,Female,Coimbatore,Tamil Nadu,2019-09-24,Retail Employee,27800.0,Single,Mobile App,Silver
CUST004688,Yatin,Walia,26.0,Male,Delhi,Delhi,2018-11-20,IT Professional,60200.0,Single,Online,Silver
CUST004689,Ishwar,Rajagopalan,19.0,Male,Chandigarh,Chandigarh,2025-08-16,Retail Employee,21400.0,Single,Mobile App,Bronze
CUST004690,Chakrika,Sama,32.0,Female,Kanpur,Uttar Pradesh,2018-12-09,IT Professional,65800.0,Single,Mobile App,Gold
CUST004691,Imaran,Chahal,37.0,Male,Hyderabad,Telangana,2021-06-08,Business Owner,275300.0,Single,Mobile App,Gold
CUST004692,Jacob,Pathak,41.0,Male,Kolkata,West Bengal,2019-02-07,Business Owner,169800.0,Married,Mobile App,Platinum
CUST004693,Aadhya,Jani,50.0,Female,New Delhi,Delhi,2019-04-15,Government Employee,65800.0,Married,Mobile App,Gold
CUST004694,Abhiram,Patil,45.0,Male,Ahmedabad,Gujarat,2018-12-01,Sales Executive,78800.0,Divorced,Online,Gold
CUST004695,Warjas,Deol,36.0,Male,Bengaluru,Karnataka,2020-09-09,IT Professional,164600.0,Married,Mobile App,Gold
CUST004696,Christopher,Bhasin,38.0,Male,Varanasi,Uttar Pradesh,2018-11-21,Retail Employee,39100.0,Married,Mobile App,Silver
CUST004697,Owen,Patel,45.0,Male,Delhi,Delhi,2020-06-01,Sales Executive,64700.0,Married,Online,Silver
CUST004698,Ekiya,Menon,55.0,Female,Mumbai,Maharashtra,2019-09-21,IT Professional,172400.0,Single,Mobile App,Gold
CUST004699,Veda,Dhawan,40.0,Female,Bengaluru,Karnataka,2020-05-08,Self-Employed,208800.0,Married,Mobile App,Gold
CUST004700,Ucchal,Kibe,32.0,Female,Delhi,Delhi,2020-05-05,Engineer,174000.0,Married,Online,Platinum
CUST004701,Jagrati,Kapur,25.0,Female,Chennai,Tamil Nadu,2019-12-26,Teacher,56400.0,Single,Mobile App,Silver
CUST004702,Ayaan,Devi,19.0,Male,Delhi,Delhi,2025-08-16,Retail Employee,17600.0,Single,Store,Bronze
CUST004703,Dhriti,Dhar,47.0,Female,Jaipur,Rajasthan,2019-04-01,Engineer,126300.0,Married,Mobile App,Gold
CUST004704,Saanvi,Bal,38.0,Female,Delhi,Delhi,2019-09-22,IT Professional,201800.0,Married,Online,Platinum
CUST004705,Unnati,Prabhu,46.0,Female,Ahmedabad,Gujarat,2019-07-22,Student,36000.0,Married,Online,Silver
CUST004706,Avni,Cherian,36.0,Female,Kolkata,West Bengal,2020-12-06,Student,55500.0,Single,Mobile App,Silver
CUST004707,Bina,Sood,56.0,Female,Ludhiana,Punjab,2018-09-19,Student,13800.0,Married,Store,Silver
CUST004708,Gaurangi,Balan,32.0,Female,Ludhiana,Punjab,2019-08-24,Sales Executive,46400.0,Married,Mobile App,Silver
CUST004709,Ethan,Pau,50.0,Male,Bhopal,Madhya Pradesh,2021-01-12,Teacher,57300.0,Married,Store,Silver
CUST004710,Ekta,Brar,37.0,Male,Jaipur,Rajasthan,2019-05-17,Engineer,136600.0,Married,Mobile App,Gold
CUST004711,Jason,Bose,30.0,Male,Hyderabad,Telangana,2021-02-07,Sales Executive,103900.0,Married,Mobile App,Silver
CUST004712,Abeer,Saha,46.0,Male,Vadodara,Gujarat,2021-06-08,Retail Employee,39400.0,Married,Mobile App,Silver
CUST004713,Falan,Gopal,43.0,Male,Bhubaneswar,Odisha,2020-01-16,Engineer,132700.0,Married,Store,Gold
CUST004714,Wahab,Dey,43.0,Male,Mumbai,Maharashtra,2019-12-19,Self-Employed,264700.0,Married,Store,Platinum
CUST004715,Mason,Singhal,39.0,Male,Coimbatore,Tamil Nadu,2021-01-21,Self-Employed,124700.0,Single,Mobile App,Gold
CUST004716,Samesh,Nazareth,38.0,Male,Delhi,Delhi,2020-07-31,IT Professional,99000.0,Married,Online,Silver
CUST004717,Vamakshi,Arya,69.0,Female,Kolkata,West Bengal,2018-10-15,Business Owner,217700.0,Married,Store,Platinum
CUST004718,Mekhala,Choudhry,53.0,Female,Chennai,Tamil Nadu,2020-10-08,Self-Employed,147000.0,Married,Mobile App,Gold
CUST004719,Nachiket,Bhasin,47.0,Other,Kolkata,West Bengal,2021-02-27,Self-Employed,187700.0,Married,Mobile App,Gold
CUST004720,Amol,Ghose,39.0,Male,Madurai,Tamil Nadu,2018-08-25,Self-Employed,188500.0,Single,Mobile App,Platinum
CUST004721,Yashasvi,Dyal,51.0,Female,Bhubaneswar,Odisha,2020-09-19,Teacher,50400.0,Single,Store,Silver
CUST004722,Aashi,Randhawa,45.0,Female,Madurai,Tamil Nadu,2019-08-02,Retired,34600.0,Married,Mobile App,Silver
CUST004723,Siddharth,Sha,38.0,Male,Chandigarh,Chandigarh,2020-12-06,IT Professional,117800.0,Divorced,Online,Silver
CUST004724,Leela,Thaker,34.0,Female,Bengaluru,Karnataka,2019-12-22,Student,16000.0,Married,Online,Bronze
CUST004725,Niharika,Karan,37.0,Female,Warangal,Telangana,2020-06-19,Teacher,47200.0,Married,Online,Silver
CUST004726,Siddharth,Dugar,18.0,Male,Chennai,Tamil Nadu,2026-07-11,Student,5700.0,Single,Online,Bronze
CUST004727,Madhavi,Chanda,41.0,Female,Bengaluru,Karnataka,2020-04-29,Retail Employee,38300.0,Married,Mobile App,Silver
CUST004728,Yutika,Purohit,32.0,Female,Hyderabad,Telangana,2019-11-15,Government Employee,60600.0,Divorced,Online,Silver
CUST004729,Dev,Kakar,59.0,Male,Kolkata,West Bengal,2018-10-16,Student,17100.0,Divorced,Store,Silver
CUST004730,Sai,Bhalla,38.0,Male,Kolkata,West Bengal,2018-08-28,Doctor,229800.0,Married,Online,Gold
CUST004731,Imaran,Ramanathan,23.0,Male,Howrah,West Bengal,2021-08-16,Student,11200.0,Married,Online,Bronze
CUST004732,George,Brahmbhatt,37.0,Male,Mysuru,Karnataka,2019-02-14,Retail Employee,28900.0,Single,Online,Silver
CUST004733,Vinaya,Sood,24.0,Female,Bengaluru,Karnataka,2020-08-16,Student,12800.0,Single,Mobile App,Bronze
CUST004734,Nirja,Ravel,44.0,Female,Kolkata,West Bengal,2019-11-03,Student,18200.0,Divorced,Mobile App,Bronze
CUST004735,Ranveer,Gala,42.0,Male,Pune,Maharashtra,2020-07-01,Government Employee,83200.0,Married,Online,Silver
CUST004736,Avni,Prabhu,50.0,Female,New Delhi,Delhi,2020-06-03,Engineer,186300.0,Widowed,Online,Gold
CUST004737,Simon,Hayer,28.0,Male,Mumbai,Maharashtra,2021-02-23,Homemaker,5700.0,Single,Mobile App,Bronze
CUST004738,Krishna,Chopra,38.0,Male,Mumbai,Maharashtra,2019-11-28,Sales Executive,99900.0,Married,Store,Gold
CUST004739,Charles,Brahmbhatt,20.0,Male,Delhi,Delhi,2024-08-16,Sales Executive,50000.0,Married,Online,Bronze
CUST004740,Radhika,Nayak,47.0,Male,Mumbai,Maharashtra,2021-01-21,Retail Employee,31500.0,Married,Online,Bronze
CUST004741,Akshay,Khatri,45.0,Male,Delhi,Delhi,2020-01-01,Government Employee,72200.0,Married,Store,Silver
CUST004742,Lohit,Gaba,44.0,Male,Ahmedabad,Gujarat,2018-09-15,Student,11100.0,Single,Store,Silver
CUST004743,Chatresh,Bhattacharyya,38.0,Male,Mumbai,Maharashtra,2019-06-25,Self-Employed,208700.0,Married,Store,Gold
CUST004744,Jagvi,Apte,43.0,Female,Warangal,Telangana,2020-03-07,Student,18500.0,Divorced,Mobile App,Silver
CUST004745,Dayamai,Guha,59.0,Other,Kochi,Kerala,2018-11-16,Engineer,162500.0,Married,Online,Gold
CUST004746,Harrison,Bali,34.0,Male,Jodhpur,Rajasthan,2019-11-25,Government Employee,53800.0,Single,Store,Gold
CUST004747,Jai,Luthra,40.0,Male,Bengaluru,Karnataka,2021-03-21,Government Employee,86300.0,Single,Online,Silver
CUST004748,Chaman,Basu,24.0,Female,Thiruvananthapuram,Kerala,2020-08-16,Retired,18300.0,Married,Store,Silver
CUST004749,Warhi,Bath,27.0,Female,Bengaluru,Karnataka,2021-01-30,Self-Employed,91500.0,Married,Mobile App,Silver
CUST004750,Arjun,Murty,38.0,Male,Mumbai,Maharashtra,2019-04-28,Self-Employed,221600.0,Married,Online,Platinum
CUST004751,Charita,More,38.0,Female,Ludhiana,Punjab,2018-09-21,Engineer,148800.0,Single,Store,Gold
CUST004752,Aarna,Parikh,35.0,Female,Bhopal,Madhya Pradesh,2020-07-17,Sales Executive,98000.0,Married,Online,Gold
CUST004753,Lohit,Rao,35.0,Male,Chennai,Tamil Nadu,2020-04-27,Engineer,121500.0,Married,Online,Gold
CUST004754,Yamini,Hayer,33.0,Female,Ahmedabad,Gujarat,2020-05-11,Homemaker,20100.0,Single,Online,Silver
CUST004755,Nisha,Raman,31.0,Female,Ahmedabad,Gujarat,2020-10-08,Government Employee,75400.0,Married,Store,Silver
CUST004756,Rachana,Dayal,42.0,Female,Delhi,Delhi,2019-03-30,Engineer,104600.0,Married,Mobile App,Gold
CUST004757,Chanakya,Narula,19.0,Male,Delhi,Delhi,2025-08-16,Retail Employee,22000.0,Single,Mobile App,Bronze
CUST004758,Samar,Thakur,55.0,Male,Chennai,Tamil Nadu,2021-06-07,IT Professional,205600.0,Widowed,Mobile App,Silver
CUST004759,Chandresh,Thakkar,29.0,Male,Kochi,Kerala,2019-02-09,Sales Executive,54700.0,Married,Mobile App,Silver
CUST004760,Falan,Bajwa,47.0,Male,Mumbai,Maharashtra,2021-01-23,Homemaker,15500.0,Married,Store,Bronze
CUST004761,Sai,Sood,21.0,Female,Udaipur,Rajasthan,2023-08-17,Student,9700.0,Single,Mobile App,Bronze
CUST004762,Anjali,Mannan,47.0,Female,Mumbai,Maharashtra,2020-06-30,IT Professional,138900.0,Divorced,Online,Silver
CUST004763,Gaurika,Doshi,47.0,Female,Chennai,Tamil Nadu,2019-10-11,IT Professional,196900.0,Married,Store,Platinum
CUST004764,Ubika,Brar,43.0,Other,Howrah,West Bengal,2021-05-23,Sales Executive,80500.0,Married,Store,Silver
CUST004765,Chakradhar,Kata,25.0,Male,Ahmedabad,Gujarat,2020-08-04,Engineer,101200.0,Married,Online,Gold
CUST004766,Janaki,Dhaliwal,41.0,Female,Mumbai,Maharashtra,2019-03-21,Student,13900.0,Divorced,Online,Silver
CUST004767,Gaurika,Thaker,23.0,Female,Hyderabad,Telangana,2021-08-16,Engineer,122200.0,Single,Mobile App,Silver
CUST004768,Onkar,Sem,35.0,Male,Kolkata,West Bengal,2018-11-29,Student,12800.0,Married,Store,Bronze
CUST004769,Ekaja,Nori,51.0,Female,Mumbai,Maharashtra,2019-11-25,Self-Employed,230800.0,Married,Store,Gold
CUST004770,Maanav,Parsa,48.0,Male,Pune,Maharashtra,2018-11-03,Teacher,56100.0,Married,Store,Silver
CUST004771,Upasna,Baral,38.0,Female,Ahmedabad,Gujarat,2018-09-05,IT Professional,97400.0,Single,Online,Gold
CUST004772,Sara,Khare,25.0,Female,Chennai,Tamil Nadu,2020-04-06,Self-Employed,178000.0,Single,Mobile App,Gold
CUST004773,Hemang,Borde,46.0,Male,Nagpur,Maharashtra,2019-12-06,Student,11600.0,Married,Mobile App,Bronze
CUST004774,Ganga,Tank,38.0,Female,Coimbatore,Tamil Nadu,2019-02-13,Retail Employee,33300.0,Married,Store,Silver
CUST004775,Chasmum,Aurora,18.0,Female,Kochi,Kerala,2026-07-11,Student,7100.0,Single,Online,Bronze
CUST004776,Ekbal,More,48.0,Male,Mumbai,Maharashtra,2019-01-15,Government Employee,66300.0,Divorced,Online,Gold
CUST004777,Caleb,Tara,38.0,Male,Howrah,West Bengal,2019-11-07,Teacher,61500.0,Married,Online,Silver
CUST004778,Champak,Sha,54.0,Male,Mumbai,Maharashtra,2019-06-13,Retired,16900.0,Married,Store,Silver
CUST004779,Nirja,Gara,24.0,Female,Mumbai,Maharashtra,2021-05-21,Self-Employed,95700.0,Single,Online,Silver
CUST004780,Neelima,Edwin,18.0,Female,Pune,Maharashtra,2026-07-11,Sales Executive,42500.0,Single,Mobile App,Bronze
CUST004781,Bhavna,Mammen,42.0,Female,Hyderabad,Telangana,2020-09-10,Sales Executive,102300.0,Married,Online,Silver
CUST004782,Rajata,Pandit,42.0,Female,Lucknow,Uttar Pradesh,2019-03-18,Teacher,39400.0,Married,Store,Silver
CUST004783,Chanchal,Bobal,18.0,Female,Bengaluru,Karnataka,2026-07-11,Student,8800.0,Single,Online,Bronze
CUST004784,Gaurav,Sharma,25.0,Male,Kolkata,West Bengal,2020-10-19,Government Employee,74300.0,Single,Mobile App,Silver
CUST004785,Leela,Solanki,74.0,Female,Hyderabad,Telangana,2018-10-07,Self-Employed,200100.0,Married,Mobile App,Platinum
CUST004786,Kabir,Sathe,34.0,Male,Delhi,Delhi,2019-05-01,Doctor,158800.0,Married,Store,Gold
CUST004787,Ekaraj,Dasgupta,48.0,Male,Chennai,Tamil Nadu,2018-09-01,Government Employee,72900.0,Married,Online,Gold
CUST004788,Widisha,Baral,30.0,Female,Jodhpur,Rajasthan,2020-07-13,Student,57900.0,Married,Online,Silver
CUST004789,Qabil,Mangat,18.0,Male,Varanasi,Uttar Pradesh,2026-07-11,Student,12200.0,Single,Online,Bronze
CUST004790,Suhani,Rege,36.0,Female,Chandigarh,Chandigarh,2019-10-16,IT Professional,149900.0,Single,Store,Gold
CUST004791,Eiravati,Sastry,38.0,Female,Mysuru,Karnataka,2019-07-25,Sales Executive,69500.0,Single,Store,Gold
CUST004792,Qadim,Vala,33.0,Male,Jodhpur,Rajasthan,2021-07-05,Teacher,41200.0,Single,Mobile App,Silver
CUST004793,Naksh,Prakash,37.0,Male,Delhi,Delhi,2020-10-01,Sales Executive,47000.0,Married,Store,Silver
CUST004794,Chakrika,Sachdev,41.0,Female,Surat,Gujarat,2018-11-24,IT Professional,132600.0,Married,Mobile App,Gold
CUST004795,Yashica,Sengupta,36.0,Female,Guwahati,Assam,2020-05-09,Business Owner,397800.0,Married,Mobile App,Gold
CUST004796,Karan,Basak,22.0,Male,Mumbai,Maharashtra,2022-08-17,Sales Executive,57600.0,Single,Online,Silver
CUST004797,Ayush,Konda,44.0,Male,Warangal,Telangana,2020-12-25,Sales Executive,71200.0,Married,Online,Silver
CUST004798,Aarna,Dubey,18.0,Female,Ahmedabad,Gujarat,2026-07-11,Student,65800.0,Single,Mobile App,Bronze
CUST004799,Damini,Mannan,18.0,Female,Ahmedabad,Gujarat,2026-07-11,Student,11700.0,Single,Mobile App,Bronze
CUST004800,Raghav,Dutt,48.0,Male,Delhi,Delhi,2019-04-19,IT Professional,127000.0,Married,Mobile App,Gold
CUST004801,Ryan,Bora,45.0,Male,Amritsar,Punjab,2020-06-07,IT Professional,218800.0,Married,Online,Gold
CUST004802,Jasmit,Rama,37.0,Female,Kolkata,West Bengal,2018-11-26,Engineer,114600.0,Married,Store,Gold
CUST004803,Vedhika,Chander,20.0,Female,Nagpur,Maharashtra,2024-08-16,Sales Executive,38600.0,Single,Mobile App,Bronze
CUST004804,Ikshita,Shukla,29.0,Other,Mumbai,Maharashtra,2019-08-01,Retail Employee,22800.0,Single,Mobile App,Silver
CUST004805,Vinaya,Warrior,35.0,Female,Udaipur,Rajasthan,2021-05-04,IT Professional,145100.0,Married,Store,Silver
CUST004806,Vidhi,Chopra,18.0,Female,Pune,Maharashtra,2026-07-11,Student,11700.0,Single,Store,Bronze
CUST004807,Brijesh,Gole,28.0,Male,Pune,Maharashtra,2018-12-27,Sales Executive,78900.0,Married,Online,Gold
CUST004808,Darika,Ranganathan,46.0,Female,Kolkata,West Bengal,2021-02-02,Homemaker,3300.0,Married,Online,Bronze
CUST004809,Tarak,Iyengar,38.0,Male,Kolkata,West Bengal,2019-05-31,IT Professional,168900.0,Married,Store,Platinum
CUST004810,Suhani,Narasimhan,33.0,Female,Ahmedabad,Gujarat,2021-07-19,Retail Employee,28000.0,Single,Mobile App,Bronze
CUST004811,Bachittar,Nadig,48.0,Male,Hyderabad,Telangana,2018-11-05,Self-Employed,275000.0,Married,Mobile App,Platinum
CUST004812,Onveer,Sunder,18.0,Male,Udaipur,Rajasthan,2026-07-11,Retail Employee,23200.0,Single,Mobile App,Bronze
CUST004813,Jagvi,Soni,47.0,Female,Amritsar,Punjab,2020-07-24,Teacher,52700.0,Married,Online,Silver
CUST004814,Deepa,Mallick,28.0,Female,Bengaluru,Karnataka,2021-04-21,Sales Executive,56600.0,Married,Mobile App,Bronze
CUST004815,Utkarsh,Barad,42.0,Male,Ahmedabad,Gujarat,2019-08-26,Homemaker,17100.0,Widowed,Mobile App,Silver
CUST004816,Garima,Singhal,35.0,Female,Thiruvananthapuram,Kerala,2021-07-15,Engineer,84800.0,Married,Online,Silver
CUST004817,Elijah,Kala,55.0,Male,Ahmedabad,Gujarat,2020-03-06,Engineer,166200.0,Married,Store,Gold
CUST004818,Nathaniel,Balay,27.0,Male,Ahmedabad,Gujarat,2020-10-22,Government Employee,74800.0,Single,Store,Silver
CUST004819,Sachi,Bhatia,46.0,Female,Delhi,Delhi,2020-03-16,Engineer,121300.0,Married,Online,Gold
CUST004820,Pratyush,Sani,34.0,Male,Coimbatore,Tamil Nadu,2021-07-27,IT Professional,68900.0,Single,Online,Silver
CUST004821,Vritti,Kala,36.0,Female,Kolkata,West Bengal,2021-06-21,Government Employee,67300.0,Married,Online,Silver
CUST004822,Avi,Kakar,36.0,Male,Ahmedabad,Gujarat,2021-07-30,Student,12200.0,Single,Mobile App,Bronze
CUST004823,Alka,Sampath,27.0,Female,Ludhiana,Punjab,2019-10-08,Government Employee,69700.0,Widowed,Store,Silver
CUST004824,Lopa,Krishnan,38.0,Female,Mumbai,Maharashtra,2019-12-12,Retail Employee,27700.0,Married,Mobile App,Silver
CUST004825,Gaurang,Chacko,37.0,Male,Mumbai,Maharashtra,2020-12-04,Engineer,124900.0,Married,Mobile App,Silver
CUST004826,Ekavir,Biswas,41.0,Male,Pune,Maharashtra,2019-09-08,Engineer,97300.0,Married,Mobile App,Gold
CUST004827,Mahika,Ravel,39.0,Female,Vadodara,Gujarat,2018-12-21,Engineer,105400.0,Married,Online,Gold
CUST004828,Chaitaly,Misra,48.0,Female,Pune,Maharashtra,2020-10-16,Teacher,59300.0,Married,Online,Silver
CUST004829,Upkaar,Saini,50.0,Male,Kolkata,West Bengal,2019-02-17,IT Professional,169500.0,Married,Store,Gold
CUST004830,Zaitra,Kala,24.0,Female,Bengaluru,Karnataka,2020-08-16,Student,58800.0,Single,Mobile App,Silver
CUST004831,Kai,Gour,49.0,Male,Chennai,Tamil Nadu,2021-07-10,IT Professional,128200.0,Divorced,Online,Silver
CUST004832,Avi,Chanda,23.0,Male,Delhi,Delhi,2021-08-16,Retired,15400.0,Single,Mobile App,Bronze
CUST004833,Tanish,Oommen,46.0,Male,Bhopal,Madhya Pradesh,2020-02-07,Student,130900.0,Married,Store,Gold
CUST004834,Manthan,Gala,46.0,Male,Kolkata,West Bengal,2019-06-06,Engineer,185400.0,Married,Mobile App,Platinum
CUST004835,Ira,Palla,18.0,Female,Guwahati,Assam,2026-07-11,Student,10200.0,Single,Mobile App,Bronze
CUST004836,Ubika,Subramaniam,38.0,Female,Kolkata,West Bengal,2018-09-04,Doctor,147300.0,Single,Online,Gold
CUST004837,Vyanjana,Wason,32.0,Female,Pune,Maharashtra,2019-07-28,Student,110100.0,Single,Store,Gold
CUST004838,Gaurika,Sarkar,28.0,Female,Delhi,Delhi,2020-07-04,Homemaker,13600.0,Married,Store,Bronze
CUST004839,Raagini,Ramachandran,56.0,Female,Ludhiana,Punjab,2021-05-02,Retired,25900.0,Married,Store,Bronze
CUST004840,Aashi,Issac,30.0,Female,Surat,Gujarat,2021-01-30,Government Employee,48100.0,Married,Online,Silver
CUST004841,Brinda,Dhillon,28.0,Female,Mumbai,Maharashtra,2020-02-29,Engineer,108400.0,Married,Online,Gold
CUST004842,Ojasvi,Nadig,39.0,Female,Ahmedabad,Gujarat,2020-02-21,IT Professional,163800.0,Single,Mobile App,Gold
CUST004843,Advika,Dora,47.0,Female,Hyderabad,Telangana,2019-04-28,Engineer,173500.0,Married,Online,Platinum
CUST004844,Veer,Divan,36.0,Male,Bengaluru,Karnataka,2019-06-13,Retail Employee,26000.0,Married,Store,Silver
CUST004845,Yahvi,Nadig,53.0,Female,Nagpur,Maharashtra,2021-01-08,Sales Executive,85800.0,Married,Online,Silver
CUST004846,Deepa,Ray,45.0,Female,Varanasi,Uttar Pradesh,2019-11-03,Sales Executive,84900.0,Married,Mobile App,Gold
CUST004847,Lekha,Verma,18.0,Female,Mumbai,Maharashtra,2026-07-11,Student,12000.0,Single,Mobile App,Bronze
CUST004848,Aadhya,Seshadri,31.0,Female,Bengaluru,Karnataka,2020-06-06,Government Employee,54700.0,Single,Online,Silver
CUST004849,Edhitha,Sengupta,31.0,Female,Bengaluru,Karnataka,2019-05-02,Retail Employee,21700.0,Married,Mobile App,Silver
CUST004850,Gunbir,Bansal,44.0,Other,Nagpur,Maharashtra,2020-06-04,Doctor,199100.0,Married,Mobile App,Gold
CUST004851,Ikbal,Guha,18.0,Male,Chennai,Tamil Nadu,2026-07-11,Student,13400.0,Single,Mobile App,Bronze
CUST004852,Ucchal,Ganesan,71.0,Female,Mumbai,Maharashtra,2018-09-12,Homemaker,13300.0,Married,Store,Silver
CUST004853,Ranbir,Kalita,45.0,Male,Bengaluru,Karnataka,2019-10-21,Doctor,208300.0,Married,Mobile App,Platinum
CUST004854,Priya,Kadakia,40.0,Female,Thiruvananthapuram,Kerala,2021-03-10,Engineer,148500.0,Married,Store,Silver
CUST004855,Ikshita,Atwal,53.0,Female,Bengaluru,Karnataka,2020-06-26,Engineer,145500.0,Married,Store,Gold
CUST004856,Qasim,Patla,68.0,Male,Hyderabad,Telangana,2021-08-06,Retired,18900.0,Divorced,Store,Bronze
CUST004857,Abhiram,Mittal,49.0,Male,Chennai,Tamil Nadu,2019-10-26,Sales Executive,107500.0,Divorced,Store,Gold
CUST004858,Nikita,Thakkar,50.0,Female,Kolkata,West Bengal,2019-02-28,Engineer,65800.0,Married,Online,Gold
CUST004859,David,Tata,40.0,Male,Lucknow,Uttar Pradesh,2019-09-26,Retired,55700.0,Married,Store,Silver
CUST004860,Vedant,Sachdev,36.0,Male,Delhi,Delhi,2019-04-08,Engineer,74100.0,Married,Store,Gold
CUST004861,Tripti,Pandey,32.0,Female,Bhopal,Madhya Pradesh,2019-03-24,Business Owner,189800.0,Married,Store,Platinum
CUST004862,Patrick,Sandhu,27.0,Male,Jaipur,Rajasthan,2019-01-27,Student,16100.0,Married,Mobile App,Silver
CUST004863,Oliver,Comar,29.0,Male,Ahmedabad,Gujarat,2020-10-28,Student,65800.0,Divorced,Store,Silver
CUST004864,Hema,Shanker,20.0,Female,Pune,Maharashtra,2024-08-16,Retail Employee,19000.0,Single,Online,Bronze
CUST004865,Tanish,Prakash,37.0,Male,Mumbai,Maharashtra,2019-08-31,Student,191400.0,Single,Online,Gold
CUST004866,Gaurang,Gaba,18.0,Male,Kolkata,West Bengal,2026-07-11,Retail Employee,19900.0,Single,Mobile App,Bronze
CUST004867,Urmi,Raj,40.0,Female,Bhopal,Madhya Pradesh,2018-08-30,Government Employee,77400.0,Married,Mobile App,Gold
CUST004868,Meghana,Sarkar,38.0,Female,Kolkata,West Bengal,2018-10-10,Homemaker,3000.0,Married,Mobile App,Silver
CUST004869,Meghana,Chaudhary,40.0,Female,Delhi,Delhi,2019-11-26,Retired,48300.0,Married,Online,Silver
CUST004870,Chameli,Chawla,38.0,Female,Pune,Maharashtra,2019-02-04,Student,15100.0,Married,Store,Silver
CUST004871,Chanchal,Babu,75.0,Female,Ahmedabad,Gujarat,2020-11-03,Homemaker,20100.0,Married,Store,Bronze
CUST004872,Samesh,Chawla,56.0,Male,Ahmedabad,Gujarat,2020-05-17,Government Employee,91500.0,Married,Mobile App,Silver
CUST004873,Yuvraj,Chaudhry,22.0,Male,Delhi,Delhi,2022-08-17,Retail Employee,21700.0,Married,Mobile App,Bronze
CUST004874,Tristan,Thakur,41.0,Male,Mumbai,Maharashtra,2020-01-24,Teacher,46100.0,Married,Mobile App,Silver
CUST004875,Amol,Mann,30.0,Male,Hyderabad,Telangana,2020-02-20,Student,19900.0,Married,Store,Silver
CUST004876,Ucchal,Kakar,25.0,Female,Kolkata,West Bengal,2020-12-26,Retail Employee,22900.0,Married,Store,Bronze
CUST004877,Jasmit,Sha,21.0,Female,Ahmedabad,Gujarat,2023-08-17,Student,8200.0,Single,Mobile App,Bronze
CUST004878,Rayaan,Contractor,44.0,Male,Lucknow,Uttar Pradesh,2021-04-09,IT Professional,197600.0,Single,Online,Gold
CUST004879,Indira,Singh,29.0,Female,Kolkata,West Bengal,2021-06-10,Teacher,43000.0,Married,Mobile App,Silver
CUST004880,David,Panchal,51.0,Male,Pune,Maharashtra,2020-06-20,Engineer,208200.0,Married,Online,Gold
CUST004881,Vincent,Sachar,51.0,Male,Ahmedabad,Gujarat,2020-05-24,Retail Employee,27200.0,Married,Store,Silver
CUST004882,Siya,Amble,38.0,Female,Amritsar,Punjab,2020-08-31,Business Owner,65800.0,Married,Online,Platinum
CUST004883,Rachit,Kapur,27.0,Male,Patna,Bihar,2020-11-07,Retired,45300.0,Married,Mobile App,Silver
CUST004884,Zehaan,Mander,38.0,Male,Bhopal,Madhya Pradesh,2020-08-10,Self-Employed,173900.0,Married,Mobile App,Gold
CUST004885,Krish,Lalla,46.0,Male,Bengaluru,Karnataka,2021-02-18,Sales Executive,117700.0,Married,Online,Silver
CUST004886,Mitesh,Sachdeva,32.0,Male,Vadodara,Gujarat,2020-05-31,Teacher,60000.0,Married,Online,Silver
CUST004887,Kavya,Agrawal,28.0,Female,Chandigarh,Chandigarh,2018-11-29,Teacher,41500.0,Married,Mobile App,Silver
CUST004888,Triya,Bali,59.0,Female,Ahmedabad,Gujarat,2020-12-13,IT Professional,237800.0,Married,Online,Gold
CUST004889,Abhimanyu,Bal,41.0,Male,New Delhi,Delhi,2019-07-28,Student,13200.0,Married,Mobile App,Silver
CUST004890,Faraj,Prasad,46.0,Male,Guwahati,Assam,2021-03-14,Homemaker,3900.0,Single,Mobile App,Bronze
CUST004891,Yochana,Nadkarni,27.0,Female,Chennai,Tamil Nadu,2020-07-24,Retail Employee,20300.0,Married,Mobile App,Bronze
CUST004892,Oviya,Garde,22.0,Female,Pune,Maharashtra,2022-08-17,Sales Executive,88100.0,Single,Mobile App,Silver
CUST004893,Tanveer,Khurana,31.0,Male,Pune,Maharashtra,2018-10-25,Student,8000.0,Married,Mobile App,Bronze
CUST004894,Rohan,Hans,36.0,Male,Ahmedabad,Gujarat,2020-05-04,Self-Employed,90300.0,Single,Store,Gold
CUST004895,Shravya,Behl,24.0,Female,Warangal,Telangana,2020-08-16,Retail Employee,33400.0,Single,Mobile App,Silver
CUST004896,Upadhriti,Dave,38.0,Female,Pune,Maharashtra,2019-10-26,Student,17000.0,Married,Online,Silver
CUST004897,Robert,Ghose,18.0,Male,Vadodara,Gujarat,2026-07-11,Retail Employee,22100.0,Single,Store,Bronze
CUST004898,Tamanna,Nadkarni,23.0,Female,Jodhpur,Rajasthan,2021-08-16,Government Employee,45600.0,Married,Mobile App,Silver
CUST004899,Fariq,Sarkar,47.0,Male,Surat,Gujarat,2020-08-02,Business Owner,233200.0,Widowed,Online,Gold
CUST004900,Kala,Chaudhary,46.0,Female,Delhi,Delhi,2021-06-28,Engineer,92000.0,Divorced,Online,Silver
CUST004901,Edhitha,Thaman,33.0,Female,Ahmedabad,Gujarat,2020-09-21,Student,28100.0,Single,Store,Silver
CUST004902,Dhriti,Ramanathan,25.0,Female,Mumbai,Maharashtra,2020-08-13,Sales Executive,38600.0,Married,Store,Silver
CUST004903,Kalpit,Dutt,25.0,Male,Bengaluru,Karnataka,2021-05-07,IT Professional,138200.0,Single,Online,Silver
CUST004904,Neel,Jani,33.0,Male,Hyderabad,Telangana,2019-10-07,Business Owner,402000.0,Married,Online,Platinum
CUST004905,Chakradhar,Chander,46.0,Male,Varanasi,Uttar Pradesh,2020-08-01,IT Professional,65800.0,Married,Online,Gold
CUST004906,Amara,Sarkar,50.0,Female,Hyderabad,Telangana,2019-09-27,Engineer,65800.0,Married,Online,Gold
CUST004907,Abdul,Dua,32.0,Male,Mumbai,Maharashtra,2021-08-09,Government Employee,45500.0,Single,Mobile App,Bronze
CUST004908,Akshay,Brar,23.0,Male,Mysuru,Karnataka,2021-08-16,Retail Employee,16600.0,Single,Online,Bronze
CUST004909,Rayaan,Bakshi,41.0,Male,Chennai,Tamil Nadu,2021-02-10,Engineer,143600.0,Married,Online,Gold
CUST004910,Eiravati,Setty,38.0,Female,Guwahati,Assam,2019-08-25,IT Professional,85400.0,Married,Mobile App,Gold
CUST004911,Praneel,Grover,31.0,Male,Guwahati,Assam,2019-06-24,IT Professional,121300.0,Married,Store,Gold
CUST004912,Jagdish,Kapadia,55.0,Male,Delhi,Delhi,2021-02-09,Doctor,65800.0,Married,Store,Gold
CUST004913,Manthan,Hari,38.0,Male,Delhi,Delhi,2021-04-16,Business Owner,392200.0,Single,Online,Gold
CUST004914,Krisha,Radhakrishnan,40.0,Female,Nagpur,Maharashtra,2021-03-02,Student,17400.0,Married,Online,Bronze
CUST004915,Leena,Behl,21.0,Female,Jodhpur,Rajasthan,2023-08-17,Student,10600.0,Single,Online,Bronze
CUST004916,Mahika,Butala,41.0,Female,Mumbai,Maharashtra,2021-02-13,IT Professional,177600.0,Married,Store,Gold
CUST004917,Eshana,Bajaj,52.0,Female,Pune,Maharashtra,2019-08-09,Student,23000.0,Widowed,Mobile App,Bronze
CUST004918,Dalaja,Choudhry,33.0,Female,Coimbatore,Tamil Nadu,2020-05-12,Government Employee,49300.0,Married,Mobile App,Silver
CUST004919,Victor,Das,56.0,Male,New Delhi,Delhi,2020-01-05,Student,20600.0,Married,Store,Silver
CUST004920,Damyanti,Dhar,55.0,Female,Pune,Maharashtra,2021-06-25,Retired,55500.0,Married,Mobile App,Silver
CUST004921,Lohit,Lala,60.0,Male,Hyderabad,Telangana,2019-01-16,Business Owner,529700.0,Widowed,Store,Platinum
CUST004922,Gautam,Chander,42.0,Male,Bengaluru,Karnataka,2021-02-10,Student,13300.0,Married,Store,Bronze
CUST004923,Brinda,Talwar,46.0,Female,Chennai,Tamil Nadu,2020-07-18,Student,15700.0,Married,Mobile App,Bronze
CUST004924,Pratyush,Johal,56.0,Male,Amritsar,Punjab,2021-05-29,Business Owner,238200.0,Married,Mobile App,Gold
CUST004925,Rohan,Chaudhuri,44.0,Male,Pune,Maharashtra,2021-03-19,IT Professional,170900.0,Married,Online,Gold
CUST004926,Yatan,Bains,31.0,Male,Hyderabad,Telangana,2019-08-18,Self-Employed,65800.0,Married,Store,Gold
CUST004927,Triveni,Borah,32.0,Female,Thiruvananthapuram,Kerala,2019-07-19,Sales Executive,70500.0,Married,Online,Silver
CUST004928,Yagnesh,Bose,41.0,Male,Bhopal,Madhya Pradesh,2019-08-05,Engineer,107100.0,Married,Store,Gold
CUST004929,Jagrati,Saini,21.0,Female,Hyderabad,Telangana,2023-08-17,Student,8900.0,Single,Online,Bronze
CUST004930,Riya,Murthy,36.0,Female,Ahmedabad,Gujarat,2018-10-08,Self-Employed,142400.0,Single,Online,Gold
CUST004931,Varenya,Dyal,52.0,Female,Pune,Maharashtra,2020-02-08,Homemaker,21000.0,Married,Store,Silver
CUST004932,Gautam,Misra,18.0,Male,Ahmedabad,Gujarat,2026-07-11,Student,12100.0,Single,Online,Bronze
CUST004933,Aashi,Gokhale,58.0,Female,Amritsar,Punjab,2020-11-18,Doctor,246800.0,Married,Online,Gold
CUST004934,Amol,Dalal,53.0,Male,Coimbatore,Tamil Nadu,2021-04-30,Teacher,44700.0,Married,Store,Silver
CUST004935,Onveer,Palan,32.0,Male,Chennai,Tamil Nadu,2019-12-25,Teacher,53200.0,Single,Online,Silver
CUST004936,Wyatt,Ahluwalia,45.0,Male,Delhi,Delhi,2020-09-05,Business Owner,118300.0,Single,Mobile App,Gold
CUST004937,Gauri,Vig,38.0,Female,Howrah,West Bengal,2020-01-20,Sales Executive,62300.0,Married,Mobile App,Silver
CUST004938,Joshua,Dara,54.0,Male,Kolkata,West Bengal,2021-01-02,Engineer,101600.0,Married,Store,Silver
CUST004939,Gopal,Balan,51.0,Male,Ahmedabad,Gujarat,2019-02-10,Self-Employed,118500.0,Married,Store,Gold
CUST004940,Advay,Vasa,20.0,Male,Mumbai,Maharashtra,2024-08-16,Student,12000.0,Single,Mobile App,Bronze
CUST004941,Faraj,Kalita,46.0,Male,Madurai,Tamil Nadu,2020-08-28,Retail Employee,37600.0,Married,Mobile App,Silver
CUST004942,Rajata,Contractor,35.0,Female,Kolkata,West Bengal,2019-02-05,Engineer,106000.0,Divorced,Online,Gold
CUST004943,Janani,Balan,39.0,Female,Delhi,Delhi,2019-01-03,Retail Employee,65800.0,Married,Online,Silver
CUST004944,Omisha,Devi,29.0,Female,Delhi,Delhi,2018-08-21,Engineer,141600.0,Single,Online,Gold
CUST004945,Imaran,Chacko,61.0,Male,Bengaluru,Karnataka,2020-08-06,Retired,22300.0,Widowed,Online,Silver
CUST004946,Dev,Loyal,52.0,Male,Ahmedabad,Gujarat,2019-05-11,Self-Employed,276100.0,Married,Store,Platinum
CUST004947,Mahika,Subramaniam,28.0,Female,Kolkata,West Bengal,2020-12-09,Student,202600.0,Married,Mobile App,Gold
CUST004948,Harish,Chanda,21.0,Male,Varanasi,Uttar Pradesh,2023-08-17,Student,10000.0,Single,Online,Bronze
CUST004949,Priya,Menon,33.0,Female,Bengaluru,Karnataka,2019-07-06,Retail Employee,35800.0,Single,Online,Silver
CUST004950,Vivaan,Tandon,44.0,Male,Kochi,Kerala,2019-05-27,Engineer,99700.0,Divorced,Online,Gold
CUST004951,Urmi,Vala,41.0,Female,Vadodara,Gujarat,2021-01-01,Retired,49900.0,Married,Mobile App,Silver
CUST004952,Ryan,Hans,54.0,Male,Hyderabad,Telangana,2019-01-29,Engineer,193000.0,Married,Mobile App,Platinum
CUST004953,Jeremiah,Ghose,48.0,Male,Pune,Maharashtra,2020-05-12,Student,16900.0,Married,Mobile App,Bronze
CUST004954,Ira,Mand,51.0,Male,New Delhi,Delhi,2020-12-22,Student,16700.0,Married,Store,Bronze
CUST004955,Shravya,Chauhan,42.0,Female,Bhubaneswar,Odisha,2019-12-31,Teacher,45100.0,Married,Online,Silver
CUST004956,Nachiket,Gandhi,38.0,Male,Bengaluru,Karnataka,2024-08-16,Student,13400.0,Single,Store,Bronze
CUST004957,Ishanvi,Sura,35.0,Female,Bengaluru,Karnataka,2018-09-22,Student,65800.0,Married,Online,Platinum
CUST004958,Upma,Sehgal,52.0,Female,Delhi,Delhi,2019-05-19,Self-Employed,157700.0,Married,Mobile App,Gold
CUST004959,Siddharth,Magar,38.0,Male,Lucknow,Uttar Pradesh,2021-08-10,Government Employee,84700.0,Married,Mobile App,Silver
CUST004960,Nathaniel,Chokshi,45.0,Male,Bengaluru,Karnataka,2021-03-22,Teacher,51400.0,Married,Online,Silver
CUST004961,Rehaan,Sanghvi,38.0,Male,Bengaluru,Karnataka,2021-05-25,Government Employee,75700.0,Married,Online,Silver
CUST004962,Harish,Pandit,25.0,Male,Hyderabad,Telangana,2021-04-27,Sales Executive,74400.0,Single,Online,Silver
CUST004963,Ridhi,Bhatt,36.0,Female,Warangal,Telangana,2020-06-23,IT Professional,110600.0,Married,Online,Gold
CUST004964,Umang,Ganesh,42.0,Male,Hyderabad,Telangana,2020-08-10,Doctor,135900.0,Married,Store,Gold
CUST004965,Anay,Vaidya,29.0,Male,Chennai,Tamil Nadu,2021-04-14,IT Professional,143000.0,Married,Mobile App,Gold
CUST004966,Jonathan,Rout,35.0,Male,Lucknow,Uttar Pradesh,2018-12-24,Engineer,72000.0,Married,Mobile App,Gold
CUST004967,Nandini,Wali,26.0,Female,Kanpur,Uttar Pradesh,2019-10-12,Teacher,32100.0,Single,Online,Silver
CUST004968,Patrick,Rao,53.0,Male,Jodhpur,Rajasthan,2019-03-28,Teacher,88600.0,Married,Store,Gold
CUST004969,Alexander,Contractor,34.0,Male,Pune,Maharashtra,2020-07-05,Engineer,146500.0,Single,Online,Gold
CUST004970,Gautam,Naidu,57.0,Male,Jodhpur,Rajasthan,2020-05-24,Engineer,156300.0,Single,Store,Gold
CUST004971,Upadhriti,Grewal,58.0,Female,Pune,Maharashtra,2020-09-02,Government Employee,82800.0,Married,Store,Silver
CUST004972,Praneel,Korpal,37.0,Male,Pune,Maharashtra,2020-04-23,Retail Employee,29000.0,Divorced,Mobile App,Silver
CUST004973,Bina,Kale,25.0,Female,Guwahati,Assam,2019-10-17,Teacher,45900.0,Single,Online,Silver
CUST004974,Quincy,Prabhu,18.0,Male,Kanpur,Uttar Pradesh,2026-07-11,Student,13400.0,Single,Mobile App,Bronze
CUST004975,Elijah,Murthy,19.0,Male,Madurai,Tamil Nadu,2025-08-16,Student,23200.0,Single,Mobile App,Bronze
CUST004976,Divya,Andra,20.0,Female,Bhopal,Madhya Pradesh,2024-08-16,Sales Executive,58100.0,Single,Mobile App,Silver
CUST004977,Nathaniel,Apte,56.0,Male,Ludhiana,Punjab,2020-03-20,Student,15000.0,Widowed,Online,Bronze
CUST004978,Omya,Kala,40.0,Female,Kolkata,West Bengal,2020-11-27,Government Employee,50600.0,Married,Store,Silver
CUST004979,Vidhi,Nagy,43.0,Female,Kolkata,West Bengal,2018-10-16,Retail Employee,44600.0,Married,Online,Silver
CUST004980,Kamala,Bhatti,18.0,Male,Jaipur,Rajasthan,2026-07-11,Student,9700.0,Divorced,Mobile App,Bronze
CUST004981,Sanya,Mander,22.0,Female,Delhi,Delhi,2022-08-17,Student,8500.0,Single,Mobile App,Bronze
CUST004982,Hitesh,Vyas,50.0,Male,Nagpur,Maharashtra,2019-05-22,Business Owner,427700.0,Married,Online,Platinum
CUST004983,Ikbal,Chauhan,42.0,Male,Jaipur,Rajasthan,2021-05-25,Government Employee,66600.0,Married,Store,Silver
CUST004984,Maya,Borde,36.0,Male,Mysuru,Karnataka,2021-06-03,Engineer,69200.0,Married,Store,Silver
CUST004985,Ucchal,Saran,45.0,Female,Pune,Maharashtra,2021-03-01,Sales Executive,102700.0,Married,Mobile App,Silver
CUST004986,Nitara,Nagarajan,59.0,Female,Bengaluru,Karnataka,2021-03-08,Sales Executive,108400.0,Married,Online,Silver
CUST004987,Hardik,Hegde,35.0,Male,Hyderabad,Telangana,2020-05-12,Homemaker,6700.0,Married,Store,Bronze
CUST004988,Aryan,Tak,39.0,Male,Bhubaneswar,Odisha,2021-02-25,Student,129500.0,Single,Mobile App,Silver
CUST004989,Yahvi,Batra,41.0,Female,Ahmedabad,Gujarat,2019-01-23,Sales Executive,65700.0,Married,Store,Gold
CUST004990,Laksh,Sama,69.0,Male,Coimbatore,Tamil Nadu,2019-11-22,Retired,10800.0,Married,Mobile App,Bronze
CUST004991,Darpan,Dash,18.0,Male,Bhubaneswar,Odisha,2026-07-11,Student,10700.0,Single,Online,Bronze
CUST004992,Upkaar,Garg,47.0,Male,Patna,Bihar,2021-06-01,Student,13300.0,Married,Store,Bronze
CUST004993,Omisha,Rajagopal,37.0,Female,Chennai,Tamil Nadu,2019-11-08,Business Owner,388400.0,Single,Online,Platinum
CUST004994,Jagat,Bail,45.0,Male,Patna,Bihar,2021-04-11,Sales Executive,83700.0,Married,Store,Silver
CUST004995,Meghana,Badami,29.0,Female,Hyderabad,Telangana,2019-05-25,Retail Employee,20700.0,Married,Mobile App,Silver
CUST004996,Aarnav,Shenoy,37.0,Male,Delhi,Delhi,2019-03-21,Engineer,155400.0,Married,Online,Gold
CUST004997,Meghana,Deep,47.0,Female,Delhi,Delhi,2019-12-29,Business Owner,171800.0,Married,Store,Platinum
CUST004998,Tamanna,Bansal,75.0,Female,Ahmedabad,Gujarat,2021-03-05,Homemaker,9500.0,Married,Store,Bronze
CUST004999,Anmol,Nazareth,49.0,Male,Chennai,Tamil Nadu,2019-04-07,Engineer,65800.0,Married,Mobile App,Gold
CUST005000,Adweta,Boase,27.0,Female,Ahmedabad,Gujarat,2020-09-13,Homemaker,20100.0,Married,Online,Bronze
