Customer_ID,First_Name,Last_Name,Age,City,Customer_Since,Income,Year,Month,Day,Loyalty_Tier_Gold,Loyalty_Tier_Platinum,Loyalty_Tier_Silver,Gender_Male,Gender_Other,Marital_Status_Married,Marital_Status_Single,Marital_Status_Widowed,Preferred_Channel_Online,Preferred_Channel_Store,Loyalty_Tier_Gold,Loyalty_Tier_Platinum,Loyalty_Tier_Silver,State_Bihar,State_Chandigarh,State_Delhi,State_Gujarat,State_Karnataka,State_Kerala,State_Madhya Pradesh,State_Maharashtra,State_Odisha,State_Punjab,State_Rajasthan,State_Tamil Nadu,State_Telangana,State_Uttar Pradesh,State_West Bengal,Occupation_Doctor,Occupation_Engineer,Occupation_Government Employee,Occupation_Homemaker,Occupation_IT Professional,Occupation_Retail Employee,Occupation_Retired,Occupation_Sales Executive,Occupation_Self-Employed,Occupation_Student,Occupation_Teacher,Age_group_Adult,Age_group_Middle_Age,Age_group_Old_Age,Income_bin_Medium,Income_bin_High,Income_bin_Very High
CUST000001,Daksh,Bakshi,44.0,Mysuru,2019-01-26,49000.0,2019,1,26,0,0,1,1,0,1,0,0,1,0,0,0,1,0,0,0,0,1,0,0,0,0,0,0,0,0,0,0,0,0,0,0,0,0,0,0,0,0,1,1,0,0,1,0,0
CUST000002,Laksh,Konda,36.0,Mysuru,2020-12-01,34900.0,2020,12,1,0,0,1,1,0,0,1,0,1,0,0,0,1,0,0,0,0,1,0,0,0,0,0,0,0,0,0,0,0,0,0,0,0,1,0,0,0,0,0,1,0,0,1,0,0
CUST000003,Isaac,Dewan,46.0,Madurai,2019-10-29,66600.0,2019,10,29,0,0,1,1,0,0,1,0,0,1,0,0,1,0,0,0,0,0,0,0,0,0,0,0,1,0,0,0,0,0,0,0,0,0,0,1,0,0,0,1,0,0,0,1,0
CUST000004,Charan,Chahal,58.0,Hyderabad,2019-01-21,127800.0,2019,1,21,1,0,0,1,0,1,0,0,1,0,1,0,0,0,0,0,0,0,0,0,0,0,0,0,0,1,0,0,0,0,0,0,1,0,0,0,0,0,0,0,1,0,0,1,0
CUST000005,Siddharth,Balay,35.0,Mumbai,2020-05-25,117900.0,2020,5,25,1,0,0,1,0,0,1,0,0,0,1,0,0,0,0,0,0,0,0,0,1,0,0,0,0,0,0,0,0,0,0,0,0,0,0,0,0,0,0,0,0,0,0,1,0
CUST000006,Amruta,Chander,35.0,Surat,2018-10-30,33600.0,2018,10,30,0,0,1,0,0,1,0,0,1,0,0,0,1,0,0,0,1,0,0,0,0,0,0,0,0,0,0,0,0,0,0,0,0,0,0,0,0,0,0,0,0,0,1,0,0
CUST000007,Janani,Kaul,59.0,Vadodara,2018-12-01,73800.0,2018,12,1,1,0,0,0,0,1,0,0,0,0,1,0,0,0,0,0,1,0,0,0,0,0,0,0,0,0,0,0,0,0,0,0,0,0,0,0,0,0,1,0,1,0,0,1,0
CUST000008,Yashawini,Bala,48.0,Vadodara,2020-12-31,97100.0,2020,12,31,0,0,1,0,0,1,0,0,0,1,0,0,1,0,0,0,1,0,0,0,0,0,0,0,0,0,0,0,0,0,0,0,0,0,0,0,0,0,0,1,0,0,0,1,0
CUST000009,Hardik,Saini,32.0,Mysuru,2020-11-05,66600.0,2020,11,5,0,0,1,1,0,1,0,0,1,0,0,0,1,0,0,0,0,1,0,0,0,0,0,0,0,0,0,0,0,0,0,0,0,0,0,0,0,0,1,0,0,0,0,1,0
CUST000010,Imaran,Sen,45.0,Chennai,2021-01-31,9300.0,2021,1,31,0,0,0,1,0,1,0,0,0,1,0,0,0,0,0,0,0,0,0,0,0,0,0,0,1,0,0,0,0,0,0,1,0,0,0,0,0,0,0,1,0,0,0,0,0
CUST000011,Liam,Ahuja,32.0,Hyderabad,2021-01-13,20700.0,2021,1,13,0,0,1,1,0,1,0,0,1,0,0,0,1,0,0,0,0,0,0,0,0,0,0,0,0,1,0,0,0,0,0,1,0,0,0,0,0,0,0,0,0,0,0,0,0
CUST000012,Nathaniel,Sami,32.0,Mumbai,2018-11-25,28500.0,2018,11,25,0,0,1,0,1,0,0,1,0,0,0,0,1,0,0,0,0,0,0,0,1,0,0,0,0,0,0,0,0,0,0,0,0,1,0,0,0,0,0,0,0,0,1,0,0
CUST000013,Panini,Mall,41.0,Kolkata,2018-10-31,24800.0,2018,10,31,0,0,1,0,0,1,0,0,0,0,0,0,1,0,0,0,0,0,0,0,0,0,0,0,0,0,0,1,0,0,0,0,0,1,0,0,0,0,0,1,0,0,0,0,0
CUST000014,Garima,Kale,18.0,Pune,2026-07-11,77200.0,2026,7,11,0,0,1,0,0,0,1,0,0,0,0,0,1,0,0,0,0,0,0,0,1,0,0,0,0,0,0,0,0,0,0,0,0,0,0,1,0,0,0,0,0,0,0,1,0
CUST000015,Om,Chaudry,18.0,Pune,2026-07-11,7400.0,2026,7,11,0,0,0,1,0,0,1,0,0,0,0,0,0,0,0,0,0,0,0,0,1,0,0,0,0,0,0,0,0,0,0,0,0,0,0,0,0,1,0,0,0,0,0,0,0
CUST000016,Charita,Rai,31.0,Jaipur,2019-12-07,15400.0,2019,12,7,0,0,0,0,0,1,0,0,1,0,0,0,0,0,0,0,0,0,0,0,0,0,0,1,0,0,0,0,0,0,0,0,0,0,0,0,0,1,0,0,0,0,0,0,0
CUST000017,Chanakya,Parmer,25.0,Mumbai,2020-06-14,54100.0,2020,6,14,0,0,1,1,0,0,0,0,1,0,0,0,1,0,0,0,0,0,0,0,1,0,0,0,0,0,0,0,0,0,1,0,0,0,0,0,0,0,0,0,0,0,1,0,0
CUST000018,Pooja,Lalla,42.0,Bhubaneswar,2019-09-24,165300.0,2019,9,24,0,1,0,0,0,1,0,0,0,1,0,1,0,0,0,0,0,0,0,0,0,1,0,0,0,0,0,0,0,1,0,0,0,0,0,0,0,0,0,1,0,0,0,0,1
CUST000019,Anya,Sharaf,26.0,Chennai,2018-10-13,118800.0,2018,10,13,1,0,0,0,0,0,1,0,1,0,1,0,0,0,0,0,0,0,0,0,0,0,0,0,1,0,0,0,0,0,0,0,0,0,0,0,1,0,0,0,0,0,0,1,0
CUST000020,Diya,Radhakrishnan,20.0,Amritsar,2024-08-16,12500.0,2024,8,16,0,0,0,0,0,0,1,0,0,0,0,0,0,0,0,0,0,0,0,0,0,0,1,0,0,0,0,0,0,0,0,0,0,0,0,0,0,1,0,0,0,0,0,0,0
CUST000021,Chaaya,Memon,57.0,Mumbai,2021-04-06,32000.0,2021,4,6,0,0,0,0,0,1,0,0,0,1,0,0,0,0,0,0,0,0,0,0,1,0,0,0,0,0,0,0,0,0,0,0,0,1,0,0,0,0,0,0,1,0,1,0,0
CUST000022,Pratyush,Handa,35.0,Kolkata,2021-07-11,107400.0,2021,7,11,0,0,1,1,0,1,0,0,0,1,0,0,1,0,0,0,0,0,0,0,0,0,0,0,0,0,0,1,0,0,0,0,0,0,0,1,0,0,0,0,0,0,0,1,0
CUST000023,Bhavya,Bath,39.0,Mysuru,2020-07-14,227800.0,2020,7,14,1,0,0,0,0,0,1,0,0,1,1,0,0,0,0,0,0,1,0,0,0,0,0,0,0,0,0,0,0,0,0,0,0,0,0,0,1,0,0,1,0,0,0,0,1
CUST000024,Jhalak,Mann,19.0,Varanasi,2025-08-16,14100.0,2025,8,16,0,0,0,0,0,1,0,0,1,0,0,0,0,0,0,0,0,0,0,0,0,0,0,0,0,0,1,0,0,0,0,0,0,0,0,0,0,1,0,0,0,0,0,0,0
CUST000025,Balveer,Kaul,31.0,Hyderabad,2020-05-01,176700.0,2020,5,1,1,0,0,1,0,1,0,0,0,0,1,0,0,0,0,0,0,0,0,0,0,0,0,0,0,1,0,0,0,0,0,0,0,0,0,0,1,0,0,0,0,0,0,0,1
CUST000026,Chandresh,Rai,39.0,New Delhi,2020-02-12,170700.0,2020,2,12,1,0,0,1,0,1,0,0,1,0,1,0,0,0,0,1,0,0,0,0,0,0,0,0,0,0,0,0,0,0,0,0,1,0,0,0,0,0,0,1,0,0,0,0,1
CUST000027,Liam,Setty,23.0,Chandigarh,2021-08-16,123900.0,2021,8,16,0,0,1,1,0,1,0,0,1,0,0,0,1,0,1,0,0,0,0,0,0,0,0,0,0,0,0,0,0,0,0,0,0,0,0,0,1,0,0,0,0,0,0,1,0
CUST000028,Qabil,Gaba,43.0,Hyderabad,2020-06-13,54800.0,2020,6,13,0,0,1,1,0,1,0,0,1,0,0,0,1,0,0,0,0,0,0,0,0,0,0,0,0,1,0,0,0,0,0,0,0,0,0,0,0,0,1,1,0,0,1,0,0
CUST000029,Qasim,Pant,30.0,Mumbai,2020-08-19,71500.0,2020,8,19,0,0,1,1,0,1,0,0,1,0,0,0,1,0,0,0,0,0,0,0,1,0,0,0,0,0,0,0,0,0,1,0,0,0,0,0,0,0,0,0,0,0,0,1,0
CUST000030,Jagrati,Loke,34.0,Hyderabad,2019-02-22,89900.0,2019,2,22,0,0,1,0,0,1,0,0,1,0,0,0,1,0,0,0,0,0,0,0,0,0,0,0,0,1,0,0,0,0,0,0,0,0,0,0,0,0,0,0,0,0,0,1,0
CUST000031,Balendra,Garg,30.0,Ahmedabad,2019-01-28,100200.0,2019,1,28,1,0,0,1,0,1,0,0,1,0,1,0,0,0,0,0,1,0,0,0,0,0,0,0,0,0,0,0,0,0,0,0,1,0,0,0,0,0,0,0,0,0,0,1,0
CUST000032,Jason,Gade,62.0,New Delhi,2020-12-04,6500.0,2020,12,4,0,0,0,1,0,0,0,0,0,0,0,0,0,0,0,1,0,0,0,0,0,0,0,0,0,0,0,0,0,0,0,1,0,0,0,0,0,0,0,0,1,0,0,0,0
CUST000033,Vedhika,Raghavan,38.0,Warangal,2020-09-05,58000.0,2020,9,5,0,0,1,0,0,1,0,0,0,1,0,0,1,0,0,0,0,0,0,0,0,0,0,0,0,1,0,0,0,0,0,0,0,0,0,0,0,0,1,1,0,0,1,0,0
CUST000034,Lopa,Kanda,24.0,Mumbai,2020-08-16,65000.0,2020,8,16,0,0,1,0,0,0,1,0,0,0,0,0,1,0,0,0,0,0,0,0,1,0,0,0,0,0,0,0,0,0,0,0,0,0,0,1,0,0,0,0,0,0,1,0,0
CUST000035,Omaja,Bhalla,49.0,Kolkata,2021-05-21,82100.0,2021,5,21,0,0,1,0,0,1,0,0,1,0,0,0,1,0,0,0,0,0,0,0,0,0,0,0,0,0,0,1,0,0,0,0,0,0,0,1,0,0,0,1,0,0,0,1,0
CUST000036,Ishwar,Balay,22.0,Jaipur,2022-08-17,9600.0,2022,8,17,0,0,0,1,0,0,1,0,1,0,0,0,0,0,0,0,0,0,0,0,0,0,0,1,0,0,0,0,0,0,0,0,0,0,0,0,0,1,0,0,0,0,0,0,0
CUST000037,Nisha,Rattan,41.0,Hyderabad,2020-04-12,107500.0,2020,4,12,1,0,0,0,0,0,1,0,1,0,1,0,0,0,0,0,0,0,0,0,0,0,0,0,0,1,0,0,0,0,0,0,0,0,0,0,1,0,0,1,0,0,0,1,0
CUST000038,Lipika,Bhatti,18.0,Hyderabad,2026-07-11,65800.0,2026,7,11,0,0,0,0,0,0,1,0,0,0,0,0,0,0,0,0,0,0,0,0,0,0,0,0,0,1,0,0,0,0,0,0,0,0,0,0,0,0,0,0,0,0,1,0,0
CUST000039,Hitesh,Murty,21.0,Pune,2023-08-17,88800.0,2023,8,17,0,0,1,1,0,0,1,0,0,0,0,0,1,0,0,0,0,0,0,0,1,0,0,0,0,0,0,0,0,0,0,0,0,0,0,1,0,0,0,0,0,0,0,1,0
CUST000040,Hitesh,Tata,41.0,Delhi,2020-05-08,222200.0,2020,5,8,0,1,0,1,0,1,0,0,1,0,0,1,0,0,0,1,0,0,0,0,0,0,0,0,0,0,0,0,0,0,0,0,1,0,0,0,0,0,0,1,0,0,0,0,1
CUST000041,Siya,Shanker,48.0,Nagpur,2019-05-12,343000.0,2019,5,12,0,1,0,0,0,1,0,0,1,0,0,1,0,0,0,0,0,0,0,0,1,0,0,0,0,0,0,0,0,0,0,0,0,0,0,0,0,0,0,1,0,0,0,0,1
CUST000042,Eshana,Lanka,40.0,Chennai,2019-02-08,162500.0,2019,2,8,1,0,0,0,0,1,0,0,1,0,1,0,0,0,0,0,0,0,0,0,0,0,0,0,1,0,0,0,0,0,0,0,1,0,0,0,0,0,0,1,0,0,0,0,1
CUST000043,Ekiya,Koshy,36.0,Coimbatore,2018-09-08,48600.0,2018,9,8,0,0,1,0,0,1,0,0,0,1,0,0,1,0,0,0,0,0,0,0,0,0,0,0,1,0,0,0,0,0,1,0,0,0,0,0,0,0,0,1,0,0,1,0,0
CUST000044,Lekha,Sangha,34.0,Guwahati,2021-05-27,65800.0,2021,5,27,0,0,0,0,0,0,0,0,0,0,0,0,0,0,0,0,0,0,0,0,0,0,0,0,0,0,0,0,0,0,0,0,0,1,0,0,0,0,0,0,0,0,1,0,0
CUST000045,Sudiksha,Pathak,19.0,Mumbai,2025-08-16,12400.0,2025,8,16,0,0,0,0,0,0,1,0,1,0,0,0,0,0,0,0,0,0,0,0,1,0,0,0,0,0,0,0,0,0,0,0,0,0,0,0,0,1,0,0,0,0,0,0,0
CUST000046,Januja,Devi,29.0,Kolkata,2019-05-10,157800.0,2019,5,10,1,0,0,0,0,1,0,0,0,0,1,0,0,0,0,0,0,0,0,0,0,0,0,0,0,0,0,1,0,0,0,0,0,0,0,0,1,0,0,0,0,0,0,0,1
CUST000047,Yatin,Chand,32.0,Coimbatore,2020-01-02,114800.0,2020,1,2,1,0,0,1,0,0,1,0,0,0,1,0,0,0,0,0,0,0,0,0,0,0,0,0,1,0,0,0,0,1,0,0,0,0,0,0,0,0,0,0,0,0,0,1,0
CUST000048,Arjun,Choudhary,52.0,Chennai,2020-08-22,225400.0,2020,8,22,1,0,0,1,0,1,0,0,0,1,1,0,0,0,0,0,0,0,0,0,0,0,0,0,1,0,0,0,1,0,0,0,0,0,0,0,0,0,0,0,1,0,0,0,1
CUST000049,Faraj,Dutta,42.0,Bhopal,2021-01-03,57500.0,2021,1,3,0,0,1,1,0,1,0,0,0,0,0,0,1,0,0,0,0,0,0,1,0,0,0,0,0,0,0,0,0,0,1,0,0,0,0,0,0,0,0,1,0,0,1,0,0
CUST000050,Udyati,Bhatt,18.0,Delhi,2026-07-11,9600.0,2026,7,11,0,0,0,0,0,0,1,0,0,1,0,0,0,0,0,1,0,0,0,0,0,0,0,0,0,0,0,0,0,0,0,0,0,0,0,0,0,1,0,0,0,0,0,0,0
CUST000051,Sanya,Raj,42.0,Mumbai,2020-05-03,13100.0,2020,5,3,0,0,0,0,0,1,0,0,1,0,0,0,0,0,0,0,0,0,0,0,1,0,0,0,0,0,0,0,0,0,0,0,0,0,0,0,0,1,0,1,0,0,0,0,0
CUST000052,Vinaya,Wadhwa,33.0,Ahmedabad,2021-02-03,236700.0,2021,2,3,1,0,0,0,0,0,1,0,1,0,1,0,0,0,0,0,1,0,0,0,0,0,0,0,0,0,0,0,0,0,0,0,0,0,0,0,1,0,0,0,0,0,0,0,1
CUST000053,Jeremiah,Apte,29.0,Mysuru,2018-09-25,22100.0,2018,9,25,0,0,1,1,0,1,0,0,0,1,0,0,1,0,0,0,0,1,0,0,0,0,0,0,0,0,0,0,0,0,0,0,0,0,1,0,0,0,0,0,0,0,0,0,0
CUST000054,Deepa,Yadav,46.0,Mumbai,2021-04-20,175300.0,2021,4,20,1,0,0,0,0,1,0,0,1,0,1,0,0,0,0,0,0,0,0,0,1,0,0,0,0,0,0,0,0,0,0,0,1,0,0,0,0,0,0,1,0,0,0,0,1
CUST000055,Kiaan,Oak,51.0,New Delhi,2018-09-01,15900.0,2018,9,1,0,0,1,1,0,1,0,0,0,1,0,0,1,0,0,1,0,0,0,0,0,0,0,0,0,0,0,0,0,0,0,0,0,0,0,0,0,1,0,0,1,0,0,0,0
CUST000056,Daksh,Memon,50.0,Bengaluru,2019-02-06,37000.0,2019,2,6,0,0,1,1,0,0,1,0,1,0,0,0,1,0,0,0,0,1,0,0,0,0,0,0,0,0,0,0,0,0,0,0,0,1,0,0,0,0,0,1,0,0,1,0,0
CUST000057,Urishilla,Dugar,27.0,Kolkata,2020-05-10,172700.0,2020,5,10,1,0,0,0,0,1,0,0,0,1,1,0,0,0,0,0,0,0,0,0,0,0,0,0,0,0,0,1,1,0,0,0,0,0,0,0,0,0,0,0,0,0,0,0,1
CUST000058,Vasana,Aggarwal,34.0,Delhi,2019-05-29,145100.0,2019,5,29,1,0,0,0,0,1,0,0,1,0,1,0,0,0,0,1,0,0,0,0,0,0,0,0,0,0,0,0,0,1,0,0,0,0,0,0,0,0,0,0,0,0,0,0,1
CUST000059,Adya,Tella,42.0,Hyderabad,2019-08-11,211500.0,2019,8,11,1,0,0,0,1,1,0,0,1,0,1,0,0,0,0,0,0,0,0,0,0,0,0,0,0,1,0,0,0,0,0,0,0,0,0,0,1,0,0,1,0,0,0,0,1
CUST000060,Gaurav,Tripathi,51.0,Chennai,2020-12-26,69400.0,2020,12,26,0,0,1,1,0,1,0,0,0,1,0,0,1,0,0,0,0,0,0,0,0,0,0,0,1,0,0,0,0,0,1,0,0,0,0,0,0,0,0,0,1,0,0,1,0
CUST000061,Damyanti,Misra,32.0,Chennai,2020-08-10,127400.0,2020,8,10,1,0,0,0,0,1,0,0,0,0,1,0,0,0,0,0,0,0,0,0,0,0,0,0,1,0,0,0,0,0,0,0,0,0,0,0,1,0,0,0,0,0,0,1,0
CUST000062,Zehaan,Issac,36.0,Amritsar,2020-02-01,173100.0,2020,2,1,1,0,0,1,0,0,1,0,0,0,1,0,0,0,0,0,0,0,0,0,0,0,1,0,0,0,0,0,1,0,0,0,0,0,0,0,0,0,0,1,0,0,0,0,1
CUST000063,Faraj,Prakash,24.0,Mumbai,2020-08-16,43000.0,2020,8,16,0,0,1,1,0,0,1,0,0,1,0,0,1,0,0,0,0,0,0,0,1,0,0,0,0,0,0,0,0,0,0,0,0,0,0,0,0,0,1,0,0,0,1,0,0
CUST000064,Gaurika,Zacharia,22.0,Guwahati,2022-08-17,7900.0,2022,8,17,0,0,0,0,0,0,1,0,0,0,0,0,0,0,0,0,0,0,0,0,0,0,0,0,0,0,0,0,0,0,0,0,0,0,0,0,0,1,0,0,0,0,0,0,0
CUST000065,Zilmil,Acharya,49.0,Kolkata,2020-03-16,38600.0,2020,3,16,0,0,1,0,0,1,0,0,1,0,0,0,1,0,0,0,0,0,0,0,0,0,0,0,0,0,0,1,0,0,0,0,0,1,0,0,0,0,0,1,0,0,1,0,0
CUST000066,Ojasvi,Suresh,38.0,Jodhpur,2020-04-18,163500.0,2020,4,18,1,0,0,0,0,1,0,0,0,1,1,0,0,0,0,0,0,0,0,0,0,0,0,1,0,0,0,0,0,0,0,0,1,0,0,0,0,0,0,1,0,0,0,0,1
CUST000067,Aditya,Choudhury,37.0,Hyderabad,2020-02-17,82200.0,2020,2,17,0,0,1,1,0,0,1,0,0,1,0,0,1,0,0,0,0,0,0,0,0,0,0,0,0,1,0,0,0,0,0,0,0,0,0,1,0,0,0,1,0,0,0,1,0
CUST000068,Radhika,Mohanty,51.0,Chennai,2020-04-27,115300.0,2020,4,27,1,0,0,1,0,1,0,0,0,1,1,0,0,0,0,0,0,0,0,0,0,0,0,0,1,0,0,0,0,0,0,0,1,0,0,0,0,0,0,0,1,0,0,1,0
CUST000069,Jagdish,Bhardwaj,43.0,Indore,2020-01-01,65800.0,2020,1,1,1,0,0,1,0,1,0,0,1,0,1,0,0,0,0,0,0,0,0,1,0,0,0,0,0,0,0,0,0,0,0,0,0,0,0,0,1,0,0,1,0,0,1,0,0
CUST000070,Kavya,Brar,30.0,Patna,2018-12-17,134400.0,2018,12,17,1,0,0,0,0,0,0,0,0,1,1,0,0,1,0,0,0,0,0,0,0,0,0,0,0,0,0,0,0,1,0,0,0,0,0,0,0,0,0,0,0,0,0,0,1
CUST000071,Brijesh,Sunder,43.0,Delhi,2019-09-23,37700.0,2019,9,23,0,0,1,1,0,0,0,0,0,0,0,0,1,0,0,1,0,0,0,0,0,0,0,0,0,0,0,0,0,0,0,0,0,1,0,0,0,0,0,1,0,0,1,0,0
CUST000072,Bakhshi,Walia,58.0,Delhi,2019-06-16,202200.0,2019,6,16,1,0,0,1,0,1,0,0,0,1,1,0,0,0,0,1,0,0,0,0,0,0,0,0,0,0,0,0,0,1,0,0,0,0,0,0,0,0,0,0,1,0,0,0,1
CUST000073,Edhitha,Dave,38.0,Chennai,2019-11-01,159000.0,2019,11,1,1,0,0,0,0,0,0,0,0,1,1,0,0,0,0,0,0,0,0,0,0,0,0,0,1,0,0,0,0,0,0,0,1,0,0,0,0,0,0,1,0,0,0,0,1
CUST000074,Vyanjana,Gandhi,38.0,Patna,2019-09-12,194800.0,2019,9,12,0,1,0,0,0,1,0,0,1,0,0,1,0,1,0,0,0,0,0,0,0,0,0,0,0,0,0,0,0,0,0,0,1,0,0,0,0,0,0,1,0,0,0,0,1
CUST000075,Kevin,Wable,18.0,Bengaluru,2026-07-11,15700.0,2026,7,11,0,0,0,1,0,1,0,0,0,1,0,0,0,0,0,0,0,1,0,0,0,0,0,0,0,0,0,0,0,0,0,0,0,0,0,0,0,1,0,0,0,0,0,0,0
CUST000076,Siddharth,Kakar,49.0,Ahmedabad,2021-07-18,196300.0,2021,7,18,1,0,0,1,0,1,0,0,0,1,1,0,0,0,0,0,1,0,0,0,0,0,0,0,0,0,0,0,0,0,0,0,1,0,0,0,0,0,0,1,0,0,0,0,1
CUST000077,Irya,Muni,39.0,Ahmedabad,2018-08-17,19100.0,2018,8,17,0,0,1,0,0,1,0,0,0,0,0,0,1,0,0,0,1,0,0,0,0,0,0,0,0,0,0,0,0,0,0,0,0,0,0,0,0,1,0,1,0,0,0,0,0
CUST000078,Ryan,Prakash,34.0,Udaipur,2021-07-10,8700.0,2021,7,10,0,0,0,1,0,1,0,0,1,0,0,0,0,0,0,0,0,0,0,0,0,0,0,1,0,0,0,0,0,0,0,0,0,0,0,0,0,1,0,0,0,0,0,0,0
CUST000079,Theodore,Varughese,39.0,Kolkata,2020-06-09,150700.0,2020,6,9,1,0,0,1,0,0,1,0,1,0,1,0,0,0,0,0,0,0,0,0,0,0,0,0,0,0,0,1,0,0,0,0,1,0,0,0,0,0,0,1,0,0,0,0,1
CUST000080,Upkaar,Dara,18.0,Hyderabad,2026-07-11,7900.0,2026,7,11,0,0,0,1,0,0,1,0,0,0,0,0,0,0,0,0,0,0,0,0,0,0,0,0,0,1,0,0,0,0,0,0,0,0,0,0,0,0,0,0,0,0,0,0,0
CUST000081,Jatin,Kar,35.0,Bhubaneswar,2021-05-02,97800.0,2021,5,2,0,0,1,1,0,0,1,0,0,1,0,0,1,0,0,0,0,0,0,0,0,1,0,0,0,0,0,0,0,0,0,0,0,0,0,1,0,0,0,0,0,0,0,1,0
CUST000082,Bhavika,Nigam,43.0,Kolkata,2019-03-31,49200.0,2019,3,31,0,0,1,0,0,0,0,1,1,0,0,0,1,0,0,0,0,0,0,0,0,0,0,0,0,0,0,1,0,0,0,0,0,0,0,0,0,0,1,1,0,0,1,0,0
CUST000083,Aishani,Karpe,57.0,Surat,2020-05-07,224000.0,2020,5,7,1,0,0,0,0,1,0,0,0,1,1,0,0,0,0,0,1,0,0,0,0,0,0,0,0,0,0,0,0,0,0,0,0,0,0,0,1,0,0,0,1,0,0,0,1
CUST000084,Januja,Amble,31.0,Mysuru,2019-03-22,77100.0,2019,3,22,0,0,1,0,0,1,0,0,1,0,0,0,1,0,0,0,0,1,0,0,0,0,0,0,0,0,0,0,0,1,0,0,0,0,0,0,0,0,0,0,0,0,0,1,0
CUST000085,Ekavir,Bhargava,27.0,Ahmedabad,2020-10-21,65800.0,2020,10,21,1,0,0,0,1,1,0,0,0,0,1,0,0,0,0,0,1,0,0,0,0,0,0,0,0,0,0,0,0,0,0,0,0,0,0,0,0,0,0,0,0,0,1,0,0
CUST000086,Ishwar,Bir,31.0,New Delhi,2020-11-08,67700.0,2020,11,8,0,0,1,1,0,0,1,0,1,0,0,0,1,0,0,1,0,0,0,0,0,0,0,0,0,0,0,0,0,0,1,0,0,0,0,0,0,0,0,0,0,0,0,1,0
CUST000087,Amol,Narayanan,50.0,Delhi,2020-11-14,14200.0,2020,11,14,0,0,0,1,0,1,0,0,0,1,0,0,0,0,0,1,0,0,0,0,0,0,0,0,0,0,0,0,0,0,0,1,0,0,0,0,0,0,0,1,0,0,0,0,0
CUST000088,Balendra,Varkey,42.0,Ahmedabad,2019-10-11,99800.0,2019,10,11,1,0,0,1,0,1,0,0,0,0,1,0,0,0,0,0,1,0,0,0,0,0,0,0,0,0,0,0,0,1,0,0,0,0,0,0,0,0,0,1,0,0,0,1,0
CUST000089,Jagat,Mallick,31.0,Chennai,2019-03-07,125200.0,2019,3,7,1,0,0,1,0,0,1,0,1,0,1,0,0,0,0,0,0,0,0,0,0,0,0,0,1,0,0,0,0,0,0,0,0,0,0,0,1,0,0,0,0,0,0,1,0
CUST000090,Xavier,Kala,45.0,Ahmedabad,2020-04-08,62900.0,2020,4,8,0,0,1,1,0,1,0,0,1,0,0,0,1,0,0,0,1,0,0,0,0,0,0,0,0,0,0,0,0,0,0,0,0,0,0,0,0,0,1,1,0,0,1,0,0
CUST000091,Ekaja,Solanki,39.0,Bengaluru,2020-06-27,37300.0,2020,6,27,0,0,1,0,0,0,1,0,0,0,0,0,1,0,0,0,0,1,0,0,0,0,0,0,0,0,0,0,0,0,0,0,0,1,0,0,0,0,0,1,0,0,1,0,0
CUST000092,Keya,Solanki,51.0,Kolkata,2018-09-14,155600.0,2018,9,14,0,1,0,0,0,1,0,0,1,0,0,1,0,0,0,0,0,0,0,0,0,0,0,0,0,0,0,1,1,0,0,0,0,0,0,0,0,0,0,0,1,0,0,0,1
CUST000093,Samar,Gupta,29.0,Warangal,2021-04-10,12700.0,2021,4,10,0,0,0,1,0,1,0,0,1,0,0,0,0,0,0,0,0,0,0,0,0,0,0,0,0,1,0,0,0,0,0,0,0,0,0,0,0,1,0,0,0,0,0,0,0
CUST000094,Charvi,Chatterjee,34.0,Kolkata,2020-03-01,177500.0,2020,3,1,1,0,0,0,0,1,0,0,1,0,1,0,0,0,0,0,0,0,0,0,0,0,0,0,0,0,0,1,0,0,0,0,1,0,0,0,0,0,0,0,0,0,0,0,1
CUST000095,Upasna,Pandya,33.0,Bengaluru,2020-05-26,28200.0,2020,5,26,0,0,1,0,0,0,0,0,0,0,0,0,1,0,0,0,0,1,0,0,0,0,0,0,0,0,0,0,0,0,0,0,0,1,0,0,0,0,0,0,0,0,1,0,0
CUST000096,Udyati,Roy,19.0,Ahmedabad,2025-08-16,18100.0,2025,8,16,0,0,0,0,0,1,0,0,0,0,0,0,0,0,0,0,1,0,0,0,0,0,0,0,0,0,0,0,0,0,0,0,0,1,0,0,0,0,0,0,0,0,0,0,0
CUST000097,Vinaya,Bhagat,42.0,Lucknow,2020-10-26,4500.0,2020,10,26,0,0,0,0,0,1,0,0,0,0,0,0,0,0,0,0,0,0,0,0,0,0,0,0,0,0,1,0,0,0,0,1,0,0,0,0,0,0,0,1,0,0,0,0,0
CUST000098,Chavvi,Bhat,41.0,New Delhi,2021-07-16,65800.0,2021,7,16,0,0,1,0,0,1,0,0,0,0,0,0,1,0,0,1,0,0,0,0,0,0,0,0,0,0,0,0,0,0,0,0,1,0,0,0,0,0,0,1,0,0,1,0,0
CUST000099,Tamanna,Nori,38.0,Bengaluru,2018-12-29,232400.0,2018,12,29,0,1,0,0,0,1,0,0,0,0,0,1,0,0,0,0,0,1,0,0,0,0,0,0,0,0,0,0,0,0,0,0,0,0,0,0,1,0,0,1,0,0,0,0,1
CUST000100,Darika,Kothari,38.0,Ahmedabad,2019-10-20,149900.0,2019,10,20,1,0,0,0,0,0,1,0,0,0,1,0,0,0,0,0,1,0,0,0,0,0,0,0,0,0,0,0,0,0,0,0,1,0,0,0,0,0,0,1,0,0,0,0,1
CUST000101,Inaya,Gupta,20.0,Ahmedabad,2024-08-16,6700.0,2024,8,16,0,0,0,0,0,0,1,0,0,0,0,0,0,0,0,0,1,0,0,0,0,0,0,0,0,0,0,0,0,0,0,0,0,0,0,0,0,1,0,0,0,0,0,0,0
CUST000102,Udarsh,Dey,33.0,Ahmedabad,2020-01-23,111200.0,2020,1,23,1,0,0,1,0,1,0,0,0,0,1,0,0,0,0,0,1,0,0,0,0,0,0,0,0,0,0,0,0,0,0,0,0,0,0,1,0,0,0,0,0,0,0,1,0
CUST000103,Siddharth,Goswami,34.0,Ahmedabad,2019-10-29,76000.0,2019,10,29,0,0,1,1,0,1,0,0,0,1,0,0,1,0,0,0,1,0,0,0,0,0,0,0,0,0,0,0,0,0,0,0,0,0,0,1,0,0,0,0,0,0,0,1,0
CUST000104,Maya,Shere,28.0,Hyderabad,2019-07-10,72100.0,2019,7,10,0,0,1,0,0,0,1,0,0,1,0,0,1,0,0,0,0,0,0,0,0,0,0,0,0,1,0,0,0,0,0,0,0,0,0,0,1,0,0,0,0,0,0,1,0
CUST000105,Jeet,Borra,36.0,Hyderabad,2018-11-25,79700.0,2018,11,25,0,0,1,1,0,1,0,0,0,0,0,0,1,0,0,0,0,0,0,0,0,0,0,0,0,1,0,0,0,0,1,0,0,0,0,0,0,0,0,1,0,0,0,1,0
CUST000106,Timothy,Chaudhari,43.0,New Delhi,2021-05-08,112800.0,2021,5,8,0,0,1,1,0,0,1,0,0,0,0,0,1,0,0,1,0,0,0,0,0,0,0,0,0,0,0,0,0,1,0,0,0,0,0,0,0,0,0,1,0,0,0,1,0
CUST000107,Arya,Zachariah,63.0,Nagpur,2020-08-19,25200.0,2020,8,19,0,0,0,0,0,0,0,0,1,0,0,0,0,0,0,0,0,0,0,0,1,0,0,0,0,0,0,0,0,0,0,0,0,0,1,0,0,0,0,0,1,0,0,0,0
CUST000108,Abhimanyu,Chander,40.0,Ahmedabad,2019-07-01,97300.0,2019,7,1,0,0,1,1,0,1,0,0,1,0,0,0,1,0,0,0,1,0,0,0,0,0,0,0,0,0,0,0,0,0,0,0,1,0,0,0,0,0,0,1,0,0,0,1,0
CUST000109,Kashish,Ganesan,41.0,Pune,2018-10-01,141500.0,2018,10,1,0,1,0,0,0,1,0,0,1,0,0,1,0,0,0,0,0,0,0,0,1,0,0,0,0,0,0,0,0,0,0,0,1,0,0,0,0,0,0,1,0,0,0,0,1
CUST000110,Tanvi,Sunder,37.0,Thiruvananthapuram,2018-09-07,174300.0,2018,9,7,0,1,0,0,0,1,0,0,0,1,0,1,0,0,0,0,0,0,1,0,0,0,0,0,0,0,0,0,0,0,0,0,0,0,0,0,1,0,0,1,0,0,0,0,1
CUST000111,Warda,Kala,18.0,Kanpur,2026-07-11,23800.0,2026,7,11,0,0,0,0,0,1,0,0,1,0,0,0,0,0,0,0,0,0,0,0,0,0,0,0,0,0,1,0,0,0,0,0,0,0,0,1,0,0,0,0,0,0,0,0,0
CUST000112,Sai,Bhargava,38.0,Chandigarh,2021-01-16,127100.0,2021,1,16,0,0,1,1,0,0,1,0,0,0,0,0,1,0,1,0,0,0,0,0,0,0,0,0,0,0,0,0,0,0,0,0,1,0,0,0,0,0,0,1,0,0,0,1,0
CUST000113,Fitan,Raghavan,39.0,Patna,2021-04-08,9800.0,2021,4,8,0,0,0,1,0,1,0,0,1,0,0,0,0,1,0,0,0,0,0,0,0,0,0,0,0,0,0,0,0,0,0,0,0,0,0,0,0,1,0,1,0,0,0,0,0
CUST000114,Aadhya,Ramakrishnan,70.0,Hyderabad,2018-10-15,166500.0,2018,10,15,0,1,0,0,0,1,0,0,0,1,0,1,0,0,0,0,0,0,0,0,0,0,0,0,0,1,0,0,0,0,0,0,0,0,0,0,1,0,0,0,0,1,0,0,1
CUST000115,Libni,Sha,35.0,Chandigarh,2020-04-28,22800.0,2020,4,28,0,0,1,0,0,1,0,0,1,0,0,0,1,0,1,0,0,0,0,0,0,0,0,0,0,0,0,0,0,0,0,0,0,1,0,0,0,0,0,0,0,0,0,0,0
CUST000116,Bhavika,Sampath,42.0,Nagpur,2021-01-15,104800.0,2021,1,15,0,0,1,0,1,1,0,0,0,1,0,0,1,0,0,0,0,0,0,0,1,0,0,0,0,0,0,0,0,1,0,0,0,0,0,0,0,0,0,1,0,0,0,1,0
CUST000117,Yagnesh,Dubey,38.0,Mumbai,2018-10-28,12000.0,2018,10,28,0,0,1,1,0,0,1,0,0,1,0,0,1,0,0,0,0,0,0,0,1,0,0,0,0,0,0,0,0,0,0,0,0,0,0,0,0,1,0,1,0,0,0,0,0
CUST000118,Girish,Minhas,23.0,Jodhpur,2021-08-16,154200.0,2021,8,16,1,0,0,1,0,1,0,0,0,0,1,0,0,0,0,0,0,0,0,0,0,0,0,1,0,0,0,0,0,0,0,0,1,0,0,0,0,0,0,0,0,0,0,0,1
CUST000119,Janani,Bhardwaj,53.0,Mumbai,2019-06-09,39900.0,2019,6,9,0,0,1,0,0,1,0,0,0,1,0,0,1,0,0,0,0,0,0,0,1,0,0,0,0,0,0,0,0,0,0,0,0,0,1,0,0,0,0,0,1,0,1,0,0
CUST000120,Azaan,Murthy,48.0,Ludhiana,2019-10-01,41700.0,2019,10,1,0,0,1,1,0,0,1,0,0,0,0,0,1,0,0,0,0,0,0,0,0,0,1,0,0,0,0,0,0,0,0,0,0,1,0,0,0,0,0,1,0,0,1,0,0
CUST000121,Barkha,Bedi,48.0,Ahmedabad,2021-05-12,214000.0,2021,5,12,1,0,0,0,0,1,0,0,0,1,1,0,0,0,0,0,1,0,0,0,0,0,0,0,0,0,0,0,0,0,0,0,1,0,0,0,0,0,0,1,0,0,0,0,1
CUST000122,William,Thakkar,26.0,Vadodara,2020-08-10,50000.0,2020,8,10,0,0,1,1,0,1,0,0,0,0,0,0,1,0,0,0,1,0,0,0,0,0,0,0,0,0,0,0,0,0,1,0,0,0,0,0,0,0,0,0,0,0,1,0,0
CUST000123,Farhan,Bhandari,56.0,Delhi,2021-03-05,113500.0,2021,3,5,0,0,1,1,0,1,0,0,0,1,0,0,1,0,0,1,0,0,0,0,0,0,0,0,0,0,0,0,0,0,0,0,0,0,0,1,0,0,0,0,1,0,0,1,0
CUST000124,Banjeet,Grewal,38.0,Ahmedabad,2024-08-16,52900.0,2024,8,16,0,0,1,1,0,0,1,0,0,0,0,0,1,0,0,0,1,0,0,0,0,0,0,0,0,0,0,0,0,0,0,0,0,0,0,1,0,0,0,1,0,0,1,0,0
CUST000125,Bakhshi,Bir,46.0,Mumbai,2020-03-11,91000.0,2020,3,11,1,0,0,1,0,1,0,0,0,1,1,0,0,0,0,0,0,0,0,0,1,0,0,0,0,0,0,0,0,0,1,0,0,0,0,0,0,0,0,1,0,0,0,1,0
CUST000126,Kamya,Raval,66.0,Varanasi,2021-08-12,27000.0,2021,8,12,0,0,0,0,0,1,0,0,0,1,0,0,0,0,0,0,0,0,0,0,0,0,0,0,0,0,1,0,0,0,0,0,0,0,1,0,0,0,0,0,0,1,1,0,0
CUST000127,Dipta,Koshy,25.0,Delhi,2019-08-17,65800.0,2019,8,17,0,0,1,0,0,1,0,0,0,1,0,0,1,0,0,1,0,0,0,0,0,0,0,0,0,0,0,0,0,1,0,0,0,0,0,0,0,0,0,0,0,0,1,0,0
CUST000128,Anmol,Bumb,31.0,Ahmedabad,2020-07-29,50600.0,2020,7,29,0,0,1,1,0,1,0,0,1,0,0,0,1,0,0,0,1,0,0,0,0,0,0,0,0,0,0,0,0,0,0,0,0,0,0,0,0,0,1,0,0,0,1,0,0
CUST000129,Ubika,Virk,39.0,Delhi,2020-11-06,335600.0,2020,11,6,1,0,0,0,0,0,1,0,0,1,1,0,0,0,0,1,0,0,0,0,0,0,0,0,0,0,0,0,1,0,0,0,0,0,0,0,0,0,0,1,0,0,0,0,1
CUST000130,Nakul,Lal,31.0,Mumbai,2020-12-16,14200.0,2020,12,16,0,0,0,1,0,1,0,0,1,0,0,0,0,0,0,0,0,0,0,0,1,0,0,0,0,0,0,0,0,0,0,0,0,0,0,0,0,1,0,0,0,0,0,0,0
CUST000131,Ishani,Murthy,18.0,Chennai,2026-07-11,12000.0,2026,7,11,0,0,0,0,0,0,1,0,0,0,0,0,0,0,0,0,0,0,0,0,0,0,0,0,1,0,0,0,0,0,0,0,0,0,0,0,0,1,0,0,0,0,0,0,0
CUST000132,Jagdish,Lanka,39.0,Delhi,2018-08-17,284300.0,2018,8,17,0,1,0,1,0,1,0,0,1,0,0,1,0,0,0,1,0,0,0,0,0,0,0,0,0,0,0,0,1,0,0,0,0,0,0,0,0,0,0,1,0,0,0,0,1
CUST000133,Siya,Deep,24.0,Surat,2020-09-27,26700.0,2020,9,27,0,0,0,0,0,0,1,0,0,0,0,0,0,0,0,0,1,0,0,0,0,0,0,0,0,0,0,0,0,0,0,0,0,1,0,0,0,0,0,0,0,0,1,0,0
CUST000134,Netra,Shankar,38.0,Delhi,2020-05-29,57500.0,2020,5,29,0,0,1,0,0,1,0,0,1,0,0,0,1,0,0,1,0,0,0,0,0,0,0,0,0,0,0,0,0,0,0,0,0,0,0,1,0,0,0,1,0,0,1,0,0
CUST000135,Nisha,Bora,26.0,Mysuru,2019-01-04,12400.0,2019,1,4,0,0,0,0,0,0,1,0,1,0,0,0,0,0,0,0,0,1,0,0,0,0,0,0,0,0,0,0,0,0,0,0,0,0,0,0,0,1,0,0,0,0,0,0,0
CUST000136,Aarna,Shanker,58.0,Kolkata,2019-09-13,38700.0,2019,9,13,0,0,1,0,0,0,1,0,0,0,0,0,1,0,0,0,0,0,0,0,0,0,0,0,0,0,0,1,0,0,0,0,0,1,0,0,0,0,0,0,1,0,1,0,0
CUST000137,Daksha,Borah,28.0,Bengaluru,2020-07-08,35700.0,2020,7,8,0,0,1,0,0,1,0,0,0,1,0,0,1,0,0,0,0,1,0,0,0,0,0,0,0,0,0,0,0,0,0,0,0,0,1,0,0,0,0,0,0,0,1,0,0
CUST000138,Jalsa,Toor,34.0,Hyderabad,2018-12-06,178500.0,2018,12,6,1,0,0,0,0,0,0,0,1,0,1,0,0,0,0,0,0,0,0,0,0,0,0,0,0,1,0,0,0,0,0,0,1,0,0,0,0,0,0,0,0,0,0,0,1
CUST000139,Libni,Deo,49.0,Kanpur,2019-05-18,401500.0,2019,5,18,0,1,0,0,0,1,0,0,0,0,0,1,0,0,0,0,0,0,0,0,0,0,0,0,0,0,1,0,0,0,0,0,0,0,0,0,0,0,0,1,0,0,0,0,1
CUST000140,Priya,Biswas,22.0,Delhi,2022-08-17,7400.0,2022,8,17,0,0,0,0,0,0,1,0,0,0,0,0,0,0,0,1,0,0,0,0,0,0,0,0,0,0,0,0,0,0,0,0,0,0,0,0,0,1,0,0,0,0,0,0,0
CUST000141,Krisha,Pingle,41.0,Pune,2019-09-11,136800.0,2019,9,11,1,0,0,0,0,1,0,0,1,0,1,0,0,0,0,0,0,0,0,0,1,0,0,0,0,0,0,0,0,1,0,0,0,0,0,0,0,0,0,1,0,0,0,0,1
CUST000142,Lucky,Dugar,55.0,Bengaluru,2018-11-10,308100.0,2018,11,10,0,1,0,1,0,1,0,0,0,1,0,1,0,0,0,0,0,1,0,0,0,0,0,0,0,0,0,0,0,0,0,0,0,0,0,0,0,0,0,0,1,0,0,0,1
CUST000143,Urvashi,Mittal,18.0,Hyderabad,2026-07-11,11000.0,2026,7,11,0,0,0,0,0,0,1,0,1,0,0,0,0,0,0,0,0,0,0,0,0,0,0,0,0,1,0,0,0,0,0,0,0,0,0,0,0,1,0,0,0,0,0,0,0
CUST000144,Aayush,Mistry,40.0,Madurai,2019-06-04,134300.0,2019,6,4,1,0,0,1,0,1,0,0,0,1,1,0,0,0,0,0,0,0,0,0,0,0,0,0,1,0,0,0,0,0,0,0,0,0,0,0,1,0,0,1,0,0,0,0,1
CUST000145,Damini,Desai,41.0,Hyderabad,2018-09-17,117100.0,2018,9,17,1,0,0,0,0,1,0,0,0,1,1,0,0,0,0,0,0,0,0,0,0,0,0,0,0,1,0,0,0,1,0,0,0,0,0,0,0,0,0,1,0,0,0,1,0
CUST000146,Kevin,D’Alia,48.0,Jodhpur,2019-07-22,72500.0,2019,7,22,1,0,0,1,0,1,0,0,1,0,1,0,0,0,0,0,0,0,0,0,0,0,0,1,0,0,0,0,0,0,0,0,0,0,0,0,0,0,1,1,0,0,0,1,0
CUST000147,Damyanti,Dugal,22.0,Mumbai,2022-08-17,11700.0,2022,8,17,0,0,0,0,0,0,1,0,1,0,0,0,0,0,0,0,0,0,0,0,1,0,0,0,0,0,0,0,0,0,0,0,0,0,0,0,0,1,0,0,0,0,0,0,0
CUST000148,Laban,Manda,21.0,Warangal,2023-08-17,8800.0,2023,8,17,0,0,0,1,0,0,1,0,0,0,0,0,0,0,0,0,0,0,0,0,0,0,0,0,0,1,0,0,0,0,0,0,0,0,0,0,0,1,0,0,0,0,0,0,0
CUST000149,Henry,Oza,38.0,Hyderabad,2019-11-03,36000.0,2019,11,3,0,0,1,1,0,0,0,0,0,1,0,0,1,0,0,0,0,0,0,0,0,0,0,0,0,1,0,0,0,0,0,0,0,1,0,0,0,0,0,1,0,0,1,0,0
CUST000150,Ishani,Lalla,42.0,Ahmedabad,2020-10-18,166300.0,2020,10,18,1,0,0,0,0,0,0,0,0,0,1,0,0,0,0,0,1,0,0,0,0,0,0,0,0,0,0,0,0,0,0,0,1,0,0,0,0,0,0,1,0,0,0,0,1
CUST000151,Yashawini,Suresh,41.0,Bhubaneswar,2018-10-02,47100.0,2018,10,2,1,0,0,0,0,1,0,0,0,1,1,0,0,0,0,0,0,0,0,0,0,1,0,0,0,0,0,0,0,0,0,0,0,0,0,0,0,0,1,1,0,0,1,0,0
CUST000152,Jeremiah,Behl,43.0,Chennai,2020-05-29,171400.0,2020,5,29,1,0,0,1,0,0,1,0,0,0,1,0,0,0,0,0,0,0,0,0,0,0,0,0,1,0,0,0,0,0,0,0,0,0,0,0,0,0,0,1,0,0,0,0,1
CUST000153,Chakradhar,Sampath,29.0,Ludhiana,2020-04-02,133000.0,2020,4,2,1,0,0,1,0,1,0,0,0,0,1,0,0,0,0,0,0,0,0,0,0,0,1,0,0,0,0,0,0,0,0,0,0,0,0,0,1,0,0,0,0,0,0,0,1
CUST000154,Manya,Basu,41.0,Bengaluru,2019-07-09,1275400.0,2019,7,9,0,1,0,0,0,1,0,0,0,1,0,1,0,0,0,0,0,1,0,0,0,0,0,0,0,0,0,0,0,0,0,0,1,0,0,0,0,0,0,1,0,0,0,0,1
CUST000155,Aadhya,Nath,42.0,Mumbai,2020-01-20,18300.0,2020,1,20,0,0,0,0,0,1,0,0,1,0,0,0,0,0,0,0,0,0,0,0,1,0,0,0,0,0,0,0,0,0,0,1,0,0,0,0,0,0,0,1,0,0,0,0,0
CUST000156,Dhruv,Lala,38.0,Nagpur,2020-06-24,52300.0,2020,6,24,0,0,1,1,0,1,0,0,1,0,0,0,1,0,0,0,0,0,0,0,1,0,0,0,0,0,0,0,0,0,1,0,0,0,0,0,0,0,0,1,0,0,1,0,0
CUST000157,Faris,Sathe,62.0,Hyderabad,2021-05-24,14700.0,2021,5,24,0,0,0,1,0,0,0,0,0,0,0,0,0,0,0,0,0,0,0,0,0,0,0,0,0,1,0,0,0,0,0,0,0,0,1,0,0,0,0,0,1,0,0,0,0
CUST000158,Tanay,Andra,44.0,Bengaluru,2019-11-02,223900.0,2019,11,2,1,0,0,1,0,0,0,1,0,0,1,0,0,0,0,0,0,1,0,0,0,0,0,0,0,0,0,0,0,0,0,0,0,0,0,0,1,0,0,1,0,0,0,0,1
CUST000159,Dayita,Borra,23.0,Pune,2021-08-16,84000.0,2021,8,16,0,0,1,0,0,0,1,0,0,0,0,0,1,0,0,0,0,0,0,0,1,0,0,0,0,0,0,0,0,1,0,0,0,0,0,0,0,0,0,0,0,0,0,1,0
CUST000160,Falan,Banik,47.0,Warangal,2019-07-27,132900.0,2019,7,27,1,0,0,1,0,1,0,0,1,0,1,0,0,0,0,0,0,0,0,0,0,0,0,0,0,1,0,0,0,1,0,0,0,0,0,0,0,0,0,1,0,0,0,0,1
CUST000161,Qasim,Divan,25.0,Bengaluru,2020-06-24,7600.0,2020,6,24,0,0,0,1,0,0,1,0,0,0,0,0,0,0,0,0,0,1,0,0,0,0,0,0,0,0,0,0,0,0,0,0,0,0,0,0,0,1,0,0,0,0,0,0,0
CUST000162,Tanveer,Datta,48.0,Pune,2021-03-29,122100.0,2021,3,29,0,0,1,1,0,0,0,0,0,0,0,0,1,0,0,0,0,0,0,0,1,0,0,0,0,0,0,0,0,0,0,0,1,0,0,0,0,0,0,1,0,0,0,1,0
CUST000163,Ansh,Morar,53.0,Bengaluru,2019-03-06,84700.0,2019,3,6,0,0,1,1,0,1,0,0,1,0,0,0,1,0,0,0,0,1,0,0,0,0,0,0,0,0,0,0,0,0,1,0,0,0,0,0,0,0,0,0,1,0,0,1,0
CUST000164,Rajata,Baral,27.0,Indore,2018-10-19,11000.0,2018,10,19,0,0,0,0,0,1,0,0,1,0,0,0,0,0,0,0,0,0,0,1,0,0,0,0,0,0,0,0,0,0,0,0,0,0,1,0,0,0,0,0,0,0,0,0,0
CUST000165,Praneel,Kade,51.0,Bengaluru,2020-06-17,83300.0,2020,6,17,0,0,1,1,0,1,0,0,1,0,0,0,1,0,0,0,0,1,0,0,0,0,0,0,0,0,0,0,0,0,1,0,0,0,0,0,0,0,0,0,1,0,0,1,0
CUST000166,Jeet,Chauhan,43.0,Ahmedabad,2019-06-10,68400.0,2019,6,10,1,0,0,1,0,1,0,0,0,1,1,0,0,0,0,0,1,0,0,0,0,0,0,0,0,0,0,0,0,0,0,0,0,0,0,1,0,0,0,1,0,0,0,1,0
CUST000167,Peter,Ray,49.0,Kolkata,2020-05-23,344700.0,2020,5,23,0,1,0,1,0,1,0,0,0,1,0,1,0,0,0,0,0,0,0,0,0,0,0,0,0,0,0,1,1,0,0,0,0,0,0,0,0,0,0,1,0,0,0,0,1
CUST000168,Faras,Khalsa,63.0,Hyderabad,2020-02-13,27500.0,2020,2,13,0,0,1,1,0,0,1,0,1,0,0,0,1,0,0,0,0,0,0,0,0,0,0,0,0,1,0,0,0,0,0,0,0,0,1,0,0,0,0,0,1,0,1,0,0
CUST000169,Finn,Goel,35.0,Delhi,2019-02-12,93600.0,2019,2,12,1,0,0,1,0,1,0,0,1,0,1,0,0,0,0,1,0,0,0,0,0,0,0,0,0,0,0,0,0,1,0,0,0,0,0,0,0,0,0,0,0,0,0,1,0
CUST000170,Triveni,Bakshi,28.0,Hyderabad,2021-05-17,213100.0,2021,5,17,1,0,0,0,0,0,1,0,0,0,1,0,0,0,0,0,0,0,0,0,0,0,0,0,0,1,0,0,0,0,0,0,0,0,0,0,1,0,0,0,0,0,0,0,1
CUST000171,Hemal,Natarajan,26.0,Kolkata,2020-01-13,75800.0,2020,1,13,0,0,1,0,0,1,0,0,0,0,0,0,1,0,0,0,0,0,0,0,0,0,0,0,0,0,0,1,0,0,0,0,0,0,0,1,0,0,0,0,0,0,0,1,0
CUST000172,Tripti,Kothari,27.0,Mysuru,2020-12-24,28000.0,2020,12,24,0,0,0,0,0,1,0,0,0,0,0,0,0,0,0,0,0,1,0,0,0,0,0,0,0,0,0,0,0,0,0,0,0,1,0,0,0,0,0,0,0,0,1,0,0
CUST000173,Lila,Dutta,37.0,Delhi,2020-08-09,55300.0,2020,8,9,0,0,1,0,0,1,0,0,0,0,0,0,1,0,0,1,0,0,0,0,0,0,0,0,0,0,0,0,0,0,0,0,0,0,0,0,0,0,1,1,0,0,1,0,0
CUST000174,Darika,Raja,42.0,Pune,2019-09-10,67400.0,2019,9,10,0,0,1,0,0,1,0,0,0,0,0,0,1,0,0,0,0,0,0,0,1,0,0,0,0,0,0,0,0,0,0,0,0,0,0,0,0,0,1,1,0,0,0,1,0
CUST000175,Anirudh,Singhal,42.0,Indore,2021-07-17,13000.0,2021,7,17,0,0,0,1,0,0,1,0,1,0,0,0,0,0,0,0,0,0,0,1,0,0,0,0,0,0,0,0,0,0,0,0,0,0,0,0,0,1,0,1,0,0,0,0,0
CUST000176,Janya,Iyengar,49.0,Warangal,2019-11-05,129800.0,2019,11,5,1,0,0,0,0,1,0,0,1,0,1,0,0,0,0,0,0,0,0,0,0,0,0,0,0,1,0,0,0,1,0,0,0,0,0,0,0,0,0,1,0,0,0,1,0
CUST000177,Veda,Palla,38.0,Kolkata,2020-10-10,56400.0,2020,10,10,0,0,1,0,0,0,1,0,0,1,0,0,1,0,0,0,0,0,0,0,0,0,0,0,0,0,0,1,0,0,0,0,0,0,0,1,0,0,0,1,0,0,1,0,0
CUST000178,Niharika,Kari,57.0,Chennai,2019-08-14,57400.0,2019,8,14,0,0,1,0,0,1,0,0,0,1,0,0,1,0,0,0,0,0,0,0,0,0,0,0,1,0,0,0,0,0,0,0,0,0,0,0,0,0,1,0,1,0,1,0,0
CUST000179,Jasmit,Bajwa,35.0,Bhopal,2021-03-14,126200.0,2021,3,14,1,0,0,0,0,1,0,0,0,1,1,0,0,0,0,0,0,0,0,1,0,0,0,0,0,0,0,0,0,0,0,0,0,0,0,0,0,0,0,0,0,0,0,1,0
CUST000180,Gopal,Rastogi,38.0,Madurai,2019-06-02,232800.0,2019,6,2,1,0,0,1,0,1,0,0,1,0,1,0,0,0,0,0,0,0,0,0,0,0,0,0,1,0,0,0,0,0,0,0,0,0,0,0,0,0,0,1,0,0,0,0,1
CUST000181,Omya,Mallick,46.0,Chennai,2019-09-09,54000.0,2019,9,9,0,0,1,0,0,1,0,0,1,0,0,0,1,0,0,0,0,0,0,0,0,0,0,0,1,0,0,0,0,0,0,0,0,0,0,0,0,0,1,1,0,0,1,0,0
CUST000182,Bhavya,Mallick,27.0,Thiruvananthapuram,2018-09-17,26200.0,2018,9,17,0,0,1,0,0,0,1,0,0,1,0,0,1,0,0,0,0,0,1,0,0,0,0,0,0,0,0,0,0,0,0,0,0,1,0,0,0,0,0,0,0,0,0,0,0
CUST000183,Indali,Upadhyay,38.0,Ahmedabad,2020-08-16,152400.0,2020,8,16,1,0,0,0,1,0,1,0,1,0,1,0,0,0,0,0,1,0,0,0,0,0,0,0,0,0,0,0,0,0,0,0,0,0,0,0,0,0,0,1,0,0,0,0,1
CUST000184,Ryan,Yadav,44.0,Pune,2020-10-10,88700.0,2020,10,10,0,0,1,1,0,0,0,0,0,0,0,0,1,0,0,0,0,0,0,0,1,0,0,0,0,0,0,0,0,0,0,0,0,0,0,1,0,0,0,1,0,0,0,1,0
CUST000185,Noah,Bala,35.0,Delhi,2021-07-17,218100.0,2021,7,17,1,0,0,1,0,0,1,0,0,0,1,0,0,0,0,1,0,0,0,0,0,0,0,0,0,0,0,0,1,0,0,0,0,0,0,0,0,0,0,0,0,0,0,0,1
CUST000186,Dalbir,Lal,47.0,Jodhpur,2019-08-29,16400.0,2019,8,29,0,0,1,1,0,0,0,1,1,0,0,0,1,0,0,0,0,0,0,0,0,0,0,1,0,0,0,0,0,0,0,0,0,0,0,0,0,1,0,1,0,0,0,0,0
CUST000187,Hemal,Lanka,44.0,Varanasi,2019-10-26,31600.0,2019,10,26,0,0,1,0,0,1,0,0,0,0,0,0,1,0,0,0,0,0,0,0,0,0,0,0,0,0,1,0,0,0,0,0,0,1,0,0,0,0,0,1,0,0,1,0,0
CUST000188,Anirudh,Chopra,37.0,Madurai,2021-07-17,14400.0,2021,7,17,0,0,0,1,0,0,1,0,1,0,0,0,0,0,0,0,0,0,0,0,0,0,0,0,1,0,0,0,0,0,0,0,0,0,0,0,0,1,0,1,0,0,0,0,0
CUST000189,Teerth,Pai,27.0,Kolkata,2021-04-04,137400.0,2021,4,4,0,0,1,1,0,1,0,0,1,0,0,0,1,0,0,0,0,0,0,0,0,0,0,0,0,0,0,1,0,1,0,0,0,0,0,0,0,0,0,0,0,0,0,0,1
CUST000190,Dipta,Sarin,18.0,Howrah,2026-07-11,29800.0,2026,7,11,0,0,0,0,1,0,1,0,0,0,0,0,0,0,0,0,0,0,0,0,0,0,0,0,0,0,0,1,0,0,0,0,0,1,0,0,0,0,0,0,0,0,1,0,0
CUST000191,Dalbir,Rajan,32.0,Warangal,2018-11-21,32700.0,2018,11,21,0,0,1,1,0,1,0,0,1,0,0,0,1,0,0,0,0,0,0,0,0,0,0,0,0,1,0,0,0,0,0,0,0,1,0,0,0,0,0,0,0,0,1,0,0
CUST000192,Ikshita,Kumar,49.0,Ahmedabad,2018-11-27,247300.0,2018,11,27,0,1,0,0,0,0,0,0,0,1,0,1,0,0,0,0,1,0,0,0,0,0,0,0,0,0,0,0,0,0,0,0,0,0,0,0,1,0,0,1,0,0,0,0,1
CUST000193,Anthony,Sarin,41.0,Pune,2021-03-03,92700.0,2021,3,3,1,0,0,1,0,0,1,0,0,0,1,0,0,0,0,0,0,0,0,0,1,0,0,0,0,0,0,0,0,1,0,0,0,0,0,0,0,0,0,1,0,0,0,1,0
CUST000194,Aachal,Venkatesh,22.0,Bhubaneswar,2022-08-17,24000.0,2022,8,17,0,0,0,0,0,0,1,0,1,0,0,0,0,0,0,0,0,0,0,0,0,1,0,0,0,0,0,0,0,0,0,0,0,1,0,0,0,0,0,0,0,0,0,0,0
CUST000195,Indira,Patla,40.0,Vadodara,2021-06-30,14000.0,2021,6,30,0,0,0,0,0,1,0,0,1,0,0,0,0,0,0,0,1,0,0,0,0,0,0,0,0,0,0,0,0,0,0,1,0,0,0,0,0,0,0,1,0,0,0,0,0
CUST000196,Upasna,Boase,43.0,Howrah,2020-03-20,22100.0,2020,3,20,0,0,1,0,0,1,0,0,0,1,0,0,1,0,0,0,0,0,0,0,0,0,0,0,0,0,0,1,0,0,0,0,0,0,0,0,0,1,0,1,0,0,0,0,0
CUST000197,Oni,Murthy,27.0,Bengaluru,2019-05-14,458900.0,2019,5,14,0,1,0,0,0,0,1,0,0,0,0,1,0,0,0,0,0,1,0,0,0,0,0,0,0,0,0,0,0,0,0,0,0,0,0,1,0,0,0,0,0,0,0,0,1
CUST000198,David,Mital,38.0,Nagpur,2019-04-04,35200.0,2019,4,4,0,0,1,1,0,0,0,0,0,0,0,0,1,0,0,0,0,0,0,0,1,0,0,0,0,0,0,0,0,0,0,0,0,1,0,0,0,0,0,1,0,0,1,0,0
CUST000199,Zehaan,More,39.0,Hyderabad,2020-02-16,167500.0,2020,2,16,1,0,0,1,0,0,1,0,0,1,1,0,0,0,0,0,0,0,0,0,0,0,0,0,0,1,0,0,0,0,0,0,1,0,0,0,0,0,0,1,0,0,0,0,1
CUST000200,Samarth,Narain,23.0,Ahmedabad,2021-08-16,73700.0,2021,8,16,0,0,1,1,0,1,0,0,0,1,0,0,1,0,0,0,1,0,0,0,0,0,0,0,0,0,0,0,0,0,0,0,0,0,0,1,0,0,0,0,0,0,0,1,0
CUST000201,Tamanna,Merchant,43.0,Howrah,2020-06-24,59900.0,2020,6,24,0,0,1,0,0,1,0,0,0,0,0,0,1,0,0,0,0,0,0,0,0,0,0,0,0,0,0,1,0,0,0,0,0,0,0,1,0,0,0,1,0,0,1,0,0
CUST000202,Eesha,Handa,45.0,Hyderabad,2018-10-30,188700.0,2018,10,30,0,1,0,1,0,0,1,0,1,0,0,1,0,0,0,0,0,0,0,0,0,0,0,0,0,1,0,0,0,0,0,0,1,0,0,0,0,0,0,1,0,0,0,0,1
CUST000203,Shivansh,Raghavan,52.0,Kolkata,2020-12-08,168100.0,2020,12,8,1,0,0,1,0,1,0,0,1,0,1,0,0,0,0,0,0,0,0,0,0,0,0,0,0,0,0,1,0,1,0,0,0,0,0,0,0,0,0,0,1,0,0,0,1
CUST000204,Harita,Mitra,52.0,Lucknow,2020-08-31,401100.0,2020,8,31,1,0,0,0,0,1,0,0,0,1,1,0,0,0,0,0,0,0,0,0,0,0,0,0,0,0,1,0,0,0,0,0,0,0,0,0,0,0,0,0,1,0,0,0,1
CUST000205,Samaksh,Acharya,20.0,Mumbai,2024-08-16,27900.0,2024,8,16,0,0,0,1,0,0,1,0,1,0,0,0,0,0,0,0,0,0,0,0,1,0,0,0,0,0,0,0,0,0,0,0,0,1,0,0,0,0,0,0,0,0,1,0,0
CUST000206,Nidra,Mangat,26.0,Chennai,2019-06-04,18300.0,2019,6,4,0,0,1,0,0,1,0,0,0,0,0,0,1,0,0,0,0,0,0,0,0,0,0,0,1,0,0,0,0,0,0,0,0,1,0,0,0,0,0,0,0,0,0,0,0
CUST000207,Jagrati,Sani,45.0,Jaipur,2018-11-21,108100.0,2018,11,21,1,0,0,0,0,1,0,0,0,1,1,0,0,0,0,0,0,0,0,0,0,0,0,1,0,0,0,0,0,0,0,0,0,0,0,0,1,0,0,1,0,0,0,1,0
CUST000208,Naveen,Shroff,45.0,Madurai,2020-06-17,166500.0,2020,6,17,1,0,0,1,0,1,0,0,0,0,1,0,0,0,0,0,0,0,0,0,0,0,0,0,1,0,0,0,0,0,0,0,0,0,0,0,0,0,0,1,0,0,0,0,1
CUST000209,Vaishnavi,Sathe,45.0,Ahmedabad,2020-01-30,190100.0,2020,1,30,1,0,0,0,0,0,0,0,1,0,1,0,0,0,0,0,1,0,0,0,0,0,0,0,0,0,0,0,0,0,0,0,1,0,0,0,0,0,0,1,0,0,0,0,1
CUST000210,Hredhaan,Vaidya,75.0,Chennai,2020-03-22,26500.0,2020,3,22,0,0,1,1,0,0,0,1,0,1,0,0,1,0,0,0,0,0,0,0,0,0,0,0,1,0,0,0,0,0,0,0,0,0,1,0,0,0,0,0,0,1,1,0,0
CUST000211,Vritti,Gara,45.0,Ludhiana,2018-11-04,118100.0,2018,11,4,1,0,0,0,0,1,0,0,1,0,1,0,0,0,0,0,0,0,0,0,0,0,1,0,0,0,0,0,0,0,0,0,0,0,0,0,0,0,0,1,0,0,0,1,0
CUST000212,Chaman,Mander,53.0,Mumbai,2019-04-26,23700.0,2019,4,26,0,0,1,0,0,1,0,0,1,0,0,0,1,0,0,0,0,0,0,0,1,0,0,0,0,0,0,0,0,0,0,1,0,0,0,0,0,0,0,0,1,0,0,0,0
CUST000213,Oliver,Chander,50.0,Chennai,2019-02-17,184000.0,2019,2,17,0,1,0,1,0,1,0,0,0,1,0,1,0,0,0,0,0,0,0,0,0,0,0,0,1,0,0,0,0,1,0,0,0,0,0,0,0,0,0,1,0,0,0,0,1
CUST000214,Jacob,Mukherjee,46.0,Pune,2021-03-23,17600.0,2021,3,23,0,0,0,1,0,1,0,0,1,0,0,0,0,0,0,0,0,0,0,0,1,0,0,0,0,0,0,0,0,0,0,1,0,0,0,0,0,0,0,1,0,0,0,0,0
CUST000215,Isaiah,Issac,34.0,Nagpur,2019-04-02,27400.0,2019,4,2,0,0,1,1,0,1,0,0,0,0,0,0,1,0,0,0,0,0,0,0,1,0,0,0,0,0,0,0,0,0,0,0,0,1,0,0,0,0,0,0,0,0,1,0,0
CUST000216,Falak,Bakshi,48.0,Hyderabad,2020-04-29,169400.0,2020,4,29,1,0,0,0,0,1,0,0,0,0,1,0,0,0,0,0,0,0,0,0,0,0,0,0,0,1,0,0,0,0,0,0,0,0,0,0,0,0,0,1,0,0,0,0,1
CUST000217,Aradhana,Konda,28.0,Nagpur,2021-07-22,190900.0,2021,7,22,0,0,1,0,0,1,0,0,1,0,0,0,1,0,0,0,0,0,0,0,1,0,0,0,0,0,0,0,0,0,0,0,0,0,0,0,1,0,0,0,0,0,0,0,1
CUST000218,Wazir,Bora,35.0,Bhubaneswar,2021-06-11,213600.0,2021,6,11,1,0,0,1,0,0,1,0,0,0,1,0,0,0,0,0,0,0,0,0,0,1,0,0,0,0,0,0,1,0,0,0,0,0,0,0,0,0,0,0,0,0,0,0,1
CUST000219,Vasatika,Sachdeva,32.0,Guwahati,2019-08-04,78200.0,2019,8,4,1,0,0,0,0,1,0,0,1,0,1,0,0,0,0,0,0,0,0,0,0,0,0,0,0,0,0,0,0,0,0,0,0,0,0,0,0,0,0,0,0,0,0,1,0
CUST000220,Indali,Rajagopalan,39.0,Bengaluru,2020-07-05,82100.0,2020,7,5,0,0,1,0,0,0,1,0,0,1,0,0,1,0,0,0,0,1,0,0,0,0,0,0,0,0,0,0,0,1,0,0,0,0,0,0,0,0,0,1,0,0,0,1,0
CUST000221,Yug,Ratta,68.0,Howrah,2019-01-08,233000.0,2019,1,8,0,1,0,1,0,1,0,0,1,0,0,1,0,0,0,0,0,0,0,0,0,0,0,0,0,0,0,1,0,0,0,0,0,0,0,0,1,0,0,0,0,1,0,0,1
CUST000222,Jairaj,Divan,18.0,Coimbatore,2026-07-11,17900.0,2026,7,11,0,0,0,1,0,0,1,0,0,0,0,0,0,0,0,0,0,0,0,0,0,0,0,0,1,0,0,0,0,0,0,0,0,1,0,0,0,0,0,0,0,0,0,0,0
CUST000223,Aahana,Chhabra,47.0,Kanpur,2021-07-23,27000.0,2021,7,23,0,0,1,0,0,0,0,0,0,0,0,0,1,0,0,0,0,0,0,0,0,0,0,0,0,0,1,0,0,0,0,0,0,1,0,0,0,0,0,1,0,0,1,0,0
CUST000224,Unnati,Kanda,18.0,Kolkata,2026-07-11,23700.0,2026,7,11,0,0,0,0,0,0,1,0,0,0,0,0,0,0,0,0,0,0,0,0,0,0,0,0,0,0,0,1,0,0,0,0,0,1,0,0,0,0,0,0,0,0,0,0,0
CUST000225,Gaurang,Vasa,32.0,Mumbai,2021-01-17,140800.0,2021,1,17,1,0,0,1,0,1,0,0,1,0,1,0,0,0,0,0,0,0,0,0,1,0,0,0,0,0,0,0,0,0,0,0,1,0,0,0,0,0,0,0,0,0,0,0,1
CUST000226,Vincent,Bedi,52.0,Jaipur,2020-05-10,102800.0,2020,5,10,1,0,0,1,0,1,0,0,0,1,1,0,0,0,0,0,0,0,0,0,0,0,0,1,0,0,0,0,0,0,1,0,0,0,0,0,0,0,0,0,1,0,0,1,0
CUST000227,Jeet,Dara,39.0,Vadodara,2019-10-02,116600.0,2019,10,2,1,0,0,1,0,1,0,0,0,1,1,0,0,0,0,0,1,0,0,0,0,0,0,0,0,0,0,0,0,0,0,0,0,0,0,1,0,0,0,1,0,0,0,1,0
CUST000228,Vasatika,Deol,24.0,Chennai,2020-08-16,65800.0,2020,8,16,0,0,1,0,0,0,1,0,0,0,0,0,1,0,0,0,0,0,0,0,0,0,0,0,1,0,0,0,0,0,0,0,1,0,0,0,0,0,0,0,0,0,1,0,0
CUST000229,Vincent,Wali,29.0,Patna,2020-04-03,145300.0,2020,4,3,1,0,0,1,0,0,1,0,0,0,1,0,0,1,0,0,0,0,0,0,0,0,0,0,0,0,0,0,0,0,0,0,0,0,0,0,1,0,0,0,0,0,0,0,1
CUST000230,Nathan,Savant,47.0,Kochi,2019-03-14,73900.0,2019,3,14,1,0,0,1,0,1,0,0,0,1,1,0,0,0,0,0,0,0,1,0,0,0,0,0,0,0,0,0,0,0,1,0,0,0,0,0,0,0,0,1,0,0,0,1,0
CUST000231,Yashawini,Sandhu,29.0,Coimbatore,2019-04-11,6700.0,2019,4,11,0,0,0,0,0,1,0,0,1,0,0,0,0,0,0,0,0,0,0,0,0,0,0,0,1,0,0,0,0,0,0,0,0,0,0,0,0,1,0,0,0,0,0,0,0
CUST000232,Vansha,Dutt,41.0,Kolkata,2020-05-19,101300.0,2020,5,19,1,0,0,0,0,1,0,0,1,0,1,0,0,0,0,0,0,0,0,0,0,0,0,0,0,0,0,1,0,0,0,0,1,0,0,0,0,0,0,1,0,0,0,1,0
CUST000233,Wazir,Sengupta,39.0,Ludhiana,2020-02-14,31400.0,2020,2,14,0,0,1,1,0,1,0,0,0,1,0,0,1,0,0,0,0,0,0,0,0,0,1,0,0,0,0,0,0,0,0,0,0,1,0,0,0,0,0,1,0,0,1,0,0
CUST000234,Kai,Kota,30.0,Bengaluru,2019-07-11,116900.0,2019,7,11,1,0,0,1,0,1,0,0,1,0,1,0,0,0,0,0,0,1,0,0,0,0,0,0,0,0,0,0,0,0,0,0,0,0,0,0,1,0,0,0,0,0,0,1,0
CUST000235,Manya,Verma,66.0,Bengaluru,2021-07-13,44400.0,2021,7,13,0,0,1,0,0,1,0,0,0,1,0,0,1,0,0,0,0,1,0,0,0,0,0,0,0,0,0,0,0,0,0,0,0,0,1,0,0,0,0,0,0,1,1,0,0
CUST000236,Xavier,Khare,46.0,Delhi,2018-12-14,155100.0,2018,12,14,1,0,0,1,0,0,1,0,1,0,1,0,0,0,0,1,0,0,0,0,0,0,0,0,0,0,0,0,0,0,0,0,0,0,0,0,0,0,0,1,0,0,0,0,1
CUST000237,Laksh,Sarraf,18.0,Patna,2026-07-11,6500.0,2026,7,11,0,0,0,1,0,0,1,0,0,1,0,0,0,1,0,0,0,0,0,0,0,0,0,0,0,0,0,0,0,0,0,0,0,0,0,0,0,1,0,0,0,0,0,0,0
CUST000238,Brinda,Mangal,40.0,Vadodara,2020-11-16,53000.0,2020,11,16,0,0,1,0,0,0,1,0,1,0,0,0,1,0,0,0,1,0,0,0,0,0,0,0,0,0,0,0,0,0,1,0,0,0,0,0,0,0,0,1,0,0,1,0,0
CUST000239,Jacob,Magar,29.0,Pune,2018-09-06,82800.0,2018,9,6,1,0,0,1,0,0,0,0,0,0,1,0,0,0,0,0,0,0,0,0,1,0,0,0,0,0,0,0,0,0,0,0,0,0,0,0,1,0,0,0,0,0,0,1,0
CUST000240,Oviya,Nagarajan,49.0,Amritsar,2021-02-01,31800.0,2021,2,1,0,0,1,0,0,1,0,0,1,0,0,0,1,0,0,0,0,0,0,0,0,0,1,0,0,0,0,0,0,0,0,0,0,1,0,0,0,0,0,1,0,0,1,0,0
CUST000241,Chaitaly,Devi,28.0,Surat,2018-11-19,154600.0,2018,11,19,1,0,0,0,0,1,0,0,1,0,1,0,0,0,0,0,1,0,0,0,0,0,0,0,0,0,0,0,0,1,0,0,0,0,0,0,0,0,0,0,0,0,0,0,1
CUST000242,Faqid,Kashyap,37.0,Chandigarh,2020-08-26,71400.0,2020,8,26,0,0,1,1,0,1,0,0,0,1,0,0,1,0,1,0,0,0,0,0,0,0,0,0,0,0,0,0,0,0,0,0,0,0,0,1,0,0,0,1,0,0,0,1,0
CUST000243,Rehaan,Dua,45.0,Mumbai,2019-05-03,309700.0,2019,5,3,0,1,0,1,0,1,0,0,0,0,0,1,0,0,0,0,0,0,0,0,1,0,0,0,0,0,0,0,1,0,0,0,0,0,0,0,0,0,0,1,0,0,0,0,1
CUST000244,Jalsa,Bhatt,49.0,Chennai,2020-04-03,138700.0,2020,4,3,1,0,0,0,0,0,1,0,0,1,1,0,0,0,0,0,0,0,0,0,0,0,0,0,1,0,0,0,0,0,0,0,0,0,0,0,1,0,0,1,0,0,0,0,1
CUST000245,Triya,Reddy,22.0,Ahmedabad,2022-08-17,15100.0,2022,8,17,0,0,0,0,0,1,0,0,0,1,0,0,0,0,0,0,1,0,0,0,0,0,0,0,0,0,0,0,0,0,0,0,0,0,0,0,0,1,0,0,0,0,0,0,0
CUST000246,Oni,Shukla,34.0,Madurai,2021-02-27,58300.0,2021,2,27,0,0,1,0,0,1,0,0,1,0,0,0,1,0,0,0,0,0,0,0,0,0,0,0,1,0,0,0,0,0,1,0,0,0,0,0,0,0,0,0,0,0,1,0,0
CUST000247,Triya,Bhatia,32.0,Ahmedabad,2020-10-25,87500.0,2020,10,25,0,0,1,0,0,0,1,0,0,0,0,0,1,0,0,0,1,0,0,0,0,0,0,0,0,0,0,0,0,0,0,0,0,0,0,1,0,0,0,0,0,0,0,1,0
CUST000248,Harshil,Salvi,30.0,Kanpur,2021-04-29,211500.0,2021,4,29,1,0,0,1,0,1,0,0,1,0,1,0,0,0,0,0,0,0,0,0,0,0,0,0,0,0,1,0,0,0,0,0,0,0,0,0,0,0,0,0,0,0,0,0,1
CUST000249,Saumya,Bahri,61.0,Hyderabad,2019-01-11,556100.0,2019,1,11,0,1,0,0,0,1,0,0,0,1,0,1,0,0,0,0,0,0,0,0,0,0,0,0,0,1,0,0,0,0,0,0,0,0,0,0,0,0,0,0,1,0,0,0,1
CUST000250,Ranveer,Sood,43.0,Chandigarh,2020-09-26,220300.0,2020,9,26,1,0,0,1,0,0,1,0,1,0,1,0,0,0,1,0,0,0,0,0,0,0,0,0,0,0,0,0,1,0,0,0,0,0,0,0,0,0,0,1,0,0,0,0,1
CUST000251,Aarush,Pandey,22.0,Nagpur,2022-08-17,5800.0,2022,8,17,0,0,0,1,0,0,1,0,1,0,0,0,0,0,0,0,0,0,0,0,1,0,0,0,0,0,0,0,0,0,0,0,0,0,0,0,0,1,0,0,0,0,0,0,0
CUST000252,Manthan,Ramakrishnan,50.0,Bengaluru,2019-03-01,21900.0,2019,3,1,0,0,1,1,0,1,0,0,0,1,0,0,1,0,0,0,0,1,0,0,0,0,0,0,0,0,0,0,0,0,0,0,0,0,0,0,0,1,0,1,0,0,0,0,0
CUST000253,Shaurya,Yohannan,66.0,Mumbai,2018-12-03,185000.0,2018,12,3,0,1,0,1,0,1,0,0,0,0,0,1,0,0,0,0,0,0,0,0,1,0,0,0,0,0,0,0,0,0,0,0,0,0,0,0,1,0,0,0,0,1,0,0,1
CUST000254,Januja,Sura,51.0,Hyderabad,2021-04-22,282000.0,2021,4,22,1,0,0,0,0,1,0,0,1,0,1,0,0,0,0,0,0,0,0,0,0,0,0,0,0,1,0,0,1,0,0,0,0,0,0,0,0,0,0,0,1,0,0,0,1
CUST000255,Imaran,Mahajan,18.0,Hyderabad,2026-07-11,12500.0,2026,7,11,0,0,0,1,0,0,1,0,1,0,0,0,0,0,0,0,0,0,0,0,0,0,0,0,0,1,0,0,0,0,0,0,0,0,0,0,0,1,0,0,0,0,0,0,0
CUST000256,Tejas,Sunder,32.0,Lucknow,2021-01-12,66100.0,2021,1,12,0,0,1,1,0,0,1,0,1,0,0,0,1,0,0,0,0,0,0,0,0,0,0,0,0,0,1,0,0,0,0,0,0,0,0,1,0,0,0,0,0,0,0,1,0
CUST000257,Akshay,Ramachandran,54.0,Ahmedabad,2019-06-01,61400.0,2019,6,1,0,0,1,1,0,1,0,0,0,1,0,0,1,0,0,0,1,0,0,0,0,0,0,0,0,0,0,0,0,0,0,0,0,0,0,0,0,0,1,0,1,0,1,0,0
CUST000258,Pahal,Ravel,29.0,Warangal,2019-06-10,51600.0,2019,6,10,0,0,1,0,0,1,0,0,0,1,0,0,1,0,0,0,0,0,0,0,0,0,0,0,0,1,0,0,0,0,1,0,0,0,0,0,0,0,0,0,0,0,1,0,0
CUST000259,Gayathri,Sibal,44.0,Ahmedabad,2021-08-07,106400.0,2021,8,7,1,0,0,0,0,1,0,0,1,0,1,0,0,0,0,0,1,0,0,0,0,0,0,0,0,0,0,0,0,0,0,0,0,0,0,1,0,0,0,1,0,0,0,1,0
CUST000260,Devansh,Walla,48.0,Mumbai,2020-12-18,247900.0,2020,12,18,1,0,0,1,0,0,0,0,1,0,1,0,0,0,0,0,0,0,0,0,1,0,0,0,0,0,0,0,0,0,0,0,0,0,0,0,1,0,0,1,0,0,0,0,1
CUST000261,Agastya,Ramesh,26.0,Delhi,2020-02-24,158700.0,2020,2,24,1,0,0,1,0,1,0,0,0,1,1,0,0,0,0,1,0,0,0,0,0,0,0,0,0,0,0,0,0,0,0,0,1,0,0,0,0,0,0,0,0,0,0,0,1
CUST000262,Agastya,Chacko,37.0,Kolkata,2020-05-13,33900.0,2020,5,13,0,0,1,1,0,0,0,0,0,1,0,0,1,0,0,0,0,0,0,0,0,0,0,0,0,0,0,1,0,0,0,0,0,1,0,0,0,0,0,1,0,0,1,0,0
CUST000263,Upadhriti,Deshmukh,18.0,Howrah,2026-07-11,6000.0,2026,7,11,0,0,0,0,0,1,0,0,1,0,0,0,0,0,0,0,0,0,0,0,0,0,0,0,0,0,0,1,0,0,0,0,0,0,0,0,0,1,0,0,0,0,0,0,0
CUST000264,Vedhika,Gopal,25.0,Udaipur,2020-07-18,170800.0,2020,7,18,1,0,0,0,0,1,0,0,0,0,1,0,0,0,0,0,0,0,0,0,0,0,0,1,0,0,0,0,1,0,0,0,0,0,0,0,0,0,0,0,0,0,0,0,1
CUST000265,Arya,Lad,35.0,Hyderabad,2018-10-25,58100.0,2018,10,25,0,0,1,0,0,0,0,0,1,0,0,0,1,0,0,0,0,0,0,0,0,0,0,0,0,1,0,0,0,0,0,0,0,0,0,0,0,0,1,0,0,0,1,0,0
CUST000266,Sachi,Narang,22.0,Ahmedabad,2022-08-17,28900.0,2022,8,17,0,0,0,0,0,1,0,0,0,0,0,0,0,0,0,0,1,0,0,0,0,0,0,0,0,0,0,0,0,0,0,0,0,1,0,0,0,0,0,0,0,0,1,0,0
CUST000267,Hitesh,Sha,59.0,Ahmedabad,2018-09-25,21000.0,2018,9,25,0,0,1,1,0,1,0,0,1,0,0,0,1,0,0,0,1,0,0,0,0,0,0,0,0,0,0,0,0,0,0,1,0,0,0,0,0,0,0,0,1,0,0,0,0
CUST000268,Omisha,Nazareth,19.0,Bhubaneswar,2025-08-16,27800.0,2025,8,16,0,0,0,0,0,0,1,0,1,0,0,0,0,0,0,0,0,0,0,0,0,1,0,0,0,0,0,0,0,0,0,0,0,0,0,0,0,0,0,0,0,0,1,0,0
CUST000269,Sachi,Mall,32.0,Delhi,2019-02-20,48000.0,2019,2,20,0,0,1,0,0,0,1,0,0,0,0,0,1,0,0,1,0,0,0,0,0,0,0,0,0,0,0,0,0,0,0,0,0,0,0,0,0,0,1,0,0,0,1,0,0
CUST000270,Shivansh,Krishnan,40.0,Madurai,2021-04-23,167400.0,2021,4,23,1,0,0,1,0,1,0,0,0,0,1,0,0,0,0,0,0,0,0,0,0,0,0,0,1,0,0,0,0,0,0,0,0,0,0,0,1,0,0,1,0,0,0,0,1
CUST000271,Banjeet,Singhal,57.0,Kolkata,2019-11-13,52000.0,2019,11,13,0,0,1,1,0,1,0,0,1,0,0,0,1,0,0,0,0,0,0,0,0,0,0,0,0,0,0,1,0,0,0,0,0,0,0,0,0,0,1,0,1,0,1,0,0
CUST000272,Adya,Zacharia,19.0,Ludhiana,2025-08-16,11100.0,2025,8,16,0,0,0,0,0,0,1,0,0,0,0,0,0,0,0,0,0,0,0,0,0,0,1,0,0,0,0,0,0,0,0,0,0,0,0,0,0,1,0,0,0,0,0,0,0
CUST000273,Ati,Palla,53.0,Delhi,2020-09-24,19000.0,2020,9,24,0,0,0,0,0,1,0,0,0,0,0,0,0,0,0,1,0,0,0,0,0,0,0,0,0,0,0,0,0,0,0,0,0,0,0,0,0,0,0,0,1,0,0,0,0
CUST000274,Isaac,Biswas,38.0,Coimbatore,2019-10-03,64000.0,2019,10,3,0,0,1,1,0,1,0,0,1,0,0,0,1,0,0,0,0,0,0,0,0,0,0,0,1,0,0,0,0,0,0,0,0,0,0,0,0,0,1,1,0,0,1,0,0
CUST000275,Anusha,Balasubramanian,25.0,Mysuru,2019-08-17,46900.0,2019,8,17,0,0,1,0,0,1,0,0,1,0,0,0,1,0,0,0,0,1,0,0,0,0,0,0,0,0,0,0,0,0,0,0,0,0,0,1,0,0,0,0,0,0,1,0,0
CUST000276,Krishna,Iyengar,44.0,Coimbatore,2021-07-04,79500.0,2021,7,4,0,0,1,1,0,0,0,0,0,0,0,0,1,0,0,0,0,0,0,0,0,0,0,0,1,0,0,0,0,0,1,0,0,0,0,0,0,0,0,1,0,0,0,1,0
CUST000277,Advaith,Dua,38.0,Delhi,2020-01-12,25300.0,2020,1,12,0,0,1,1,0,0,1,0,1,0,0,0,1,0,0,1,0,0,0,0,0,0,0,0,0,0,0,0,0,0,0,0,0,1,0,0,0,0,0,1,0,0,0,0,0
CUST000278,Jagdish,Date,30.0,Mumbai,2019-12-06,8500.0,2019,12,6,0,0,0,1,0,1,0,0,0,1,0,0,0,0,0,0,0,0,0,0,1,0,0,0,0,0,0,0,0,0,0,1,0,0,0,0,0,0,0,0,0,0,0,0,0
CUST000279,Warjas,Contractor,39.0,Kolkata,2021-05-22,13200.0,2021,5,22,0,0,0,1,0,1,0,0,1,0,0,0,0,0,0,0,0,0,0,0,0,0,0,0,0,0,0,1,0,0,0,0,0,0,0,0,0,1,0,1,0,0,0,0,0
CUST000280,Janani,Shroff,33.0,Bengaluru,2020-02-15,78000.0,2020,2,15,1,0,0,0,0,1,0,0,0,1,1,0,0,0,0,0,0,1,0,0,0,0,0,0,0,0,0,0,0,0,0,0,0,0,0,0,1,0,0,0,0,0,0,1,0
CUST000281,Kabir,Pillay,39.0,Delhi,2019-06-26,63700.0,2019,6,26,0,0,1,1,0,1,0,0,0,0,0,0,1,0,0,1,0,0,0,0,0,0,0,0,0,0,0,0,0,0,0,0,0,0,0,0,0,0,1,1,0,0,1,0,0
CUST000282,Fiyaz,Contractor,47.0,Bengaluru,2021-06-19,18900.0,2021,6,19,0,0,0,1,0,0,1,0,0,0,0,0,0,0,0,0,0,1,0,0,0,0,0,0,0,0,0,0,0,0,0,0,0,0,0,0,0,1,0,1,0,0,0,0,0
CUST000283,Gautami,Mukhopadhyay,59.0,Mumbai,2019-05-06,129300.0,2019,5,6,1,0,0,0,0,0,1,0,0,0,1,0,0,0,0,0,0,0,0,0,1,0,0,0,0,0,0,0,0,0,0,0,0,0,0,1,0,0,0,0,1,0,0,1,0
CUST000284,Darika,Bal,22.0,Guwahati,2022-08-17,7800.0,2022,8,17,0,0,0,0,0,0,1,0,0,0,0,0,0,0,0,0,0,0,0,0,0,0,0,0,0,0,0,0,0,0,0,0,0,0,0,0,0,1,0,0,0,0,0,0,0
CUST000285,Nachiket,Prashad,66.0,Kolkata,2019-02-15,230100.0,2019,2,15,0,1,0,1,0,1,0,0,1,0,0,1,0,0,0,0,0,0,0,0,0,0,0,0,0,0,0,1,0,0,0,0,0,0,0,0,0,0,0,0,0,1,0,0,1
CUST000286,Rushil,Issac,18.0,Lucknow,2026-07-11,5200.0,2026,7,11,0,0,0,1,0,0,1,0,1,0,0,0,0,0,0,0,0,0,0,0,0,0,0,0,0,0,1,0,0,0,0,0,0,0,0,0,0,1,0,0,0,0,0,0,0
CUST000287,Baljiwan,Kibe,36.0,Hyderabad,2019-02-15,65800.0,2019,2,15,0,0,0,1,0,1,0,0,0,1,0,0,0,0,0,0,0,0,0,0,0,0,0,0,0,1,0,0,0,0,0,0,0,0,0,0,0,1,0,1,0,0,1,0,0
CUST000288,Dalaja,Mitra,46.0,Patna,2021-05-05,65800.0,2021,5,5,0,0,0,0,0,1,0,0,0,0,0,0,0,1,0,0,0,0,0,0,0,0,0,0,0,0,0,0,0,0,0,0,0,0,0,0,0,1,0,1,0,0,1,0,0
CUST000289,Dipta,Barman,42.0,Chennai,2020-05-31,38300.0,2020,5,31,0,0,1,0,0,1,0,0,1,0,0,0,1,0,0,0,0,0,0,0,0,0,0,0,1,0,0,0,0,0,0,0,0,1,0,0,0,0,0,1,0,0,1,0,0
CUST000290,Oscar,Walia,30.0,Kolkata,2021-01-10,11500.0,2021,1,10,0,0,0,1,0,0,1,0,0,1,0,0,0,0,0,0,0,0,0,0,0,0,0,0,0,0,0,1,0,0,0,0,0,0,0,0,0,1,0,0,0,0,0,0,0
CUST000291,Upadhriti,Prabhakar,35.0,Chennai,2018-12-30,88700.0,2018,12,30,1,0,0,0,0,1,0,0,1,0,1,0,0,0,0,0,0,0,0,0,0,0,0,0,1,0,0,0,0,0,0,0,0,0,0,0,1,0,0,0,0,0,0,1,0
CUST000292,Bhavya,Toor,32.0,Surat,2019-07-06,154700.0,2019,7,6,1,0,0,0,0,1,0,0,0,1,1,0,0,0,0,0,1,0,0,0,0,0,0,0,0,0,0,0,0,0,0,0,1,0,0,0,0,0,0,0,0,0,0,0,1
CUST000293,Panini,Arora,30.0,Kolkata,2021-07-19,62000.0,2021,7,19,0,0,1,1,0,1,0,0,1,0,0,0,1,0,0,0,0,0,0,0,0,0,0,0,0,0,0,1,0,0,0,0,0,0,0,0,0,0,1,0,0,0,1,0,0
CUST000294,Ucchal,Suri,49.0,Bengaluru,2021-08-06,160100.0,2021,8,6,1,0,0,0,0,0,0,0,0,0,1,0,0,0,0,0,0,1,0,0,0,0,0,0,0,0,0,0,0,0,0,0,1,0,0,0,0,0,0,1,0,0,0,0,1
CUST000295,Chatresh,Sant,43.0,Pune,2020-10-01,65800.0,2020,10,1,0,0,1,1,0,1,0,0,1,0,0,0,1,0,0,0,0,0,0,0,1,0,0,0,0,0,0,0,0,0,0,0,0,0,0,1,0,0,0,1,0,0,1,0,0
CUST000296,Pratyush,Sharaf,29.0,Kolkata,2021-03-12,63500.0,2021,3,12,0,0,1,1,0,1,0,0,1,0,0,0,1,0,0,0,0,0,0,0,0,0,0,0,0,0,0,1,0,0,0,0,0,0,0,1,0,0,0,0,0,0,1,0,0
CUST000297,Ganga,Saran,50.0,Chennai,2019-09-26,401300.0,2019,9,26,1,0,0,0,0,1,0,0,0,1,1,0,0,0,0,0,0,0,0,0,0,0,0,0,1,0,0,0,0,0,0,0,0,0,0,0,0,0,0,1,0,0,0,0,1
CUST000298,Hema,Vig,42.0,Pune,2019-08-20,81000.0,2019,8,20,0,0,1,0,0,1,0,0,1,0,0,0,1,0,0,0,0,0,0,0,1,0,0,0,0,0,0,0,0,0,0,0,0,0,0,1,0,0,0,1,0,0,0,1,0
CUST000299,Lopa,Yohannan,49.0,Hyderabad,2018-10-19,60400.0,2018,10,19,1,0,0,0,0,1,0,0,0,0,1,0,0,0,0,0,0,0,0,0,0,0,0,0,0,1,0,0,0,0,0,0,0,0,0,0,0,0,1,1,0,0,1,0,0
CUST000300,Wyatt,Shroff,46.0,Chennai,2018-10-08,79500.0,2018,10,8,1,0,0,1,0,0,1,0,1,0,1,0,0,0,0,0,0,0,0,0,0,0,0,0,1,0,0,0,0,0,0,0,0,0,0,0,0,0,1,1,0,0,0,1,0
CUST000301,Urmi,Loyal,27.0,Kanpur,2019-08-25,113700.0,2019,8,25,1,0,0,0,0,0,1,0,0,0,1,0,0,0,0,0,0,0,0,0,0,0,0,0,0,0,1,0,0,1,0,0,0,0,0,0,0,0,0,0,0,0,0,1,0
CUST000302,Ojasvi,Korpal,31.0,Mumbai,2021-08-10,65800.0,2021,8,10,0,0,1,0,0,0,1,0,1,0,0,0,1,0,0,0,0,0,0,0,1,0,0,0,0,0,0,0,0,1,0,0,0,0,0,0,0,0,0,0,0,0,1,0,0
CUST000303,Caleb,Mallick,48.0,Mysuru,2020-07-19,205000.0,2020,7,19,1,0,0,1,0,0,0,0,0,1,1,0,0,0,0,0,0,1,0,0,0,0,0,0,0,0,0,0,0,0,0,0,1,0,0,0,0,0,0,1,0,0,0,0,1
CUST000304,Umang,Kohli,46.0,Kanpur,2020-02-01,165900.0,2020,2,1,1,0,0,1,0,1,0,0,0,1,1,0,0,0,0,0,0,0,0,0,0,0,0,0,0,0,1,0,0,0,0,0,1,0,0,0,0,0,0,1,0,0,0,0,1
CUST000305,Vedika,Raghavan,38.0,Ahmedabad,2020-02-16,13200.0,2020,2,16,0,0,0,0,0,0,0,0,1,0,0,0,0,0,0,0,1,0,0,0,0,0,0,0,0,0,0,0,0,0,0,0,0,0,1,0,0,0,0,1,0,0,0,0,0
CUST000306,Pahal,Balakrishnan,38.0,Bengaluru,2019-10-25,185600.0,2019,10,25,1,0,0,0,0,1,0,0,1,0,1,0,0,0,0,0,0,1,0,0,0,0,0,0,0,0,0,0,0,0,0,0,0,0,0,0,1,0,0,1,0,0,0,0,1
CUST000307,Yachana,Nair,55.0,Varanasi,2018-09-29,65800.0,2018,9,29,0,1,0,0,0,1,0,0,0,1,0,1,0,0,0,0,0,0,0,0,0,0,0,0,0,0,1,0,0,0,0,0,1,0,0,0,0,0,0,0,1,0,1,0,0
CUST000308,Hemani,Sura,30.0,Chennai,2018-12-20,321400.0,2018,12,20,0,1,0,0,0,1,0,0,0,1,0,1,0,0,0,0,0,0,0,0,0,0,0,0,1,0,0,0,0,0,0,0,0,0,0,0,0,0,0,0,0,0,0,0,1
CUST000309,Hitesh,Pant,45.0,Chennai,2021-04-19,74300.0,2021,4,19,0,0,1,1,0,1,0,0,0,0,0,0,1,0,0,0,0,0,0,0,0,0,0,0,1,0,0,0,0,0,1,0,0,0,0,0,0,0,0,1,0,0,0,1,0
CUST000310,Kai,Oak,35.0,Amritsar,2020-10-29,22900.0,2020,10,29,0,0,1,1,0,0,0,0,0,1,0,0,1,0,0,0,0,0,0,0,0,0,1,0,0,0,0,0,0,0,0,0,0,1,0,0,0,0,0,0,0,0,0,0,0
CUST000311,Meera,Majumdar,35.0,Guwahati,2019-02-15,48900.0,2019,2,15,0,0,1,0,0,1,0,0,1,0,0,0,1,0,0,0,0,0,0,0,0,0,0,0,0,0,0,0,0,0,0,0,0,0,0,0,0,0,1,0,0,0,1,0,0
CUST000312,Aashi,Varughese,52.0,Hyderabad,2019-02-25,149200.0,2019,2,25,1,0,0,0,0,0,1,0,1,0,1,0,0,0,0,0,0,0,0,0,0,0,0,0,0,1,0,0,0,0,0,0,1,0,0,0,0,0,0,0,1,0,0,0,1
CUST000313,Ikshita,Chada,49.0,Pune,2020-10-19,17600.0,2020,10,19,0,0,1,0,0,0,0,0,1,0,0,0,1,0,0,0,0,0,0,0,1,0,0,0,0,0,0,0,0,0,0,0,0,0,0,0,0,1,0,1,0,0,0,0,0
CUST000314,Kavya,Ray,49.0,Bengaluru,2019-06-08,143400.0,2019,6,8,1,0,0,0,0,1,0,0,1,0,1,0,0,0,0,0,0,1,0,0,0,0,0,0,0,0,0,0,0,0,0,0,0,0,0,0,1,0,0,1,0,0,0,0,1
CUST000315,Yash,Khosla,55.0,Mumbai,2019-08-11,60500.0,2019,8,11,0,0,1,1,0,0,1,0,1,0,0,0,1,0,0,0,0,0,0,0,1,0,0,0,0,0,0,0,0,0,0,0,0,0,0,0,0,0,1,0,1,0,1,0,0
CUST000316,Vyanjana,Swaminathan,38.0,Mumbai,2020-03-15,156900.0,2020,3,15,1,0,0,0,0,1,0,0,1,0,1,0,0,0,0,0,0,0,0,0,1,0,0,0,0,0,0,0,0,1,0,0,0,0,0,0,0,0,0,1,0,0,0,0,1
CUST000317,Udarsh,Badal,47.0,Hyderabad,2021-01-08,19400.0,2021,1,8,0,0,0,1,0,1,0,0,1,0,0,0,0,0,0,0,0,0,0,0,0,0,0,0,0,1,0,0,0,0,0,0,0,0,0,0,0,1,0,1,0,0,0,0,0
CUST000318,Chakradhar,Menon,34.0,Guwahati,2018-12-17,39000.0,2018,12,17,0,0,1,1,0,0,1,0,1,0,0,0,1,0,0,0,0,0,0,0,0,0,0,0,0,0,0,0,0,0,0,0,0,1,0,0,0,0,0,0,0,0,1,0,0
CUST000319,Indrajit,Ravel,42.0,Bhopal,2019-08-04,95700.0,2019,8,4,1,0,0,1,0,1,0,0,0,1,1,0,0,0,0,0,0,0,0,1,0,0,0,0,0,0,0,0,0,0,0,0,0,0,0,1,0,0,0,1,0,0,0,1,0
CUST000320,Jairaj,Mohan,36.0,Chennai,2021-02-12,74200.0,2021,2,12,0,0,1,1,0,0,1,0,0,1,0,0,1,0,0,0,0,0,0,0,0,0,0,0,1,0,0,0,0,0,0,0,0,0,0,0,0,0,0,1,0,0,0,1,0
CUST000321,Qarin,Solanki,39.0,Kolkata,2019-07-06,11700.0,2019,7,6,0,0,0,1,0,1,0,0,1,0,0,0,0,0,0,0,0,0,0,0,0,0,0,0,0,0,0,1,0,0,0,1,0,0,0,0,0,0,0,1,0,0,0,0,0
CUST000322,Orinder,Sandal,46.0,Mumbai,2019-05-27,41500.0,2019,5,27,0,0,1,1,0,0,1,0,1,0,0,0,1,0,0,0,0,0,0,0,1,0,0,0,0,0,0,0,0,0,0,0,0,0,1,0,0,0,0,1,0,0,1,0,0
CUST000323,Noah,Pandey,27.0,Delhi,2018-12-18,55000.0,2018,12,18,1,0,0,1,0,0,0,0,0,0,1,0,0,0,0,1,0,0,0,0,0,0,0,0,0,0,0,0,0,0,0,0,0,0,0,0,0,0,1,0,0,0,1,0,0
CUST000324,Utkarsh,Madan,65.0,Mumbai,2020-12-15,60300.0,2020,12,15,0,0,1,1,0,0,0,0,1,0,0,0,1,0,0,0,0,0,0,0,1,0,0,0,0,0,0,0,0,0,0,0,0,0,1,0,0,0,0,0,1,0,1,0,0
CUST000325,Niharika,Krishnamurthy,25.0,Jaipur,2019-08-17,68000.0,2019,8,17,0,0,1,0,0,0,1,0,1,0,0,0,1,0,0,0,0,0,0,0,0,0,0,1,0,0,0,0,0,0,0,0,0,0,0,1,0,0,0,0,0,0,0,1,0
CUST000326,Jack,Dara,22.0,Pune,2022-08-17,66000.0,2022,8,17,0,0,1,1,0,0,1,0,0,1,0,0,1,0,0,0,0,0,0,0,1,0,0,0,0,0,0,0,0,0,0,0,0,0,0,1,0,0,0,0,0,0,0,1,0
CUST000327,Gopal,Mutti,53.0,Bhopal,2019-10-28,166500.0,2019,10,28,1,0,0,1,0,1,0,0,1,0,1,0,0,0,0,0,0,0,0,1,0,0,0,0,0,0,0,0,0,1,0,0,0,0,0,0,0,0,0,0,1,0,0,0,1
CUST000328,Dipta,Wason,48.0,Howrah,2019-08-27,251600.0,2019,8,27,0,1,0,0,0,1,0,0,1,0,0,1,0,0,0,0,0,0,0,0,0,0,0,0,0,0,0,1,0,0,0,0,0,0,0,0,1,0,0,1,0,0,0,0,1
CUST000329,Hiral,Handa,46.0,Delhi,2020-05-14,248300.0,2020,5,14,0,1,0,0,0,1,0,0,0,0,0,1,0,0,0,1,0,0,0,0,0,0,0,0,0,0,0,0,0,0,0,0,0,0,0,0,1,0,0,1,0,0,0,0,1
CUST000330,Janaki,Sule,46.0,Nagpur,2020-03-14,65500.0,2020,3,14,0,0,1,0,0,1,0,0,1,0,0,0,1,0,0,0,0,0,0,0,1,0,0,0,0,0,0,0,0,0,0,0,0,0,0,0,0,0,1,1,0,0,1,0,0
CUST000331,Lakshit,Vohra,38.0,Kolkata,2018-12-14,101700.0,2018,12,14,1,0,0,1,0,0,0,0,1,0,1,0,0,0,0,0,0,0,0,0,0,0,0,0,0,0,0,1,0,1,0,0,0,0,0,0,0,0,0,1,0,0,0,1,0
CUST000332,Megha,Chaudhry,26.0,Patna,2019-09-09,209600.0,2019,9,9,1,0,0,0,0,1,0,0,0,0,1,0,0,1,0,0,0,0,0,0,0,0,0,0,0,0,0,0,0,0,0,0,0,0,0,0,1,0,0,0,0,0,0,0,1
CUST000333,Gunbir,Minhas,39.0,Ahmedabad,2020-02-19,181800.0,2020,2,19,1,0,0,1,0,0,1,0,1,0,1,0,0,0,0,0,1,0,0,0,0,0,0,0,0,0,0,0,1,0,0,0,0,0,0,0,0,0,0,1,0,0,0,0,1
CUST000334,Ishaan,Patel,29.0,Mysuru,2021-03-29,15600.0,2021,3,29,0,0,0,1,0,1,0,0,1,0,0,0,0,0,0,0,0,1,0,0,0,0,0,0,0,0,0,0,0,0,0,0,0,0,0,0,0,1,0,0,0,0,0,0,0
CUST000335,Gaurav,Mittal,51.0,Kolkata,2021-08-08,55100.0,2021,8,8,0,0,1,1,0,1,0,0,0,1,0,0,1,0,0,0,0,0,0,0,0,0,0,0,0,0,0,1,0,0,0,0,0,0,0,0,0,0,1,0,1,0,1,0,0
CUST000336,Advika,Walla,36.0,Bengaluru,2021-04-01,32100.0,2021,4,1,0,0,1,0,0,1,0,0,0,0,0,0,1,0,0,0,0,1,0,0,0,0,0,0,0,0,0,0,0,0,0,0,0,1,0,0,0,0,0,1,0,0,1,0,0
CUST000337,Dev,Mahal,27.0,Ludhiana,2018-10-04,62500.0,2018,10,4,1,0,0,1,0,1,0,0,0,1,1,0,0,0,0,0,0,0,0,0,0,0,1,0,0,0,0,0,0,0,1,0,0,0,0,0,0,0,0,0,0,0,1,0,0
CUST000338,Arin,Bhagat,34.0,Vadodara,2019-05-02,91800.0,2019,5,2,1,0,0,1,0,1,0,0,0,1,1,0,0,0,0,0,1,0,0,0,0,0,0,0,0,0,0,0,0,0,0,0,0,0,0,1,0,0,0,0,0,0,0,1,0
CUST000339,Madhav,Date,43.0,Kolkata,2018-09-22,65800.0,2018,9,22,0,0,1,1,0,1,0,0,1,0,0,0,1,0,0,0,0,0,0,0,0,0,0,0,0,0,0,1,0,0,0,0,0,0,0,0,0,1,0,1,0,0,1,0,0
CUST000340,Xalak,Chauhan,31.0,Hyderabad,2021-07-08,26700.0,2021,7,8,0,0,0,0,0,1,0,0,0,0,0,0,0,0,0,0,0,0,0,0,0,0,0,0,0,1,0,0,0,0,0,0,0,1,0,0,0,0,0,0,0,0,1,0,0
CUST000341,Abha,Mane,27.0,Kolkata,2019-08-02,60200.0,2019,8,2,0,0,1,0,0,0,1,0,1,0,0,0,1,0,0,0,0,0,0,0,0,0,0,0,0,0,0,1,0,0,1,0,0,0,0,0,0,0,0,0,0,0,1,0,0
CUST000342,Wahab,Srinivas,41.0,Mysuru,2021-06-29,87400.0,2021,6,29,0,0,1,1,0,1,0,0,0,1,0,0,1,0,0,0,0,1,0,0,0,0,0,0,0,0,0,0,0,1,0,0,0,0,0,0,0,0,0,1,0,0,0,1,0
CUST000343,Urvi,Oak,41.0,Mumbai,2019-04-12,143500.0,2019,4,12,1,0,0,0,0,1,0,0,1,0,1,0,0,0,0,0,0,0,0,0,1,0,0,0,0,0,0,0,0,1,0,0,0,0,0,0,0,0,0,1,0,0,0,0,1
CUST000344,Hiral,Behl,31.0,Hyderabad,2020-06-25,26800.0,2020,6,25,0,0,1,0,0,0,1,0,1,0,0,0,1,0,0,0,0,0,0,0,0,0,0,0,0,1,0,0,0,0,0,0,0,1,0,0,0,0,0,0,0,0,1,0,0
CUST000345,Lajita,Sridhar,32.0,Thiruvananthapuram,2021-05-03,32400.0,2021,5,3,0,0,1,0,0,1,0,0,1,0,0,0,1,0,0,0,0,0,1,0,0,0,0,0,0,0,0,0,0,0,0,0,0,1,0,0,0,0,0,0,0,0,1,0,0
CUST000346,Dakshesh,Bhattacharyya,41.0,Kolkata,2019-12-03,58800.0,2019,12,3,0,0,1,1,0,1,0,0,0,1,0,0,1,0,0,0,0,0,0,0,0,0,0,0,0,0,0,1,0,0,1,0,0,0,0,0,0,0,0,1,0,0,1,0,0
CUST000347,Suhani,Swamy,19.0,Pune,2025-08-16,10800.0,2025,8,16,0,0,0,0,0,0,1,0,0,0,0,0,0,0,0,0,0,0,0,0,1,0,0,0,0,0,0,0,0,0,0,0,0,0,0,0,0,1,0,0,0,0,0,0,0
CUST000348,Balhaar,Bera,20.0,Indore,2024-08-16,6200.0,2024,8,16,0,0,0,1,0,0,1,0,0,0,0,0,0,0,0,0,0,0,0,1,0,0,0,0,0,0,0,0,0,0,0,0,0,0,0,0,0,1,0,0,0,0,0,0,0
CUST000349,Forum,Dixit,29.0,Bengaluru,2019-08-26,6300.0,2019,8,26,0,0,0,0,0,0,1,0,0,0,0,0,0,0,0,0,0,1,0,0,0,0,0,0,0,0,0,0,0,0,0,1,0,0,0,0,0,0,0,0,0,0,0,0,0
CUST000350,Max,Chada,35.0,Delhi,2019-07-06,65800.0,2019,7,6,1,0,0,1,0,1,0,0,1,0,1,0,0,0,0,1,0,0,0,0,0,0,0,0,0,0,0,0,0,0,0,0,1,0,0,0,0,0,0,0,0,0,1,0,0
CUST000351,Jeet,Dani,42.0,Bengaluru,2018-08-25,15100.0,2018,8,25,0,0,1,1,0,1,0,0,0,0,0,0,1,0,0,0,0,1,0,0,0,0,0,0,0,0,0,0,0,0,0,0,0,0,0,0,0,1,0,1,0,0,0,0,0
CUST000352,Sathvik,Kara,57.0,Kolkata,2020-06-19,237800.0,2020,6,19,1,0,0,1,0,0,0,1,1,0,1,0,0,0,0,0,0,0,0,0,0,0,0,0,0,0,0,1,0,0,0,0,0,0,0,0,0,0,0,0,1,0,0,0,1
CUST000353,Yutika,Rai,49.0,Madurai,2020-03-24,58900.0,2020,3,24,0,0,1,0,0,1,0,0,1,0,0,0,1,0,0,0,0,0,0,0,0,0,0,0,1,0,0,0,0,0,0,0,0,0,0,0,0,0,1,1,0,0,1,0,0
CUST000354,Umang,Savant,36.0,Chennai,2019-03-19,242900.0,2019,3,19,0,1,0,1,0,0,1,0,1,0,0,1,0,0,0,0,0,0,0,0,0,0,0,0,1,0,0,0,1,0,0,0,0,0,0,0,0,0,0,1,0,0,0,0,1
CUST000355,Neha,Sanghvi,38.0,Ahmedabad,2019-11-22,83300.0,2019,11,22,0,0,1,0,0,0,0,0,0,0,0,0,1,0,0,0,1,0,0,0,0,0,0,0,0,0,0,0,0,0,1,0,0,0,0,0,0,0,0,1,0,0,0,1,0
CUST000356,Michael,Bhasin,38.0,Bengaluru,2021-07-06,114700.0,2021,7,6,0,0,1,1,0,1,0,0,1,0,0,0,1,0,0,0,0,1,0,0,0,0,0,0,0,0,0,0,0,1,0,0,0,0,0,0,0,0,0,1,0,0,0,1,0
CUST000357,Chavvi,Johal,38.0,Udaipur,2019-02-04,133900.0,2019,2,4,1,0,0,0,0,0,1,0,0,0,1,0,0,0,0,0,0,0,0,0,0,0,0,1,0,0,0,0,0,0,0,0,0,0,0,0,1,0,0,1,0,0,0,0,1
CUST000358,Jagvi,Lalla,34.0,Delhi,2021-06-21,66900.0,2021,6,21,0,0,1,0,0,1,0,0,1,0,0,0,1,0,0,1,0,0,0,0,0,0,0,0,0,0,0,0,0,0,0,0,0,0,0,1,0,0,0,0,0,0,0,1,0
CUST000359,Chaitaly,Dugar,42.0,Udaipur,2021-02-10,74700.0,2021,2,10,0,0,1,0,0,1,0,0,0,0,0,0,1,0,0,0,0,0,0,0,0,0,0,1,0,0,0,0,0,0,1,0,0,0,0,0,0,0,0,1,0,0,0,1,0
CUST000360,Kashvi,Ghose,27.0,Ahmedabad,2021-04-26,48400.0,2021,4,26,0,0,1,0,0,0,0,0,1,0,0,0,1,0,0,0,1,0,0,0,0,0,0,0,0,0,0,0,0,0,0,0,0,0,0,0,0,0,1,0,0,0,1,0,0
CUST000361,Bishakha,Dugar,45.0,Ahmedabad,2021-05-23,173100.0,2021,5,23,1,0,0,0,0,1,0,0,0,0,1,0,0,0,0,0,1,0,0,0,0,0,0,0,0,0,0,0,0,0,0,0,1,0,0,0,0,0,0,1,0,0,0,0,1
CUST000362,Aarav,Rege,58.0,Chennai,2021-07-19,100300.0,2021,7,19,0,0,1,1,0,0,0,0,1,0,0,0,1,0,0,0,0,0,0,0,0,0,0,0,1,0,0,0,0,0,0,0,0,0,0,0,0,0,0,0,1,0,0,1,0
CUST000363,Varenya,Singhal,37.0,Ahmedabad,2021-06-17,111400.0,2021,6,17,0,0,1,0,0,1,0,0,1,0,0,0,1,0,0,0,1,0,0,0,0,0,0,0,0,0,0,0,0,0,0,0,0,0,0,1,0,0,0,1,0,0,0,1,0
CUST000364,Madhav,Bali,43.0,Pune,2020-04-18,11300.0,2020,4,18,0,0,0,1,0,0,0,0,0,1,0,0,0,0,0,0,0,0,0,0,1,0,0,0,0,0,0,0,0,0,0,0,0,0,0,0,0,1,0,1,0,0,0,0,0
CUST000365,Kala,Mani,38.0,Chandigarh,2020-11-12,33100.0,2020,11,12,0,0,1,0,0,0,1,0,1,0,0,0,1,0,1,0,0,0,0,0,0,0,0,0,0,0,0,0,0,0,0,0,0,1,0,0,0,0,0,1,0,0,1,0,0
CUST000366,Megha,Setty,33.0,Mumbai,2021-03-31,91700.0,2021,3,31,0,0,1,0,0,0,0,0,1,0,0,0,1,0,0,0,0,0,0,0,1,0,0,0,0,0,0,0,0,0,0,0,1,0,0,0,0,0,0,0,0,0,0,1,0
CUST000367,Balendra,Kaur,41.0,Pune,2019-08-25,26900.0,2019,8,25,0,0,1,1,0,0,0,0,1,0,0,0,1,0,0,0,0,0,0,0,1,0,0,0,0,0,0,0,0,0,0,0,0,1,0,0,0,0,0,1,0,0,1,0,0
CUST000368,Kevin,Hora,38.0,Kolkata,2020-12-11,41000.0,2020,12,11,0,0,0,1,0,1,0,0,0,1,0,0,0,0,0,0,0,0,0,0,0,0,0,0,0,0,0,1,0,0,0,0,0,0,0,0,0,0,1,1,0,0,1,0,0
CUST000369,Simon,Contractor,39.0,Vadodara,2021-07-26,32700.0,2021,7,26,0,0,1,1,0,1,0,0,1,0,0,0,1,0,0,0,1,0,0,0,0,0,0,0,0,0,0,0,0,0,0,0,0,1,0,0,0,0,0,1,0,0,1,0,0
CUST000370,Jeevika,Dixit,28.0,Mumbai,2020-05-15,88300.0,2020,5,15,0,0,1,0,0,1,0,0,0,0,0,0,1,0,0,0,0,0,0,0,1,0,0,0,0,0,0,0,0,1,0,0,0,0,0,0,0,0,0,0,0,0,0,1,0
CUST000371,Lila,Dhar,38.0,Kochi,2020-09-10,19800.0,2020,9,10,0,0,0,0,0,1,0,0,0,0,0,0,0,0,0,0,0,0,1,0,0,0,0,0,0,0,0,0,0,0,0,0,0,0,0,0,0,0,0,1,0,0,0,0,0
CUST000372,Bimala,Bhasin,44.0,Amritsar,2020-09-01,87300.0,2020,9,1,0,0,1,0,0,1,0,0,1,0,0,0,1,0,0,0,0,0,0,0,0,0,1,0,0,0,0,0,0,0,0,0,0,0,1,0,0,0,0,1,0,0,0,1,0
CUST000373,Gayathri,Mohanty,57.0,Kolkata,2020-04-15,56900.0,2020,4,15,0,0,1,0,0,1,0,0,1,0,0,0,1,0,0,0,0,0,0,0,0,0,0,0,0,0,0,1,0,0,0,0,0,0,0,0,0,0,1,0,1,0,1,0,0
CUST000374,Mitali,Sarna,50.0,Chennai,2019-08-14,91100.0,2019,8,14,1,0,0,0,0,0,0,0,0,0,1,0,0,0,0,0,0,0,0,0,0,0,0,0,1,0,0,0,0,1,0,0,0,0,0,0,0,0,0,1,0,0,0,1,0
CUST000375,David,Sidhu,66.0,Vadodara,2019-10-11,159400.0,2019,10,11,1,0,0,1,0,0,0,0,1,0,1,0,0,0,0,0,1,0,0,0,0,0,0,0,0,0,0,0,0,0,0,0,0,0,0,0,1,0,0,0,0,1,0,0,1
CUST000376,Max,Rau,28.0,Bengaluru,2018-10-24,27900.0,2018,10,24,0,0,1,1,0,1,0,0,0,1,0,0,1,0,0,0,0,1,0,0,0,0,0,0,0,0,0,0,0,0,0,0,0,1,0,0,0,0,0,0,0,0,1,0,0
CUST000377,Madhavi,Tella,49.0,Chennai,2020-01-27,65800.0,2020,1,27,1,0,0,0,0,1,0,0,0,0,1,0,0,0,0,0,0,0,0,0,0,0,0,0,1,0,0,0,1,0,0,0,0,0,0,0,0,0,0,1,0,0,1,0,0
CUST000378,Xiti,Sarma,40.0,Kochi,2020-03-16,176600.0,2020,3,16,1,0,0,0,0,0,1,0,1,0,1,0,0,0,0,0,0,0,1,0,0,0,0,0,0,0,0,0,0,0,0,0,1,0,0,0,0,0,0,1,0,0,0,0,1
CUST000379,Chaitaly,Baral,66.0,Bhubaneswar,2020-12-25,51700.0,2020,12,25,0,0,1,0,0,0,0,0,0,0,0,0,1,0,0,0,0,0,0,0,0,1,0,0,0,0,0,0,0,0,0,0,0,0,1,0,0,0,0,0,0,1,1,0,0
CUST000380,Tarak,Naidu,27.0,Thiruvananthapuram,2019-05-12,162400.0,2019,5,12,1,0,0,1,0,0,1,0,0,0,1,0,0,0,0,0,0,0,1,0,0,0,0,0,0,0,0,0,0,0,0,0,1,0,0,0,0,0,0,0,0,0,0,0,1
CUST000381,Jeremiah,Bal,27.0,Bengaluru,2021-03-15,9200.0,2021,3,15,0,0,0,1,0,0,1,0,0,0,0,0,0,0,0,0,0,1,0,0,0,0,0,0,0,0,0,0,0,0,0,0,0,0,0,0,0,1,0,0,0,0,0,0,0
CUST000382,Chakradev,Karnik,30.0,Delhi,2020-02-25,354300.0,2020,2,25,1,0,0,1,0,1,0,0,0,1,1,0,0,0,0,1,0,0,0,0,0,0,0,0,0,0,0,0,0,0,0,0,0,0,0,0,0,0,0,0,0,0,0,0,1
CUST000383,Advaith,Luthra,18.0,Bengaluru,2026-07-11,6400.0,2026,7,11,0,0,0,1,0,0,1,0,1,0,0,0,0,0,0,0,0,1,0,0,0,0,0,0,0,0,0,0,0,0,0,0,0,0,0,0,0,1,0,0,0,0,0,0,0
CUST000384,Anmol,Gill,31.0,Warangal,2019-08-26,58700.0,2019,8,26,0,0,1,1,0,1,0,0,0,0,0,0,1,0,0,0,0,0,0,0,0,0,0,0,0,1,0,0,0,0,0,0,0,0,0,0,0,0,1,0,0,0,1,0,0
CUST000385,Vrinda,Venkataraman,28.0,Bengaluru,2018-11-15,30400.0,2018,11,15,0,0,1,0,0,1,0,0,0,0,0,0,1,0,0,0,0,1,0,0,0,0,0,0,0,0,0,0,0,0,0,0,0,1,0,0,0,0,0,0,0,0,1,0,0
CUST000386,Timothy,Mall,40.0,Hyderabad,2018-10-14,53200.0,2018,10,14,0,0,1,1,0,1,0,0,1,0,0,0,1,0,0,0,0,0,0,0,0,0,0,0,0,1,0,0,0,0,0,0,0,0,0,1,0,0,0,1,0,0,1,0,0
CUST000387,Hemangini,Sarin,42.0,Kolkata,2021-02-13,65800.0,2021,2,13,1,0,0,0,0,1,0,0,0,0,1,0,0,0,0,0,0,0,0,0,0,0,0,0,0,0,0,1,0,0,0,0,1,0,0,0,0,0,0,1,0,0,1,0,0
CUST000388,Yatan,Chand,62.0,Jaipur,2020-11-02,307900.0,2020,11,2,0,1,0,1,0,0,0,0,0,1,0,1,0,0,0,0,0,0,0,0,0,0,0,1,0,0,0,0,0,0,0,0,0,0,0,0,0,0,0,0,1,0,0,0,1
CUST000389,Vrinda,Pall,50.0,Surat,2019-03-11,143700.0,2019,3,11,1,0,0,0,0,1,0,0,1,0,1,0,0,0,0,0,1,0,0,0,0,0,0,0,0,0,0,0,0,1,0,0,0,0,0,0,0,0,0,1,0,0,0,0,1
CUST000390,Samarth,Nath,31.0,Lucknow,2020-01-26,160300.0,2020,1,26,1,0,0,1,0,1,0,0,1,0,1,0,0,0,0,0,0,0,0,0,0,0,0,0,0,0,1,0,0,0,0,0,1,0,0,0,0,0,0,0,0,0,0,0,1
CUST000391,Naveen,Cheema,26.0,Mumbai,2020-04-07,28700.0,2020,4,7,0,0,1,1,0,1,0,0,0,0,0,0,1,0,0,0,0,0,0,0,1,0,0,0,0,0,0,0,0,0,0,0,0,1,0,0,0,0,0,0,0,0,1,0,0
CUST000392,Faris,Narayan,44.0,Mumbai,2019-06-30,307700.0,2019,6,30,0,1,0,1,0,0,0,0,1,0,0,1,0,0,0,0,0,0,0,0,1,0,0,0,0,0,0,0,0,0,0,0,0,0,0,0,0,0,0,1,0,0,0,0,1
CUST000393,Tripti,Tandon,21.0,Jodhpur,2023-08-17,11300.0,2023,8,17,0,0,0,0,0,0,1,0,0,0,0,0,0,0,0,0,0,0,0,0,0,0,0,1,0,0,0,0,0,0,0,0,0,0,0,0,0,1,0,0,0,0,0,0,0
CUST000394,Mitali,Rattan,62.0,Coimbatore,2018-09-18,235500.0,2018,9,18,0,1,0,0,0,0,1,0,0,0,0,1,0,0,0,0,0,0,0,0,0,0,0,0,1,0,0,0,0,0,0,0,0,0,1,0,0,0,0,0,1,0,0,0,1
CUST000395,Andrew,Sha,53.0,Kolkata,2019-11-15,438800.0,2019,11,15,0,1,0,1,0,1,0,0,0,1,0,1,0,0,0,0,0,0,0,0,0,0,0,0,0,0,0,1,0,0,0,0,0,0,0,0,0,0,0,0,1,0,0,0,1
CUST000396,Chaitanya,Murty,32.0,Mumbai,2020-03-24,30600.0,2020,3,24,0,0,1,1,0,0,0,0,0,1,0,0,1,0,0,0,0,0,0,0,1,0,0,0,0,0,0,0,0,0,0,0,0,1,0,0,0,0,0,0,0,0,1,0,0
CUST000397,Lajita,Naik,18.0,New Delhi,2026-07-11,65800.0,2026,7,11,0,0,0,0,0,0,1,0,0,0,0,0,0,0,0,1,0,0,0,0,0,0,0,0,0,0,0,0,0,0,0,0,0,0,0,0,0,1,0,0,0,0,1,0,0
CUST000398,Dalbir,Raval,56.0,Howrah,2019-03-14,179700.0,2019,3,14,0,1,0,1,0,0,0,1,1,0,0,1,0,0,0,0,0,0,0,0,0,0,0,0,0,0,0,1,0,0,0,0,1,0,0,0,0,0,0,0,1,0,0,0,1
CUST000399,Aadi,Shere,37.0,Chandigarh,2019-10-15,152800.0,2019,10,15,1,0,0,1,0,1,0,0,0,1,1,0,0,0,1,0,0,0,0,0,0,0,0,0,0,0,0,0,0,0,0,0,0,0,0,0,0,0,0,1,0,0,0,0,1
CUST000400,Triveni,Bhagat,54.0,Kochi,2019-09-07,225300.0,2019,9,7,1,0,0,0,0,1,0,0,1,0,1,0,0,0,0,0,0,0,1,0,0,0,0,0,0,0,0,0,0,0,0,0,0,0,0,0,0,0,0,0,1,0,0,0,1
CUST000401,Ijaya,Vasa,18.0,Chennai,2026-07-11,23300.0,2026,7,11,0,0,0,0,0,0,1,0,0,0,0,0,0,0,0,0,0,0,0,0,0,0,0,0,1,0,0,0,0,0,0,0,0,1,0,0,0,0,0,0,0,0,0,0,0
CUST000402,Pratyush,Tara,30.0,Madurai,2019-10-09,88400.0,2019,10,9,0,0,1,1,0,1,0,0,0,0,0,0,1,0,0,0,0,0,0,0,0,0,0,0,1,0,0,0,0,1,0,0,0,0,0,0,0,0,0,0,0,0,0,1,0
CUST000403,Timothy,Behl,38.0,Varanasi,2020-06-26,356000.0,2020,6,26,1,0,0,1,0,0,1,0,1,0,1,0,0,0,0,0,0,0,0,0,0,0,0,0,0,0,1,0,0,0,0,0,0,0,0,0,0,0,0,1,0,0,0,0,1
CUST000404,Ishani,Loke,39.0,Coimbatore,2019-07-21,60300.0,2019,7,21,0,0,1,0,0,0,1,0,0,0,0,0,1,0,0,0,0,0,0,0,0,0,0,0,1,0,0,0,0,0,1,0,0,0,0,0,0,0,0,1,0,0,1,0,0
CUST000405,Dominic,Mani,32.0,Chennai,2019-08-25,35000.0,2019,8,25,0,0,1,1,0,0,1,0,1,0,0,0,1,0,0,0,0,0,0,0,0,0,0,0,1,0,0,0,0,0,0,0,0,0,0,0,0,0,1,0,0,0,1,0,0
CUST000406,Theodore,Sundaram,46.0,Patna,2021-08-01,162700.0,2021,8,1,1,0,0,1,0,1,0,0,0,0,1,0,0,1,0,0,0,0,0,0,0,0,0,0,0,0,0,0,0,0,0,0,1,0,0,0,0,0,0,1,0,0,0,0,1
CUST000407,Divya,Balakrishnan,24.0,Jodhpur,2020-08-16,41100.0,2020,8,16,0,0,1,0,0,0,1,0,0,0,0,0,1,0,0,0,0,0,0,0,0,0,0,1,0,0,0,0,0,0,1,0,0,0,0,0,0,0,0,0,0,0,1,0,0
CUST000408,Kashvi,Dutt,36.0,Kochi,2019-05-25,49100.0,2019,5,25,0,0,1,0,0,1,0,0,0,0,0,0,1,0,0,0,0,0,1,0,0,0,0,0,0,0,0,0,0,0,0,0,0,0,1,0,0,0,0,1,0,0,1,0,0
CUST000409,Nachiket,Atwal,40.0,Delhi,2020-02-16,106000.0,2020,2,16,1,0,0,1,0,1,0,0,0,0,1,0,0,0,0,1,0,0,0,0,0,0,0,0,0,0,0,0,0,0,0,0,0,0,0,0,1,0,0,1,0,0,0,1,0
CUST000410,Nikita,Chander,45.0,Coimbatore,2019-04-15,26600.0,2019,4,15,0,0,1,0,1,0,0,1,1,0,0,0,1,0,0,0,0,0,0,0,0,0,0,0,1,0,0,0,0,0,0,0,0,1,0,0,0,0,0,1,0,0,1,0,0
CUST000411,Jeevika,Comar,47.0,Varanasi,2020-04-09,16500.0,2020,4,9,0,0,0,0,0,1,0,0,1,0,0,0,0,0,0,0,0,0,0,0,0,0,0,0,0,0,1,0,0,0,0,0,0,0,0,0,0,1,0,1,0,0,0,0,0
CUST000412,Vihaan,Dalal,23.0,Pune,2021-08-16,16000.0,2021,8,16,0,0,0,1,0,1,0,0,1,0,0,0,0,0,0,0,0,0,0,0,1,0,0,0,0,0,0,0,0,0,0,0,0,0,0,0,0,1,0,0,0,0,0,0,0
CUST000413,Mitesh,Tara,18.0,Jodhpur,2026-07-11,11800.0,2026,7,11,0,0,0,0,1,0,1,0,0,1,0,0,0,0,0,0,0,0,0,0,0,0,0,1,0,0,0,0,0,0,0,0,0,0,0,0,0,1,0,0,0,0,0,0,0
CUST000414,Madhav,Upadhyay,55.0,Delhi,2021-05-07,32700.0,2021,5,7,0,0,0,1,0,1,0,0,0,1,0,0,0,0,0,1,0,0,0,0,0,0,0,0,0,0,0,0,0,0,0,0,0,1,0,0,0,0,0,0,1,0,1,0,0
CUST000415,Laban,Sagar,42.0,Lucknow,2020-05-02,144100.0,2020,5,2,1,0,0,1,0,0,1,0,0,0,1,0,0,0,0,0,0,0,0,0,0,0,0,0,0,0,1,0,0,0,0,0,0,0,0,0,0,0,0,1,0,0,0,0,1
CUST000416,Warhi,Sodhi,28.0,Kolkata,2020-01-01,50600.0,2020,1,1,0,0,1,0,0,1,0,0,0,0,0,0,1,0,0,0,0,0,0,0,0,0,0,0,0,0,0,1,0,0,0,0,0,0,0,1,0,0,0,0,0,0,1,0,0
CUST000417,Jairaj,Shan,58.0,Delhi,2020-07-30,542200.0,2020,7,30,1,0,0,1,0,1,0,0,0,1,1,0,0,0,0,1,0,0,0,0,0,0,0,0,0,0,0,0,0,0,0,0,0,0,0,0,0,0,0,0,1,0,0,0,1
CUST000418,Elijah,Rajagopal,40.0,Chennai,2020-11-24,32800.0,2020,11,24,0,0,1,1,0,1,0,0,1,0,0,0,1,0,0,0,0,0,0,0,0,0,0,0,1,0,0,0,0,0,0,0,0,1,0,0,0,0,0,1,0,0,1,0,0
CUST000419,Girish,Trivedi,53.0,Ahmedabad,2019-08-11,126800.0,2019,8,11,1,0,0,1,0,1,0,0,0,0,1,0,0,0,0,0,1,0,0,0,0,0,0,0,0,0,0,0,0,0,0,0,1,0,0,0,0,0,0,0,1,0,0,1,0
CUST000420,Ekansh,Boase,39.0,Howrah,2020-06-29,109600.0,2020,6,29,0,0,1,1,0,0,1,0,0,1,0,0,1,0,0,0,0,0,0,0,0,0,0,0,0,0,0,1,0,0,0,0,1,0,0,0,0,0,0,1,0,0,0,1,0
CUST000421,Manya,Sachdeva,65.0,Hyderabad,2019-09-24,128200.0,2019,9,24,1,0,0,0,0,0,0,1,0,1,1,0,0,0,0,0,0,0,0,0,0,0,0,0,0,1,0,0,0,0,0,0,0,0,0,0,1,0,0,0,1,0,0,1,0
CUST000422,Panini,Tripathi,61.0,Patna,2019-04-16,140000.0,2019,4,16,0,1,0,0,0,0,0,0,0,0,0,1,0,1,0,0,0,0,0,0,0,0,0,0,0,0,0,0,0,0,0,0,0,0,0,0,1,0,0,0,1,0,0,0,1
CUST000423,Amara,Agate,35.0,Chennai,2019-05-05,79400.0,2019,5,5,1,0,0,0,1,0,1,0,0,0,1,0,0,0,0,0,0,0,0,0,0,0,0,0,1,0,0,0,0,0,0,0,0,0,0,1,0,0,0,0,0,0,0,1,0
CUST000424,Lohit,Misra,51.0,Chennai,2020-07-01,108400.0,2020,7,1,0,0,1,1,0,1,0,0,0,1,0,0,1,0,0,0,0,0,0,0,0,0,0,0,1,0,0,0,0,0,0,0,1,0,0,0,0,0,0,0,1,0,0,1,0
CUST000425,Yash,Dixit,46.0,Mumbai,2019-12-03,255700.0,2019,12,3,0,1,0,1,0,1,0,0,0,0,0,1,0,0,0,0,0,0,0,0,1,0,0,0,0,0,0,0,0,0,0,0,0,0,0,0,0,0,0,1,0,0,0,0,1
CUST000426,Udant,Yohannan,56.0,Kochi,2020-04-11,45000.0,2020,4,11,0,0,1,1,0,1,0,0,0,1,0,0,1,0,0,0,0,0,1,0,0,0,0,0,0,0,0,0,0,0,0,0,0,1,0,0,0,0,0,0,1,0,1,0,0
CUST000427,Wyatt,Pai,25.0,Delhi,2019-08-17,83600.0,2019,8,17,1,0,0,1,0,1,0,0,0,0,1,0,0,0,0,1,0,0,0,0,0,0,0,0,0,0,0,0,0,1,0,0,0,0,0,0,0,0,0,0,0,0,0,1,0
CUST000428,Ojas,Purohit,47.0,Coimbatore,2018-12-27,72300.0,2018,12,27,1,0,0,1,0,1,0,0,0,1,1,0,0,0,0,0,0,0,0,0,0,0,0,0,1,0,0,0,0,0,1,0,0,0,0,0,0,0,0,1,0,0,0,1,0
CUST000429,Vasatika,Nagy,52.0,Lucknow,2020-08-05,219200.0,2020,8,5,1,0,0,0,0,1,0,0,1,0,1,0,0,0,0,0,0,0,0,0,0,0,0,0,0,0,1,0,0,0,0,0,1,0,0,0,0,0,0,0,1,0,0,0,1
CUST000430,Ijaya,Khare,18.0,Delhi,2026-07-11,17200.0,2026,7,11,0,0,0,0,0,1,0,0,0,1,0,0,0,0,0,1,0,0,0,0,0,0,0,0,0,0,0,0,0,0,0,0,0,1,0,0,0,0,0,0,0,0,0,0,0
CUST000431,Sanaya,Kaur,23.0,Coimbatore,2021-08-16,53600.0,2021,8,16,0,0,1,0,0,0,0,0,0,0,0,0,1,0,0,0,0,0,0,0,0,0,0,0,1,0,0,0,0,0,1,0,0,0,0,0,0,0,0,0,0,0,1,0,0
CUST000432,Samesh,Bassi,18.0,Delhi,2026-07-11,13400.0,2026,7,11,0,0,0,1,0,0,1,0,0,0,0,0,0,0,0,1,0,0,0,0,0,0,0,0,0,0,0,0,0,0,0,0,0,0,0,0,0,1,0,0,0,0,0,0,0
CUST000433,Nitara,Solanki,34.0,Jaipur,2019-12-07,16100.0,2019,12,7,0,0,1,0,0,1,0,0,0,1,0,0,1,0,0,0,0,0,0,0,0,0,0,1,0,0,0,0,0,0,0,0,0,0,0,0,0,1,0,0,0,0,0,0,0
CUST000434,Rayaan,Raju,47.0,Kolkata,2019-08-28,20900.0,2019,8,28,0,0,1,1,0,1,0,0,0,1,0,0,1,0,0,0,0,0,0,0,0,0,0,0,0,0,0,1,0,0,0,0,0,0,0,0,0,1,0,1,0,0,0,0,0
CUST000435,Faqid,Tandon,58.0,Chandigarh,2020-08-18,15100.0,2020,8,18,0,0,0,1,0,1,0,0,0,1,0,0,0,0,1,0,0,0,0,0,0,0,0,0,0,0,0,0,0,0,0,0,0,0,0,0,0,1,0,0,1,0,0,0,0
CUST000436,Anita,Date,39.0,Patna,2019-08-16,26800.0,2019,8,16,0,0,1,0,0,0,0,0,1,0,0,0,1,1,0,0,0,0,0,0,0,0,0,0,0,0,0,0,0,0,0,0,0,1,0,0,0,0,0,1,0,0,1,0,0
CUST000437,Yashasvi,Narula,59.0,Ahmedabad,2018-10-24,65800.0,2018,10,24,1,0,0,0,0,1,0,0,0,1,1,0,0,0,0,0,1,0,0,0,0,0,0,0,0,0,0,0,0,0,1,0,0,0,0,0,0,0,0,0,1,0,1,0,0
CUST000438,Chandresh,Sarraf,20.0,Surat,2024-08-16,12600.0,2024,8,16,0,0,0,1,0,0,1,0,0,0,0,0,0,0,0,0,1,0,0,0,0,0,0,0,0,0,0,0,0,0,0,0,0,0,0,0,0,1,0,0,0,0,0,0,0
CUST000439,Chandresh,Vora,18.0,Madurai,2026-07-11,32800.0,2026,7,11,0,0,0,1,0,0,1,0,0,0,0,0,0,0,0,0,0,0,0,0,0,0,0,0,1,0,0,0,0,0,0,0,0,0,0,1,0,0,0,0,0,0,1,0,0
CUST000440,Vedant,Aurora,37.0,Hyderabad,2019-11-20,87500.0,2019,11,20,1,0,0,1,0,1,0,0,0,1,1,0,0,0,0,0,0,0,0,0,0,0,0,0,0,1,0,0,0,0,1,0,0,0,0,0,0,0,0,1,0,0,0,1,0
CUST000441,Eshana,Rout,43.0,Ahmedabad,2019-12-31,38300.0,2019,12,31,0,0,1,0,0,0,0,1,0,1,0,0,1,0,0,0,1,0,0,0,0,0,0,0,0,0,0,0,0,0,0,0,0,1,0,0,0,0,0,1,0,0,1,0,0
CUST000442,Faras,Borde,38.0,Kochi,2019-01-05,113600.0,2019,1,5,1,0,0,1,0,1,0,0,1,0,1,0,0,0,0,0,0,0,1,0,0,0,0,0,0,0,0,0,0,1,0,0,0,0,0,0,0,0,0,1,0,0,0,1,0
CUST000443,Upasna,Lanka,18.0,Hyderabad,2026-07-11,60900.0,2026,7,11,0,0,1,0,1,0,1,0,1,0,0,0,1,0,0,0,0,0,0,0,0,0,0,0,0,1,0,0,0,0,0,0,0,0,0,1,0,0,0,0,0,0,1,0,0
CUST000444,Omkaar,Rao,37.0,Bengaluru,2020-05-10,267200.0,2020,5,10,0,1,0,1,0,0,1,0,0,0,0,1,0,0,0,0,0,1,0,0,0,0,0,0,0,0,0,0,1,0,0,0,0,0,0,0,0,0,0,1,0,0,0,0,1
CUST000445,Banjeet,Narasimhan,21.0,Hyderabad,2023-08-17,5700.0,2023,8,17,0,0,0,1,0,0,1,0,0,0,0,0,0,0,0,0,0,0,0,0,0,0,0,0,0,1,0,0,0,0,0,0,0,0,0,0,0,1,0,0,0,0,0,0,0
CUST000446,Ranveer,Nadig,47.0,Warangal,2020-01-20,150100.0,2020,1,20,1,0,0,1,0,0,0,0,0,0,1,0,0,0,0,0,0,0,0,0,0,0,0,0,0,1,0,0,0,1,0,0,0,0,0,0,0,0,0,1,0,0,0,0,1
CUST000447,Widisha,Banik,43.0,Mumbai,2019-06-20,386100.0,2019,6,20,0,1,0,0,0,0,0,1,0,1,0,1,0,0,0,0,0,0,0,0,1,0,0,0,0,0,0,0,0,0,0,0,0,0,0,0,0,0,0,1,0,0,0,0,1
CUST000448,Bakhshi,Keer,26.0,Chennai,2021-07-03,144400.0,2021,7,3,0,0,1,1,0,0,0,0,0,0,0,0,1,0,0,0,0,0,0,0,0,0,0,0,1,0,0,0,0,0,0,0,0,0,0,0,0,0,0,0,0,0,0,0,1
CUST000449,Mitali,Karan,31.0,Chennai,2019-12-08,118600.0,2019,12,8,1,0,0,0,0,1,0,0,1,0,1,0,0,0,0,0,0,0,0,0,0,0,0,0,1,0,0,0,1,0,0,0,0,0,0,0,0,0,0,0,0,0,0,1,0
CUST000450,Chandani,Saraf,24.0,Kolkata,2021-04-05,41600.0,2021,4,5,0,0,1,0,0,0,1,0,1,0,0,0,1,0,0,0,0,0,0,0,0,0,0,0,0,0,0,1,0,0,0,0,0,0,0,1,0,0,0,0,0,0,1,0,0
CUST000451,Chavvi,Chaudhry,37.0,Hyderabad,2020-09-05,55100.0,2020,9,5,0,0,1,0,0,1,0,0,0,0,0,0,1,0,0,0,0,0,0,0,0,0,0,0,0,1,0,0,0,0,0,0,0,0,0,1,0,0,0,1,0,0,1,0,0
CUST000452,Vamakshi,Ganesan,50.0,Kolkata,2019-08-22,172200.0,2019,8,22,1,0,0,0,0,1,0,0,0,1,1,0,0,0,0,0,0,0,0,0,0,0,0,0,0,0,0,1,0,1,0,0,0,0,0,0,0,0,0,1,0,0,0,0,1
CUST000453,Netra,Balakrishnan,25.0,Indore,2021-02-25,71600.0,2021,2,25,0,0,1,0,0,1,0,0,1,0,0,0,1,0,0,0,0,0,0,1,0,0,0,0,0,0,0,0,0,0,0,0,1,0,0,0,0,0,0,0,0,0,0,1,0
CUST000454,Aradhana,Nair,45.0,Bhubaneswar,2020-09-12,86100.0,2020,9,12,0,0,1,0,0,1,0,0,0,1,0,0,1,0,0,0,0,0,0,0,0,1,0,0,0,0,0,0,0,1,0,0,0,0,0,0,0,0,0,1,0,0,0,1,0
CUST000455,Baghyawati,Memon,31.0,Kolkata,2019-07-08,137000.0,2019,7,8,1,0,0,0,0,1,0,0,0,1,1,0,0,0,0,0,0,0,0,0,0,0,0,0,0,0,0,1,0,0,0,0,0,0,0,0,1,0,0,0,0,0,0,0,1
CUST000456,Praneel,Prasad,28.0,Mumbai,2019-09-03,14300.0,2019,9,3,0,0,0,1,0,1,0,0,1,0,0,0,0,0,0,0,0,0,0,0,1,0,0,0,0,0,0,0,0,0,0,0,0,0,0,0,0,1,0,0,0,0,0,0,0
CUST000457,Tanveer,Dhingra,37.0,Amritsar,2021-05-08,21300.0,2021,5,8,0,0,0,1,0,0,1,0,0,0,0,0,0,0,0,0,0,0,0,0,0,0,1,0,0,0,0,0,0,0,0,0,0,0,1,0,0,0,0,1,0,0,0,0,0
CUST000458,Jason,Wali,25.0,Ahmedabad,2019-11-23,28500.0,2019,11,23,0,0,1,1,0,1,0,0,1,0,0,0,1,0,0,0,1,0,0,0,0,0,0,0,0,0,0,0,0,0,0,0,0,1,0,0,0,0,0,0,0,0,1,0,0
CUST000459,Samesh,Gole,31.0,Bengaluru,2021-03-08,96400.0,2021,3,8,0,0,1,1,0,1,0,0,0,0,0,0,1,0,0,0,0,1,0,0,0,0,0,0,0,0,0,0,0,0,0,0,1,0,0,0,0,0,0,0,0,0,0,1,0
CUST000460,Frederick,Gill,22.0,Pune,2022-08-17,29400.0,2022,8,17,0,0,0,1,0,0,1,0,0,0,0,0,0,0,0,0,0,0,0,0,1,0,0,0,0,0,0,0,0,0,0,0,0,0,0,1,0,0,0,0,0,0,1,0,0
CUST000461,Chaaya,Raja,64.0,Pune,2020-03-31,16200.0,2020,3,31,0,0,0,0,0,0,1,0,0,1,0,0,0,0,0,0,0,0,0,0,1,0,0,0,0,0,0,0,0,0,0,0,0,0,1,0,0,0,0,0,1,0,0,0,0
CUST000462,Jai,Tank,38.0,Nagpur,2021-04-18,198500.0,2021,4,18,1,0,0,1,0,0,0,0,0,0,1,0,0,0,0,0,0,0,0,0,1,0,0,0,0,0,0,0,0,0,0,0,1,0,0,0,0,0,0,1,0,0,0,0,1
CUST000463,Ekbal,Kata,29.0,Mumbai,2018-08-23,27600.0,2018,8,23,0,0,1,1,0,1,0,0,1,0,0,0,1,0,0,0,0,0,0,0,1,0,0,0,0,0,0,0,0,0,0,0,0,1,0,0,0,0,0,0,0,0,1,0,0
CUST000464,Vedhika,Kumar,41.0,Patna,2021-02-16,111400.0,2021,2,16,0,0,1,0,0,1,0,0,1,0,0,0,1,1,0,0,0,0,0,0,0,0,0,0,0,0,0,0,0,0,0,0,1,0,0,0,0,0,0,1,0,0,0,1,0
CUST000465,Victor,Kumer,37.0,Madurai,2019-04-13,30200.0,2019,4,13,0,0,1,1,0,1,0,0,1,0,0,0,1,0,0,0,0,0,0,0,0,0,0,0,1,0,0,0,0,0,0,0,0,1,0,0,0,0,0,1,0,0,1,0,0
CUST000466,Aayush,Shroff,35.0,Ahmedabad,2019-02-19,57000.0,2019,2,19,1,0,0,1,0,1,0,0,0,0,1,0,0,0,0,0,1,0,0,0,0,0,0,0,0,0,0,0,0,0,0,0,0,0,0,0,0,0,1,0,0,0,1,0,0
CUST000467,Maanas,Dugar,46.0,Kanpur,2018-08-23,49500.0,2018,8,23,1,0,0,1,0,1,0,0,0,1,1,0,0,0,0,0,0,0,0,0,0,0,0,0,0,0,1,0,0,0,0,0,0,0,0,0,0,0,1,1,0,0,1,0,0
CUST000468,Balhaar,Sathe,48.0,Jodhpur,2020-05-04,24700.0,2020,5,4,0,0,1,1,0,0,0,0,0,0,0,0,1,0,0,0,0,0,0,0,0,0,0,1,0,0,0,0,0,0,0,0,0,0,1,0,0,0,0,1,0,0,0,0,0
CUST000469,Orinder,Mistry,31.0,Indore,2019-01-01,14900.0,2019,1,1,0,0,1,1,0,0,1,0,1,0,0,0,1,0,0,0,0,0,0,1,0,0,0,0,0,0,0,0,0,0,0,0,0,0,1,0,0,0,0,0,0,0,0,0,0
CUST000470,Unnati,Krishna,31.0,Bhubaneswar,2018-10-02,24100.0,2018,10,2,0,0,1,0,0,0,1,0,0,0,0,0,1,0,0,0,0,0,0,0,0,1,0,0,0,0,0,0,0,0,0,0,0,1,0,0,0,0,0,0,0,0,0,0,0
CUST000471,Vasatika,Mittal,34.0,Warangal,2021-02-08,395500.0,2021,2,8,1,0,0,0,0,0,1,0,0,0,1,0,0,0,0,0,0,0,0,0,0,0,0,0,0,1,0,0,0,0,0,0,0,0,0,0,0,0,0,0,0,0,0,0,1
CUST000472,Hardik,Rajagopalan,18.0,Guwahati,2026-07-11,65800.0,2026,7,11,0,0,0,1,0,0,1,0,0,0,0,0,0,0,0,0,0,0,0,0,0,0,0,0,0,0,0,0,0,0,0,0,0,0,0,0,0,0,0,0,0,0,1,0,0
CUST000473,Wyatt,Chhabra,18.0,Surat,2026-07-11,12600.0,2026,7,11,0,0,0,1,0,0,1,0,0,0,0,0,0,0,0,0,1,0,0,0,0,0,0,0,0,0,0,0,0,0,0,0,0,0,0,0,0,1,0,0,0,0,0,0,0
CUST000474,Jagat,Raj,56.0,Mumbai,2019-10-06,37000.0,2019,10,6,0,0,1,1,0,1,0,0,1,0,0,0,1,0,0,0,0,0,0,0,1,0,0,0,0,0,0,0,0,0,0,0,0,1,0,0,0,0,0,0,1,0,1,0,0
CUST000475,Rachita,Merchant,59.0,Ahmedabad,2019-11-18,13700.0,2019,11,18,0,0,0,0,0,0,1,0,1,0,0,0,0,0,0,0,1,0,0,0,0,0,0,0,0,0,0,0,0,0,0,1,0,0,0,0,0,0,0,0,1,0,0,0,0
CUST000476,Manbir,Bains,35.0,Ahmedabad,2021-01-05,18900.0,2021,1,5,0,0,0,1,0,0,1,0,0,0,0,0,0,0,0,0,1,0,0,0,0,0,0,0,0,0,0,0,0,0,0,1,0,0,0,0,0,0,0,0,0,0,0,0,0
CUST000477,Rudra,Maharaj,45.0,Patna,2019-03-26,29200.0,2019,3,26,0,0,1,1,0,1,0,0,0,0,0,0,1,1,0,0,0,0,0,0,0,0,0,0,0,0,0,0,0,0,0,0,0,1,0,0,0,0,0,1,0,0,1,0,0
CUST000478,Aarna,Bawa,42.0,Hyderabad,2021-07-06,27100.0,2021,7,6,0,0,0,0,0,0,1,0,0,1,0,0,0,0,0,0,0,0,0,0,0,0,0,0,0,1,0,0,0,0,0,0,0,1,0,0,0,0,0,1,0,0,1,0,0
CUST000479,Yuvraj,Mangat,75.0,Kolkata,2019-03-17,39000.0,2019,3,17,0,0,1,1,0,1,0,0,0,1,0,0,1,0,0,0,0,0,0,0,0,0,0,0,0,0,0,1,0,0,0,0,0,0,1,0,0,0,0,0,0,1,1,0,0
CUST000480,Ishwar,Pandey,53.0,Mumbai,2021-07-18,218000.0,2021,7,18,1,0,0,1,0,1,0,0,0,1,1,0,0,0,0,0,0,0,0,0,1,0,0,0,0,0,0,0,0,0,0,0,1,0,0,0,0,0,0,0,1,0,0,0,1
CUST000481,Imaran,Gupta,36.0,Bengaluru,2019-08-28,119300.0,2019,8,28,1,0,0,1,0,0,1,0,0,1,1,0,0,0,0,0,0,1,0,0,0,0,0,0,0,0,0,0,0,1,0,0,0,0,0,0,0,0,0,1,0,0,0,1,0
CUST000482,Ladli,Devan,26.0,Mumbai,2021-05-22,43100.0,2021,5,22,0,0,1,0,0,1,0,0,1,0,0,0,1,0,0,0,0,0,0,0,1,0,0,0,0,0,0,0,0,0,1,0,0,0,0,0,0,0,0,0,0,0,1,0,0
CUST000483,Chasmum,Baral,18.0,Chennai,2026-07-11,15000.0,2026,7,11,0,0,0,0,0,0,0,0,1,0,0,0,0,0,0,0,0,0,0,0,0,0,0,0,1,0,0,0,0,0,0,0,0,1,0,0,0,0,0,0,0,0,0,0,0
CUST000484,Nilima,Sastry,41.0,Kanpur,2019-06-17,65800.0,2019,6,17,1,0,0,0,0,0,0,0,1,0,1,0,0,0,0,0,0,0,0,0,0,0,0,0,0,0,1,0,0,0,1,0,0,0,0,0,0,0,0,1,0,0,1,0,0
CUST000485,Anay,Patla,28.0,Delhi,2020-10-13,64000.0,2020,10,13,0,0,1,1,0,0,1,0,0,0,0,0,1,0,0,1,0,0,0,0,0,0,0,0,0,0,0,0,0,0,0,0,0,0,0,1,0,0,0,0,0,0,1,0,0
CUST000486,Ekaja,Chana,20.0,Coimbatore,2024-08-16,26300.0,2024,8,16,0,0,0,0,0,0,1,0,1,0,0,0,0,0,0,0,0,0,0,0,0,0,0,0,1,0,0,0,0,0,0,0,0,1,0,0,0,0,0,0,0,0,0,0,0
CUST000487,Neelima,Narain,30.0,Delhi,2018-11-17,131000.0,2018,11,17,1,0,0,0,0,1,0,0,0,0,1,0,0,0,0,1,0,0,0,0,0,0,0,0,0,0,0,0,0,0,0,0,1,0,0,0,0,0,0,0,0,0,0,1,0
CUST000488,Triya,Gill,24.0,Pune,2021-06-23,190800.0,2021,6,23,1,0,0,0,0,0,1,0,0,0,1,0,0,0,0,0,0,0,0,0,1,0,0,0,0,0,0,0,0,0,0,0,0,0,0,0,1,0,0,0,0,0,0,0,1
CUST000489,Harish,Deo,60.0,Chennai,2019-03-12,252400.0,2019,3,12,0,1,0,1,0,1,0,0,0,1,0,1,0,0,0,0,0,0,0,0,0,0,0,0,1,0,0,0,0,0,0,0,0,0,0,0,1,0,0,0,1,0,0,0,1
CUST000490,Rajeshri,Wali,49.0,Pune,2021-06-06,96300.0,2021,6,6,0,0,1,0,0,1,0,0,1,0,0,0,1,0,0,0,0,0,0,0,1,0,0,0,0,0,0,0,0,0,1,0,0,0,0,0,0,0,0,1,0,0,0,1,0
CUST000491,Zashil,Mahajan,38.0,Kolkata,2021-03-30,65800.0,2021,3,30,0,0,1,1,0,1,0,0,0,1,0,0,1,0,0,0,0,0,0,0,0,0,0,0,0,0,0,1,0,0,0,0,0,0,0,0,0,0,1,1,0,0,1,0,0
CUST000492,Fitan,Kurian,57.0,Mumbai,2021-04-08,78500.0,2021,4,8,0,0,1,1,0,1,0,0,0,1,0,0,1,0,0,0,0,0,0,0,1,0,0,0,0,0,0,0,0,0,0,0,0,0,0,1,0,0,0,0,1,0,0,1,0
CUST000493,Warda,Merchant,39.0,Pune,2018-08-23,65800.0,2018,8,23,0,0,1,0,0,1,0,0,1,0,0,0,1,0,0,0,0,0,0,0,1,0,0,0,0,0,0,0,0,0,0,0,0,1,0,0,0,0,0,1,0,0,1,0,0
CUST000494,Omkaar,Contractor,27.0,Madurai,2021-01-31,15600.0,2021,1,31,0,0,0,1,0,0,1,0,0,0,0,0,0,0,0,0,0,0,0,0,0,0,0,0,1,0,0,0,0,0,0,0,0,0,0,0,0,1,0,0,0,0,0,0,0
CUST000495,Vinaya,Borra,58.0,Kolkata,2018-12-08,207600.0,2018,12,8,1,0,0,0,0,1,0,0,0,1,1,0,0,0,0,0,0,0,0,0,0,0,0,0,0,0,0,1,0,0,0,0,1,0,0,0,0,0,0,0,1,0,0,0,1
CUST000496,Ekavir,Kara,45.0,Mumbai,2018-08-26,102500.0,2018,8,26,1,0,0,1,0,1,0,0,0,0,1,0,0,0,0,0,0,0,0,0,1,0,0,0,0,0,0,0,0,0,0,0,0,0,0,0,1,0,0,1,0,0,0,1,0
CUST000497,Sneha,Pau,25.0,Kolkata,2020-06-22,174100.0,2020,6,22,1,0,0,0,0,1,0,0,0,0,1,0,0,0,0,0,0,0,0,0,0,0,0,0,0,0,0,1,0,0,0,0,0,0,0,0,1,0,0,0,0,0,0,0,1
CUST000498,Chandani,Rana,36.0,Varanasi,2019-09-25,125400.0,2019,9,25,1,0,0,0,0,0,0,1,0,1,1,0,0,0,0,0,0,0,0,0,0,0,0,0,0,0,1,0,0,0,0,0,0,0,0,1,0,0,0,1,0,0,0,1,0
CUST000499,Advika,Lalla,27.0,Ahmedabad,2019-04-16,122900.0,2019,4,16,1,0,0,0,0,1,0,0,0,0,1,0,0,0,0,0,1,0,0,0,0,0,0,0,0,0,0,0,0,1,0,0,0,0,0,0,0,0,0,0,0,0,0,1,0
CUST000500,David,Sha,20.0,Pune,2024-08-16,10300.0,2024,8,16,0,0,0,1,0,1,0,0,0,0,0,0,0,0,0,0,0,0,0,0,1,0,0,0,0,0,0,0,0,0,0,0,0,0,0,0,0,1,0,0,0,0,0,0,0
CUST000501,Qarin,Lala,50.0,Kolkata,2021-02-20,154400.0,2021,2,20,1,0,0,1,0,1,0,0,0,0,1,0,0,0,0,0,0,0,0,0,0,0,0,0,0,0,0,1,0,1,0,0,0,0,0,0,0,0,0,1,0,0,0,0,1
CUST000502,Sai,Prabhu,63.0,Ahmedabad,2020-04-28,213200.0,2020,4,28,1,0,0,0,0,1,0,0,1,0,1,0,0,0,0,0,1,0,0,0,0,0,0,0,0,0,0,0,0,0,0,0,0,0,0,0,1,0,0,0,1,0,0,0,1
CUST000503,Chatura,Kaur,20.0,Mumbai,2024-08-16,9400.0,2024,8,16,0,0,0,1,0,0,1,0,0,1,0,0,0,0,0,0,0,0,0,0,1,0,0,0,0,0,0,0,0,0,0,0,0,0,0,0,0,1,0,0,0,0,0,0,0
CUST000504,Vrishti,Bakshi,45.0,Chandigarh,2019-04-14,37600.0,2019,4,14,0,0,1,0,0,1,0,0,1,0,0,0,1,0,1,0,0,0,0,0,0,0,0,0,0,0,0,0,0,0,0,0,0,1,0,0,0,0,0,1,0,0,1,0,0
CUST000505,Omisha,Kant,30.0,Patna,2020-12-07,12800.0,2020,12,7,0,0,0,0,0,1,0,0,0,1,0,0,0,1,0,0,0,0,0,0,0,0,0,0,0,0,0,0,0,0,0,0,0,0,0,0,0,1,0,0,0,0,0,0,0
CUST000506,Azad,Shetty,32.0,Chandigarh,2021-02-06,114200.0,2021,2,6,0,0,1,1,0,1,0,0,0,0,0,0,1,0,1,0,0,0,0,0,0,0,0,0,0,0,0,0,0,1,0,0,0,0,0,0,0,0,0,0,0,0,0,1,0
CUST000507,Matthew,Rege,30.0,Kanpur,2018-11-12,66000.0,2018,11,12,1,0,0,1,0,1,0,0,0,0,1,0,0,0,0,0,0,0,0,0,0,0,0,0,0,0,1,0,0,0,0,0,0,0,0,1,0,0,0,0,0,0,0,1,0
CUST000508,Dalbir,Dey,27.0,Vadodara,2021-06-29,157600.0,2021,6,29,0,0,1,1,0,0,1,0,0,0,0,0,1,0,0,0,1,0,0,0,0,0,0,0,0,0,0,0,1,0,0,0,0,0,0,0,0,0,0,0,0,0,0,0,1
CUST000509,Aradhana,Barad,39.0,Howrah,2019-06-03,36900.0,2019,6,3,1,0,0,0,0,1,0,0,0,0,1,0,0,0,0,0,0,0,0,0,0,0,0,0,0,0,0,1,0,0,0,0,0,0,1,0,0,0,0,1,0,0,1,0,0
CUST000510,Max,Tailor,27.0,Ahmedabad,2021-06-26,15900.0,2021,6,26,0,0,0,1,0,1,0,0,1,0,0,0,0,0,0,0,1,0,0,0,0,0,0,0,0,0,0,0,0,0,0,0,0,0,0,0,0,1,0,0,0,0,0,0,0
CUST000511,Dalbir,Chatterjee,42.0,Lucknow,2019-02-10,93600.0,2019,2,10,1,0,0,1,0,1,0,0,1,0,1,0,0,0,0,0,0,0,0,0,0,0,0,0,0,0,1,0,0,0,0,0,0,0,0,1,0,0,0,1,0,0,0,1,0
CUST000512,Jacob,Yogi,37.0,Ahmedabad,2018-11-28,105000.0,2018,11,28,1,0,0,1,0,1,0,0,1,0,1,0,0,0,0,0,1,0,0,0,0,0,0,0,0,0,0,0,0,0,0,0,0,0,0,0,1,0,0,1,0,0,0,1,0
CUST000513,Ekanta,Rama,35.0,Bengaluru,2020-09-24,66200.0,2020,9,24,0,0,1,0,0,0,1,0,0,1,0,0,1,0,0,0,0,1,0,0,0,0,0,0,0,0,0,0,0,0,0,0,0,0,0,0,0,0,1,0,0,0,0,1,0
CUST000514,Utkarsh,Prabhakar,26.0,Hyderabad,2021-05-27,12200.0,2021,5,27,0,0,0,1,0,1,0,0,0,1,0,0,0,0,0,0,0,0,0,0,0,0,0,0,0,1,0,0,0,0,0,1,0,0,0,0,0,0,0,0,0,0,0,0,0
CUST000515,Shaurya,Dubey,31.0,Patna,2020-03-08,60300.0,2020,3,8,0,0,1,1,0,1,0,0,0,1,0,0,1,1,0,0,0,0,0,0,0,0,0,0,0,0,0,0,0,0,1,0,0,0,0,0,0,0,0,0,0,0,1,0,0
CUST000516,Triya,Chaudhary,48.0,Mumbai,2020-09-23,100400.0,2020,9,23,0,0,1,0,0,0,1,0,0,0,0,0,1,0,0,0,0,0,0,0,1,0,0,0,0,0,0,0,0,0,0,0,0,0,0,1,0,0,0,1,0,0,0,1,0
CUST000517,Wishi,Reddy,38.0,Ahmedabad,2020-05-16,97200.0,2020,5,16,1,0,0,0,0,1,0,0,0,0,1,0,0,0,0,0,1,0,0,0,0,0,0,0,0,0,0,0,0,0,0,0,0,0,0,1,0,0,0,1,0,0,0,1,0
CUST000518,Meera,Bali,25.0,Bhubaneswar,2019-08-19,158300.0,2019,8,19,1,0,0,0,0,1,0,0,1,0,1,0,0,0,0,0,0,0,0,0,0,1,0,0,0,0,0,0,0,0,0,0,0,0,0,0,1,0,0,0,0,0,0,0,1
CUST000519,Qasim,Kalla,39.0,Ahmedabad,2020-12-29,124800.0,2020,12,29,0,0,1,1,0,1,0,0,1,0,0,0,1,0,0,0,1,0,0,0,0,0,0,0,0,0,0,0,0,1,0,0,0,0,0,0,0,0,0,1,0,0,0,1,0
CUST000520,Tristan,Saxena,48.0,Ludhiana,2020-07-21,37300.0,2020,7,21,0,0,1,1,0,0,0,0,1,0,0,0,1,0,0,0,0,0,0,0,0,0,1,0,0,0,0,0,0,0,0,0,0,1,0,0,0,0,0,1,0,0,1,0,0
CUST000521,Kamya,Patil,18.0,Ahmedabad,2026-07-11,65800.0,2026,7,11,0,0,0,0,0,1,0,0,0,0,0,0,0,0,0,0,1,0,0,0,0,0,0,0,0,0,0,0,0,0,0,0,0,0,0,0,0,1,0,0,0,0,1,0,0
CUST000522,Chandran,Pillai,45.0,Mumbai,2019-09-11,46300.0,2019,9,11,0,0,1,1,0,1,0,0,1,0,0,0,1,0,0,0,0,0,0,0,1,0,0,0,0,0,0,0,0,0,0,0,0,0,0,0,0,0,1,1,0,0,1,0,0
CUST000523,Rachita,Bhat,29.0,Kanpur,2020-08-24,220600.0,2020,8,24,1,0,0,0,0,1,0,0,0,0,1,0,0,0,0,0,0,0,0,0,0,0,0,0,0,0,1,0,0,0,0,0,0,0,0,0,1,0,0,0,0,0,0,0,1
CUST000524,Sneha,Majumdar,45.0,Bengaluru,2019-08-19,254200.0,2019,8,19,0,1,0,0,0,1,0,0,0,1,0,1,0,0,0,0,0,1,0,0,0,0,0,0,0,0,0,0,0,0,0,0,0,0,0,0,1,0,0,1,0,0,0,0,1
CUST000525,Girish,Das,28.0,Warangal,2019-05-01,78200.0,2019,5,1,1,0,0,1,0,1,0,0,0,0,1,0,0,0,0,0,0,0,0,0,0,0,0,0,0,1,0,0,0,0,0,0,0,0,0,1,0,0,0,0,0,0,0,1,0
CUST000526,Vasana,Chand,18.0,Bengaluru,2026-07-11,15400.0,2026,7,11,0,0,0,0,0,0,1,0,0,0,0,0,0,0,0,0,0,1,0,0,0,0,0,0,0,0,0,0,0,0,0,0,0,0,0,0,0,1,0,0,0,0,0,0,0
CUST000527,Jagvi,Bail,18.0,Bengaluru,2026-07-11,20900.0,2026,7,11,0,0,0,0,0,0,1,0,0,0,0,0,0,0,0,0,0,1,0,0,0,0,0,0,0,0,0,0,0,0,0,0,0,1,0,0,0,0,0,0,0,0,0,0,0
CUST000528,Aryan,Nath,39.0,Warangal,2021-08-16,61000.0,2021,8,16,0,0,1,1,0,0,0,0,1,0,0,0,1,0,0,0,0,0,0,0,0,0,0,0,0,1,0,0,0,0,0,0,0,0,0,1,0,0,0,1,0,0,1,0,0
CUST000529,Keya,Dass,41.0,Hyderabad,2019-03-21,117500.0,2019,3,21,1,0,0,0,0,1,0,0,1,0,1,0,0,0,0,0,0,0,0,0,0,0,0,0,0,1,0,0,0,0,0,0,0,0,0,0,1,0,0,1,0,0,0,1,0
CUST000530,Harshil,Biswas,26.0,Howrah,2019-02-27,30600.0,2019,2,27,0,0,1,1,0,0,0,1,1,0,0,0,1,0,0,0,0,0,0,0,0,0,0,0,0,0,0,1,0,0,0,0,0,1,0,0,0,0,0,0,0,0,1,0,0
CUST000531,Hemang,Kalita,46.0,Lucknow,2019-07-14,20800.0,2019,7,14,0,0,1,1,0,1,0,0,0,1,0,0,1,0,0,0,0,0,0,0,0,0,0,0,0,0,1,0,0,0,0,0,0,0,0,0,0,1,0,1,0,0,0,0,0
CUST000532,Jackson,Narasimhan,18.0,Bengaluru,2026-07-11,8800.0,2026,7,11,0,0,0,1,0,0,1,0,1,0,0,0,0,0,0,0,0,1,0,0,0,0,0,0,0,0,0,0,0,0,0,0,0,0,0,0,0,1,0,0,0,0,0,0,0
CUST000533,Falak,Agate,37.0,Delhi,2019-11-14,89600.0,2019,11,14,1,0,0,0,0,1,0,0,1,0,1,0,0,0,0,1,0,0,0,0,0,0,0,0,0,0,0,0,0,1,0,0,0,0,0,0,0,0,0,1,0,0,0,1,0
CUST000534,Manya,Dhillon,22.0,Ahmedabad,2022-08-17,65800.0,2022,8,17,0,0,0,0,0,0,1,0,1,0,0,0,0,0,0,0,1,0,0,0,0,0,0,0,0,0,0,0,0,0,0,0,0,0,0,0,0,0,0,0,0,0,1,0,0
CUST000535,Eiravati,Zachariah,30.0,Ahmedabad,2020-06-15,32000.0,2020,6,15,0,0,1,0,0,1,0,0,0,1,0,0,1,0,0,0,1,0,0,0,0,0,0,0,0,0,0,0,0,0,0,0,0,0,1,0,0,0,0,0,0,0,1,0,0
CUST000536,Jeremiah,Ghosh,39.0,Patna,2021-01-11,169100.0,2021,1,11,1,0,0,1,0,1,0,0,0,1,1,0,0,1,0,0,0,0,0,0,0,0,0,0,0,0,0,0,0,0,0,0,1,0,0,0,0,0,0,1,0,0,0,0,1
CUST000537,Dayamai,Bal,27.0,Mumbai,2019-11-11,32600.0,2019,11,11,0,0,1,0,0,1,0,0,0,0,0,0,1,0,0,0,0,0,0,0,1,0,0,0,0,0,0,0,0,0,0,0,0,0,0,0,0,0,1,0,0,0,1,0,0
CUST000538,Dominic,Aurora,33.0,Chandigarh,2019-02-23,119300.0,2019,2,23,1,0,0,1,0,0,1,0,0,0,1,0,0,0,1,0,0,0,0,0,0,0,0,0,0,0,0,0,0,1,0,0,0,0,0,0,0,0,0,0,0,0,0,1,0
CUST000539,Rachita,Khanna,51.0,Chennai,2021-06-24,254300.0,2021,6,24,1,0,0,0,0,1,0,0,0,0,1,0,0,0,0,0,0,0,0,0,0,0,0,0,1,0,0,0,0,0,0,0,0,0,0,0,1,0,0,0,1,0,0,0,1
CUST000540,Neel,Babu,31.0,Kolkata,2019-11-01,45500.0,2019,11,1,0,0,1,1,0,0,1,0,0,0,0,0,1,0,0,0,0,0,0,0,0,0,0,0,0,0,0,1,0,0,0,0,0,0,0,1,0,0,0,0,0,0,1,0,0
CUST000541,Gagan,Lanka,49.0,Pune,2019-09-11,148000.0,2019,9,11,1,0,0,1,0,1,0,0,0,0,1,0,0,0,0,0,0,0,0,0,1,0,0,0,0,0,0,0,0,0,0,0,0,0,0,0,1,0,0,1,0,0,0,0,1
CUST000542,Atharv,Date,23.0,Warangal,2021-08-16,66900.0,2021,8,16,0,0,1,1,0,0,1,0,0,0,0,0,1,0,0,0,0,0,0,0,0,0,0,0,0,1,0,0,0,0,0,0,1,0,0,0,0,0,0,0,0,0,0,1,0
CUST000543,Ucchal,Vora,45.0,Delhi,2019-09-04,65800.0,2019,9,4,1,0,0,0,0,0,0,1,0,0,1,0,0,0,0,1,0,0,0,0,0,0,0,0,0,0,0,0,0,1,0,0,0,0,0,0,0,0,0,1,0,0,1,0,0
CUST000544,Dakshesh,Bhatt,57.0,New Delhi,2019-09-24,86200.0,2019,9,24,1,0,0,1,0,1,0,0,1,0,1,0,0,0,0,1,0,0,0,0,0,0,0,0,0,0,0,0,0,0,0,0,0,0,0,1,0,0,0,0,1,0,0,1,0
CUST000545,Vyanjana,Sen,18.0,Chennai,2026-07-11,4900.0,2026,7,11,0,0,0,0,0,0,1,0,0,0,0,0,0,0,0,0,0,0,0,0,0,0,0,0,1,0,0,0,0,0,0,0,0,0,0,0,0,1,0,0,0,0,0,0,0
CUST000546,Pratyush,Varghese,28.0,Lucknow,2020-12-02,27200.0,2020,12,2,0,0,1,1,0,1,0,0,1,0,0,0,1,0,0,0,0,0,0,0,0,0,0,0,0,0,1,0,0,0,0,0,0,1,0,0,0,0,0,0,0,0,1,0,0
CUST000547,Chatura,Seth,46.0,Vadodara,2019-10-08,29600.0,2019,10,8,0,0,1,1,0,0,0,0,0,1,0,0,1,0,0,0,1,0,0,0,0,0,0,0,0,0,0,0,0,0,0,0,0,1,0,0,0,0,0,1,0,0,1,0,0
CUST000548,Zayan,Kant,35.0,Kolkata,2021-07-28,9400.0,2021,7,28,0,0,0,1,0,1,0,0,0,1,0,0,0,0,0,0,0,0,0,0,0,0,0,0,0,0,0,1,0,0,0,0,0,0,0,0,0,1,0,0,0,0,0,0,0
CUST000549,Anya,Verma,43.0,Madurai,2019-09-21,500200.0,2019,9,21,0,1,0,0,0,1,0,0,0,1,0,1,0,0,0,0,0,0,0,0,0,0,0,0,1,0,0,0,0,0,0,0,0,0,0,0,0,0,0,1,0,0,0,0,1
CUST000550,Nidhi,Shanker,30.0,Hyderabad,2019-08-18,20200.0,2019,8,18,0,0,1,0,0,1,0,0,0,0,0,0,1,0,0,0,0,0,0,0,0,0,0,0,0,1,0,0,0,0,0,0,0,1,0,0,0,0,0,0,0,0,0,0,0
CUST000551,Alexander,Bhat,39.0,Amritsar,2020-11-27,83200.0,2020,11,27,0,0,1,1,0,1,0,0,0,1,0,0,1,0,0,0,0,0,0,0,0,0,1,0,0,0,0,0,0,0,1,0,0,0,0,0,0,0,0,1,0,0,0,1,0
CUST000552,Wriddhish,Ratti,36.0,Kolkata,2019-10-31,59600.0,2019,10,31,0,0,1,1,0,1,0,0,0,1,0,0,1,0,0,0,0,0,0,0,0,0,0,0,0,0,0,1,0,0,1,0,0,0,0,0,0,0,0,1,0,0,1,0,0
CUST000553,Tanay,Chokshi,53.0,New Delhi,2020-01-09,111900.0,2020,1,9,1,0,0,1,0,0,0,0,0,1,1,0,0,0,0,1,0,0,0,0,0,0,0,0,0,0,0,0,0,0,0,0,0,0,0,0,0,0,0,0,1,0,0,1,0
CUST000554,Xalak,Sawhney,41.0,Delhi,2020-11-04,170500.0,2020,11,4,1,0,0,0,0,1,0,0,1,0,1,0,0,0,0,1,0,0,0,0,0,0,0,0,0,0,0,0,0,0,0,0,1,0,0,0,0,0,0,1,0,0,0,0,1
CUST000555,Balhaar,Buch,42.0,Kolkata,2020-03-27,281100.0,2020,3,27,1,0,0,1,0,0,0,1,0,1,1,0,0,0,0,0,0,0,0,0,0,0,0,0,0,0,0,1,1,0,0,0,0,0,0,0,0,0,0,1,0,0,0,0,1
CUST000556,Oeshi,Divan,33.0,Chennai,2018-11-24,14700.0,2018,11,24,0,0,1,0,0,0,1,0,0,1,0,0,1,0,0,0,0,0,0,0,0,0,0,0,1,0,0,0,0,0,0,0,0,0,0,0,0,1,0,0,0,0,0,0,0
CUST000557,Bhavini,Date,32.0,Mumbai,2020-05-06,25100.0,2020,5,6,0,0,0,0,0,1,0,0,0,1,0,0,0,0,0,0,0,0,0,0,1,0,0,0,0,0,0,0,0,0,0,0,0,1,0,0,0,0,0,0,0,0,0,0,0
CUST000558,Laksh,Nair,32.0,Kanpur,2019-09-26,79700.0,2019,9,26,1,0,0,1,0,1,0,0,1,0,1,0,0,0,0,0,0,0,0,0,0,0,0,0,0,0,1,0,0,0,0,0,1,0,0,0,0,0,0,0,0,0,0,1,0
CUST000559,Sai,Wali,43.0,Ahmedabad,2021-07-09,48700.0,2021,7,9,0,0,1,0,0,1,0,0,0,1,0,0,1,0,0,0,1,0,0,0,0,0,0,0,0,0,0,0,0,0,0,0,0,0,0,0,0,0,1,1,0,0,1,0,0
CUST000560,Nandini,Setty,38.0,Ahmedabad,2021-05-23,58900.0,2021,5,23,0,0,1,0,0,1,0,0,0,0,0,0,1,0,0,0,1,0,0,0,0,0,0,0,0,0,0,0,0,0,1,0,0,0,0,0,0,0,0,1,0,0,1,0,0
CUST000561,Yashawini,Sani,42.0,Mumbai,2021-05-19,14400.0,2021,5,19,0,0,0,0,0,0,1,0,1,0,0,0,0,0,0,0,0,0,0,0,1,0,0,0,0,0,0,0,0,0,0,0,0,0,0,0,0,1,0,1,0,0,0,0,0
CUST000562,Chandran,Contractor,65.0,Hyderabad,2019-04-16,202200.0,2019,4,16,0,1,0,1,0,0,1,0,0,1,0,1,0,0,0,0,0,0,0,0,0,0,0,0,0,1,0,0,0,0,0,0,0,0,0,0,1,0,0,0,1,0,0,0,1
CUST000563,Hritik,Sani,49.0,Thiruvananthapuram,2020-07-28,349800.0,2020,7,28,1,0,0,1,0,1,0,0,1,0,1,0,0,0,0,0,0,0,1,0,0,0,0,0,0,0,0,0,0,0,0,0,0,0,0,0,0,0,0,1,0,0,0,0,1
CUST000564,Upkaar,Kari,34.0,Bhopal,2020-12-10,29500.0,2020,12,10,0,0,1,1,0,0,1,0,0,1,0,0,1,0,0,0,0,0,0,1,0,0,0,0,0,0,0,0,0,0,0,0,0,1,0,0,0,0,0,0,0,0,1,0,0
CUST000565,Samuel,Nori,54.0,Bengaluru,2019-05-20,17900.0,2019,5,20,0,0,0,1,0,1,0,0,0,1,0,0,0,0,0,0,0,1,0,0,0,0,0,0,0,0,0,0,0,0,0,0,0,0,0,0,0,1,0,0,1,0,0,0,0
CUST000566,Utkarsh,Rastogi,33.0,Nagpur,2021-02-11,4400.0,2021,2,11,0,0,0,1,0,0,1,0,0,0,0,0,0,0,0,0,0,0,0,0,1,0,0,0,0,0,0,0,0,0,0,1,0,0,0,0,0,0,0,0,0,0,0,0,0
CUST000567,Sarthak,Chandran,18.0,Chennai,2026-07-11,21700.0,2026,7,11,0,0,0,1,0,1,0,0,1,0,0,0,0,0,0,0,0,0,0,0,0,0,0,0,1,0,0,0,0,0,0,0,0,1,0,0,0,0,0,0,0,0,0,0,0
CUST000568,Nirja,Sane,25.0,Hyderabad,2020-05-01,93300.0,2020,5,1,0,0,1,0,0,1,0,0,0,0,0,0,1,0,0,0,0,0,0,0,0,0,0,0,0,1,0,0,0,0,0,0,1,0,0,0,0,0,0,0,0,0,0,1,0
CUST000569,Naksh,Kumer,18.0,Ahmedabad,2026-07-11,18400.0,2026,7,11,0,0,0,1,0,1,0,0,0,0,0,0,0,0,0,0,1,0,0,0,0,0,0,0,0,0,0,0,0,0,0,0,0,1,0,0,0,0,0,0,0,0,0,0,0
CUST000570,Rachit,Dua,33.0,Bhubaneswar,2019-11-14,129900.0,2019,11,14,1,0,0,1,0,1,0,0,0,1,1,0,0,0,0,0,0,0,0,0,0,1,0,0,0,0,0,0,0,0,0,0,0,0,0,0,1,0,0,0,0,0,0,1,0
CUST000571,Warjas,Bhavsar,38.0,Hyderabad,2020-08-11,88100.0,2020,8,11,0,0,1,1,0,1,0,0,0,0,0,0,1,0,0,0,0,0,0,0,0,0,0,0,0,1,0,0,0,0,0,0,0,0,0,0,1,0,0,1,0,0,0,1,0
CUST000572,Chandani,Chada,60.0,Mumbai,2020-06-12,42700.0,2020,6,12,0,0,1,0,0,1,0,0,1,0,0,0,1,0,0,0,0,0,0,0,1,0,0,0,0,0,0,0,0,0,0,0,0,0,0,0,0,0,0,0,1,0,1,0,0
CUST000573,Charita,Sankaran,42.0,Patna,2019-01-14,168300.0,2019,1,14,0,1,0,0,0,1,0,0,1,0,0,1,0,1,0,0,0,0,0,0,0,0,0,0,0,0,0,0,0,0,0,0,1,0,0,0,0,0,0,1,0,0,0,0,1
CUST000574,Chanakya,Pradhan,35.0,Mumbai,2018-12-21,14800.0,2018,12,21,0,0,1,1,0,1,0,0,0,0,0,0,1,0,0,0,0,0,0,0,1,0,0,0,0,0,0,0,0,0,0,0,0,0,0,0,0,1,0,0,0,0,0,0,0
CUST000575,Dhruv,Bhasin,49.0,Guwahati,2019-02-21,120600.0,2019,2,21,1,0,0,1,0,1,0,0,0,0,1,0,0,0,0,0,0,0,0,0,0,0,0,0,0,0,0,0,0,0,0,0,0,0,0,1,0,0,0,1,0,0,0,1,0
CUST000576,Omya,Das,18.0,Ahmedabad,2026-07-11,20200.0,2026,7,11,0,0,0,0,0,0,1,0,0,0,0,0,0,0,0,0,1,0,0,0,0,0,0,0,0,0,0,0,0,0,0,0,0,1,0,0,0,0,0,0,0,0,0,0,0
CUST000577,Samesh,Pandya,41.0,Guwahati,2019-12-01,31700.0,2019,12,1,0,0,1,1,0,1,0,0,1,0,0,0,1,0,0,0,0,0,0,0,0,0,0,0,0,0,0,0,0,0,0,0,0,1,0,0,0,0,0,1,0,0,1,0,0
CUST000578,Siddharth,Behl,48.0,Delhi,2019-09-08,89300.0,2019,9,8,1,0,0,1,0,0,1,0,0,1,1,0,0,0,0,1,0,0,0,0,0,0,0,0,0,0,0,0,0,0,0,0,0,0,0,1,0,0,0,1,0,0,0,1,0
CUST000579,Maanas,Muni,19.0,Mumbai,2025-08-16,55600.0,2025,8,16,0,0,1,1,0,0,1,0,0,0,0,0,1,0,0,0,0,0,0,0,1,0,0,0,0,0,0,0,0,0,0,0,0,0,0,1,0,0,0,0,0,0,1,0,0
CUST000580,Patrick,Chawla,53.0,Chennai,2019-04-08,28100.0,2019,4,8,0,0,1,1,0,1,0,0,0,1,0,0,1,0,0,0,0,0,0,0,0,0,0,0,1,0,0,0,0,0,0,0,0,0,1,0,0,0,0,0,1,0,1,0,0
CUST000581,Zehaan,Kala,42.0,Chennai,2019-12-21,82100.0,2019,12,21,0,0,1,1,0,1,0,0,1,0,0,0,1,0,0,0,0,0,0,0,0,0,0,0,1,0,0,0,0,0,0,0,0,0,0,1,0,0,0,1,0,0,0,1,0
CUST000582,Garima,Subramaniam,33.0,Bengaluru,2021-04-17,38500.0,2021,4,17,0,0,1,0,0,0,0,0,0,0,0,0,1,0,0,0,0,1,0,0,0,0,0,0,0,0,0,0,0,0,0,0,0,0,1,0,0,0,0,0,0,0,1,0,0
CUST000583,Jasmit,Chokshi,46.0,Bhubaneswar,2019-03-13,79900.0,2019,3,13,0,0,1,0,0,1,0,0,1,0,0,0,1,0,0,0,0,0,0,0,0,1,0,0,0,0,0,0,0,0,1,0,0,0,0,0,0,0,0,1,0,0,0,1,0
CUST000584,Parth,Pillai,38.0,Kanpur,2019-05-06,160000.0,2019,5,6,1,0,0,1,0,1,0,0,0,1,1,0,0,0,0,0,0,0,0,0,0,0,0,0,0,0,1,0,0,0,0,0,0,0,0,0,1,0,0,1,0,0,0,0,1
CUST000585,Deepa,Mallick,40.0,Ahmedabad,2019-03-01,243200.0,2019,3,1,0,1,0,0,0,1,0,0,1,0,0,1,0,0,0,0,1,0,0,0,0,0,0,0,0,0,0,0,0,0,0,0,0,0,0,0,1,0,0,1,0,0,0,0,1
CUST000586,Isaiah,Sanghvi,41.0,Nagpur,2021-01-20,56600.0,2021,1,20,0,0,1,1,0,1,0,0,1,0,0,0,1,0,0,0,0,0,0,0,1,0,0,0,0,0,0,0,0,0,1,0,0,0,0,0,0,0,0,1,0,0,1,0,0
CUST000587,Agastya,Loke,32.0,Surat,2020-10-23,11100.0,2020,10,23,0,0,0,1,0,1,0,0,1,0,0,0,0,0,0,0,1,0,0,0,0,0,0,0,0,0,0,0,0,0,0,0,0,0,0,0,0,1,0,0,0,0,0,0,0
CUST000588,Amrita,Gole,27.0,Surat,2020-09-26,20000.0,2020,9,26,0,0,0,0,0,0,1,0,1,0,0,0,0,0,0,0,1,0,0,0,0,0,0,0,0,0,0,0,0,0,0,1,0,0,0,0,0,0,0,0,0,0,0,0,0
CUST000589,Madhavi,More,49.0,Hyderabad,2020-02-07,91700.0,2020,2,7,1,0,0,0,0,1,0,0,0,0,1,0,0,0,0,0,0,0,0,0,0,0,0,0,0,1,0,0,0,0,1,0,0,0,0,0,0,0,0,1,0,0,0,1,0
CUST000590,Omkaar,Panchal,27.0,Thiruvananthapuram,2021-03-23,54400.0,2021,3,23,0,0,1,1,0,0,1,0,0,0,0,0,1,0,0,0,0,0,1,0,0,0,0,0,0,0,0,0,0,0,0,0,0,0,0,1,0,0,0,0,0,0,1,0,0
CUST000591,Aarush,Golla,39.0,Nagpur,2020-06-20,14200.0,2020,6,20,0,0,0,1,0,0,1,0,0,0,0,0,0,0,0,0,0,0,0,0,1,0,0,0,0,0,0,0,0,0,0,0,0,0,0,0,0,1,0,1,0,0,0,0,0
CUST000592,Eshana,Rattan,32.0,Bengaluru,2021-01-29,15000.0,2021,1,29,0,0,0,0,0,1,0,0,1,0,0,0,0,0,0,0,0,1,0,0,0,0,0,0,0,0,0,0,0,0,0,0,0,0,0,0,0,1,0,0,0,0,0,0,0
CUST000593,Bhavya,Dhar,44.0,Mumbai,2020-10-30,202300.0,2020,10,30,1,0,0,0,0,1,0,0,1,0,1,0,0,0,0,0,0,0,0,0,1,0,0,0,0,0,0,0,0,0,0,0,1,0,0,0,0,0,0,1,0,0,0,0,1
CUST000594,Amruta,Chand,42.0,Jodhpur,2019-07-04,86700.0,2019,7,4,0,0,1,0,0,1,0,0,1,0,0,0,1,0,0,0,0,0,0,0,0,0,0,1,0,0,0,0,0,0,1,0,0,0,0,0,0,0,0,1,0,0,0,1,0
CUST000595,Hritik,Puri,51.0,Kolkata,2019-01-23,314000.0,2019,1,23,0,1,0,1,0,1,0,0,0,1,0,1,0,0,0,0,0,0,0,0,0,0,0,0,0,0,0,1,1,0,0,0,0,0,0,0,0,0,0,0,1,0,0,0,1
CUST000596,Shaurya,Setty,31.0,Bengaluru,2021-07-22,75800.0,2021,7,22,0,0,1,1,0,1,0,0,0,0,0,0,1,0,0,0,0,1,0,0,0,0,0,0,0,0,0,0,0,1,0,0,0,0,0,0,0,0,0,0,0,0,0,1,0
CUST000597,Onkar,Dugar,34.0,Nagpur,2019-12-05,14800.0,2019,12,5,0,0,0,1,0,0,1,0,0,1,0,0,0,0,0,0,0,0,0,0,1,0,0,0,0,0,0,0,0,0,0,0,0,0,0,0,0,1,0,0,0,0,0,0,0
CUST000598,Qasim,Muni,25.0,Mumbai,2021-07-08,32900.0,2021,7,8,0,0,1,1,0,1,0,0,0,0,0,0,1,0,0,0,0,0,0,0,1,0,0,0,0,0,0,0,0,0,0,0,0,1,0,0,0,0,0,0,0,0,1,0,0
CUST000599,Omaja,Chad,32.0,Nagpur,2021-05-15,60700.0,2021,5,15,0,0,1,0,0,1,0,0,0,0,0,0,1,0,0,0,0,0,0,0,1,0,0,0,0,0,0,0,0,0,0,0,0,0,0,0,0,0,1,0,0,0,1,0,0
CUST000600,Atharv,Dugal,43.0,Chennai,2019-07-06,38000.0,2019,7,6,0,0,1,1,0,1,0,0,1,0,0,0,1,0,0,0,0,0,0,0,0,0,0,0,1,0,0,0,0,0,0,0,0,1,0,0,0,0,0,1,0,0,1,0,0
CUST000601,Farhan,Bawa,48.0,New Delhi,2019-06-02,104000.0,2019,6,2,0,0,1,1,0,1,0,0,1,0,0,0,1,0,0,1,0,0,0,0,0,0,0,0,0,0,0,0,0,0,0,0,0,0,0,0,1,0,0,1,0,0,0,1,0
CUST000602,Chaitaly,Magar,26.0,New Delhi,2019-03-08,117400.0,2019,3,8,1,0,0,0,0,1,0,0,0,0,1,0,0,0,0,1,0,0,0,0,0,0,0,0,0,0,0,0,0,0,0,0,1,0,0,0,0,0,0,0,0,0,0,1,0
CUST000603,Vaishnavi,Samra,49.0,Bhopal,2020-03-15,19900.0,2020,3,15,0,0,0,0,0,1,0,0,0,1,0,0,0,0,0,0,0,0,0,1,0,0,0,0,0,0,0,0,0,0,0,0,0,0,0,0,0,1,0,1,0,0,0,0,0
CUST000604,Xavier,Sathe,56.0,Chennai,2019-01-17,219300.0,2019,1,17,0,1,0,1,0,1,0,0,0,1,0,1,0,0,0,0,0,0,0,0,0,0,0,0,1,0,0,0,0,0,0,0,1,0,0,0,0,0,0,0,1,0,0,0,1
CUST000605,Triya,Mahajan,43.0,Surat,2021-02-14,17300.0,2021,2,14,0,0,0,0,0,1,0,0,1,0,0,0,0,0,0,0,1,0,0,0,0,0,0,0,0,0,0,0,0,0,0,0,0,0,0,0,0,1,0,1,0,0,0,0,0
CUST000606,Janaki,Vala,62.0,Mumbai,2020-11-16,23100.0,2020,11,16,0,0,0,0,0,0,0,1,1,0,0,0,0,0,0,0,0,0,0,0,1,0,0,0,0,0,0,0,0,0,0,0,0,0,1,0,0,0,0,0,1,0,0,0,0
CUST000607,Deepa,Pai,28.0,Hyderabad,2021-03-22,72200.0,2021,3,22,0,0,1,0,0,1,0,0,0,0,0,0,1,0,0,0,0,0,0,0,0,0,0,0,0,1,0,0,0,0,1,0,0,0,0,0,0,0,0,0,0,0,0,1,0
CUST000608,Tanveer,Choudhry,22.0,Chennai,2022-08-17,36200.0,2022,8,17,0,0,0,1,0,0,1,0,1,0,0,0,0,0,0,0,0,0,0,0,0,0,0,0,1,0,0,0,0,0,0,0,0,0,0,1,0,0,0,0,0,0,1,0,0
CUST000609,Meghana,Sur,18.0,Delhi,2026-07-11,56700.0,2026,7,11,0,0,0,0,0,0,1,0,1,0,0,0,0,0,0,1,0,0,0,0,0,0,0,0,0,0,0,0,0,0,0,0,0,0,0,1,0,0,0,0,0,0,1,0,0
CUST000610,Zansi,Morar,57.0,Pune,2021-02-27,220900.0,2021,2,27,1,0,0,0,0,0,1,0,0,1,1,0,0,0,0,0,0,0,0,0,1,0,0,0,0,0,0,0,0,0,0,0,0,0,0,0,1,0,0,0,1,0,0,0,1
CUST000611,Arin,Kannan,47.0,Bhopal,2019-10-03,71200.0,2019,10,3,0,0,1,1,0,0,0,0,0,1,0,0,1,0,0,0,0,0,0,1,0,0,0,0,0,0,0,0,0,0,0,0,0,0,0,0,0,0,1,1,0,0,0,1,0
CUST000612,Rudra,Bhakta,37.0,Guwahati,2021-05-24,61900.0,2021,5,24,0,0,1,1,0,1,0,0,0,0,0,0,1,0,0,0,0,0,0,0,0,0,0,0,0,0,0,0,0,0,1,0,0,0,0,0,0,0,0,1,0,0,1,0,0
CUST000613,Aarini,Jayaraman,42.0,Pune,2021-06-28,110200.0,2021,6,28,0,0,1,0,0,1,0,0,0,0,0,0,1,0,0,0,0,0,0,0,1,0,0,0,0,0,0,0,0,1,0,0,0,0,0,0,0,0,0,1,0,0,0,1,0
CUST000614,Matthew,Kakar,23.0,Mysuru,2021-08-16,165500.0,2021,8,16,1,0,0,1,0,1,0,0,0,1,1,0,0,0,0,0,0,1,0,0,0,0,0,0,0,0,0,0,0,0,0,0,0,0,0,0,0,0,0,0,0,0,0,0,1
CUST000615,Ekantika,Kumer,70.0,Bhubaneswar,2021-08-16,6600.0,2021,8,16,0,0,0,0,0,1,0,0,1,0,0,0,0,0,0,0,0,0,0,0,0,1,0,0,0,0,0,0,0,0,0,1,0,0,0,0,0,0,0,0,0,1,0,0,0
CUST000616,Maanav,Narang,40.0,Pune,2019-07-15,25000.0,2019,7,15,0,0,1,1,0,0,0,0,1,0,0,0,1,0,0,0,0,0,0,0,1,0,0,0,0,0,0,0,0,0,0,0,0,1,0,0,0,0,0,1,0,0,0,0,0
CUST000617,Darpan,Amble,39.0,Howrah,2019-12-09,15100.0,2019,12,9,0,0,0,1,0,1,0,0,1,0,0,0,0,0,0,0,0,0,0,0,0,0,0,0,0,0,0,1,0,0,0,0,0,0,0,0,0,1,0,1,0,0,0,0,0
CUST000618,Yuvraj,Sani,47.0,Amritsar,2020-12-29,177700.0,2020,12,29,1,0,0,1,0,0,0,0,1,0,1,0,0,0,0,0,0,0,0,0,0,0,1,0,0,0,0,0,0,0,0,0,0,0,0,0,0,0,0,1,0,0,0,0,1
CUST000619,Harita,Dayal,44.0,Amritsar,2020-12-04,174900.0,2020,12,4,1,0,0,0,0,1,0,0,0,0,1,0,0,0,0,0,0,0,0,0,0,0,1,0,0,0,0,0,0,0,0,0,0,0,0,0,1,0,0,1,0,0,0,0,1
CUST000620,Ranveer,Walia,41.0,Chennai,2019-03-12,191800.0,2019,3,12,0,1,0,1,0,1,0,0,0,0,0,1,0,0,0,0,0,0,0,0,0,0,0,0,1,0,0,0,0,0,0,0,0,0,0,0,1,0,0,1,0,0,0,0,1
CUST000621,Jyoti,Tella,28.0,Nagpur,2020-02-13,216500.0,2020,2,13,1,0,0,1,0,1,0,0,0,0,1,0,0,0,0,0,0,0,0,0,1,0,0,0,0,0,0,0,1,0,0,0,0,0,0,0,0,0,0,0,0,0,0,0,1
CUST000622,Raagini,Bora,44.0,Delhi,2019-07-13,12800.0,2019,7,13,0,0,0,1,0,1,0,0,0,0,0,0,0,0,0,1,0,0,0,0,0,0,0,0,0,0,0,0,0,0,0,1,0,0,0,0,0,0,0,1,0,0,0,0,0
CUST000623,Sneha,Basak,62.0,Indore,2020-04-07,38000.0,2020,4,7,0,0,1,0,0,1,0,0,0,1,0,0,1,0,0,0,0,0,0,1,0,0,0,0,0,0,0,0,0,0,0,0,0,0,1,0,0,0,0,0,1,0,1,0,0
CUST000624,Urmi,Bahl,55.0,Kochi,2020-11-29,101400.0,2020,11,29,1,0,0,0,0,0,0,1,1,0,1,0,0,0,0,0,0,0,1,0,0,0,0,0,0,0,0,0,0,0,0,0,0,0,0,1,0,0,0,0,1,0,0,1,0
CUST000625,Veda,Brahmbhatt,59.0,Kolkata,2018-09-18,20500.0,2018,9,18,0,0,1,0,0,0,1,0,1,0,0,0,1,0,0,0,0,0,0,0,0,0,0,0,0,0,0,1,0,0,0,1,0,0,0,0,0,0,0,0,1,0,0,0,0
CUST000626,Naksh,Sanghvi,31.0,Jaipur,2019-12-05,83300.0,2019,12,5,1,0,0,1,0,1,0,0,0,1,1,0,0,0,0,0,0,0,0,0,0,0,0,1,0,0,0,0,0,0,0,0,0,0,0,0,1,0,0,0,0,0,0,1,0
CUST000627,Tanmayi,Sahni,25.0,Vadodara,2021-03-26,37000.0,2021,3,26,0,0,0,0,0,0,1,0,1,0,0,0,0,0,0,0,1,0,0,0,0,0,0,0,0,0,0,0,0,0,1,0,0,0,0,0,0,0,0,0,0,0,1,0,0
CUST000628,Mohini,Contractor,36.0,Ahmedabad,2020-05-28,37400.0,2020,5,28,0,0,1,0,0,1,0,0,0,0,0,0,1,0,0,0,1,0,0,0,0,0,0,0,0,0,0,0,0,0,0,0,0,1,0,0,0,0,0,1,0,0,1,0,0
CUST000629,Samaksh,Bail,39.0,Kanpur,2020-08-20,98500.0,2020,8,20,0,0,1,1,0,1,0,0,0,1,0,0,1,0,0,0,0,0,0,0,0,0,0,0,0,0,1,0,0,1,0,0,0,0,0,0,0,0,0,1,0,0,0,1,0
CUST000630,Nicholas,Garg,52.0,Ahmedabad,2020-12-25,190500.0,2020,12,25,1,0,0,1,0,0,0,1,1,0,1,0,0,0,0,0,1,0,0,0,0,0,0,0,0,0,0,0,0,0,0,0,1,0,0,0,0,0,0,0,1,0,0,0,1
CUST000631,Veda,Pathak,18.0,Coimbatore,2026-07-11,44400.0,2026,7,11,0,0,0,0,0,0,1,0,0,0,0,0,0,0,0,0,0,0,0,0,0,0,0,0,1,0,0,0,0,0,0,0,0,0,0,1,0,0,0,0,0,0,1,0,0
CUST000632,Chaitanya,Sarkar,58.0,Delhi,2018-12-25,34000.0,2018,12,25,0,0,1,1,0,1,0,0,0,1,0,0,1,0,0,1,0,0,0,0,0,0,0,0,0,0,0,0,0,0,0,0,0,1,0,0,0,0,0,0,1,0,1,0,0
CUST000633,Damyanti,Kohli,36.0,Vadodara,2021-01-10,56100.0,2021,1,10,0,0,1,0,0,1,0,0,1,0,0,0,1,0,0,0,1,0,0,0,0,0,0,0,0,0,0,0,0,0,1,0,0,0,0,0,0,0,0,1,0,0,1,0,0
CUST000634,Tejas,Rattan,32.0,Chennai,2020-07-26,111800.0,2020,7,26,1,0,0,1,0,1,0,0,0,0,1,0,0,0,0,0,0,0,0,0,0,0,0,0,1,0,0,0,0,0,0,0,0,0,0,0,1,0,0,0,0,0,0,1,0
CUST000635,Balveer,Randhawa,25.0,Bengaluru,2019-08-17,7700.0,2019,8,17,0,0,0,1,0,0,1,0,0,1,0,0,0,0,0,0,0,1,0,0,0,0,0,0,0,0,0,0,0,0,0,0,0,0,0,0,0,1,0,0,0,0,0,0,0
CUST000636,Nilima,Nori,18.0,Lucknow,2026-07-11,7700.0,2026,7,11,0,0,0,0,0,0,1,0,0,1,0,0,0,0,0,0,0,0,0,0,0,0,0,0,0,0,1,0,0,0,0,0,0,0,0,0,0,1,0,0,0,0,0,0,0
CUST000637,Indrajit,Nath,49.0,Ahmedabad,2019-11-07,47900.0,2019,11,7,0,0,1,1,0,0,0,1,0,1,0,0,1,0,0,0,1,0,0,0,0,0,0,0,0,0,0,0,0,0,0,0,0,0,0,0,0,0,1,1,0,0,1,0,0
CUST000638,Frado,Bose,39.0,Thiruvananthapuram,2019-07-11,121800.0,2019,7,11,1,0,0,1,0,0,0,0,1,0,1,0,0,0,0,0,0,0,1,0,0,0,0,0,0,0,0,0,0,1,0,0,0,0,0,0,0,0,0,1,0,0,0,1,0
CUST000639,Yashodhara,Comar,21.0,Nagpur,2023-08-17,12500.0,2023,8,17,0,0,0,0,0,0,1,0,1,0,0,0,0,0,0,0,0,0,0,0,1,0,0,0,0,0,0,0,0,0,0,0,0,0,0,0,0,1,0,0,0,0,0,0,0
CUST000640,Gunbir,Palla,21.0,Ahmedabad,2023-08-17,50100.0,2023,8,17,0,0,1,1,0,1,0,0,1,0,0,0,1,0,0,0,1,0,0,0,0,0,0,0,0,0,0,0,0,0,0,0,0,0,0,1,0,0,0,0,0,0,1,0,0
CUST000641,Pushti,Divan,34.0,Delhi,2019-07-04,159100.0,2019,7,4,1,0,0,0,0,0,1,0,1,0,1,0,0,0,0,1,0,0,0,0,0,0,0,0,0,0,0,0,0,0,0,0,1,0,0,0,0,0,0,0,0,0,0,0,1
CUST000642,Kamya,Chauhan,60.0,Patna,2018-09-24,7700.0,2018,9,24,0,0,1,0,0,1,0,0,1,0,0,0,1,1,0,0,0,0,0,0,0,0,0,0,0,0,0,0,0,0,0,1,0,0,0,0,0,0,0,0,1,0,0,0,0
CUST000643,Eta,Kunda,35.0,Pune,2020-08-02,194300.0,2020,8,2,1,0,0,0,0,0,0,0,0,0,1,0,0,0,0,0,0,0,0,0,1,0,0,0,0,0,0,0,0,0,0,0,1,0,0,0,0,0,0,0,0,0,0,0,1
CUST000644,Hardik,Ghose,18.0,Ahmedabad,2026-07-11,9000.0,2026,7,11,0,0,0,1,0,0,1,0,0,0,0,0,0,0,0,0,1,0,0,0,0,0,0,0,0,0,0,0,0,0,0,0,0,0,0,0,0,1,0,0,0,0,0,0,0
CUST000645,Faraj,Borra,35.0,Jodhpur,2021-07-23,32200.0,2021,7,23,0,0,1,1,0,0,1,0,0,1,0,0,1,0,0,0,0,0,0,0,0,0,0,1,0,0,0,0,0,0,0,0,0,1,0,0,0,0,0,0,0,0,1,0,0
CUST000646,Hema,Tak,34.0,Hyderabad,2020-10-04,10900.0,2020,10,4,0,0,0,0,0,1,0,0,0,0,0,0,0,0,0,0,0,0,0,0,0,0,0,0,0,1,0,0,0,0,0,0,0,0,0,0,0,1,0,0,0,0,0,0,0
CUST000647,Vedika,Sen,18.0,Bhubaneswar,2026-07-11,10800.0,2026,7,11,0,0,0,0,0,0,1,0,0,0,0,0,0,0,0,0,0,0,0,0,0,1,0,0,0,0,0,0,0,0,0,0,0,0,0,0,0,1,0,0,0,0,0,0,0
CUST000648,Ojasvi,Mutti,37.0,Chandigarh,2019-09-03,33800.0,2019,9,3,0,0,1,0,0,1,0,0,0,0,0,0,1,0,1,0,0,0,0,0,0,0,0,0,0,0,0,0,0,0,0,0,0,1,0,0,0,0,0,1,0,0,1,0,0
CUST000649,Forum,Sarraf,35.0,Bengaluru,2021-04-28,190700.0,2021,4,28,1,0,0,0,0,0,1,0,1,0,1,0,0,0,0,0,0,1,0,0,0,0,0,0,0,0,0,0,0,0,0,0,1,0,0,0,0,0,0,0,0,0,0,0,1
CUST000650,Bahadurjit,Singh,47.0,Mumbai,2019-02-02,100500.0,2019,2,2,1,0,0,1,0,0,0,0,0,1,1,0,0,0,0,0,0,0,0,0,1,0,0,0,0,0,0,0,0,1,0,0,0,0,0,0,0,0,0,1,0,0,0,1,0
CUST000651,Timothy,Mitter,62.0,Bengaluru,2019-09-08,16100.0,2019,9,8,0,0,1,1,0,0,0,1,0,1,0,0,1,0,0,0,0,1,0,0,0,0,0,0,0,0,0,0,0,0,0,0,0,0,0,0,0,0,0,0,1,0,0,0,0
CUST000652,Laksh,Bhalla,53.0,Bengaluru,2021-07-16,38100.0,2021,7,16,0,0,1,1,0,1,0,0,0,1,0,0,1,0,0,0,0,1,0,0,0,0,0,0,0,0,0,0,0,0,0,0,0,1,0,0,0,0,0,0,1,0,1,0,0
CUST000653,Patrick,Tripathi,35.0,Indore,2019-06-25,146300.0,2019,6,25,1,0,0,1,0,1,0,0,0,0,1,0,0,0,0,0,0,0,0,1,0,0,0,0,0,0,0,0,0,0,0,0,0,0,0,0,1,0,0,0,0,0,0,0,1
CUST000654,Balhaar,Mukherjee,24.0,Bhubaneswar,2020-08-16,8600.0,2020,8,16,0,0,0,1,0,0,1,0,0,0,0,0,0,0,0,0,0,0,0,0,0,1,0,0,0,0,0,0,0,0,0,0,0,0,0,0,0,0,0,0,0,0,0,0,0
CUST000655,Vedhika,Seth,71.0,Mumbai,2019-08-23,23200.0,2019,8,23,0,0,1,0,0,1,0,0,0,1,0,0,1,0,0,0,0,0,0,0,1,0,0,0,0,0,0,0,0,0,0,0,0,0,1,0,0,0,0,0,0,1,0,0,0
CUST000656,Anirudh,Bhandari,39.0,Chennai,2021-07-14,29600.0,2021,7,14,0,0,0,1,0,1,0,0,1,0,0,0,0,0,0,0,0,0,0,0,0,0,0,0,1,0,0,0,0,0,0,0,0,1,0,0,0,0,0,1,0,0,1,0,0
CUST000657,Qarin,Mangat,38.0,Madurai,2019-01-19,14400.0,2019,1,19,0,0,1,1,0,1,0,0,0,1,0,0,1,0,0,0,0,0,0,0,0,0,0,0,1,0,0,0,0,0,0,1,0,0,0,0,0,0,0,1,0,0,0,0,0
CUST000658,Balvan,Chana,38.0,Pune,2019-06-06,14800.0,2019,6,6,0,0,1,1,0,1,0,0,0,1,0,0,1,0,0,0,0,0,0,0,1,0,0,0,0,0,0,0,0,0,0,0,0,0,0,0,0,1,0,1,0,0,0,0,0
CUST000659,Yashica,Rajagopalan,41.0,Hyderabad,2020-06-28,9300.0,2020,6,28,0,0,0,0,0,1,0,0,1,0,0,0,0,0,0,0,0,0,0,0,0,0,0,0,0,1,0,0,0,0,0,1,0,0,0,0,0,0,0,1,0,0,0,0,0
CUST000660,Vedhika,Barman,36.0,Bengaluru,2020-08-21,9500.0,2020,8,21,0,0,0,0,0,1,0,0,1,0,0,0,0,0,0,0,0,1,0,0,0,0,0,0,0,0,0,0,0,0,0,0,0,0,0,0,0,1,0,1,0,0,0,0,0
CUST000661,Varenya,Guha,31.0,Coimbatore,2020-03-08,94800.0,2020,3,8,1,0,0,0,0,1,0,0,0,1,1,0,0,0,0,0,0,0,0,0,0,0,0,0,1,0,0,0,0,0,0,0,0,0,0,1,0,0,0,0,0,0,0,1,0
CUST000662,Oeshi,Soni,31.0,Ahmedabad,2019-01-09,73300.0,2019,1,9,1,0,0,0,0,1,0,0,0,0,1,0,0,0,0,0,1,0,0,0,0,0,0,0,0,0,0,0,0,0,1,0,0,0,0,0,0,0,0,0,0,0,0,1,0
CUST000663,Zashil,Dora,38.0,Ahmedabad,2020-11-13,93000.0,2020,11,13,0,0,1,1,0,1,0,0,1,0,0,0,1,0,0,0,1,0,0,0,0,0,0,0,0,0,0,0,0,0,0,0,0,0,0,1,0,0,0,1,0,0,0,1,0
CUST000664,Bhavani,Seshadri,31.0,Pune,2021-04-28,53300.0,2021,4,28,0,0,1,0,0,1,0,0,0,0,0,0,1,0,0,0,0,0,0,0,1,0,0,0,0,0,0,0,0,0,0,0,0,0,0,0,0,0,1,0,0,0,1,0,0
CUST000665,Charan,Oza,29.0,Lucknow,2019-01-12,182500.0,2019,1,12,0,1,0,1,0,1,0,0,1,0,0,1,0,0,0,0,0,0,0,0,0,0,0,0,0,0,1,0,1,0,0,0,0,0,0,0,0,0,0,0,0,0,0,0,1
CUST000666,Brijesh,Thaman,39.0,Ahmedabad,2021-07-18,13600.0,2021,7,18,0,0,0,1,0,0,1,0,1,0,0,0,0,0,0,0,1,0,0,0,0,0,0,0,0,0,0,0,0,0,0,0,0,0,0,0,0,1,0,1,0,0,0,0,0
CUST000667,Harini,Baral,35.0,Indore,2018-11-22,50400.0,2018,11,22,0,0,1,0,0,1,0,0,1,0,0,0,1,0,0,0,0,0,0,1,0,0,0,0,0,0,0,0,0,0,1,0,0,0,0,0,0,0,0,0,0,0,1,0,0
CUST000668,Krishna,Sarma,58.0,Chennai,2020-09-15,177900.0,2020,9,15,1,0,0,0,0,1,0,0,0,1,1,0,0,0,0,0,0,0,0,0,0,0,0,0,1,0,0,0,0,0,0,0,0,0,0,0,1,0,0,0,1,0,0,0,1
CUST000669,Theodore,Viswanathan,18.0,Patna,2026-07-11,13500.0,2026,7,11,0,0,0,1,0,0,1,0,1,0,0,0,0,1,0,0,0,0,0,0,0,0,0,0,0,0,0,0,0,0,0,0,0,0,0,0,0,1,0,0,0,0,0,0,0
CUST000670,Fariq,Patla,52.0,Bhopal,2021-03-24,101500.0,2021,3,24,0,0,1,1,0,1,0,0,1,0,0,0,1,0,0,0,0,0,0,1,0,0,0,0,0,0,0,0,0,0,0,0,0,0,0,1,0,0,0,0,1,0,0,1,0
CUST000671,Ria,Mandal,54.0,Warangal,2018-12-02,207700.0,2018,12,2,1,0,0,0,0,1,0,0,1,0,1,0,0,0,0,0,0,0,0,0,0,0,0,0,0,1,0,0,0,0,0,0,1,0,0,0,0,0,0,0,1,0,0,0,1
CUST000672,Rishi,Rege,18.0,Hyderabad,2026-07-11,82200.0,2026,7,11,0,0,1,1,0,1,0,0,1,0,0,0,1,0,0,0,0,0,0,0,0,0,0,0,0,1,0,0,0,0,0,0,0,0,0,1,0,0,0,0,0,0,0,1,0
CUST000673,Omkaar,Ben,34.0,Thiruvananthapuram,2018-11-08,160900.0,2018,11,8,1,0,0,1,0,1,0,0,1,0,1,0,0,0,0,0,0,0,1,0,0,0,0,0,0,0,0,0,0,0,0,0,1,0,0,0,0,0,0,0,0,0,0,0,1
CUST000674,Oliver,Bhatti,33.0,Ahmedabad,2019-07-30,3000.0,2019,7,30,0,0,0,1,0,1,0,0,0,0,0,0,0,0,0,0,1,0,0,0,0,0,0,0,0,0,0,0,0,0,0,1,0,0,0,0,0,0,0,0,0,0,0,0,0
CUST000675,Nitesh,Chandra,20.0,Thiruvananthapuram,2024-08-16,53400.0,2024,8,16,0,0,0,1,0,1,0,0,1,0,0,0,0,0,0,0,0,0,1,0,0,0,0,0,0,0,0,0,0,0,0,0,0,0,0,1,0,0,0,0,0,0,1,0,0
CUST000676,Sanya,Mander,28.0,Jodhpur,2020-09-12,34600.0,2020,9,12,0,0,1,0,0,1,0,0,1,0,0,0,1,0,0,0,0,0,0,0,0,0,0,1,0,0,0,0,0,0,0,0,0,0,0,0,0,0,1,0,0,0,1,0,0
CUST000677,Jonathan,Doctor,24.0,Kolkata,2020-08-16,71500.0,2020,8,16,0,0,1,1,0,0,1,0,0,0,0,0,1,0,0,0,0,0,0,0,0,0,0,0,0,0,0,1,0,0,0,0,0,0,0,1,0,0,0,0,0,0,0,1,0
CUST000678,Ojas,Bumb,61.0,Pune,2019-10-21,182700.0,2019,10,21,0,1,0,1,0,0,1,0,0,1,0,1,0,0,0,0,0,0,0,0,1,0,0,0,0,0,0,0,0,0,0,0,0,0,0,0,1,0,0,0,1,0,0,0,1
CUST000679,Ekta,Palla,50.0,Bengaluru,2018-11-05,25600.0,2018,11,5,0,0,1,0,0,1,0,0,0,1,0,0,1,0,0,0,0,1,0,0,0,0,0,0,0,0,0,0,0,0,0,0,0,1,0,0,0,0,0,1,0,0,0,0,0
CUST000680,Nilima,Ramanathan,55.0,Bhubaneswar,2020-06-22,157300.0,2020,6,22,1,0,0,0,0,1,0,0,1,0,1,0,0,0,0,0,0,0,0,0,0,1,0,0,0,0,0,0,0,1,0,0,0,0,0,0,0,0,0,0,1,0,0,0,1
CUST000681,Dhruv,Chad,47.0,Bengaluru,2019-07-08,16000.0,2019,7,8,0,0,1,1,0,1,0,0,1,0,0,0,1,0,0,0,0,1,0,0,0,0,0,0,0,0,0,0,0,0,0,0,0,0,0,0,0,1,0,1,0,0,0,0,0
CUST000682,Mohammed,Puri,23.0,Pune,2021-08-16,150800.0,2021,8,16,1,0,0,1,0,0,1,0,0,0,1,0,0,0,0,0,0,0,0,0,1,0,0,0,0,0,0,0,0,0,0,0,0,0,0,0,1,0,0,0,0,0,0,0,1
CUST000683,Nitesh,Datta,31.0,Ahmedabad,2021-03-02,29100.0,2021,3,2,0,0,0,1,0,0,0,0,1,0,0,0,0,0,0,0,1,0,0,0,0,0,0,0,0,0,0,0,0,0,0,0,0,1,0,0,0,0,0,0,0,0,1,0,0
CUST000684,Zansi,Chander,44.0,Surat,2019-01-14,18200.0,2019,1,14,0,0,1,0,0,1,0,0,1,0,0,0,1,0,0,0,1,0,0,0,0,0,0,0,0,0,0,0,0,0,0,0,0,0,0,0,0,1,0,1,0,0,0,0,0
CUST000685,Udyati,Trivedi,22.0,Bengaluru,2022-08-17,13600.0,2022,8,17,0,0,0,0,0,0,1,0,0,1,0,0,0,0,0,0,0,1,0,0,0,0,0,0,0,0,0,0,0,0,0,0,0,0,0,0,0,1,0,0,0,0,0,0,0
CUST000686,Radhika,Badami,38.0,Bengaluru,2019-06-06,176900.0,2019,6,6,1,0,0,0,0,1,0,0,1,0,1,0,0,0,0,0,0,1,0,0,0,0,0,0,0,0,0,0,0,1,0,0,0,0,0,0,0,0,0,1,0,0,0,0,1
CUST000687,Radhika,More,35.0,Chennai,2020-09-29,57500.0,2020,9,29,0,0,1,0,0,1,0,0,0,0,0,0,1,0,0,0,0,0,0,0,0,0,0,0,1,0,0,0,0,0,0,0,0,0,0,1,0,0,0,0,0,0,1,0,0
CUST000688,Hemangini,Kala,33.0,Mumbai,2020-08-15,13900.0,2020,8,15,0,0,0,0,0,1,0,0,1,0,0,0,0,0,0,0,0,0,0,0,1,0,0,0,0,0,0,0,0,0,0,1,0,0,0,0,0,0,0,0,0,0,0,0,0
CUST000689,Panini,Sunder,47.0,Jodhpur,2021-07-18,168600.0,2021,7,18,1,0,0,0,0,1,0,0,1,0,1,0,0,0,0,0,0,0,0,0,0,0,0,1,0,0,0,0,0,0,0,0,1,0,0,0,0,0,0,1,0,0,0,0,1
CUST000690,Inaya,Kara,44.0,Bengaluru,2018-09-17,14400.0,2018,9,17,0,0,1,0,0,0,1,0,0,1,0,0,1,0,0,0,0,1,0,0,0,0,0,0,0,0,0,0,0,0,0,0,0,0,0,0,0,1,0,1,0,0,0,0,0
CUST000691,Ekapad,Dubey,33.0,Chandigarh,2019-03-09,124700.0,2019,3,9,1,0,0,1,0,1,0,0,0,1,1,0,0,0,1,0,0,0,0,0,0,0,0,0,0,0,0,0,0,0,0,0,0,0,0,0,0,0,0,0,0,0,0,1,0
CUST000692,Faras,Merchant,53.0,Lucknow,2021-05-05,113900.0,2021,5,5,0,0,1,0,1,1,0,0,0,1,0,0,1,0,0,0,0,0,0,0,0,0,0,0,0,0,1,0,0,1,0,0,0,0,0,0,0,0,0,0,1,0,0,1,0
CUST000693,Chandresh,Tripathi,24.0,Ahmedabad,2020-08-16,122900.0,2020,8,16,1,0,0,1,0,0,1,0,1,0,1,0,0,0,0,0,1,0,0,0,0,0,0,0,0,0,0,0,0,0,0,0,1,0,0,0,0,0,0,0,0,0,0,1,0
CUST000694,Anirudh,Nayar,46.0,Bengaluru,2019-10-23,100900.0,2019,10,23,1,0,0,1,0,0,0,1,1,0,1,0,0,0,0,0,0,1,0,0,0,0,0,0,0,0,0,0,0,0,1,0,0,0,0,0,0,0,0,1,0,0,0,1,0
CUST000695,Ekaja,Puri,46.0,Chennai,2019-01-24,178600.0,2019,1,24,1,0,0,0,0,0,1,0,1,0,1,0,0,0,0,0,0,0,0,0,0,0,0,0,1,0,0,0,0,0,0,0,1,0,0,0,0,0,0,1,0,0,0,0,1
CUST000696,Faraj,Gaba,34.0,Warangal,2021-06-04,53000.0,2021,6,4,0,0,1,1,0,1,0,0,0,0,0,0,1,0,0,0,0,0,0,0,0,0,0,0,0,1,0,0,0,0,0,0,0,0,0,0,0,0,1,0,0,0,1,0,0
CUST000697,Hemangini,Gandhi,42.0,Mysuru,2020-06-16,117300.0,2020,6,16,1,0,0,0,0,1,0,0,1,0,1,0,0,0,0,0,0,1,0,0,0,0,0,0,0,0,0,0,0,0,0,0,0,0,0,0,1,0,0,1,0,0,0,1,0
CUST000698,Urvashi,Bassi,22.0,Chandigarh,2022-08-17,11800.0,2022,8,17,0,0,0,0,0,1,0,0,0,0,0,0,0,0,1,0,0,0,0,0,0,0,0,0,0,0,0,0,0,0,0,0,0,0,0,0,0,1,0,0,0,0,0,0,0
CUST000699,Samesh,Patla,50.0,Chennai,2021-04-22,116300.0,2021,4,22,0,0,1,1,0,0,0,0,0,1,0,0,1,0,0,0,0,0,0,0,0,0,0,0,1,0,0,0,0,0,0,0,0,0,0,1,0,0,0,1,0,0,0,1,0
CUST000700,Kashish,Sawhney,36.0,Varanasi,2020-02-28,118200.0,2020,2,28,1,0,0,0,0,1,0,0,0,1,1,0,0,0,0,0,0,0,0,0,0,0,0,0,0,0,1,0,0,1,0,0,0,0,0,0,0,0,0,1,0,0,0,1,0
CUST000701,Lucky,Sen,31.0,Pune,2020-04-18,50800.0,2020,4,18,0,0,1,1,0,1,0,0,1,0,0,0,1,0,0,0,0,0,0,0,1,0,0,0,0,0,0,0,0,0,1,0,0,0,0,0,0,0,0,0,0,0,1,0,0
CUST000702,Jackson,Walla,52.0,Pune,2020-12-23,56700.0,2020,12,23,0,0,1,1,0,1,0,0,1,0,0,0,1,0,0,0,0,0,0,0,1,0,0,0,0,0,0,0,0,0,0,0,0,0,0,1,0,0,0,0,1,0,1,0,0
CUST000703,Kashvi,More,29.0,Amritsar,2020-09-21,141300.0,2020,9,21,1,0,0,0,0,1,0,0,1,0,1,0,0,0,0,0,0,0,0,0,0,0,1,0,0,0,0,0,0,1,0,0,0,0,0,0,0,0,0,0,0,0,0,0,1
CUST000704,Vrinda,Hari,20.0,Kolkata,2024-08-16,9200.0,2024,8,16,0,0,0,0,0,0,1,0,1,0,0,0,0,0,0,0,0,0,0,0,0,0,0,0,0,0,0,1,0,0,0,0,0,0,0,0,0,1,0,0,0,0,0,0,0
CUST000705,Raksha,Sastry,18.0,Chennai,2026-07-11,21900.0,2026,7,11,0,0,0,0,0,0,1,0,1,0,0,0,0,0,0,0,0,0,0,0,0,0,0,0,1,0,0,0,0,0,0,0,0,1,0,0,0,0,0,0,0,0,0,0,0
CUST000706,Vihaan,Manda,46.0,Coimbatore,2020-12-25,49900.0,2020,12,25,0,0,1,1,0,1,0,0,0,0,0,0,1,0,0,0,0,0,0,0,0,0,0,0,1,0,0,0,0,0,0,0,0,0,0,0,0,0,1,1,0,0,1,0,0
CUST000707,Sai,Thakkar,21.0,Delhi,2023-08-17,28400.0,2023,8,17,0,0,0,0,0,0,1,0,0,0,0,0,0,0,0,1,0,0,0,0,0,0,0,0,0,0,0,0,0,0,0,0,0,0,0,0,0,0,0,0,0,0,1,0,0
CUST000708,Shaurya,Edwin,61.0,Ahmedabad,2019-08-12,54300.0,2019,8,12,0,0,1,1,0,1,0,0,1,0,0,0,1,0,0,0,1,0,0,0,0,0,0,0,0,0,0,0,0,0,0,0,0,0,1,0,0,0,0,0,1,0,1,0,0
CUST000709,Irya,Devi,18.0,Pune,2026-07-11,24400.0,2026,7,11,0,0,0,0,0,0,1,0,1,0,0,0,0,0,0,0,0,0,0,0,1,0,0,0,0,0,0,0,0,0,0,0,0,1,0,0,0,0,0,0,0,0,0,0,0
CUST000710,Jeremiah,Ben,60.0,Kolkata,2019-05-13,42400.0,2019,5,13,0,0,1,1,0,1,0,0,1,0,0,0,1,0,0,0,0,0,0,0,0,0,0,0,0,0,0,1,0,0,0,0,0,0,1,0,0,0,0,0,1,0,1,0,0
CUST000711,Warda,Prabhu,41.0,Kolkata,2021-07-07,136200.0,2021,7,7,1,0,0,0,0,1,0,0,0,0,1,0,0,0,0,0,0,0,0,0,0,0,0,0,0,0,0,1,0,0,0,0,1,0,0,0,0,0,0,1,0,0,0,0,1
CUST000712,Charan,Varty,37.0,Kochi,2020-06-11,26800.0,2020,6,11,0,0,0,1,0,0,1,0,0,0,0,0,0,0,0,0,0,0,1,0,0,0,0,0,0,0,0,0,0,0,0,0,0,0,1,0,0,0,0,1,0,0,1,0,0
CUST000713,David,Mane,38.0,Coimbatore,2019-04-21,170800.0,2019,4,21,1,0,0,1,0,1,0,0,0,1,1,0,0,0,0,0,0,0,0,0,0,0,0,0,1,0,0,0,0,0,0,0,0,0,0,0,1,0,0,1,0,0,0,0,1
CUST000714,Benjamin,Dyal,43.0,Pune,2018-11-29,28900.0,2018,11,29,0,0,1,1,0,0,1,0,0,1,0,0,1,0,0,0,0,0,0,0,1,0,0,0,0,0,0,0,0,0,0,0,0,1,0,0,0,0,0,1,0,0,1,0,0
CUST000715,Madhavi,Sengupta,38.0,Kolkata,2019-10-26,79600.0,2019,10,26,0,0,1,0,0,1,0,0,0,1,0,0,1,0,0,0,0,0,0,0,0,0,0,0,0,0,0,1,0,0,1,0,0,0,0,0,0,0,0,1,0,0,0,1,0
CUST000716,Yashvi,Din,52.0,Pune,2021-06-20,65700.0,2021,6,20,0,0,1,0,0,1,0,0,1,0,0,0,1,0,0,0,0,0,0,0,1,0,0,0,0,0,0,0,0,0,0,0,0,0,0,0,0,0,1,0,1,0,1,0,0
CUST000717,Urmi,Chand,39.0,Delhi,2020-06-08,243900.0,2020,6,8,1,0,0,0,0,1,0,0,1,0,1,0,0,0,0,1,0,0,0,0,0,0,0,0,0,0,0,0,1,0,0,0,0,0,0,0,0,0,0,1,0,0,0,0,1
CUST000718,Indrajit,Seshadri,40.0,Mumbai,2021-05-27,68300.0,2021,5,27,0,0,1,1,0,0,0,0,0,1,0,0,1,0,0,0,0,0,0,0,1,0,0,0,0,0,0,0,0,0,0,0,0,0,0,0,1,0,0,1,0,0,0,1,0
CUST000719,Priya,Bala,38.0,Chennai,2019-05-19,301900.0,2019,5,19,0,1,0,0,0,1,0,0,0,0,0,1,0,0,0,0,0,0,0,0,0,0,0,0,1,0,0,0,0,0,0,0,0,0,0,0,0,0,0,1,0,0,0,0,1
CUST000720,Sarthak,Bera,37.0,Pune,2021-06-08,168800.0,2021,6,8,0,0,1,1,0,0,1,0,0,0,0,0,1,0,0,0,0,0,0,0,1,0,0,0,0,0,0,0,0,0,0,0,1,0,0,0,0,0,0,1,0,0,0,0,1
CUST000721,Siya,Thakkar,42.0,Chennai,2021-01-25,89800.0,2021,1,25,0,0,1,0,0,1,0,0,0,0,0,0,1,0,0,0,0,0,0,0,0,0,0,0,1,0,0,0,0,0,0,0,0,0,0,0,1,0,0,1,0,0,0,1,0
CUST000722,Rachit,Keer,18.0,Thiruvananthapuram,2026-07-11,13900.0,2026,7,11,0,0,0,1,0,1,0,0,0,0,0,0,0,0,0,0,0,0,1,0,0,0,0,0,0,0,0,0,0,0,0,0,0,0,0,0,0,1,0,0,0,0,0,0,0
CUST000723,Sanya,Bumb,20.0,Ahmedabad,2024-08-16,14800.0,2024,8,16,0,0,0,0,0,0,1,0,1,0,0,0,0,0,0,0,1,0,0,0,0,0,0,0,0,0,0,0,0,0,0,0,0,0,0,0,0,1,0,0,0,0,0,0,0
CUST000724,Ridhi,Kapur,48.0,Pune,2020-05-28,137600.0,2020,5,28,1,0,0,0,0,1,0,0,1,0,1,0,0,0,0,0,0,0,0,0,1,0,0,0,0,0,0,0,0,1,0,0,0,0,0,0,0,0,0,1,0,0,0,0,1
CUST000725,Amrita,Nagar,40.0,Delhi,2020-03-26,18500.0,2020,3,26,0,0,1,0,0,1,0,0,0,1,0,0,1,0,0,1,0,0,0,0,0,0,0,0,0,0,0,0,0,0,0,1,0,0,0,0,0,0,0,1,0,0,0,0,0
CUST000726,Chavvi,Nayak,36.0,Ahmedabad,2019-06-27,81000.0,2019,6,27,1,0,0,0,0,1,0,0,1,0,1,0,0,0,0,0,1,0,0,0,0,0,0,0,0,0,0,0,0,0,0,0,0,0,0,0,1,0,0,1,0,0,0,1,0
CUST000727,Eta,Devan,38.0,Patna,2020-07-08,105400.0,2020,7,8,0,0,1,0,0,0,1,0,0,0,0,0,1,1,0,0,0,0,0,0,0,0,0,0,0,0,0,0,0,1,0,0,0,0,0,0,0,0,0,1,0,0,0,1,0
CUST000728,Anjali,Mangat,43.0,Mumbai,2019-12-25,103400.0,2019,12,25,0,0,1,0,0,1,0,0,1,0,0,0,1,0,0,0,0,0,0,0,1,0,0,0,0,0,0,0,0,1,0,0,0,0,0,0,0,0,0,1,0,0,0,1,0
CUST000729,Warinder,Dewan,31.0,Lucknow,2020-09-18,70600.0,2020,9,18,0,0,1,1,0,1,0,0,0,0,0,0,1,0,0,0,0,0,0,0,0,0,0,0,0,0,1,0,0,0,0,0,0,0,0,1,0,0,0,0,0,0,0,1,0
CUST000730,Vrinda,Sen,28.0,Kolkata,2020-07-25,83500.0,2020,7,25,0,0,1,0,0,0,1,0,1,0,0,0,1,0,0,0,0,0,0,0,0,0,0,0,0,0,0,1,0,0,0,0,1,0,0,0,0,0,0,0,0,0,0,1,0
CUST000731,Aarnav,Buch,41.0,Madurai,2019-10-14,51500.0,2019,10,14,0,0,1,1,0,1,0,0,1,0,0,0,1,0,0,0,0,0,0,0,0,0,0,0,1,0,0,0,0,0,0,0,0,0,0,0,0,0,1,1,0,0,1,0,0
CUST000732,Adya,Kunda,25.0,Bhubaneswar,2020-02-26,3000.0,2020,2,26,0,0,0,0,0,1,0,0,0,1,0,0,0,0,0,0,0,0,0,0,0,1,0,0,0,0,0,0,0,0,0,1,0,0,0,0,0,0,0,0,0,0,0,0,0
CUST000733,Hritik,Doctor,43.0,Vadodara,2019-06-16,51300.0,2019,6,16,0,0,1,1,0,0,0,0,0,0,0,0,1,0,0,0,1,0,0,0,0,0,0,0,0,0,0,0,0,0,0,0,0,0,0,1,0,0,0,1,0,0,1,0,0
CUST000734,Siddharth,Choudhry,18.0,Chandigarh,2026-07-11,5900.0,2026,7,11,0,0,0,1,0,0,1,0,1,0,0,0,0,0,1,0,0,0,0,0,0,0,0,0,0,0,0,0,0,0,0,0,0,0,0,0,0,1,0,0,0,0,0,0,0
CUST000735,Maanas,Khanna,51.0,Hyderabad,2019-03-20,213900.0,2019,3,20,0,1,0,1,0,1,0,0,0,1,0,1,0,0,0,0,0,0,0,0,0,0,0,0,0,1,0,0,0,0,0,0,1,0,0,0,0,0,0,0,1,0,0,0,1
CUST000736,Matthew,Dara,44.0,Kolkata,2020-04-17,129400.0,2020,4,17,1,0,0,1,0,0,0,0,0,0,1,0,0,0,0,0,0,0,0,0,0,0,0,0,0,0,0,1,0,0,0,0,1,0,0,0,0,0,0,1,0,0,0,1,0
CUST000737,Arunima,Khare,41.0,Kolkata,2020-02-25,27300.0,2020,2,25,0,0,1,0,0,1,0,0,1,0,0,0,1,0,0,0,0,0,0,0,0,0,0,0,0,0,0,1,0,0,0,0,0,1,0,0,0,0,0,1,0,0,1,0,0
CUST000738,Shaurya,Shankar,51.0,Bengaluru,2019-08-13,20600.0,2019,8,13,0,0,1,1,0,0,1,0,1,0,0,0,1,0,0,0,0,1,0,0,0,0,0,0,0,0,0,0,0,0,0,1,0,0,0,0,0,0,0,0,1,0,0,0,0
CUST000739,Bhavika,Choudhry,60.0,Kolkata,2020-12-17,43100.0,2020,12,17,0,0,1,0,0,0,0,1,0,1,0,0,1,0,0,0,0,0,0,0,0,0,0,0,0,0,0,1,0,0,0,0,0,0,1,0,0,0,0,0,1,0,1,0,0
CUST000740,Zaid,Wason,51.0,Delhi,2020-06-19,108200.0,2020,6,19,1,0,0,1,0,1,0,0,0,1,1,0,0,0,0,1,0,0,0,0,0,0,0,0,0,0,0,0,0,0,0,0,0,0,0,1,0,0,0,0,1,0,0,1,0
CUST000741,Adweta,Varma,18.0,Pune,2026-07-11,7300.0,2026,7,11,0,0,0,0,0,0,1,0,0,0,0,0,0,0,0,0,0,0,0,0,1,0,0,0,0,0,0,0,0,0,0,0,0,0,0,0,0,1,0,0,0,0,0,0,0
CUST000742,Kavya,Dhawan,21.0,Hyderabad,2023-08-17,13300.0,2023,8,17,0,0,0,0,0,0,1,0,1,0,0,0,0,0,0,0,0,0,0,0,0,0,0,0,0,1,0,0,0,0,0,0,0,0,0,0,0,1,0,0,0,0,0,0,0
CUST000743,Mugdha,Sanghvi,30.0,Vadodara,2020-04-24,10800.0,2020,4,24,0,0,0,1,0,1,0,0,0,1,0,0,0,0,0,0,1,0,0,0,0,0,0,0,0,0,0,0,0,0,0,0,0,0,0,0,0,1,0,0,0,0,0,0,0
CUST000744,Aachal,Pandit,38.0,Kochi,2019-10-30,65800.0,2019,10,30,1,0,0,0,0,1,0,0,0,1,1,0,0,0,0,0,0,0,1,0,0,0,0,0,0,0,0,0,0,0,0,0,0,0,0,0,1,0,0,1,0,0,1,0,0
CUST000745,Jai,Saha,45.0,Chennai,2018-09-21,89500.0,2018,9,21,1,0,0,1,0,0,0,0,0,1,1,0,0,0,0,0,0,0,0,0,0,0,0,0,1,0,0,0,0,1,0,0,0,0,0,0,0,0,0,1,0,0,0,1,0
CUST000746,Idika,Chada,29.0,Howrah,2018-12-29,112200.0,2018,12,29,1,0,0,0,0,1,0,0,0,0,1,0,0,0,0,0,0,0,0,0,0,0,0,0,0,0,0,1,0,1,0,0,0,0,0,0,0,0,0,0,0,0,0,1,0
CUST000747,Pranit,Bir,40.0,Pune,2020-10-13,14900.0,2020,10,13,0,0,1,1,0,1,0,0,1,0,0,0,1,0,0,0,0,0,0,0,1,0,0,0,0,0,0,0,0,0,0,0,0,0,0,0,0,1,0,1,0,0,0,0,0
CUST000748,Zehaan,Tripathi,28.0,Patna,2020-02-07,19300.0,2020,2,7,0,0,0,1,0,1,0,0,0,1,0,0,0,1,0,0,0,0,0,0,0,0,0,0,0,0,0,0,0,0,0,0,0,1,0,0,0,0,0,0,0,0,0,0,0
CUST000749,Aishani,Ramakrishnan,30.0,Kolkata,2021-06-15,14200.0,2021,6,15,0,0,0,0,0,0,1,0,0,1,0,0,0,0,0,0,0,0,0,0,0,0,0,0,0,0,0,1,0,0,0,0,0,0,0,0,0,1,0,0,0,0,0,0,0
CUST000750,Wahab,Bassi,20.0,Udaipur,2024-08-16,13800.0,2024,8,16,0,0,0,1,0,0,1,0,0,0,0,0,0,0,0,0,0,0,0,0,0,0,0,1,0,0,0,0,0,0,0,0,0,0,0,0,0,1,0,0,0,0,0,0,0
CUST000751,Sara,Prakash,26.0,Jodhpur,2019-04-20,99500.0,2019,4,20,1,0,0,0,0,1,0,0,0,1,1,0,0,0,0,0,0,0,0,0,0,0,0,1,0,0,0,0,0,1,0,0,0,0,0,0,0,0,0,0,0,0,0,1,0
CUST000752,Lajita,Babu,20.0,New Delhi,2024-08-16,7400.0,2024,8,16,0,0,0,0,0,1,0,0,0,1,0,0,0,0,0,1,0,0,0,0,0,0,0,0,0,0,0,0,0,0,0,0,0,0,0,0,0,1,0,0,0,0,0,0,0
CUST000753,Pranav,Bir,25.0,Coimbatore,2020-11-07,49400.0,2020,11,7,0,0,1,1,0,1,0,0,1,0,0,0,1,0,0,0,0,0,0,0,0,0,0,0,1,0,0,0,0,0,0,0,0,0,0,0,0,0,0,0,0,0,1,0,0
CUST000754,Orinder,Khosla,38.0,Bhubaneswar,2018-10-17,115900.0,2018,10,17,1,0,0,1,0,1,0,0,0,1,1,0,0,0,0,0,0,0,0,0,0,1,0,0,0,0,0,0,0,1,0,0,0,0,0,0,0,0,0,1,0,0,0,1,0
CUST000755,Charles,Natarajan,26.0,Pune,2019-02-26,46900.0,2019,2,26,1,0,0,1,0,1,0,0,0,1,1,0,0,0,0,0,0,0,0,0,1,0,0,0,0,0,0,0,0,0,1,0,0,0,0,0,0,0,0,0,0,0,1,0,0
CUST000756,Ekani,Basu,72.0,Ahmedabad,2019-04-13,21600.0,2019,4,13,0,0,1,0,0,0,0,0,0,1,0,0,1,0,0,0,1,0,0,0,0,0,0,0,0,0,0,0,0,0,0,0,0,0,1,0,0,0,0,0,0,1,0,0,0
CUST000757,Qushi,Nigam,38.0,Bhubaneswar,2019-01-12,31400.0,2019,1,12,0,0,1,0,0,1,0,0,1,0,0,0,1,0,0,0,0,0,0,0,0,1,0,0,0,0,0,0,0,0,0,0,0,1,0,0,0,0,0,1,0,0,1,0,0
CUST000758,Gagan,Shetty,40.0,Bengaluru,2019-05-18,254000.0,2019,5,18,0,1,0,1,0,1,0,0,1,0,0,1,0,0,0,0,0,1,0,0,0,0,0,0,0,0,0,0,0,0,0,0,0,0,0,0,1,0,0,1,0,0,0,0,1
CUST000759,Wriddhish,Gopal,27.0,Chandigarh,2021-04-06,111600.0,2021,4,6,0,0,1,1,0,1,0,0,1,0,0,0,1,0,1,0,0,0,0,0,0,0,0,0,0,0,0,0,0,1,0,0,0,0,0,0,0,0,0,0,0,0,0,1,0
CUST000760,Ekanta,Bhatnagar,47.0,Thiruvananthapuram,2020-01-28,29700.0,2020,1,28,0,0,1,0,0,1,0,0,0,0,0,0,1,0,0,0,0,0,1,0,0,0,0,0,0,0,0,0,0,0,0,0,0,1,0,0,0,0,0,1,0,0,1,0,0
CUST000761,Vasudha,Bansal,38.0,Vadodara,2020-04-16,27800.0,2020,4,16,0,0,1,0,0,1,0,0,1,0,0,0,1,0,0,0,1,0,0,0,0,0,0,0,0,0,0,0,0,0,0,0,0,1,0,0,0,0,0,1,0,0,1,0,0
CUST000762,Manan,Jaggi,40.0,Delhi,2020-09-09,105400.0,2020,9,9,0,0,1,1,0,1,0,0,1,0,0,0,1,0,0,1,0,0,0,0,0,0,0,0,0,0,0,0,0,0,0,0,0,0,0,1,0,0,0,1,0,0,0,1,0
CUST000763,Anthony,Iyengar,71.0,Bengaluru,2019-02-14,184100.0,2019,2,14,0,1,0,1,0,0,0,0,0,1,0,1,0,0,0,0,0,1,0,0,0,0,0,0,0,0,0,0,0,0,0,0,0,0,0,0,0,0,0,0,0,1,0,0,1
CUST000764,Anvi,Mutti,37.0,Mumbai,2020-03-26,285100.0,2020,3,26,1,0,0,0,0,1,0,0,1,0,1,0,0,0,0,0,0,0,0,0,1,0,0,0,0,0,0,0,1,0,0,0,0,0,0,0,0,0,0,1,0,0,0,0,1
CUST000765,Mohammed,Varma,53.0,Varanasi,2021-06-11,135700.0,2021,6,11,0,0,1,1,0,0,1,0,1,0,0,0,1,0,0,0,0,0,0,0,0,0,0,0,0,0,1,0,0,0,0,0,1,0,0,0,0,0,0,0,1,0,0,0,1
CUST000766,Rushil,Solanki,29.0,Chandigarh,2020-10-19,53500.0,2020,10,19,0,0,1,1,0,1,0,0,0,0,0,0,1,0,1,0,0,0,0,0,0,0,0,0,0,0,0,0,0,0,1,0,0,0,0,0,0,0,0,0,0,0,1,0,0
CUST000767,Lajita,Bansal,38.0,Howrah,2020-12-09,3000.0,2020,12,9,0,0,0,0,0,0,1,0,0,1,0,0,0,0,0,0,0,0,0,0,0,0,0,0,0,0,0,1,0,0,0,1,0,0,0,0,0,0,0,1,0,0,0,0,0
CUST000768,Ikshita,Mangal,61.0,Mysuru,2018-12-18,134700.0,2018,12,18,1,0,0,1,0,0,0,0,1,0,1,0,0,0,0,0,0,1,0,0,0,0,0,0,0,0,0,0,0,0,0,0,0,0,0,0,1,0,0,0,1,0,0,0,1
CUST000769,Pranav,Batta,30.0,Mumbai,2019-09-07,70000.0,2019,9,7,0,0,1,1,0,0,1,0,1,0,0,0,1,0,0,0,0,0,0,0,1,0,0,0,0,0,0,0,0,0,1,0,0,0,0,0,0,0,0,0,0,0,0,1,0
CUST000770,Noah,Mahajan,62.0,Vadodara,2019-12-11,115300.0,2019,12,11,1,0,0,1,0,1,0,0,1,0,1,0,0,0,0,0,1,0,0,0,0,0,0,0,0,0,0,0,0,0,0,0,0,0,0,0,1,0,0,0,1,0,0,1,0
CUST000771,David,Pillai,47.0,Surat,2020-02-08,239500.0,2020,2,8,1,0,0,1,0,0,1,0,0,0,1,0,0,0,0,0,1,0,0,0,0,0,0,0,0,0,0,0,0,0,0,0,0,0,0,0,1,0,0,1,0,0,0,0,1
CUST000772,Tejas,Ratta,31.0,Kochi,2019-09-04,46800.0,2019,9,4,0,0,1,1,0,1,0,0,0,1,0,0,1,0,0,0,0,0,1,0,0,0,0,0,0,0,0,0,0,0,1,0,0,0,0,0,0,0,0,0,0,0,1,0,0
CUST000773,Urvi,Raju,46.0,Surat,2019-05-12,186400.0,2019,5,12,1,0,0,0,0,1,0,0,0,0,1,0,0,0,0,0,1,0,0,0,0,0,0,0,0,0,0,0,0,0,0,0,1,0,0,0,0,0,0,1,0,0,0,0,1
CUST000774,Omkaar,Grover,51.0,Kanpur,2019-12-18,31800.0,2019,12,18,0,0,1,1,0,1,0,0,0,1,0,0,1,0,0,0,0,0,0,0,0,0,0,0,0,0,1,0,0,0,0,0,0,1,0,0,0,0,0,0,1,0,1,0,0
CUST000775,Yadavi,Tank,46.0,Vadodara,2018-10-23,33200.0,2018,10,23,0,0,1,0,0,1,0,0,0,0,0,0,1,0,0,0,1,0,0,0,0,0,0,0,0,0,0,0,0,0,0,0,0,1,0,0,0,0,0,1,0,0,1,0,0
CUST000776,Raksha,Venkataraman,18.0,Kolkata,2026-07-11,13000.0,2026,7,11,0,0,0,0,0,1,0,0,0,0,0,0,0,0,0,0,0,0,0,0,0,0,0,0,0,0,0,1,0,0,0,0,0,1,0,0,0,0,0,0,0,0,0,0,0
CUST000777,Kiaan,Butala,29.0,Hyderabad,2018-08-22,59800.0,2018,8,22,1,0,0,1,0,1,0,0,1,0,1,0,0,0,0,0,0,0,0,0,0,0,0,0,0,1,0,0,0,0,1,0,0,0,0,0,0,0,0,0,0,0,1,0,0
CUST000778,Simon,Brar,35.0,Patna,2019-08-14,159200.0,2019,8,14,1,0,0,1,0,1,0,0,1,0,1,0,0,1,0,0,0,0,0,0,0,0,0,0,0,0,0,0,0,0,0,0,0,0,0,0,1,0,0,0,0,0,0,0,1
CUST000779,Upasna,Gole,37.0,Ahmedabad,2018-10-29,27000.0,2018,10,29,0,0,1,0,0,0,0,0,0,1,0,0,1,0,0,0,1,0,0,0,0,0,0,0,0,0,0,0,0,0,0,0,0,0,1,0,0,0,0,1,0,0,1,0,0
CUST000780,Nandini,Nagi,46.0,Hyderabad,2020-05-30,13500.0,2020,5,30,0,0,0,0,0,0,0,1,1,0,0,0,0,0,0,0,0,0,0,0,0,0,0,0,0,1,0,0,0,0,0,0,0,0,0,0,0,1,0,1,0,0,0,0,0
CUST000781,Dalaja,Buch,40.0,Pune,2019-01-17,113100.0,2019,1,17,1,0,0,0,0,0,0,0,0,1,1,0,0,0,0,0,0,0,0,0,1,0,0,0,0,0,0,0,0,0,0,0,1,0,0,0,0,0,0,1,0,0,0,1,0
CUST000782,Nihal,Merchant,21.0,Bengaluru,2023-08-17,19700.0,2023,8,17,0,0,0,1,0,0,1,0,1,0,0,0,0,0,0,0,0,1,0,0,0,0,0,0,0,0,0,0,0,0,0,0,0,1,0,0,0,0,0,0,0,0,0,0,0
CUST000783,Niharika,Sehgal,43.0,Madurai,2018-11-30,155200.0,2018,11,30,1,0,0,0,0,0,0,1,0,0,1,0,0,0,0,0,0,0,0,0,0,0,0,0,1,0,0,0,0,0,0,0,0,0,0,0,1,0,0,1,0,0,0,0,1
CUST000784,Unni,Ganesan,46.0,Bengaluru,2019-02-18,227100.0,2019,2,18,0,1,0,0,0,1,0,0,0,0,0,1,0,0,0,0,0,1,0,0,0,0,0,0,0,0,0,0,0,0,0,0,0,0,0,0,1,0,0,1,0,0,0,0,1
CUST000785,Vamakshi,Panchal,45.0,Delhi,2020-05-28,63600.0,2020,5,28,0,0,1,0,0,1,0,0,0,1,0,0,1,0,0,1,0,0,0,0,0,0,0,0,0,0,0,0,0,0,0,0,0,0,0,0,0,0,1,1,0,0,1,0,0
CUST000786,Udant,Basak,52.0,Coimbatore,2021-02-23,181400.0,2021,2,23,1,0,0,1,0,0,1,0,0,1,1,0,0,0,0,0,0,0,0,0,0,0,0,0,1,0,0,0,0,0,0,0,1,0,0,0,0,0,0,0,1,0,0,0,1
CUST000787,Qushi,Saran,49.0,Delhi,2020-08-15,113800.0,2020,8,15,1,0,0,0,0,0,0,1,0,1,1,0,0,0,0,1,0,0,0,0,0,0,0,0,0,0,0,0,0,1,0,0,0,0,0,0,0,0,0,1,0,0,0,1,0
CUST000788,Mahika,Bhandari,44.0,Lucknow,2019-04-28,9600.0,2019,4,28,0,0,0,0,0,1,0,0,0,1,0,0,0,0,0,0,0,0,0,0,0,0,0,0,0,0,1,0,0,0,0,0,0,0,0,0,0,0,0,1,0,0,0,0,0
CUST000789,Baljiwan,Ravi,37.0,Chennai,2020-12-04,60500.0,2020,12,4,0,0,1,1,0,1,0,0,0,1,0,0,1,0,0,0,0,0,0,0,0,0,0,0,1,0,0,0,0,0,0,0,0,0,0,0,0,0,1,1,0,0,1,0,0
CUST000790,Qabil,Varghese,18.0,Kolkata,2026-07-11,28700.0,2026,7,11,0,0,0,1,0,0,1,0,0,0,0,0,0,0,0,0,0,0,0,0,0,0,0,0,0,0,0,1,0,0,0,0,0,0,0,1,0,0,0,0,0,0,1,0,0
CUST000791,Fariq,Balasubramanian,44.0,Pune,2019-12-06,61500.0,2019,12,6,0,0,1,1,0,1,0,0,0,1,0,0,1,0,0,0,0,0,0,0,1,0,0,0,0,0,0,0,0,0,1,0,0,0,0,0,0,0,0,1,0,0,1,0,0
CUST000792,Ekbal,Sarma,38.0,Bengaluru,2019-10-25,54600.0,2019,10,25,0,0,1,1,0,0,0,1,1,0,0,0,1,0,0,0,0,1,0,0,0,0,0,0,0,0,0,0,0,0,0,0,0,0,1,0,0,0,0,1,0,0,1,0,0
CUST000793,Anay,Date,42.0,Hyderabad,2018-10-26,295200.0,2018,10,26,0,1,0,1,0,1,0,0,1,0,0,1,0,0,0,0,0,0,0,0,0,0,0,0,0,1,0,0,1,0,0,0,0,0,0,0,0,0,0,1,0,0,0,0,1
CUST000794,Bhavna,Keer,21.0,Lucknow,2023-08-17,11500.0,2023,8,17,0,0,0,0,0,0,1,0,0,1,0,0,0,0,0,0,0,0,0,0,0,0,0,0,0,0,1,0,0,0,0,0,0,0,0,0,0,1,0,0,0,0,0,0,0
CUST000795,Qadim,Pathak,24.0,Udaipur,2020-08-16,65800.0,2020,8,16,1,0,0,1,0,0,1,0,0,1,1,0,0,0,0,0,0,0,0,0,0,0,0,1,0,0,0,0,0,1,0,0,0,0,0,0,0,0,0,0,0,0,1,0,0
CUST000796,Rehaan,Bali,52.0,Delhi,2019-11-18,79600.0,2019,11,18,0,0,1,1,0,0,1,0,1,0,0,0,1,0,0,1,0,0,0,0,0,0,0,0,0,0,0,0,0,0,1,0,0,0,0,0,0,0,0,0,1,0,0,1,0
CUST000797,Ganga,Sengupta,37.0,Kolkata,2019-02-15,74300.0,2019,2,15,1,0,0,0,0,1,0,0,0,1,1,0,0,0,0,0,0,0,0,0,0,0,0,0,0,0,0,1,0,0,1,0,0,0,0,0,0,0,0,1,0,0,0,1,0
CUST000798,Qasim,Prabhu,47.0,Delhi,2020-10-31,33700.0,2020,10,31,0,0,1,1,0,1,0,0,0,0,0,0,1,0,0,1,0,0,0,0,0,0,0,0,0,0,0,0,0,0,0,0,0,1,0,0,0,0,0,1,0,0,1,0,0
CUST000799,Tristan,Bose,38.0,Ludhiana,2020-12-29,32300.0,2020,12,29,0,0,1,1,0,1,0,0,1,0,0,0,1,0,0,0,0,0,0,0,0,0,1,0,0,0,0,0,0,0,0,0,0,1,0,0,0,0,0,1,0,0,1,0,0
CUST000800,Ekantika,Wagle,38.0,Guwahati,2018-11-05,52300.0,2018,11,5,0,0,1,0,0,1,0,0,1,0,0,0,1,0,0,0,0,0,0,0,0,0,0,0,0,0,0,0,0,0,0,0,0,0,0,0,0,0,1,1,0,0,1,0,0
CUST000801,Rajeshri,Rao,50.0,Kolkata,2019-07-18,170100.0,2019,7,18,0,1,0,0,0,1,0,0,0,1,0,1,0,0,0,0,0,0,0,0,0,0,0,0,0,0,0,1,0,0,0,0,0,0,0,0,1,0,0,1,0,0,0,0,1
CUST000802,Nirja,Mallick,31.0,Ahmedabad,2019-08-11,75600.0,2019,8,11,1,0,0,0,0,0,1,0,0,1,1,0,0,0,0,0,1,0,0,0,0,0,0,0,0,0,0,0,0,1,0,0,0,0,0,0,0,0,0,0,0,0,0,1,0
CUST000803,Kritika,Comar,39.0,Lucknow,2020-03-22,65800.0,2020,3,22,0,0,1,0,0,1,0,0,0,1,0,0,1,0,0,0,0,0,0,0,0,0,0,0,0,0,1,0,0,0,0,0,0,1,0,0,0,0,0,1,0,0,1,0,0
CUST000804,Agastya,Grewal,32.0,Ahmedabad,2020-06-29,45000.0,2020,6,29,0,0,1,1,0,1,0,0,1,0,0,0,1,0,0,0,1,0,0,0,0,0,0,0,0,0,0,0,0,0,0,0,0,0,0,1,0,0,0,0,0,0,1,0,0
CUST000805,Yahvi,Vasa,32.0,Ahmedabad,2019-12-16,124900.0,2019,12,16,1,0,0,0,0,1,0,0,0,1,1,0,0,0,0,0,1,0,0,0,0,0,0,0,0,0,0,0,0,1,0,0,0,0,0,0,0,0,0,0,0,0,0,1,0
CUST000806,Rishi,Dalal,34.0,Bhubaneswar,2021-04-06,16600.0,2021,4,6,0,0,0,1,0,0,1,0,0,0,0,0,0,0,0,0,0,0,0,0,0,1,0,0,0,0,0,0,0,0,0,1,0,0,0,0,0,0,0,0,0,0,0,0,0
CUST000807,Lekha,Lad,41.0,Kolkata,2020-04-05,352400.0,2020,4,5,1,0,0,0,0,1,0,0,0,0,1,0,0,0,0,0,0,0,0,0,0,0,0,0,0,0,0,1,1,0,0,0,0,0,0,0,0,0,0,1,0,0,0,0,1
CUST000808,Udant,Kala,32.0,Howrah,2020-04-04,22600.0,2020,4,4,0,0,1,1,0,1,0,0,0,0,0,0,1,0,0,0,0,0,0,0,0,0,0,0,0,0,0,1,0,0,0,0,0,1,0,0,0,0,0,0,0,0,0,0,0
CUST000809,Mekhala,Swaminathan,54.0,Chandigarh,2020-01-04,114600.0,2020,1,4,1,0,0,0,0,0,0,1,0,0,1,0,0,0,1,0,0,0,0,0,0,0,0,0,0,0,0,0,0,0,0,0,1,0,0,0,0,0,0,0,1,0,0,1,0
CUST000810,Irya,Das,26.0,Ahmedabad,2019-09-21,66500.0,2019,9,21,0,0,1,0,0,1,0,0,1,0,0,0,1,0,0,0,1,0,0,0,0,0,0,0,0,0,0,0,0,1,0,0,0,0,0,0,0,0,0,0,0,0,0,1,0
CUST000811,Ekanta,Borah,36.0,Surat,2018-10-02,16500.0,2018,10,2,0,0,1,0,0,0,1,0,1,0,0,0,1,0,0,0,1,0,0,0,0,0,0,0,0,0,0,0,0,0,0,0,0,0,0,0,0,1,0,1,0,0,0,0,0
CUST000812,Upkaar,Gera,32.0,Delhi,2019-09-02,12000.0,2019,9,2,0,0,0,1,0,1,0,0,0,0,0,0,0,0,0,1,0,0,0,0,0,0,0,0,0,0,0,0,0,0,0,0,0,0,0,0,0,1,0,0,0,0,0,0,0
CUST000813,Tristan,Chahal,57.0,Hyderabad,2018-12-22,41500.0,2018,12,22,1,0,0,1,0,1,0,0,0,1,1,0,0,0,0,0,0,0,0,0,0,0,0,0,0,1,0,0,0,0,0,0,0,1,0,0,0,0,0,0,1,0,1,0,0
CUST000814,Odika,Palan,41.0,Pune,2019-12-16,521100.0,2019,12,16,0,1,0,0,0,1,0,0,0,1,0,1,0,0,0,0,0,0,0,0,1,0,0,0,0,0,0,0,0,0,1,0,0,0,0,0,0,0,0,1,0,0,0,0,1
CUST000815,Bhavini,Mannan,51.0,Chennai,2019-09-29,219700.0,2019,9,29,1,0,0,1,0,1,0,0,0,1,1,0,0,0,0,0,0,0,0,0,0,0,0,0,1,0,0,0,0,0,0,0,1,0,0,0,0,0,0,0,1,0,0,0,1
CUST000816,Mason,Dugar,19.0,Chennai,2025-08-16,13400.0,2025,8,16,0,0,0,1,0,0,1,0,0,0,0,0,0,0,0,0,0,0,0,0,0,0,0,0,1,0,0,0,0,0,0,0,0,0,0,0,0,1,0,0,0,0,0,0,0
CUST000817,Harita,Pathak,41.0,Ludhiana,2021-03-23,41900.0,2021,3,23,0,0,1,0,0,0,0,1,0,0,0,0,1,0,0,0,0,0,0,0,0,0,1,0,0,0,0,0,0,0,0,0,0,1,0,0,0,0,0,1,0,0,1,0,0
CUST000818,Yashoda,Kapur,50.0,Kolkata,2019-11-20,371100.0,2019,11,20,0,1,0,0,0,1,0,0,0,1,0,1,0,0,0,0,0,0,0,0,0,0,0,0,0,0,0,1,1,0,0,0,0,0,0,0,0,0,0,1,0,0,0,0,1
CUST000819,Darsh,Iyer,39.0,Jodhpur,2020-06-09,116700.0,2020,6,9,1,0,0,1,0,0,0,1,1,0,1,0,0,0,0,0,0,0,0,0,0,0,0,1,0,0,0,0,0,1,0,0,0,0,0,0,0,0,0,1,0,0,0,1,0
CUST000820,Ekiya,Khalsa,38.0,Bengaluru,2019-03-25,86700.0,2019,3,25,1,0,0,0,0,1,0,0,0,1,1,0,0,0,0,0,0,1,0,0,0,0,0,0,0,0,0,0,0,0,1,0,0,0,0,0,0,0,0,1,0,0,0,1,0
CUST000821,Xiti,Bal,31.0,Varanasi,2019-12-30,8700.0,2019,12,30,0,0,0,0,0,1,0,0,0,0,0,0,0,0,0,0,0,0,0,0,0,0,0,0,0,0,1,0,0,0,0,0,0,0,0,0,0,1,0,0,0,0,0,0,0
CUST000822,Pranit,Pillay,56.0,Kolkata,2018-12-23,24000.0,2018,12,23,0,0,1,1,0,1,0,0,0,1,0,0,1,0,0,0,0,0,0,0,0,0,0,0,0,0,0,1,0,0,0,0,0,0,0,0,0,1,0,0,1,0,0,0,0
CUST000823,Vivaan,Dayal,68.0,Ahmedabad,2018-09-16,52300.0,2018,9,16,0,0,1,1,0,1,0,0,1,0,0,0,1,0,0,0,1,0,0,0,0,0,0,0,0,0,0,0,0,0,0,0,0,0,1,0,0,0,0,0,0,1,1,0,0
CUST000824,Chameli,Bhatti,33.0,Bengaluru,2021-03-07,25200.0,2021,3,7,0,0,0,0,0,1,0,0,0,0,0,0,0,0,0,0,0,1,0,0,0,0,0,0,0,0,0,0,0,0,0,0,0,0,0,0,0,0,0,0,0,0,0,0,0
CUST000825,Nilima,Rao,32.0,Madurai,2020-06-10,55600.0,2020,6,10,0,0,1,0,0,1,0,0,1,0,0,0,1,0,0,0,0,0,0,0,0,0,0,0,1,0,0,0,0,0,0,0,0,0,0,0,0,0,1,0,0,0,1,0,0
CUST000826,Wriddhish,Vora,57.0,Howrah,2019-08-19,193100.0,2019,8,19,0,1,0,1,0,1,0,0,0,0,0,1,0,0,0,0,0,0,0,0,0,0,0,0,0,0,0,1,0,1,0,0,0,0,0,0,0,0,0,0,1,0,0,0,1
CUST000827,Tripti,Rout,59.0,Kolkata,2020-09-16,118600.0,2020,9,16,0,0,1,0,0,1,0,0,0,0,0,0,1,0,0,0,0,0,0,0,0,0,0,0,0,0,0,1,0,1,0,0,0,0,0,0,0,0,0,0,1,0,0,1,0
CUST000828,Bina,Dass,31.0,Kochi,2020-10-28,41900.0,2020,10,28,0,0,1,0,0,1,0,0,0,0,0,0,1,0,0,0,0,0,1,0,0,0,0,0,0,0,0,0,0,0,1,0,0,0,0,0,0,0,0,0,0,0,1,0,0
CUST000829,Nitara,Borah,33.0,Patna,2019-03-09,47200.0,2019,3,9,0,0,1,0,0,0,1,0,0,0,0,0,1,1,0,0,0,0,0,0,0,0,0,0,0,0,0,0,0,0,0,0,0,0,0,0,0,0,1,0,0,0,1,0,0
CUST000830,Umang,Shukla,34.0,Amritsar,2018-09-07,65800.0,2018,9,7,1,0,0,1,0,0,0,0,1,0,1,0,0,0,0,0,0,0,0,0,0,0,1,0,0,0,0,0,0,1,0,0,0,0,0,0,0,0,0,0,0,0,1,0,0
CUST000831,Yauvani,Padmanabhan,21.0,Ahmedabad,2023-08-17,78300.0,2023,8,17,0,0,1,0,0,0,1,0,0,1,0,0,1,0,0,0,1,0,0,0,0,0,0,0,0,0,0,0,0,0,0,0,0,0,0,1,0,0,0,0,0,0,0,1,0
CUST000832,Devansh,Gopal,26.0,Amritsar,2020-01-20,46200.0,2020,1,20,0,0,1,1,0,1,0,0,0,0,0,0,1,0,0,0,0,0,0,0,0,0,1,0,0,0,0,0,0,0,0,0,0,0,0,0,1,0,0,0,0,0,1,0,0
CUST000833,Dhruv,Sant,38.0,Varanasi,2020-04-18,102000.0,2020,4,18,1,0,0,1,0,0,1,0,1,0,1,0,0,0,0,0,0,0,0,0,0,0,0,0,0,0,1,0,0,1,0,0,0,0,0,0,0,0,0,1,0,0,0,1,0
CUST000834,Zayan,Bhakta,28.0,Bengaluru,2020-01-03,65800.0,2020,1,3,0,0,1,1,0,1,0,0,0,1,0,0,1,0,0,0,0,1,0,0,0,0,0,0,0,0,0,0,0,0,0,0,0,0,0,0,0,0,0,0,0,0,1,0,0
CUST000835,David,Vasa,38.0,Hyderabad,2020-03-27,45200.0,2020,3,27,0,0,1,1,0,1,0,0,0,1,0,0,1,0,0,0,0,0,0,0,0,0,0,0,0,1,0,0,0,0,0,0,0,0,0,0,0,0,1,1,0,0,1,0,0
CUST000836,Ganga,Modi,41.0,Delhi,2020-02-12,93300.0,2020,2,12,1,0,0,0,0,1,0,0,0,1,1,0,0,0,0,1,0,0,0,0,0,0,0,0,0,0,0,0,0,0,0,0,0,0,0,1,0,0,0,1,0,0,0,1,0
CUST000837,Fitan,Edwin,58.0,Mumbai,2021-01-05,18700.0,2021,1,5,0,0,0,1,0,1,0,0,0,0,0,0,0,0,0,0,0,0,0,0,1,0,0,0,0,0,0,0,0,0,0,0,0,0,0,0,0,1,0,0,1,0,0,0,0
CUST000838,Ojasvi,Kar,25.0,Delhi,2019-08-17,28300.0,2019,8,17,0,0,1,0,0,0,1,0,0,1,0,0,1,0,0,1,0,0,0,0,0,0,0,0,0,0,0,0,0,0,0,0,0,0,1,0,0,0,0,0,0,0,1,0,0
CUST000839,Oscar,Venkataraman,51.0,Mumbai,2019-05-12,306300.0,2019,5,12,0,1,0,1,0,1,0,0,1,0,0,1,0,0,0,0,0,0,0,0,1,0,0,0,0,0,0,0,1,0,0,0,0,0,0,0,0,0,0,0,1,0,0,0,1
CUST000840,Lucky,Brar,35.0,Ahmedabad,2019-08-01,211400.0,2019,8,1,1,0,0,1,0,1,0,0,1,0,1,0,0,0,0,0,1,0,0,0,0,0,0,0,0,0,0,0,1,0,0,0,0,0,0,0,0,0,0,0,0,0,0,0,1
CUST000841,Zashil,Hegde,37.0,Hyderabad,2018-10-10,19200.0,2018,10,10,0,0,1,0,1,1,0,0,1,0,0,0,1,0,0,0,0,0,0,0,0,0,0,0,0,1,0,0,0,0,0,0,0,0,0,0,0,1,0,1,0,0,0,0,0
CUST000842,Mahika,Dass,47.0,Bengaluru,2020-10-09,133900.0,2020,10,9,1,0,0,0,0,0,1,0,0,1,1,0,0,0,0,0,0,1,0,0,0,0,0,0,0,0,0,0,0,1,0,0,0,0,0,0,0,0,0,1,0,0,0,0,1
CUST000843,Max,Walla,23.0,Jaipur,2021-08-16,134500.0,2021,8,16,0,0,1,1,0,1,0,0,0,0,0,0,1,0,0,0,0,0,0,0,0,0,0,1,0,0,0,0,0,0,0,0,1,0,0,0,0,0,0,0,0,0,0,0,1
CUST000844,Charita,Thakkar,43.0,Varanasi,2019-02-23,26900.0,2019,2,23,0,0,1,0,0,1,0,0,0,1,0,0,1,0,0,0,0,0,0,0,0,0,0,0,0,0,1,0,0,0,0,0,0,1,0,0,0,0,0,1,0,0,1,0,0
CUST000845,Frado,Dube,38.0,Amritsar,2018-08-18,86900.0,2018,8,18,1,0,0,1,0,0,0,0,0,1,1,0,0,0,0,0,0,0,0,0,0,0,1,0,0,0,0,0,0,0,1,0,0,0,0,0,0,0,0,1,0,0,0,1,0
CUST000846,Frederick,Nazareth,44.0,Howrah,2019-11-21,125400.0,2019,11,21,1,0,0,1,0,1,0,0,0,1,1,0,0,0,0,0,0,0,0,0,0,0,0,0,0,0,0,1,0,0,0,0,0,0,0,1,0,0,0,1,0,0,0,1,0
CUST000847,Anvi,Balakrishnan,42.0,Chennai,2021-06-13,180600.0,2021,6,13,1,0,0,0,0,1,0,0,0,0,1,0,0,0,0,0,0,0,0,0,0,0,0,0,1,0,0,0,0,0,0,0,0,0,0,0,0,0,0,1,0,0,0,0,1
CUST000848,Chaitaly,Bath,70.0,Bengaluru,2019-04-14,47900.0,2019,4,14,0,0,1,0,0,0,0,0,0,1,0,0,1,0,0,0,0,1,0,0,0,0,0,0,0,0,0,0,0,0,0,0,0,0,1,0,0,0,0,0,0,1,1,0,0
CUST000849,Kevin,Kade,30.0,Delhi,2021-05-27,8800.0,2021,5,27,0,0,0,1,0,1,0,0,1,0,0,0,0,0,0,1,0,0,0,0,0,0,0,0,0,0,0,0,0,0,0,0,0,0,0,0,0,1,0,0,0,0,0,0,0
CUST000850,Turvi,Balasubramanian,31.0,Delhi,2020-01-03,166200.0,2020,1,3,1,0,0,0,0,1,0,0,0,0,1,0,0,0,0,1,0,0,0,0,0,0,0,0,0,0,0,0,0,0,0,0,0,0,0,0,0,0,0,0,0,0,0,0,1
CUST000851,Yadavi,Mann,30.0,Hyderabad,2020-10-16,282900.0,2020,10,16,1,0,0,0,0,1,0,0,0,1,1,0,0,0,0,0,0,0,0,0,0,0,0,0,0,1,0,0,0,0,0,0,0,0,0,0,0,0,0,0,0,0,0,0,1
CUST000852,Matthew,Subramanian,31.0,Ludhiana,2018-11-18,172400.0,2018,11,18,0,1,0,1,0,1,0,0,1,0,0,1,0,0,0,0,0,0,0,0,0,0,1,0,0,0,0,0,0,1,0,0,0,0,0,0,0,0,0,0,0,0,0,0,1
CUST000853,Krisha,Ravi,30.0,Mumbai,2020-04-09,101700.0,2020,4,9,0,0,1,0,0,0,0,0,1,0,0,0,1,0,0,0,0,0,0,0,1,0,0,0,0,0,0,0,0,0,0,0,1,0,0,0,0,0,0,0,0,0,0,1,0
CUST000854,Neha,Setty,53.0,Delhi,2018-12-06,151500.0,2018,12,6,0,1,0,0,0,1,0,0,1,0,0,1,0,0,0,1,0,0,0,0,0,0,0,0,0,0,0,0,0,0,0,0,1,0,0,0,0,0,0,0,1,0,0,0,1
CUST000855,Bina,Bhasin,56.0,Delhi,2020-09-23,156200.0,2020,9,23,1,0,0,0,0,1,0,0,0,0,1,0,0,0,0,1,0,0,0,0,0,0,0,0,0,0,0,0,0,1,0,0,0,0,0,0,0,0,0,0,1,0,0,0,1
CUST000856,Farhan,Sarraf,31.0,Ahmedabad,2020-06-18,57600.0,2020,6,18,0,0,1,1,0,0,1,0,1,0,0,0,1,0,0,0,1,0,0,0,0,0,0,0,0,0,0,0,0,0,1,0,0,0,0,0,0,0,0,0,0,0,1,0,0
CUST000857,Triya,Sule,27.0,Mysuru,2018-10-13,3000.0,2018,10,13,0,0,0,0,0,0,1,0,0,0,0,0,0,0,0,0,0,1,0,0,0,0,0,0,0,0,0,0,0,0,0,1,0,0,0,0,0,0,0,0,0,0,0,0,0
CUST000858,Vincent,Jani,44.0,Chennai,2021-01-08,117200.0,2021,1,8,0,0,1,1,0,1,0,0,1,0,0,0,1,0,0,0,0,0,0,0,0,0,0,0,1,0,0,0,0,1,0,0,0,0,0,0,0,0,0,1,0,0,0,1,0
CUST000859,Panini,Dhawan,31.0,Pune,2019-11-21,34200.0,2019,11,21,0,0,1,0,0,0,1,0,1,0,0,0,1,0,0,0,0,0,0,0,1,0,0,0,0,0,0,0,0,0,0,0,0,0,0,0,0,0,1,0,0,0,1,0,0
CUST000860,Nirja,Nagar,46.0,Hyderabad,2020-06-17,151800.0,2020,6,17,1,0,0,0,0,1,0,0,0,1,1,0,0,0,0,0,0,0,0,0,0,0,0,0,0,1,0,0,0,0,0,0,1,0,0,0,0,0,0,1,0,0,0,0,1
CUST000861,Orinder,Rastogi,41.0,Pune,2019-04-21,172400.0,2019,4,21,0,1,0,1,0,1,0,0,1,0,0,1,0,0,0,0,0,0,0,0,1,0,0,0,0,0,0,0,0,0,0,0,0,0,0,0,1,0,0,1,0,0,0,0,1
CUST000862,Eiravati,Prabhakar,18.0,Coimbatore,2026-07-11,65800.0,2026,7,11,0,0,0,0,0,0,1,0,1,0,0,0,0,0,0,0,0,0,0,0,0,0,0,0,1,0,0,0,0,0,0,0,0,0,0,0,0,0,0,0,0,0,1,0,0
CUST000863,Yasti,Cherian,58.0,Pune,2020-04-24,88700.0,2020,4,24,0,0,1,0,0,1,0,0,0,1,0,0,1,0,0,0,0,0,0,0,1,0,0,0,0,0,0,0,0,0,1,0,0,0,0,0,0,0,0,0,1,0,0,1,0
CUST000864,Odika,Khurana,61.0,Jodhpur,2019-07-12,362300.0,2019,7,12,0,1,0,0,0,1,0,0,0,1,0,1,0,0,0,0,0,0,0,0,0,0,0,1,0,0,0,0,0,0,0,0,0,0,0,0,0,0,0,0,1,0,0,0,1
CUST000865,Viraj,Das,30.0,Kolkata,2020-05-27,39400.0,2020,5,27,0,0,1,1,0,0,1,0,0,0,0,0,1,0,0,0,0,0,0,0,0,0,0,0,0,0,0,1,0,0,0,0,0,0,0,0,0,0,1,0,0,0,1,0,0
CUST000866,Kiaan,Sengupta,33.0,Surat,2021-06-13,76900.0,2021,6,13,0,0,1,1,0,0,1,0,0,1,0,0,1,0,0,0,1,0,0,0,0,0,0,0,0,0,0,0,0,0,0,0,0,0,0,0,0,0,0,0,0,0,0,1,0
CUST000867,Krishna,Dhaliwal,42.0,Hyderabad,2019-07-06,27900.0,2019,7,6,0,0,1,0,0,1,0,0,0,1,0,0,1,0,0,0,0,0,0,0,0,0,0,0,0,1,0,0,0,0,0,0,0,1,0,0,0,0,0,1,0,0,1,0,0
CUST000868,Chanakya,Bedi,42.0,Hyderabad,2020-02-12,106400.0,2020,2,12,1,0,0,1,0,1,0,0,0,0,1,0,0,0,0,0,0,0,0,0,0,0,0,0,0,1,0,0,0,0,0,0,0,0,0,0,1,0,0,1,0,0,0,1,0
CUST000869,Mohini,Rajagopalan,47.0,Pune,2021-08-04,13300.0,2021,8,4,0,0,0,0,0,1,0,0,0,0,0,0,0,0,0,0,0,0,0,0,1,0,0,0,0,0,0,0,0,0,0,0,0,0,0,0,0,0,0,1,0,0,0,0,0
CUST000870,Shaurya,Kothari,64.0,Coimbatore,2019-10-15,40100.0,2019,10,15,0,0,1,1,0,1,0,0,0,1,0,0,1,0,0,0,0,0,0,0,0,0,0,0,1,0,0,0,0,0,0,0,0,0,1,0,0,0,0,0,1,0,1,0,0
CUST000871,Fariq,Narang,36.0,Chennai,2018-11-12,52600.0,2018,11,12,1,0,0,1,0,1,0,0,0,0,1,0,0,0,0,0,0,0,0,0,0,0,0,0,1,0,0,0,0,0,0,0,0,0,0,1,0,0,0,1,0,0,1,0,0
CUST000872,Naksh,Gupta,28.0,Chennai,2021-04-17,120500.0,2021,4,17,0,0,1,1,0,1,0,0,1,0,0,0,1,0,0,0,0,0,0,0,0,0,0,0,1,0,0,0,0,1,0,0,0,0,0,0,0,0,0,0,0,0,0,1,0
CUST000873,Fariq,Tara,20.0,Vadodara,2024-08-16,10500.0,2024,8,16,0,0,0,1,0,0,1,0,1,0,0,0,0,0,0,0,1,0,0,0,0,0,0,0,0,0,0,0,0,0,0,0,0,0,0,0,0,1,0,0,0,0,0,0,0
CUST000874,Yasti,Sibal,28.0,Varanasi,2019-06-10,46400.0,2019,6,10,0,0,1,0,0,1,0,0,0,0,0,0,1,0,0,0,0,0,0,0,0,0,0,0,0,0,1,0,0,0,1,0,0,0,0,0,0,0,0,0,0,0,1,0,0
CUST000875,Zaid,Morar,38.0,Vadodara,2021-05-31,145600.0,2021,5,31,0,0,1,1,0,1,0,0,1,0,0,0,1,0,0,0,1,0,0,0,0,0,0,0,0,0,0,0,0,1,0,0,0,0,0,0,0,0,0,1,0,0,0,0,1
CUST000876,Yuvraj,Bajaj,61.0,Pune,2021-07-22,16000.0,2021,7,22,0,0,0,1,0,1,0,0,1,0,0,0,0,0,0,0,0,0,0,0,1,0,0,0,0,0,0,0,0,0,0,0,0,0,1,0,0,0,0,0,1,0,0,0,0
CUST000877,Chakradev,Ramaswamy,31.0,Kolkata,2020-03-26,29600.0,2020,3,26,0,0,0,1,0,0,1,0,1,0,0,0,0,0,0,0,0,0,0,0,0,0,0,0,0,0,0,1,0,0,0,0,0,0,1,0,0,0,0,0,0,0,1,0,0
CUST000878,Yashawini,Shankar,41.0,Pune,2019-04-02,24100.0,2019,4,2,0,0,1,0,0,1,0,0,0,0,0,0,1,0,0,0,0,0,0,0,1,0,0,0,0,0,0,0,0,0,0,0,0,0,1,0,0,0,0,1,0,0,0,0,0
CUST000879,Jai,Kale,38.0,Ahmedabad,2021-02-21,151800.0,2021,2,21,1,0,0,1,0,1,0,0,0,0,1,0,0,0,0,0,1,0,0,0,0,0,0,0,0,0,0,0,0,1,0,0,0,0,0,0,0,0,0,1,0,0,0,0,1
CUST000880,Qushi,Bava,53.0,Hyderabad,2019-02-12,208300.0,2019,2,12,0,1,0,0,0,0,0,0,0,0,0,1,0,0,0,0,0,0,0,0,0,0,0,0,0,1,0,0,0,0,0,0,1,0,0,0,0,0,0,0,1,0,0,0,1
CUST000881,Arya,Manda,71.0,Pune,2019-08-28,22900.0,2019,8,28,0,0,1,0,0,1,0,0,0,1,0,0,1,0,0,0,0,0,0,0,1,0,0,0,0,0,0,0,0,0,0,0,0,0,1,0,0,0,0,0,0,1,0,0,0
CUST000882,Yachana,Singhal,31.0,Bhopal,2020-08-17,286600.0,2020,8,17,0,1,0,0,0,1,0,0,0,1,0,1,0,0,0,0,0,0,0,1,0,0,0,0,0,0,0,0,1,0,0,0,0,0,0,0,0,0,0,0,0,0,0,0,1
CUST000883,Mekhala,Yadav,32.0,Kolkata,2020-01-29,32200.0,2020,1,29,0,0,1,0,0,1,0,0,1,0,0,0,1,0,0,0,0,0,0,0,0,0,0,0,0,0,0,1,0,0,0,0,0,1,0,0,0,0,0,0,0,0,1,0,0
CUST000884,Aarna,Chokshi,52.0,Hyderabad,2018-09-23,73500.0,2018,9,23,1,0,0,0,0,0,0,0,0,1,1,0,0,0,0,0,0,0,0,0,0,0,0,0,0,1,0,0,0,0,0,0,0,0,0,0,0,0,1,0,1,0,0,1,0
CUST000885,Upasna,Desai,47.0,Mumbai,2020-12-22,17600.0,2020,12,22,0,0,0,0,0,1,0,0,0,1,0,0,0,0,0,0,0,0,0,0,1,0,0,0,0,0,0,0,0,0,0,0,0,0,0,0,0,1,0,1,0,0,0,0,0
CUST000886,Kevin,Pau,62.0,Coimbatore,2020-02-16,48700.0,2020,2,16,0,0,1,1,0,0,0,0,0,1,0,0,1,0,0,0,0,0,0,0,0,0,0,0,1,0,0,0,0,0,0,0,0,0,1,0,0,0,0,0,1,0,1,0,0
CUST000887,Saksham,Pau,46.0,Thiruvananthapuram,2019-10-02,36900.0,2019,10,2,0,0,1,1,0,0,1,0,0,0,0,0,1,0,0,0,0,0,1,0,0,0,0,0,0,0,0,0,0,0,0,0,0,1,0,0,0,0,0,1,0,0,1,0,0
CUST000888,Arin,Rattan,33.0,Kolkata,2021-03-18,152800.0,2021,3,18,1,0,0,1,0,1,0,0,1,0,1,0,0,0,0,0,0,0,0,0,0,0,0,0,0,0,0,1,0,0,0,0,1,0,0,0,0,0,0,0,0,0,0,0,1
CUST000889,Ati,Hayer,46.0,Amritsar,2021-06-30,150900.0,2021,6,30,0,0,1,0,0,1,0,0,1,0,0,0,1,0,0,0,0,0,0,0,0,0,1,0,0,0,0,0,0,0,0,0,0,0,0,0,1,0,0,1,0,0,0,0,1
CUST000890,Radhika,Mani,52.0,Pune,2021-08-02,152200.0,2021,8,2,1,0,0,0,0,1,0,0,0,0,1,0,0,0,0,0,0,0,0,0,1,0,0,0,0,0,0,0,0,0,0,0,1,0,0,0,0,0,0,0,1,0,0,0,1
CUST000891,Bina,Raju,49.0,Kolkata,2020-08-25,57200.0,2020,8,25,0,0,1,0,0,0,0,0,1,0,0,0,1,0,0,0,0,0,0,0,0,0,0,0,0,0,0,1,0,0,0,0,0,0,0,0,0,0,1,1,0,0,1,0,0
CUST000892,Zayyan,Seshadri,45.0,Jodhpur,2021-05-27,12700.0,2021,5,27,0,0,0,1,0,1,0,0,0,0,0,0,0,0,0,0,0,0,0,0,0,0,0,1,0,0,0,0,0,0,0,0,0,0,0,0,0,1,0,1,0,0,0,0,0
CUST000893,Meera,Dani,52.0,Coimbatore,2019-03-20,169400.0,2019,3,20,1,0,0,0,0,1,0,0,0,1,1,0,0,0,0,0,0,0,0,0,0,0,0,0,1,0,0,0,0,1,0,0,0,0,0,0,0,0,0,0,1,0,0,0,1
CUST000894,Devansh,Chatterjee,53.0,Pune,2018-08-19,105300.0,2018,8,19,1,0,0,1,0,1,0,0,0,1,1,0,0,0,0,0,0,0,0,0,1,0,0,0,0,0,0,0,0,0,1,0,0,0,0,0,0,0,0,0,1,0,0,1,0
CUST000895,Ronith,Prakash,56.0,Kolkata,2021-06-10,160900.0,2021,6,10,1,0,0,1,0,1,0,0,1,0,1,0,0,0,0,0,0,0,0,0,0,0,0,0,0,0,0,1,0,1,0,0,0,0,0,0,0,0,0,0,1,0,0,0,1
CUST000896,Omkaar,Pau,46.0,Kolkata,2020-04-29,8600.0,2020,4,29,0,0,0,1,0,1,0,0,0,0,0,0,0,0,0,0,0,0,0,0,0,0,0,0,0,0,0,1,0,0,0,1,0,0,0,0,0,0,0,1,0,0,0,0,0
CUST000897,Ekbal,Issac,36.0,Surat,2021-07-19,30300.0,2021,7,19,0,0,0,1,0,0,1,0,0,0,0,0,0,0,0,0,1,0,0,0,0,0,0,0,0,0,0,0,0,0,0,0,0,1,0,0,0,0,0,1,0,0,1,0,0
CUST000898,Yashoda,Ratti,40.0,Jaipur,2021-03-22,23900.0,2021,3,22,0,0,0,0,0,0,0,0,0,0,0,0,0,0,0,0,0,0,0,0,0,0,0,1,0,0,0,0,0,0,0,0,0,1,0,0,0,0,0,1,0,0,0,0,0
CUST000899,Zashil,Baria,54.0,Udaipur,2020-08-27,160900.0,2020,8,27,1,0,0,1,0,1,0,0,0,1,1,0,0,0,0,0,0,0,0,0,0,0,0,1,0,0,0,0,0,0,0,0,1,0,0,0,0,0,0,0,1,0,0,0,1
CUST000900,Arin,Barad,27.0,Ahmedabad,2020-06-11,18400.0,2020,6,11,0,0,0,1,0,1,0,0,0,0,0,0,0,0,0,0,1,0,0,0,0,0,0,0,0,0,0,0,0,0,0,1,0,0,0,0,0,0,0,0,0,0,0,0,0
CUST000901,Ekantika,Nath,43.0,Delhi,2018-10-21,81400.0,2018,10,21,1,0,0,0,0,0,0,0,0,1,1,0,0,0,0,1,0,0,0,0,0,0,0,0,0,0,0,0,0,0,0,0,0,0,0,0,1,0,0,1,0,0,0,1,0
CUST000902,Vritti,Venkataraman,33.0,Hyderabad,2020-06-09,85600.0,2020,6,9,0,0,1,0,0,1,0,0,1,0,0,0,1,0,0,0,0,0,0,0,0,0,0,0,0,1,0,0,0,0,0,0,0,0,0,1,0,0,0,0,0,0,0,1,0
CUST000903,Vasatika,Dixit,38.0,Udaipur,2020-02-19,44700.0,2020,2,19,0,0,1,0,0,1,0,0,1,0,0,0,1,0,0,0,0,0,0,0,0,0,0,1,0,0,0,0,0,0,0,0,0,0,0,0,0,0,1,1,0,0,1,0,0
CUST000904,Ekaraj,Narang,55.0,Guwahati,2020-11-20,58300.0,2020,11,20,0,0,1,1,0,1,0,0,0,1,0,0,1,0,0,0,0,0,0,0,0,0,0,0,0,0,0,0,0,0,0,0,0,0,1,0,0,0,0,0,1,0,1,0,0
CUST000905,Odika,Gaba,40.0,Pune,2021-08-16,33500.0,2021,8,16,0,0,0,0,0,1,0,0,0,0,0,0,0,0,0,0,0,0,0,0,1,0,0,0,0,0,0,0,0,0,0,0,0,1,0,0,0,0,0,1,0,0,1,0,0
CUST000906,Shravya,Mistry,39.0,Coimbatore,2018-12-05,15600.0,2018,12,5,0,0,1,0,0,0,1,0,1,0,0,0,1,0,0,0,0,0,0,0,0,0,0,0,1,0,0,0,0,0,0,0,0,0,0,0,0,1,0,1,0,0,0,0,0
CUST000907,Om,Tripathi,20.0,Bengaluru,2024-08-16,84800.0,2024,8,16,0,0,1,1,0,1,0,0,1,0,0,0,1,0,0,0,0,1,0,0,0,0,0,0,0,0,0,0,0,0,0,0,0,0,0,1,0,0,0,0,0,0,0,1,0
CUST000908,Yashoda,Walia,48.0,Delhi,2018-09-25,95700.0,2018,9,25,1,0,0,0,0,1,0,0,0,0,1,0,0,0,0,1,0,0,0,0,0,0,0,0,0,0,0,0,0,0,0,0,0,0,0,1,0,0,0,1,0,0,0,1,0
CUST000909,Yash,Mistry,38.0,Chennai,2021-03-26,15000.0,2021,3,26,0,0,0,1,0,1,0,0,1,0,0,0,0,0,0,0,0,0,0,0,0,0,0,0,1,0,0,0,0,0,0,0,0,0,0,0,0,1,0,1,0,0,0,0,0
CUST000910,Wazir,Badal,66.0,Kolkata,2019-10-23,12600.0,2019,10,23,0,0,0,1,0,1,0,0,0,1,0,0,0,0,0,0,0,0,0,0,0,0,0,0,0,0,0,1,0,0,0,0,0,0,1,0,0,0,0,0,0,1,0,0,0
CUST000911,Raksha,Narula,34.0,Mumbai,2018-08-17,16800.0,2018,8,17,0,0,1,0,0,1,0,0,1,0,0,0,1,0,0,0,0,0,0,0,1,0,0,0,0,0,0,0,0,0,0,0,0,0,0,0,0,1,0,0,0,0,0,0,0
CUST000912,Dayamai,Saha,41.0,Udaipur,2021-03-18,23700.0,2021,3,18,0,0,0,0,0,1,0,0,0,0,0,0,0,0,0,0,0,0,0,0,0,0,0,1,0,0,0,0,0,0,0,0,0,1,0,0,0,0,0,1,0,0,0,0,0
CUST000913,Mitesh,Bala,41.0,Kanpur,2020-05-09,26100.0,2020,5,9,0,0,1,1,0,0,0,0,0,1,0,0,1,0,0,0,0,0,0,0,0,0,0,0,0,0,1,0,0,0,0,0,0,1,0,0,0,0,0,1,0,0,0,0,0
CUST000914,Vritti,Lanka,38.0,Bhubaneswar,2019-04-14,16800.0,2019,4,14,0,0,1,0,0,0,1,0,0,1,0,0,1,0,0,0,0,0,0,0,0,1,0,0,0,0,0,0,0,0,0,1,0,0,0,0,0,0,0,1,0,0,0,0,0
CUST000915,Jhalak,Behl,37.0,Delhi,2021-07-12,141200.0,2021,7,12,1,0,0,0,0,0,0,0,1,0,1,0,0,0,0,1,0,0,0,0,0,0,0,0,0,0,0,0,1,0,0,0,0,0,0,0,0,0,0,1,0,0,0,0,1
CUST000916,Wakeeta,Garde,42.0,Kolkata,2019-07-22,156700.0,2019,7,22,0,1,0,0,0,0,1,0,1,0,0,1,0,0,0,0,0,0,0,0,0,0,0,0,0,0,0,1,0,0,0,0,0,0,0,0,1,0,0,1,0,0,0,0,1
CUST000917,Ranveer,Divan,46.0,Hyderabad,2021-05-20,203500.0,2021,5,20,1,0,0,1,0,1,0,0,0,0,1,0,0,0,0,0,0,0,0,0,0,0,0,0,0,1,0,0,0,0,0,0,0,0,0,0,1,0,0,1,0,0,0,0,1
CUST000918,Keya,Balay,40.0,Bengaluru,2020-11-30,160800.0,2020,11,30,1,0,0,0,0,1,0,0,1,0,1,0,0,0,0,0,0,1,0,0,0,0,0,0,0,0,0,0,0,1,0,0,0,0,0,0,0,0,0,1,0,0,0,0,1
CUST000919,Christopher,Halder,32.0,Kolkata,2021-02-22,214500.0,2021,2,22,1,0,0,1,0,0,1,0,1,0,1,0,0,0,0,0,0,0,0,0,0,0,0,0,0,0,0,1,0,0,0,0,0,0,0,0,1,0,0,0,0,0,0,0,1
CUST000920,Adya,Sastry,41.0,Udaipur,2018-11-26,113800.0,2018,11,26,1,0,0,0,0,0,1,0,1,0,1,0,0,0,0,0,0,0,0,0,0,0,0,1,0,0,0,0,0,1,0,0,0,0,0,0,0,0,0,1,0,0,0,1,0
CUST000921,Naksh,Sahota,52.0,Mumbai,2021-01-31,61300.0,2021,1,31,0,0,1,1,0,1,0,0,1,0,0,0,1,0,0,0,0,0,0,0,1,0,0,0,0,0,0,0,0,0,0,0,0,0,0,0,0,0,1,0,1,0,1,0,0
CUST000922,Faqid,Sachar,25.0,Amritsar,2021-07-03,55700.0,2021,7,3,0,0,1,1,0,1,0,0,0,0,0,0,1,0,0,0,0,0,0,0,0,0,1,0,0,0,0,0,0,1,0,0,0,0,0,0,0,0,0,0,0,0,1,0,0
CUST000923,Ishani,Roy,38.0,Lucknow,2019-11-11,116100.0,2019,11,11,1,0,0,0,0,1,0,0,0,0,1,0,0,0,0,0,0,0,0,0,0,0,0,0,0,0,1,0,0,1,0,0,0,0,0,0,0,0,0,1,0,0,0,1,0
CUST000924,Zashil,Sinha,38.0,Vadodara,2020-08-02,91100.0,2020,8,2,0,0,1,1,0,1,0,0,1,0,0,0,1,0,0,0,1,0,0,0,0,0,0,0,0,0,0,0,0,0,0,0,0,0,0,0,1,0,0,1,0,0,0,1,0
CUST000925,Azaan,Devi,54.0,Jaipur,2020-05-29,27700.0,2020,5,29,0,0,0,1,0,1,0,0,0,1,0,0,0,0,0,0,0,0,0,0,0,0,0,1,0,0,0,0,0,0,0,0,0,0,1,0,0,0,0,0,1,0,1,0,0
CUST000926,Hemang,Nair,38.0,Hyderabad,2026-07-11,10800.0,2026,7,11,0,0,0,1,0,0,1,0,1,0,0,0,0,0,0,0,0,0,0,0,0,0,0,0,0,1,0,0,0,0,0,0,0,0,0,0,0,1,0,1,0,0,0,0,0
CUST000927,Waida,Vora,31.0,Vadodara,2019-05-19,65800.0,2019,5,19,1,0,0,0,0,0,1,0,0,0,1,0,0,0,0,0,1,0,0,0,0,0,0,0,0,0,0,0,0,0,0,0,0,0,0,0,1,0,0,0,0,0,1,0,0
CUST000928,Raghav,Murthy,43.0,Hyderabad,2019-10-27,14200.0,2019,10,27,0,0,0,1,0,0,1,0,0,1,0,0,0,0,0,0,0,0,0,0,0,0,0,0,0,1,0,0,0,0,0,0,0,0,0,0,0,1,0,1,0,0,0,0,0
CUST000929,Harini,Sharaf,58.0,Patna,2020-07-13,120800.0,2020,7,13,0,0,1,0,0,1,0,0,0,1,0,0,1,1,0,0,0,0,0,0,0,0,0,0,0,0,0,0,0,0,0,0,0,0,0,0,0,0,0,0,1,0,0,1,0
CUST000930,Onveer,Pandya,37.0,Delhi,2021-02-09,46400.0,2021,2,9,0,0,1,1,0,1,0,0,1,0,0,0,1,0,0,1,0,0,0,0,0,0,0,0,0,0,0,0,0,0,0,0,0,0,0,0,0,0,1,1,0,0,1,0,0
CUST000931,Kevin,Sule,31.0,Bengaluru,2019-11-05,17500.0,2019,11,5,0,0,1,1,0,1,0,0,0,0,0,0,1,0,0,0,0,1,0,0,0,0,0,0,0,0,0,0,0,0,0,0,0,0,0,0,0,1,0,0,0,0,0,0,0
CUST000932,Gopal,Koshy,62.0,Madurai,2019-04-16,20300.0,2019,4,16,0,0,1,1,0,0,0,1,1,0,0,0,1,0,0,0,0,0,0,0,0,0,0,0,1,0,0,0,0,0,0,0,0,0,1,0,0,0,0,0,1,0,0,0,0
CUST000933,Liam,Misra,19.0,Bengaluru,2025-08-16,15400.0,2025,8,16,0,0,0,1,0,0,1,0,1,0,0,0,0,0,0,0,0,1,0,0,0,0,0,0,0,0,0,0,0,0,0,0,0,1,0,0,0,0,0,0,0,0,0,0,0
CUST000934,Isaiah,Mishra,18.0,Hyderabad,2026-07-11,11100.0,2026,7,11,0,0,0,1,0,0,1,0,0,0,0,0,0,0,0,0,0,0,0,0,0,0,0,0,0,1,0,0,0,0,0,0,0,0,0,0,0,1,0,0,0,0,0,0,0
CUST000935,Maanas,Johal,38.0,Chennai,2020-12-24,102600.0,2020,12,24,0,0,1,1,0,0,0,0,1,0,0,0,1,0,0,0,0,0,0,0,0,0,0,0,1,0,0,0,0,0,0,0,0,0,0,1,0,0,0,1,0,0,0,1,0
CUST000936,Wishi,Nadig,31.0,Chandigarh,2019-07-31,9100.0,2019,7,31,0,0,0,0,0,1,0,0,0,0,0,0,0,0,1,0,0,0,0,0,0,0,0,0,0,0,0,0,0,0,0,0,0,0,0,0,0,1,0,0,0,0,0,0,0
CUST000937,Wakeeta,Palla,25.0,Coimbatore,2019-08-17,57000.0,2019,8,17,0,0,1,0,0,1,0,0,0,0,0,0,1,0,0,0,0,0,0,0,0,0,0,0,1,0,0,0,0,0,0,0,0,0,0,1,0,0,0,0,0,0,1,0,0
CUST000938,Laksh,Mani,47.0,Hyderabad,2021-08-02,65800.0,2021,8,2,1,0,0,1,0,0,0,0,1,0,1,0,0,0,0,0,0,0,0,0,0,0,0,0,0,1,0,0,0,0,0,0,0,0,0,0,0,0,0,1,0,0,1,0,0
CUST000939,Darsh,Raghavan,41.0,New Delhi,2020-09-15,50100.0,2020,9,15,0,0,1,1,0,0,0,0,1,0,0,0,1,0,0,1,0,0,0,0,0,0,0,0,0,0,0,0,0,0,0,0,0,0,0,0,0,0,1,1,0,0,1,0,0
CUST000940,Siya,Pai,31.0,Hyderabad,2021-06-09,68500.0,2021,6,9,0,0,1,0,0,1,0,0,1,0,0,0,1,0,0,0,0,0,0,0,0,0,0,0,0,1,0,0,0,0,0,0,1,0,0,0,0,0,0,0,0,0,0,1,0
CUST000941,Elijah,Mannan,21.0,Chennai,2023-08-17,16200.0,2023,8,17,0,0,0,1,0,0,1,0,0,0,0,0,0,0,0,0,0,0,0,0,0,0,0,0,1,0,0,0,0,0,0,0,0,1,0,0,0,0,0,0,0,0,0,0,0
CUST000942,Ansh,Mani,49.0,Vadodara,2020-05-28,138700.0,2020,5,28,1,0,0,1,0,0,0,1,0,0,1,0,0,0,0,0,1,0,0,0,0,0,0,0,0,0,0,0,0,1,0,0,0,0,0,0,0,0,0,1,0,0,0,0,1
CUST000943,Chaaya,Pal,46.0,Pune,2018-11-11,172400.0,2018,11,11,0,1,0,0,0,1,0,0,0,0,0,1,0,0,0,0,0,0,0,0,1,0,0,0,0,0,0,0,1,0,0,0,0,0,0,0,0,0,0,1,0,0,0,0,1
CUST000944,Vaishnavi,Kunda,37.0,Delhi,2021-05-20,50300.0,2021,5,20,0,0,1,0,0,1,0,0,0,1,0,0,1,0,0,1,0,0,0,0,0,0,0,0,0,0,0,0,0,0,0,0,0,0,0,0,0,0,1,1,0,0,1,0,0
CUST000945,Wakeeta,Kala,62.0,Hyderabad,2019-04-18,22700.0,2019,4,18,0,0,1,0,0,1,0,0,1,0,0,0,1,0,0,0,0,0,0,0,0,0,0,0,0,1,0,0,0,0,0,0,0,0,1,0,0,0,0,0,1,0,0,0,0
CUST000946,Harrison,Yohannan,24.0,Hyderabad,2020-08-16,35500.0,2020,8,16,0,0,1,1,0,0,1,0,0,0,0,0,1,0,0,0,0,0,0,0,0,0,0,0,0,1,0,0,0,0,0,0,0,0,1,0,0,0,0,0,0,0,1,0,0
CUST000947,Krishna,Magar,18.0,Hyderabad,2026-07-11,8300.0,2026,7,11,0,0,0,1,0,1,0,0,0,0,0,0,0,0,0,0,0,0,0,0,0,0,0,0,0,1,0,0,0,0,0,0,0,0,0,0,0,1,0,0,0,0,0,0,0
CUST000948,Ekantika,Chopra,38.0,Jodhpur,2020-02-01,97700.0,2020,2,1,1,0,0,0,0,1,0,0,1,0,1,0,0,0,0,0,0,0,0,0,0,0,0,1,0,0,0,0,0,0,0,0,1,0,0,0,0,0,0,1,0,0,0,1,0
CUST000949,Jagdish,Kibe,37.0,Bengaluru,2021-07-04,59200.0,2021,7,4,0,0,1,1,0,1,0,0,0,1,0,0,1,0,0,0,0,1,0,0,0,0,0,0,0,0,0,0,0,0,0,0,0,0,0,0,0,0,0,1,0,0,1,0,0
CUST000950,Arya,Wali,41.0,Chennai,2018-10-14,185800.0,2018,10,14,1,0,0,0,0,1,0,0,1,0,1,0,0,0,0,0,0,0,0,0,0,0,0,0,1,0,0,0,0,0,0,0,0,0,0,0,1,0,0,1,0,0,0,0,1
CUST000951,Jeevika,Kaul,35.0,Kolkata,2021-05-18,97400.0,2021,5,18,0,0,1,0,0,1,0,0,0,0,0,0,1,0,0,0,0,0,0,0,0,0,0,0,0,0,0,1,0,0,0,0,0,0,0,0,1,0,0,0,0,0,0,1,0
CUST000952,Atharv,Chaudhry,43.0,Delhi,2019-10-31,54500.0,2019,10,31,0,0,1,1,0,1,0,0,1,0,0,0,1,0,0,1,0,0,0,0,0,0,0,0,0,0,0,0,0,0,1,0,0,0,0,0,0,0,0,1,0,0,1,0,0
CUST000953,Triveni,Narayanan,38.0,Ahmedabad,2022-08-17,12200.0,2022,8,17,0,0,0,0,0,1,0,0,0,0,0,0,0,0,0,0,1,0,0,0,0,0,0,0,0,0,0,0,0,0,0,0,0,0,0,0,0,1,0,1,0,0,0,0,0
CUST000954,Vrishti,Chaudhry,57.0,Madurai,2021-05-21,21300.0,2021,5,21,0,0,0,0,0,1,0,0,0,1,0,0,0,0,0,0,0,0,0,0,0,0,0,0,1,0,0,0,0,0,0,0,0,0,0,0,0,1,0,0,1,0,0,0,0
CUST000955,Ekantika,Ahluwalia,37.0,Chennai,2019-12-18,99800.0,2019,12,18,0,0,1,0,0,0,1,0,1,0,0,0,1,0,0,0,0,0,0,0,0,0,0,0,1,0,0,0,0,0,0,0,1,0,0,0,0,0,0,1,0,0,0,1,0
CUST000956,Farhan,Ray,53.0,Lucknow,2019-02-25,133700.0,2019,2,25,1,0,0,1,0,1,0,0,1,0,1,0,0,0,0,0,0,0,0,0,0,0,0,0,0,0,1,0,0,0,0,0,1,0,0,0,0,0,0,0,1,0,0,0,1
CUST000957,Wazir,Sood,42.0,Delhi,2018-08-31,37800.0,2018,8,31,1,0,0,1,0,1,0,0,0,0,1,0,0,0,0,1,0,0,0,0,0,0,0,0,0,0,0,0,0,0,0,0,0,0,1,0,0,0,0,1,0,0,1,0,0
CUST000958,Irya,Mani,44.0,Indore,2019-06-15,193500.0,2019,6,15,1,0,0,0,0,1,0,0,1,0,1,0,0,0,0,0,0,0,0,1,0,0,0,0,0,0,0,0,0,0,0,0,1,0,0,0,0,0,0,1,0,0,0,0,1
CUST000959,Naveen,Mangal,45.0,Kolkata,2020-10-15,81600.0,2020,10,15,0,0,1,1,0,1,0,0,0,0,0,0,1,0,0,0,0,0,0,0,0,0,0,0,0,0,0,1,0,0,1,0,0,0,0,0,0,0,0,1,0,0,0,1,0
CUST000960,Bhanumati,Chakraborty,44.0,Kolkata,2019-07-12,107900.0,2019,7,12,1,0,0,0,0,1,0,0,0,0,1,0,0,0,0,0,0,0,0,0,0,0,0,0,0,0,0,1,0,0,0,0,0,0,0,1,0,0,0,1,0,0,0,1,0
CUST000961,Jack,Warrior,46.0,Bhopal,2019-07-05,126300.0,2019,7,5,1,0,0,1,0,1,0,0,0,1,1,0,0,0,0,0,0,0,0,1,0,0,0,0,0,0,0,0,0,0,0,0,1,0,0,0,0,0,0,1,0,0,0,1,0
CUST000962,Anirudh,Gill,55.0,Kanpur,2019-07-11,158100.0,2019,7,11,1,0,0,1,0,1,0,0,1,0,1,0,0,0,0,0,0,0,0,0,0,0,0,0,0,0,1,0,0,1,0,0,0,0,0,0,0,0,0,0,1,0,0,0,1
CUST000963,Sathvik,Goda,41.0,Kolkata,2019-01-23,12900.0,2019,1,23,0,0,1,1,0,1,0,0,1,0,0,0,1,0,0,0,0,0,0,0,0,0,0,0,0,0,0,1,0,0,0,0,0,0,0,0,0,1,0,1,0,0,0,0,0
CUST000964,Anita,Ranganathan,47.0,Vadodara,2021-05-13,71600.0,2021,5,13,0,0,1,0,0,1,0,0,1,0,0,0,1,0,0,0,1,0,0,0,0,0,0,0,0,0,0,0,0,0,0,0,0,0,0,0,0,0,1,1,0,0,0,1,0
CUST000965,Yug,Grewal,37.0,Warangal,2021-04-19,12200.0,2021,4,19,0,0,0,1,0,0,1,0,1,0,0,0,0,0,0,0,0,0,0,0,0,0,0,0,0,1,0,0,0,0,0,1,0,0,0,0,0,0,0,1,0,0,0,0,0
CUST000966,Maanav,Barad,57.0,Madurai,2019-09-14,119200.0,2019,9,14,1,0,0,1,0,1,0,0,0,1,1,0,0,0,0,0,0,0,0,0,0,0,0,0,1,0,0,0,0,1,0,0,0,0,0,0,0,0,0,0,1,0,0,1,0
CUST000967,Aayush,Misra,29.0,Mumbai,2018-10-06,49000.0,2018,10,6,0,0,1,1,0,1,0,0,0,1,0,0,1,0,0,0,0,0,0,0,1,0,0,0,0,0,0,0,0,0,0,0,0,0,0,0,0,0,0,0,0,0,1,0,0
CUST000968,Damyanti,Nayak,61.0,Pune,2020-03-24,378900.0,2020,3,24,1,0,0,0,0,0,0,0,0,1,1,0,0,0,0,0,0,0,0,0,1,0,0,0,0,0,0,0,0,0,0,0,0,0,0,0,0,0,0,0,1,0,0,0,1
CUST000969,Lucky,Sha,37.0,Kanpur,2018-09-29,69900.0,2018,9,29,1,0,0,1,0,1,0,0,0,1,1,0,0,0,0,0,0,0,0,0,0,0,0,0,0,0,1,0,0,0,0,0,0,0,0,1,0,0,0,1,0,0,0,1,0
CUST000970,Zaitra,Tak,19.0,Mumbai,2025-08-16,16500.0,2025,8,16,0,0,0,0,0,0,1,0,0,0,0,0,0,0,0,0,0,0,0,0,1,0,0,0,0,0,0,0,0,0,0,0,0,0,0,0,0,1,0,0,0,0,0,0,0
CUST000971,Ekani,Thaman,40.0,Delhi,2018-12-01,188300.0,2018,12,1,0,1,0,0,0,1,0,0,0,0,0,1,0,0,0,1,0,0,0,0,0,0,0,0,0,0,0,0,0,0,0,0,1,0,0,0,0,0,0,1,0,0,0,0,1
CUST000972,Vivaan,Mahajan,29.0,Jodhpur,2018-11-23,5800.0,2018,11,23,0,0,0,1,0,0,1,0,0,0,0,0,0,0,0,0,0,0,0,0,0,0,0,1,0,0,0,0,0,0,0,0,0,0,0,0,0,0,0,0,0,0,0,0,0
CUST000973,Inaya,Chowdhury,49.0,Mumbai,2018-12-06,34000.0,2018,12,6,0,0,1,0,0,0,0,1,1,0,0,0,1,0,0,0,0,0,0,0,1,0,0,0,0,0,0,0,0,0,0,0,0,1,0,0,0,0,0,1,0,0,1,0,0
CUST000974,Noah,Gaba,30.0,Bengaluru,2019-03-02,438600.0,2019,3,2,0,1,0,1,0,1,0,0,0,1,0,1,0,0,0,0,0,1,0,0,0,0,0,0,0,0,0,0,0,0,0,0,0,0,0,0,0,0,0,0,0,0,0,0,1
CUST000975,Vasudha,Kurian,32.0,Kolkata,2019-07-17,83100.0,2019,7,17,0,0,1,0,0,1,0,0,0,1,0,0,1,0,0,0,0,0,0,0,0,0,0,0,0,0,0,1,0,1,0,0,0,0,0,0,0,0,0,0,0,0,0,1,0
CUST000976,Idika,Atwal,18.0,Kolkata,2026-07-11,31900.0,2026,7,11,0,0,0,0,0,0,1,0,0,0,0,0,0,0,0,0,0,0,0,0,0,0,0,0,0,0,0,1,0,0,0,0,0,1,0,0,0,0,0,0,0,0,1,0,0
CUST000977,Om,Merchant,32.0,Udaipur,2021-03-24,52500.0,2021,3,24,0,0,1,1,0,0,1,0,1,0,0,0,1,0,0,0,0,0,0,0,0,0,0,1,0,0,0,0,0,0,0,0,0,0,0,0,0,0,1,0,0,0,1,0,0
CUST000978,Gopal,Gill,18.0,Chennai,2026-07-11,13200.0,2026,7,11,0,0,0,1,0,0,1,0,1,0,0,0,0,0,0,0,0,0,0,0,0,0,0,0,1,0,0,0,0,0,0,0,0,0,0,0,0,1,0,0,0,0,0,0,0
CUST000979,Samaksh,Sane,18.0,Chennai,2026-07-11,17900.0,2026,7,11,0,0,0,1,0,1,0,0,0,0,0,0,0,0,0,0,0,0,0,0,0,0,0,0,1,0,0,0,0,0,0,0,0,1,0,0,0,0,0,0,0,0,0,0,0
CUST000980,Yutika,Narang,38.0,Surat,2021-04-10,33000.0,2021,4,10,0,0,1,0,1,1,0,0,1,0,0,0,1,0,0,0,1,0,0,0,0,0,0,0,0,0,0,0,0,0,0,0,0,1,0,0,0,0,0,1,0,0,1,0,0
CUST000981,Caleb,Rattan,38.0,Chennai,2018-11-12,170100.0,2018,11,12,1,0,0,1,0,1,0,0,0,0,1,0,0,0,0,0,0,0,0,0,0,0,0,0,1,0,0,0,0,0,0,0,0,0,0,0,0,0,0,1,0,0,0,0,1
CUST000982,Charvi,Goyal,44.0,Kolkata,2019-08-20,37300.0,2019,8,20,0,0,1,0,0,1,0,0,0,0,0,0,1,0,0,0,0,0,0,0,0,0,0,0,0,0,0,1,0,0,0,0,0,1,0,0,0,0,0,1,0,0,1,0,0
CUST000983,Ekaraj,Sood,25.0,Patna,2020-09-08,6000.0,2020,9,8,0,0,0,1,0,1,0,0,1,0,0,0,0,1,0,0,0,0,0,0,0,0,0,0,0,0,0,0,0,0,0,0,0,0,0,0,0,1,0,0,0,0,0,0,0
CUST000984,Ojasvi,Kothari,37.0,Hyderabad,2019-03-31,8100.0,2019,3,31,0,0,1,0,0,0,1,0,0,1,0,0,1,0,0,0,0,0,0,0,0,0,0,0,0,1,0,0,0,0,0,1,0,0,0,0,0,0,0,1,0,0,0,0,0
CUST000985,Aarush,Lal,38.0,Hyderabad,2020-02-28,184800.0,2020,2,28,1,0,0,1,0,1,0,0,0,1,1,0,0,0,0,0,0,0,0,0,0,0,0,0,0,1,0,0,0,0,0,0,1,0,0,0,0,0,0,1,0,0,0,0,1
CUST000986,Sanaya,Keer,23.0,Mumbai,2021-08-16,17500.0,2021,8,16,0,0,0,0,0,1,0,0,0,0,0,0,0,0,0,0,0,0,0,0,1,0,0,0,0,0,0,0,0,0,0,1,0,0,0,0,0,0,0,0,0,0,0,0,0
CUST000987,Udant,Loke,58.0,Kolkata,2018-12-21,37200.0,2018,12,21,0,0,1,1,0,1,0,0,0,0,0,0,1,0,0,0,0,0,0,0,0,0,0,0,0,0,0,1,0,0,0,0,0,1,0,0,0,0,0,0,1,0,1,0,0
CUST000988,Omya,Mittal,49.0,Mumbai,2020-08-10,179500.0,2020,8,10,1,0,0,0,0,1,0,0,1,0,1,0,0,0,0,0,0,0,0,0,1,0,0,0,0,0,0,0,0,1,0,0,0,0,0,0,0,0,0,1,0,0,0,0,1
CUST000989,Abdul,Lal,35.0,Chennai,2019-07-12,34500.0,2019,7,12,0,0,1,1,0,1,0,0,0,1,0,0,1,0,0,0,0,0,0,0,0,0,0,0,1,0,0,0,0,0,0,0,0,1,0,0,0,0,0,0,0,0,1,0,0
CUST000990,Pranit,Keer,38.0,Lucknow,2020-10-02,200500.0,2020,10,2,1,0,0,1,0,1,0,0,0,0,1,0,0,0,0,0,0,0,0,0,0,0,0,0,0,0,1,0,0,0,0,0,0,0,0,0,1,0,0,1,0,0,0,0,1
CUST000991,Azaan,Dani,41.0,Madurai,2020-02-15,177600.0,2020,2,15,1,0,0,1,0,1,0,0,0,0,1,0,0,0,0,0,0,0,0,0,0,0,0,0,1,0,0,0,0,0,0,0,0,0,0,0,1,0,0,1,0,0,0,0,1
CUST000992,Vidhi,Mohanty,18.0,Bengaluru,2026-07-11,12400.0,2026,7,11,0,0,0,0,0,0,1,0,0,0,0,0,0,0,0,0,0,1,0,0,0,0,0,0,0,0,0,0,0,0,0,0,0,0,0,0,0,1,0,0,0,0,0,0,0
CUST000993,Fariq,Ravi,35.0,Jodhpur,2021-02-25,80900.0,2021,2,25,0,0,1,1,0,0,1,0,1,0,0,0,1,0,0,0,0,0,0,0,0,0,0,1,0,0,0,0,0,0,0,0,0,0,0,1,0,0,0,0,0,0,0,1,0
CUST000994,Yashasvi,Mukhopadhyay,29.0,Bengaluru,2018-09-10,20400.0,2018,9,10,0,0,1,0,0,1,0,0,0,0,0,0,1,0,0,0,0,1,0,0,0,0,0,0,0,0,0,0,0,0,0,0,0,1,0,0,0,0,0,0,0,0,0,0,0
CUST000995,Daniel,Merchant,25.0,Surat,2021-05-31,71400.0,2021,5,31,0,0,1,1,0,1,0,0,0,1,0,0,1,0,0,0,1,0,0,0,0,0,0,0,0,0,0,0,0,1,0,0,0,0,0,0,0,0,0,0,0,0,0,1,0
CUST000996,Raksha,Kant,38.0,Kolkata,2020-01-09,39700.0,2020,1,9,0,0,1,0,0,0,1,0,0,1,0,0,1,0,0,0,0,0,0,0,0,0,0,0,0,0,0,1,0,0,0,0,0,0,1,0,0,0,0,1,0,0,1,0,0
CUST000997,Januja,Deol,61.0,Delhi,2018-11-17,309800.0,2018,11,17,0,1,0,0,0,1,0,0,0,1,0,1,0,0,0,1,0,0,0,0,0,0,0,0,0,0,0,0,0,0,0,0,0,0,0,0,1,0,0,0,1,0,0,0,1
CUST000998,Waida,Dua,46.0,Patna,2018-10-15,17500.0,2018,10,15,0,0,1,0,0,1,0,0,1,0,0,0,1,1,0,0,0,0,0,0,0,0,0,0,0,0,0,0,0,0,0,1,0,0,0,0,0,0,0,1,0,0,0,0,0
CUST000999,Utkarsh,Prakash,31.0,Delhi,2020-12-05,37400.0,2020,12,5,0,0,1,1,0,0,0,0,0,0,0,0,1,0,0,1,0,0,0,0,0,0,0,0,0,0,0,0,0,0,0,0,0,0,0,0,0,0,1,0,0,0,1,0,0
CUST001000,Sarthak,Sinha,45.0,Ludhiana,2021-03-11,33100.0,2021,3,11,0,0,1,1,0,0,0,1,0,0,0,0,1,0,0,0,0,0,0,0,0,0,1,0,0,0,0,0,0,0,0,0,0,1,0,0,0,0,0,1,0,0,1,0,0
CUST001001,Ikbal,Kota,56.0,Mumbai,2019-06-14,41700.0,2019,6,14,0,0,1,1,0,0,0,0,0,1,0,0,1,0,0,0,0,0,0,0,1,0,0,0,0,0,0,0,0,0,0,0,0,1,0,0,0,0,0,0,1,0,1,0,0
CUST001002,Banjeet,Vora,50.0,Bengaluru,2021-07-01,195200.0,2021,7,1,1,0,0,1,0,1,0,0,0,1,1,0,0,0,0,0,0,1,0,0,0,0,0,0,0,0,0,0,0,0,0,0,1,0,0,0,0,0,0,1,0,0,0,0,1
CUST001003,Vansha,Wable,39.0,Delhi,2020-03-03,188600.0,2020,3,3,1,0,0,0,0,1,0,0,0,0,1,0,0,0,0,1,0,0,0,0,0,0,0,0,0,0,0,0,0,0,0,0,0,0,0,0,1,0,0,1,0,0,0,0,1
CUST001004,Radhika,Brahmbhatt,30.0,Mumbai,2019-03-28,30700.0,2019,3,28,0,0,1,0,0,1,0,0,1,0,0,0,1,0,0,0,0,0,0,0,1,0,0,0,0,0,0,0,0,0,0,0,0,1,0,0,0,0,0,0,0,0,1,0,0
CUST001005,Dayita,Bhatia,47.0,Surat,2019-12-11,228000.0,2019,12,11,0,1,0,0,0,1,0,0,0,1,0,1,0,0,0,0,1,0,0,0,0,0,0,0,0,0,0,0,1,0,0,0,0,0,0,0,0,0,0,1,0,0,0,0,1
CUST001006,Zayyan,Jain,43.0,Ahmedabad,2021-01-22,54200.0,2021,1,22,0,0,1,1,0,1,0,0,0,1,0,0,1,0,0,0,1,0,0,0,0,0,0,0,0,0,0,0,0,0,0,0,0,0,0,0,0,0,1,1,0,0,1,0,0
CUST001007,Falguni,Gala,50.0,Jodhpur,2020-03-01,55500.0,2020,3,1,0,0,1,0,0,1,0,0,0,1,0,0,1,0,0,0,0,0,0,0,0,0,0,1,0,0,0,0,0,0,0,0,0,0,0,0,0,0,1,1,0,0,1,0,0
CUST001008,Nihal,Venkatesh,46.0,New Delhi,2018-11-11,65800.0,2018,11,11,0,1,0,1,0,1,0,0,0,1,0,1,0,0,0,1,0,0,0,0,0,0,0,0,0,0,0,0,0,0,0,0,0,0,0,0,0,0,0,1,0,0,1,0,0
CUST001009,Vaishnavi,Dada,52.0,Warangal,2019-10-10,253500.0,2019,10,10,0,1,0,0,0,1,0,0,1,0,0,1,0,0,0,0,0,0,0,0,0,0,0,0,0,1,0,0,0,0,0,0,1,0,0,0,0,0,0,0,1,0,0,0,1
CUST001010,Harshil,Suresh,31.0,Ahmedabad,2019-06-18,103400.0,2019,6,18,1,0,0,1,0,0,1,0,1,0,1,0,0,0,0,0,1,0,0,0,0,0,0,0,0,0,0,0,0,0,0,0,0,0,0,0,0,0,0,0,0,0,0,1,0
CUST001011,Chakradev,Uppal,55.0,Warangal,2020-08-13,34400.0,2020,8,13,0,0,1,1,0,1,0,0,1,0,0,0,1,0,0,0,0,0,0,0,0,0,0,0,0,1,0,0,0,0,0,0,0,1,0,0,0,0,0,0,1,0,1,0,0
CUST001012,Udant,Bhakta,41.0,Ahmedabad,2021-01-22,240300.0,2021,1,22,1,0,0,1,0,1,0,0,0,1,1,0,0,0,0,0,1,0,0,0,0,0,0,0,0,0,0,0,0,0,0,0,0,0,0,0,1,0,0,1,0,0,0,0,1
CUST001013,Vasana,Deo,65.0,Howrah,2020-11-09,51900.0,2020,11,9,0,0,1,0,0,1,0,0,1,0,0,0,1,0,0,0,0,0,0,0,0,0,0,0,0,0,0,1,0,0,0,0,0,0,1,0,0,0,0,0,1,0,1,0,0
CUST001014,Yashvi,Sagar,29.0,Pune,2020-01-10,20000.0,2020,1,10,0,0,1,0,0,1,0,0,1,0,0,0,1,0,0,0,0,0,0,0,1,0,0,0,0,0,0,0,0,0,0,0,0,1,0,0,0,0,0,0,0,0,0,0,0
CUST001015,Vedant,Bhardwaj,61.0,Udaipur,2020-10-13,427000.0,2020,10,13,1,0,0,1,0,1,0,0,1,0,1,0,0,0,0,0,0,0,0,0,0,0,0,1,0,0,0,0,0,0,0,0,0,0,0,0,0,0,0,0,1,0,0,0,1
CUST001016,Vihaan,Morar,41.0,Ahmedabad,2019-12-31,103400.0,2019,12,31,1,0,0,1,0,0,0,0,0,1,1,0,0,0,0,0,1,0,0,0,0,0,0,0,0,0,0,0,0,0,0,0,0,0,0,1,0,0,0,1,0,0,0,1,0
CUST001017,Alka,Randhawa,30.0,Ahmedabad,2019-07-03,57600.0,2019,7,3,0,0,1,0,0,1,0,0,0,0,0,0,1,0,0,0,1,0,0,0,0,0,0,0,0,0,0,0,0,0,1,0,0,0,0,0,0,0,0,0,0,0,1,0,0
CUST001018,Lakshmi,Aggarwal,32.0,Nagpur,2019-06-04,36800.0,2019,6,4,0,0,1,0,0,1,0,0,0,0,0,0,1,0,0,0,0,0,0,0,1,0,0,0,0,0,0,0,0,0,0,0,0,0,0,0,0,0,1,0,0,0,1,0,0
CUST001019,Ikbal,Bora,38.0,Bengaluru,2021-02-17,112900.0,2021,2,17,0,0,1,1,0,1,0,0,0,1,0,0,1,0,0,0,0,1,0,0,0,0,0,0,0,0,0,0,0,1,0,0,0,0,0,0,0,0,0,1,0,0,0,1,0
CUST001020,Aradhana,Sampath,44.0,Hyderabad,2019-05-17,25100.0,2019,5,17,0,0,1,0,0,1,0,0,1,0,0,0,1,0,0,0,0,0,0,0,0,0,0,0,0,1,0,0,0,0,0,0,0,0,0,0,0,0,0,1,0,0,0,0,0
CUST001021,Hemangini,Bhatt,45.0,Bengaluru,2019-08-10,163800.0,2019,8,10,1,0,0,0,1,1,0,0,0,1,1,0,0,0,0,0,0,1,0,0,0,0,0,0,0,0,0,0,0,0,0,0,0,0,0,0,1,0,0,1,0,0,0,0,1
CUST001022,Bhanumati,Biswas,31.0,Delhi,2021-08-03,150500.0,2021,8,3,1,0,0,0,0,0,1,0,0,1,1,0,0,0,0,1,0,0,0,0,0,0,0,0,0,0,0,0,0,0,0,0,0,0,0,0,1,0,0,0,0,0,0,0,1
CUST001023,Warinder,Balay,38.0,Lucknow,2021-06-13,26300.0,2021,6,13,0,0,1,1,0,0,0,0,0,0,0,0,1,0,0,0,0,0,0,0,0,0,0,0,0,0,1,0,0,0,0,0,0,1,0,0,0,0,0,1,0,0,0,0,0
CUST001024,Mekhala,Rege,66.0,Howrah,2019-09-08,49000.0,2019,9,8,0,0,1,0,0,1,0,0,0,1,0,0,1,0,0,0,0,0,0,0,0,0,0,0,0,0,0,1,0,0,0,0,0,0,1,0,0,0,0,0,0,1,1,0,0
CUST001025,Hemangini,Deshmukh,60.0,Kolkata,2020-06-22,114500.0,2020,6,22,1,0,0,0,0,1,0,0,0,0,1,0,0,0,0,0,0,0,0,0,0,0,0,0,0,0,0,1,0,0,0,0,0,0,0,0,1,0,0,0,1,0,0,1,0
CUST001026,Shivansh,Prasad,44.0,Delhi,2021-03-09,45300.0,2021,3,9,0,0,1,1,0,1,0,0,0,0,0,0,1,0,0,1,0,0,0,0,0,0,0,0,0,0,0,0,0,0,0,0,0,0,0,0,0,0,1,1,0,0,1,0,0
CUST001027,Sai,Sen,38.0,Kochi,2021-06-29,113100.0,2021,6,29,0,0,1,0,0,0,0,0,0,0,0,0,1,0,0,0,0,0,1,0,0,0,0,0,0,0,0,0,0,1,0,0,0,0,0,0,0,0,0,1,0,0,0,1,0
CUST001028,Saanvi,Prashad,40.0,Delhi,2021-02-23,11200.0,2021,2,23,0,0,0,0,0,1,0,0,0,0,0,0,0,0,0,1,0,0,0,0,0,0,0,0,0,0,0,0,0,0,0,0,0,0,0,0,0,1,0,1,0,0,0,0,0
CUST001029,Banjeet,Zacharia,46.0,Jodhpur,2018-10-02,190800.0,2018,10,2,0,1,0,1,0,1,0,0,0,1,0,1,0,0,0,0,0,0,0,0,0,0,0,1,0,0,0,0,0,1,0,0,0,0,0,0,0,0,0,1,0,0,0,0,1
CUST001030,Ekalinga,Pall,25.0,Bhubaneswar,2019-08-17,19700.0,2019,8,17,0,0,0,1,0,1,0,0,1,0,0,0,0,0,0,0,0,0,0,0,0,1,0,0,0,0,0,0,0,0,0,0,0,1,0,0,0,0,0,0,0,0,0,0,0
CUST001031,Dhriti,Gokhale,35.0,Surat,2020-01-16,96600.0,2020,1,16,1,0,0,0,0,1,0,0,0,0,1,0,0,0,0,0,1,0,0,0,0,0,0,0,0,0,0,0,0,0,0,0,0,0,0,0,1,0,0,0,0,0,0,1,0
CUST001032,Shravya,Wadhwa,18.0,Ludhiana,2026-07-11,12300.0,2026,7,11,0,0,0,0,0,0,1,0,0,0,0,0,0,0,0,0,0,0,0,0,0,0,1,0,0,0,0,0,0,0,0,0,0,0,0,0,0,1,0,0,0,0,0,0,0
CUST001033,Devansh,Kapoor,43.0,Ahmedabad,2019-10-08,94200.0,2019,10,8,1,0,0,1,0,0,0,0,0,1,1,0,0,0,0,0,1,0,0,0,0,0,0,0,0,0,0,0,0,0,1,0,0,0,0,0,0,0,0,1,0,0,0,1,0
CUST001034,Aadhya,Bajaj,46.0,Delhi,2019-06-13,158000.0,2019,6,13,1,0,0,0,0,1,0,0,0,1,1,0,0,0,0,1,0,0,0,0,0,0,0,0,0,0,0,0,0,0,0,0,0,0,0,0,1,0,0,1,0,0,0,0,1
CUST001035,Neha,Sheth,32.0,Delhi,2020-10-11,11700.0,2020,10,11,0,0,0,0,0,0,1,0,1,0,0,0,0,0,0,1,0,0,0,0,0,0,0,0,0,0,0,0,0,0,0,0,0,0,0,0,0,1,0,0,0,0,0,0,0
CUST001036,Unnati,Wali,58.0,Bengaluru,2019-11-10,241700.0,2019,11,10,1,0,0,0,0,0,0,0,0,1,1,0,0,0,0,0,0,1,0,0,0,0,0,0,0,0,0,0,0,0,0,0,1,0,0,0,0,0,0,0,1,0,0,0,1
CUST001037,Ranveer,Karpe,22.0,Mumbai,2022-08-17,6700.0,2022,8,17,0,0,0,1,0,0,1,0,0,0,0,0,0,0,0,0,0,0,0,0,1,0,0,0,0,0,0,0,0,0,0,0,0,0,0,0,0,1,0,0,0,0,0,0,0
CUST001038,Krishna,Sharma,19.0,Ahmedabad,2025-08-16,13400.0,2025,8,16,0,0,0,0,0,1,0,0,0,1,0,0,0,0,0,0,1,0,0,0,0,0,0,0,0,0,0,0,0,0,0,0,0,0,0,0,0,1,0,0,0,0,0,0,0
CUST001039,Oscar,Dubey,41.0,Bengaluru,2021-07-11,84200.0,2021,7,11,0,0,1,1,0,0,0,0,1,0,0,0,1,0,0,0,0,1,0,0,0,0,0,0,0,0,0,0,0,0,0,0,0,0,0,1,0,0,0,1,0,0,0,1,0
CUST001040,Lakshit,Gulati,52.0,Lucknow,2020-12-22,90400.0,2020,12,22,1,0,0,1,0,1,0,0,1,0,1,0,0,0,0,0,0,0,0,0,0,0,0,0,0,0,1,0,0,0,0,0,0,0,0,0,1,0,0,0,1,0,0,1,0
CUST001041,Dayita,Balay,60.0,Hyderabad,2021-05-26,41000.0,2021,5,26,0,0,0,0,0,1,0,0,1,0,0,0,0,0,0,0,0,0,0,0,0,0,0,0,0,1,0,0,0,0,0,0,0,0,1,0,0,0,0,0,1,0,1,0,0
CUST001042,Shaurya,Babu,32.0,Chennai,2020-06-17,207700.0,2020,6,17,1,0,0,1,0,0,1,0,0,0,1,0,0,0,0,0,0,0,0,0,0,0,0,0,1,0,0,0,0,0,0,0,0,0,0,0,0,0,0,0,0,0,0,0,1
CUST001043,Kavya,Jhaveri,52.0,Bhubaneswar,2019-02-04,163200.0,2019,2,4,0,1,0,0,0,0,0,0,1,0,0,1,0,0,0,0,0,0,0,0,0,1,0,0,0,0,0,0,0,0,0,0,1,0,0,0,0,0,0,0,1,0,0,0,1
CUST001044,Bahadurjit,Chaudhuri,37.0,Delhi,2020-06-28,104300.0,2020,6,28,0,0,1,1,0,1,0,0,0,1,0,0,1,0,0,1,0,0,0,0,0,0,0,0,0,0,0,0,0,0,0,0,0,0,0,1,0,0,0,1,0,0,0,1,0
CUST001045,Anay,Sekhon,36.0,Ahmedabad,2019-02-17,61600.0,2019,2,17,0,0,1,1,0,1,0,0,1,0,0,0,1,0,0,0,1,0,0,0,0,0,0,0,0,0,0,0,0,0,0,0,0,0,0,0,0,0,1,1,0,0,1,0,0
CUST001046,Arjun,Konda,49.0,Jaipur,2019-08-28,186900.0,2019,8,28,0,1,0,1,0,1,0,0,1,0,0,1,0,0,0,0,0,0,0,0,0,0,0,1,0,0,0,0,0,0,0,0,0,0,0,0,0,0,0,1,0,0,0,0,1
CUST001047,Chaitanya,Ratti,46.0,Delhi,2020-02-05,164900.0,2020,2,5,1,0,0,0,1,1,0,0,0,0,1,0,0,0,0,1,0,0,0,0,0,0,0,0,0,0,0,0,0,0,0,0,1,0,0,0,0,0,0,1,0,0,0,0,1
CUST001048,Urvashi,Kaur,18.0,Chennai,2026-07-11,5400.0,2026,7,11,0,0,0,0,0,1,0,0,1,0,0,0,0,0,0,0,0,0,0,0,0,0,0,0,1,0,0,0,0,0,0,0,0,0,0,0,0,1,0,0,0,0,0,0,0
CUST001049,Janani,Bhalla,57.0,Mysuru,2018-11-10,128000.0,2018,11,10,1,0,0,0,0,1,0,0,0,1,1,0,0,0,0,0,0,1,0,0,0,0,0,0,0,0,0,0,0,0,0,0,1,0,0,0,0,0,0,0,1,0,0,1,0
CUST001050,Ekaraj,Thakur,56.0,Udaipur,2021-06-18,36100.0,2021,6,18,0,0,0,1,0,1,0,0,1,0,0,0,0,0,0,0,0,0,0,0,0,0,0,1,0,0,0,0,0,0,0,0,0,1,0,0,0,0,0,0,1,0,1,0,0
CUST001051,Maanav,Kaur,30.0,Kolkata,2019-07-23,49300.0,2019,7,23,0,0,1,1,0,1,0,0,1,0,0,0,1,0,0,0,0,0,0,0,0,0,0,0,0,0,0,1,0,0,0,0,0,0,0,0,1,0,0,0,0,0,1,0,0
CUST001052,Odika,Nagi,43.0,Chennai,2019-10-06,123700.0,2019,10,6,1,0,0,0,0,1,0,0,1,0,1,0,0,0,0,0,0,0,0,0,0,0,0,0,1,0,0,0,0,0,0,0,0,0,0,0,0,0,0,1,0,0,0,1,0
CUST001053,Jagat,Mittal,44.0,Udaipur,2020-04-20,8800.0,2020,4,20,0,0,0,1,0,0,0,0,1,0,0,0,0,0,0,0,0,0,0,0,0,0,0,1,0,0,0,0,0,0,0,1,0,0,0,0,0,0,0,1,0,0,0,0,0
CUST001054,Ekbal,Verma,41.0,Delhi,2020-11-26,70100.0,2020,11,26,0,0,1,1,0,0,1,0,0,1,0,0,1,0,0,1,0,0,0,0,0,0,0,0,0,0,0,0,0,0,1,0,0,0,0,0,0,0,0,1,0,0,0,1,0
CUST001055,Janya,Sachdev,31.0,Vadodara,2020-05-01,184700.0,2020,5,1,1,0,0,0,0,0,1,0,0,1,1,0,0,0,0,0,1,0,0,0,0,0,0,0,0,0,0,0,1,0,0,0,0,0,0,0,0,0,0,0,0,0,0,0,1
CUST001056,Mason,Maharaj,29.0,Bhopal,2019-01-03,3700.0,2019,1,3,0,0,0,1,0,1,0,0,0,0,0,0,0,0,0,0,0,0,0,1,0,0,0,0,0,0,0,0,0,0,0,1,0,0,0,0,0,0,0,0,0,0,0,0,0
CUST001057,Bhavani,Gill,38.0,Indore,2019-02-11,311700.0,2019,2,11,0,1,0,0,0,1,0,0,0,0,0,1,0,0,0,0,0,0,0,1,0,0,0,0,0,0,0,0,1,0,0,0,0,0,0,0,0,0,0,1,0,0,0,0,1
CUST001058,Unni,Tandon,53.0,Udaipur,2018-10-20,94100.0,2018,10,20,1,0,0,0,0,1,0,0,1,0,1,0,0,0,0,0,0,0,0,0,0,0,0,1,0,0,0,0,0,0,0,0,0,0,0,1,0,0,0,0,1,0,0,1,0
CUST001059,Arjun,Padmanabhan,45.0,Hyderabad,2020-09-13,172800.0,2020,9,13,1,0,0,1,0,1,0,0,0,0,1,0,0,0,0,0,0,0,0,0,0,0,0,0,0,1,0,0,0,0,0,0,0,0,0,0,1,0,0,1,0,0,0,0,1
CUST001060,Rayaan,Vohra,33.0,Amritsar,2020-06-18,53200.0,2020,6,18,0,0,1,1,0,1,0,0,0,1,0,0,1,0,0,0,0,0,0,0,0,0,1,0,0,0,0,0,0,0,0,0,0,0,0,0,0,0,1,0,0,0,1,0,0
CUST001061,Nathaniel,Saha,48.0,Hyderabad,2021-07-27,127700.0,2021,7,27,1,0,0,1,0,0,0,0,0,0,1,0,0,0,0,0,0,0,0,0,0,0,0,0,0,1,0,0,0,1,0,0,0,0,0,0,0,0,0,1,0,0,0,1,0
CUST001062,Tara,Dixit,18.0,Howrah,2026-07-11,13200.0,2026,7,11,0,0,0,0,0,0,1,0,0,1,0,0,0,0,0,0,0,0,0,0,0,0,0,0,0,0,0,1,0,0,0,0,0,0,0,0,0,1,0,0,0,0,0,0,0
CUST001063,Netra,Puri,53.0,Nagpur,2020-08-20,129600.0,2020,8,20,1,0,0,0,0,0,0,1,0,1,1,0,0,0,0,0,0,0,0,0,1,0,0,0,0,0,0,0,0,1,0,0,0,0,0,0,0,0,0,0,1,0,0,1,0
CUST001064,George,Yogi,18.0,Amritsar,2026-07-11,7400.0,2026,7,11,0,0,0,1,0,0,1,0,0,1,0,0,0,0,0,0,0,0,0,0,0,0,1,0,0,0,0,0,0,0,0,0,0,0,0,0,0,1,0,0,0,0,0,0,0
CUST001065,Warjas,Khosla,33.0,Ahmedabad,2018-11-26,356400.0,2018,11,26,0,1,0,1,0,0,1,0,1,0,0,1,0,0,0,0,1,0,0,0,0,0,0,0,0,0,0,0,0,0,0,0,0,0,0,0,0,0,0,0,0,0,0,0,1
CUST001066,Jeevika,Mital,23.0,Vadodara,2021-08-16,160200.0,2021,8,16,0,0,1,0,0,0,1,0,1,0,0,0,1,0,0,0,1,0,0,0,0,0,0,0,0,0,0,0,0,0,0,0,1,0,0,0,0,0,0,0,0,0,0,0,1
CUST001067,Eshana,Sheth,21.0,Mumbai,2023-08-17,6700.0,2023,8,17,0,0,0,0,0,0,1,0,0,0,0,0,0,0,0,0,0,0,0,0,1,0,0,0,0,0,0,0,0,0,0,0,0,0,0,0,0,1,0,0,0,0,0,0,0
CUST001068,Ayush,Sachar,53.0,Jaipur,2021-02-04,77700.0,2021,2,4,0,0,1,1,0,1,0,0,0,1,0,0,1,0,0,0,0,0,0,0,0,0,0,1,0,0,0,0,0,0,1,0,0,0,0,0,0,0,0,0,1,0,0,1,0
CUST001069,Sathvik,Wagle,32.0,Udaipur,2020-02-17,56000.0,2020,2,17,0,0,1,1,0,1,0,0,0,1,0,0,1,0,0,0,0,0,0,0,0,0,0,1,0,0,0,0,0,0,0,0,0,0,1,0,0,0,0,0,0,0,1,0,0
CUST001070,Ekalinga,Rama,38.0,Ahmedabad,2018-11-14,21300.0,2018,11,14,0,0,1,1,0,1,0,0,1,0,0,0,1,0,0,0,1,0,0,0,0,0,0,0,0,0,0,0,0,0,0,0,0,0,0,0,0,1,0,1,0,0,0,0,0
CUST001071,Keya,Kumer,37.0,Bengaluru,2019-12-13,10100.0,2019,12,13,0,0,0,0,0,1,0,0,1,0,0,0,0,0,0,0,0,1,0,0,0,0,0,0,0,0,0,0,0,0,0,0,0,0,0,0,0,1,0,1,0,0,0,0,0
CUST001072,Ishani,Narayanan,44.0,Chennai,2020-11-10,37500.0,2020,11,10,0,0,0,0,0,1,0,0,1,0,0,0,0,0,0,0,0,0,0,0,0,0,0,0,1,0,0,0,0,0,0,0,0,1,0,0,0,0,0,1,0,0,1,0,0
CUST001073,Balveer,Sengupta,39.0,Pune,2021-07-13,16000.0,2021,7,13,0,0,0,1,0,0,1,0,0,1,0,0,0,0,0,0,0,0,0,0,1,0,0,0,0,0,0,0,0,0,0,1,0,0,0,0,0,0,0,1,0,0,0,0,0
CUST001074,Reva,Chanda,21.0,Chennai,2023-08-17,58400.0,2023,8,17,0,0,1,0,0,0,1,0,1,0,0,0,1,0,0,0,0,0,0,0,0,0,0,0,1,0,0,0,0,0,0,0,0,0,0,1,0,0,0,0,0,0,1,0,0
CUST001075,Girish,Behl,51.0,Delhi,2019-11-28,326300.0,2019,11,28,0,1,0,1,0,1,0,0,0,0,0,1,0,0,0,1,0,0,0,0,0,0,0,0,0,0,0,0,1,0,0,0,0,0,0,0,0,0,0,0,1,0,0,0,1
CUST001076,Krish,Purohit,32.0,Mysuru,2021-07-01,52900.0,2021,7,1,0,0,0,1,0,0,1,0,1,0,0,0,0,0,0,0,0,1,0,0,0,0,0,0,0,0,0,0,0,0,0,0,0,0,0,1,0,0,0,0,0,0,1,0,0
CUST001077,Anmol,Bora,18.0,Nagpur,2026-07-11,9100.0,2026,7,11,0,0,0,1,0,1,0,0,0,0,0,0,0,0,0,0,0,0,0,0,1,0,0,0,0,0,0,0,0,0,0,0,0,0,0,0,0,1,0,0,0,0,0,0,0
CUST001078,Ijaya,Kalla,32.0,Delhi,2020-01-21,13800.0,2020,1,21,0,0,0,0,0,1,0,0,1,0,0,0,0,0,0,1,0,0,0,0,0,0,0,0,0,0,0,0,0,0,0,1,0,0,0,0,0,0,0,0,0,0,0,0,0
CUST001079,Wriddhish,Joshi,58.0,Mumbai,2019-04-11,35600.0,2019,4,11,0,0,1,1,0,0,0,1,1,0,0,0,1,0,0,0,0,0,0,0,1,0,0,0,0,0,0,0,0,0,0,0,0,1,0,0,0,0,0,0,1,0,1,0,0
CUST001080,Osha,Mitter,49.0,Kochi,2021-07-16,30300.0,2021,7,16,0,0,0,0,0,1,0,0,1,0,0,0,0,0,0,0,0,0,1,0,0,0,0,0,0,0,0,0,0,0,0,0,0,1,0,0,0,0,0,1,0,0,1,0,0
CUST001081,Abhimanyu,Kakar,33.0,Coimbatore,2019-04-14,25500.0,2019,4,14,0,0,1,1,0,0,0,1,1,0,0,0,1,0,0,0,0,0,0,0,0,0,0,0,1,0,0,0,0,0,0,0,0,1,0,0,0,0,0,0,0,0,0,0,0
CUST001082,Girish,Dalal,33.0,Hyderabad,2020-01-23,91300.0,2020,1,23,0,0,1,1,0,1,0,0,0,0,0,0,1,0,0,0,0,0,0,0,0,0,0,0,0,1,0,0,0,1,0,0,0,0,0,0,0,0,0,0,0,0,0,1,0
CUST001083,Wriddhish,Kibe,34.0,Coimbatore,2020-07-06,224400.0,2020,7,6,1,0,0,1,0,1,0,0,0,0,1,0,0,0,0,0,0,0,0,0,0,0,0,0,1,0,0,0,0,0,0,0,0,0,0,0,0,0,0,0,0,0,0,0,1
CUST001084,Ishani,Ranganathan,65.0,Kolkata,2018-09-23,13900.0,2018,9,23,0,0,1,0,0,1,0,0,0,1,0,0,1,0,0,0,0,0,0,0,0,0,0,0,0,0,0,1,0,0,0,0,0,0,0,0,0,0,0,0,1,0,0,0,0
CUST001085,Jagdish,Nagy,43.0,Kochi,2021-02-22,7900.0,2021,2,22,0,0,0,1,0,0,1,0,1,0,0,0,0,0,0,0,0,0,1,0,0,0,0,0,0,0,0,0,0,0,0,1,0,0,0,0,0,0,0,1,0,0,0,0,0
CUST001086,Megha,Rai,44.0,Delhi,2020-01-01,180100.0,2020,1,1,1,0,0,0,0,0,0,0,1,0,1,0,0,0,0,1,0,0,0,0,0,0,0,0,0,0,0,0,0,0,0,0,1,0,0,0,0,0,0,1,0,0,0,0,1
CUST001087,Viraj,Walla,51.0,Bengaluru,2020-08-30,42600.0,2020,8,30,0,0,1,1,0,1,0,0,0,1,0,0,1,0,0,0,0,1,0,0,0,0,0,0,0,0,0,0,0,0,0,0,0,1,0,0,0,0,0,0,1,0,1,0,0
CUST001088,Praneel,Morar,41.0,Amritsar,2020-01-16,149500.0,2020,1,16,1,0,0,1,0,0,1,0,0,0,1,0,0,0,0,0,0,0,0,0,0,0,1,0,0,0,0,0,0,0,0,0,1,0,0,0,0,0,0,1,0,0,0,0,1
CUST001089,Kalpit,Parsa,35.0,Hyderabad,2019-12-20,244000.0,2019,12,20,1,0,0,1,0,0,1,0,0,1,1,0,0,0,0,0,0,0,0,0,0,0,0,0,0,1,0,0,1,0,0,0,0,0,0,0,0,0,0,0,0,0,0,0,1
CUST001090,Yuvraj,Shukla,35.0,Mumbai,2021-05-10,65800.0,2021,5,10,1,0,0,1,0,0,1,0,0,1,1,0,0,0,0,0,0,0,0,0,1,0,0,0,0,0,0,0,0,0,0,0,0,0,0,0,1,0,0,0,0,0,1,0,0
CUST001091,Chandran,Singh,37.0,Pune,2019-08-23,200900.0,2019,8,23,1,0,0,1,0,1,0,0,0,0,1,0,0,0,0,0,0,0,0,0,1,0,0,0,0,0,0,0,0,0,0,0,1,0,0,0,0,0,0,1,0,0,0,0,1
CUST001092,Nathaniel,Jani,38.0,Mumbai,2019-09-21,164700.0,2019,9,21,1,0,0,1,0,1,0,0,1,0,1,0,0,0,0,0,0,0,0,0,1,0,0,0,0,0,0,0,0,1,0,0,0,0,0,0,0,0,0,1,0,0,0,0,1
CUST001093,Reva,Munshi,47.0,Ludhiana,2019-04-26,78600.0,2019,4,26,1,0,0,0,0,1,0,0,0,0,1,0,0,0,0,0,0,0,0,0,0,0,1,0,0,0,0,0,0,0,1,0,0,0,0,0,0,0,0,1,0,0,0,1,0
CUST001094,Triveni,Bath,39.0,Bengaluru,2021-05-09,136500.0,2021,5,9,1,0,0,0,0,1,0,0,1,0,1,0,0,0,0,0,0,1,0,0,0,0,0,0,0,0,0,0,0,1,0,0,0,0,0,0,0,0,0,1,0,0,0,0,1
CUST001095,Indrajit,Dhingra,38.0,Thiruvananthapuram,2020-09-25,36500.0,2020,9,25,0,0,0,1,0,1,0,0,1,0,0,0,0,0,0,0,0,0,1,0,0,0,0,0,0,0,0,0,0,0,0,0,0,0,1,0,0,0,0,1,0,0,1,0,0
CUST001096,Abhiram,Lal,37.0,Ludhiana,2019-09-04,18200.0,2019,9,4,0,0,1,1,0,1,0,0,0,0,0,0,1,0,0,0,0,0,0,0,0,0,1,0,0,0,0,0,0,0,0,0,0,0,0,0,0,1,0,1,0,0,0,0,0
CUST001097,Sathvik,Merchant,39.0,Kolkata,2021-03-19,90500.0,2021,3,19,0,0,1,1,0,0,1,0,1,0,0,0,1,0,0,0,0,0,0,0,0,0,0,0,0,0,0,1,0,0,0,0,0,0,0,1,0,0,0,1,0,0,0,1,0
CUST001098,Faraj,Hayre,18.0,Mumbai,2026-07-11,10100.0,2026,7,11,0,0,0,1,0,0,1,0,0,0,0,0,0,0,0,0,0,0,0,0,1,0,0,0,0,0,0,0,0,0,0,0,0,0,0,0,0,1,0,0,0,0,0,0,0
CUST001099,Nitesh,Karpe,50.0,Pune,2021-06-13,78000.0,2021,6,13,0,0,1,1,0,0,1,0,0,1,0,0,1,0,0,0,0,0,0,0,1,0,0,0,0,0,0,0,0,0,1,0,0,0,0,0,0,0,0,1,0,0,0,1,0
CUST001100,Sachi,Korpal,43.0,Chennai,2020-08-14,13800.0,2020,8,14,0,0,0,0,0,0,0,0,0,0,0,0,0,0,0,0,0,0,0,0,0,0,0,0,1,0,0,0,0,0,0,1,0,0,0,0,0,0,0,1,0,0,0,0,0
CUST001101,Zaid,Nazareth,51.0,Hyderabad,2019-01-31,225100.0,2019,1,31,0,1,0,1,0,1,0,0,1,0,0,1,0,0,0,0,0,0,0,0,0,0,0,0,0,1,0,0,0,0,0,0,1,0,0,0,0,0,0,0,1,0,0,0,1
CUST001102,Kabir,Suresh,18.0,Kolkata,2026-07-11,11500.0,2026,7,11,0,0,0,1,0,0,0,0,0,0,0,0,0,0,0,0,0,0,0,0,0,0,0,0,0,0,0,1,0,0,0,0,0,0,0,0,0,1,0,0,0,0,0,0,0
CUST001103,Yatan,Sharma,65.0,Warangal,2019-09-10,63100.0,2019,9,10,1,0,0,1,0,1,0,0,0,1,1,0,0,0,0,0,0,0,0,0,0,0,0,0,0,1,0,0,0,0,0,0,0,0,1,0,0,0,0,0,1,0,1,0,0
CUST001104,Frado,Pandey,36.0,Thiruvananthapuram,2019-01-05,68600.0,2019,1,5,0,0,1,1,0,1,0,0,1,0,0,0,1,0,0,0,0,0,1,0,0,0,0,0,0,0,0,0,0,0,1,0,0,0,0,0,0,0,0,1,0,0,0,1,0
CUST001105,Hamsini,Dey,52.0,Coimbatore,2019-07-01,253900.0,2019,7,1,0,1,0,0,0,1,0,0,0,1,0,1,0,0,0,0,0,0,0,0,0,0,0,0,1,0,0,0,0,0,0,0,0,0,0,0,1,0,0,0,1,0,0,0,1
CUST001106,Yash,Gour,24.0,Ahmedabad,2020-08-16,92300.0,2020,8,16,0,0,1,1,0,0,1,0,1,0,0,0,1,0,0,0,1,0,0,0,0,0,0,0,0,0,0,0,0,1,0,0,0,0,0,0,0,0,0,0,0,0,0,1,0
CUST001107,Ayushman,Viswanathan,46.0,Patna,2018-09-08,107200.0,2018,9,8,1,0,0,1,0,1,0,0,0,1,1,0,0,1,0,0,0,0,0,0,0,0,0,0,0,0,0,0,0,0,0,0,0,0,0,1,0,0,0,1,0,0,0,1,0
CUST001108,Anika,Borde,24.0,Pune,2020-08-16,52900.0,2020,8,16,0,0,1,0,0,0,1,0,0,0,0,0,1,0,0,0,0,0,0,0,1,0,0,0,0,0,0,0,0,0,1,0,0,0,0,0,0,0,0,0,0,0,1,0,0
CUST001109,Arjun,Ahuja,30.0,Delhi,2019-10-27,30200.0,2019,10,27,0,0,1,1,0,1,0,0,1,0,0,0,1,0,0,1,0,0,0,0,0,0,0,0,0,0,0,0,0,0,0,0,0,1,0,0,0,0,0,0,0,0,1,0,0
CUST001110,Triveni,Devan,63.0,Pune,2020-05-25,21500.0,2020,5,25,0,0,1,0,0,1,0,0,1,0,0,0,1,0,0,0,0,0,0,0,1,0,0,0,0,0,0,0,0,0,0,0,0,0,1,0,0,0,0,0,1,0,0,0,0
CUST001111,Kala,Bir,36.0,Pune,2018-12-01,103600.0,2018,12,1,1,0,0,0,0,0,1,0,0,0,1,0,0,0,0,0,0,0,0,0,1,0,0,0,0,0,0,0,0,0,0,0,1,0,0,0,0,0,0,1,0,0,0,1,0
CUST001112,Faqid,Andra,41.0,Chennai,2020-09-26,60300.0,2020,9,26,0,0,1,1,0,1,0,0,0,1,0,0,1,0,0,0,0,0,0,0,0,0,0,0,1,0,0,0,0,0,0,0,0,0,1,0,0,0,0,1,0,0,1,0,0
CUST001113,Janani,Tiwari,49.0,Bengaluru,2021-08-06,451100.0,2021,8,6,1,0,0,0,0,0,0,1,1,0,1,0,0,0,0,0,0,1,0,0,0,0,0,0,0,0,0,0,0,0,0,0,0,0,0,0,0,0,0,1,0,0,0,0,1
CUST001114,Vedant,Prakash,44.0,Hyderabad,2021-01-13,92900.0,2021,1,13,0,0,1,1,0,1,0,0,0,1,0,0,1,0,0,0,0,0,0,0,0,0,0,0,0,1,0,0,0,0,1,0,0,0,0,0,0,0,0,1,0,0,0,1,0
CUST001115,Bhanumati,Subramanian,40.0,Amritsar,2021-04-18,82700.0,2021,4,18,0,0,1,0,0,1,0,0,1,0,0,0,1,0,0,0,0,0,0,0,0,0,1,0,0,0,0,0,0,0,0,0,0,0,0,1,0,0,0,1,0,0,0,1,0
CUST001116,Yagnesh,Babu,43.0,Nagpur,2020-09-01,65800.0,2020,9,1,1,0,0,1,0,1,0,0,1,0,1,0,0,0,0,0,0,0,0,0,1,0,0,0,0,0,0,0,0,0,0,0,0,0,0,0,1,0,0,1,0,0,1,0,0
CUST001117,Aarush,Wali,69.0,Madurai,2019-02-23,26500.0,2019,2,23,0,0,1,1,0,1,0,0,0,1,0,0,1,0,0,0,0,0,0,0,0,0,0,0,1,0,0,0,0,0,0,0,0,0,1,0,0,0,0,0,0,1,1,0,0
CUST001118,Tripti,Arora,37.0,Pune,2019-09-02,178700.0,2019,9,2,1,0,0,0,0,1,0,0,1,0,1,0,0,0,0,0,0,0,0,0,1,0,0,0,0,0,0,0,0,0,0,0,0,0,0,0,1,0,0,1,0,0,0,0,1
CUST001119,Adweta,Wagle,41.0,Bengaluru,2021-02-12,538600.0,2021,2,12,1,0,0,0,0,1,0,0,0,0,1,0,0,0,0,0,0,1,0,0,0,0,0,0,0,0,0,0,0,0,1,0,0,0,0,0,0,0,0,1,0,0,0,0,1
CUST001120,Anvi,Wason,52.0,Coimbatore,2019-04-05,31900.0,2019,4,5,0,0,1,0,1,1,0,0,1,0,0,0,1,0,0,0,0,0,0,0,0,0,0,0,1,0,0,0,0,0,0,0,0,1,0,0,0,0,0,0,1,0,1,0,0
CUST001121,Mekhala,Badal,52.0,Guwahati,2020-02-11,70000.0,2020,2,11,0,0,1,0,0,1,0,0,0,1,0,0,1,0,0,0,0,0,0,0,0,0,0,0,0,0,0,0,0,0,1,0,0,0,0,0,0,0,0,0,1,0,0,1,0
CUST001122,Zayan,Sani,53.0,Hyderabad,2020-02-01,138000.0,2020,2,1,1,0,0,1,0,0,0,0,0,1,1,0,0,0,0,0,0,0,0,0,0,0,0,0,0,1,0,0,0,0,0,0,1,0,0,0,0,0,0,0,1,0,0,0,1
CUST001123,Gaurav,Chhabra,46.0,Mumbai,2020-07-15,153000.0,2020,7,15,1,0,0,1,0,1,0,0,1,0,1,0,0,0,0,0,0,0,0,0,1,0,0,0,0,0,0,0,0,0,0,0,1,0,0,0,0,0,0,1,0,0,0,0,1
CUST001124,Chanakya,Viswanathan,23.0,Hyderabad,2021-08-16,58300.0,2021,8,16,0,0,1,1,0,1,0,0,0,1,0,0,1,0,0,0,0,0,0,0,0,0,0,0,0,1,0,0,0,0,1,0,0,0,0,0,0,0,0,0,0,0,1,0,0
CUST001125,Falan,Khosla,38.0,Pune,2020-09-01,37200.0,2020,9,1,0,0,1,1,0,1,0,0,0,1,0,0,1,0,0,0,0,0,0,0,1,0,0,0,0,0,0,0,0,0,0,0,0,1,0,0,0,0,0,1,0,0,1,0,0
CUST001126,Gopal,Vyas,23.0,Delhi,2021-08-16,112700.0,2021,8,16,0,0,1,1,0,0,1,0,1,0,0,0,1,0,0,1,0,0,0,0,0,0,0,0,0,0,0,0,0,0,0,0,0,0,0,0,0,0,0,0,0,0,0,1,0
CUST001127,Lajita,Pandya,42.0,Kolkata,2020-09-19,58600.0,2020,9,19,0,0,1,0,0,1,0,0,0,1,0,0,1,0,0,0,0,0,0,0,0,0,0,0,0,0,0,1,0,0,0,0,0,0,1,0,0,0,0,1,0,0,1,0,0
CUST001128,Kiaan,Ranganathan,28.0,Mumbai,2019-06-24,76100.0,2019,6,24,1,0,0,1,0,1,0,0,1,0,1,0,0,0,0,0,0,0,0,0,1,0,0,0,0,0,0,0,0,0,0,0,0,0,0,0,1,0,0,0,0,0,0,1,0
CUST001129,Balveer,Prakash,38.0,Chennai,2019-08-27,79300.0,2019,8,27,0,0,1,1,0,0,0,0,0,1,0,0,1,0,0,0,0,0,0,0,0,0,0,0,1,0,0,0,0,0,1,0,0,0,0,0,0,0,0,1,0,0,0,1,0
CUST001130,Samaksh,Sharaf,42.0,Kolkata,2021-01-22,58200.0,2021,1,22,0,0,1,1,0,0,1,0,1,0,0,0,1,0,0,0,0,0,0,0,0,0,0,0,0,0,0,1,0,0,1,0,0,0,0,0,0,0,0,1,0,0,1,0,0
CUST001131,Keya,Kara,42.0,Hyderabad,2021-04-16,32500.0,2021,4,16,0,0,1,1,0,1,0,0,0,1,0,0,1,0,0,0,0,0,0,0,0,0,0,0,0,1,0,0,0,0,0,0,0,0,0,0,0,0,0,1,0,0,1,0,0
CUST001132,Netra,Buch,43.0,Mumbai,2019-08-23,41500.0,2019,8,23,0,0,1,0,0,0,0,1,0,0,0,0,1,0,0,0,0,0,0,0,1,0,0,0,0,0,0,0,0,0,0,0,0,1,0,0,0,0,0,1,0,0,1,0,0
CUST001133,Anamika,Chander,59.0,Ludhiana,2019-08-06,150700.0,2019,8,6,1,0,0,0,0,1,0,0,0,1,1,0,0,0,0,0,0,0,0,0,0,0,1,0,0,0,0,0,0,1,0,0,0,0,0,0,0,0,0,0,1,0,0,0,1
CUST001134,Samaksh,Raghavan,44.0,Hyderabad,2020-07-11,162100.0,2020,7,11,1,0,0,1,0,1,0,0,1,0,1,0,0,0,0,0,0,0,0,0,0,0,0,0,0,1,0,0,0,1,0,0,0,0,0,0,0,0,0,1,0,0,0,0,1
CUST001135,Saanvi,Soni,35.0,Udaipur,2019-02-05,174500.0,2019,2,5,1,0,0,0,0,1,0,0,0,0,1,0,0,0,0,0,0,0,0,0,0,0,0,1,0,0,0,0,0,0,0,0,0,0,0,0,0,0,0,0,0,0,0,0,1
CUST001136,Ayaan,Andra,51.0,Bengaluru,2018-09-09,330800.0,2018,9,9,0,1,0,1,0,1,0,0,1,0,0,1,0,0,0,0,0,1,0,0,0,0,0,0,0,0,0,0,1,0,0,0,0,0,0,0,0,0,0,0,1,0,0,0,1
CUST001137,Harinakshi,Butala,53.0,Chennai,2021-01-03,84700.0,2021,1,3,0,0,1,0,0,0,0,0,0,1,0,0,1,0,0,0,0,0,0,0,0,0,0,0,1,0,0,0,0,0,1,0,0,0,0,0,0,0,0,0,1,0,0,1,0
CUST001138,Yahvi,Saraf,22.0,Hyderabad,2022-08-17,10000.0,2022,8,17,0,0,0,0,0,0,1,0,0,0,0,0,0,0,0,0,0,0,0,0,0,0,0,0,0,1,0,0,0,0,0,0,0,0,0,0,0,1,0,0,0,0,0,0,0
CUST001139,Noah,Chandran,46.0,Mysuru,2021-08-10,163000.0,2021,8,10,1,0,0,1,0,1,0,0,1,0,1,0,0,0,0,0,0,1,0,0,0,0,0,0,0,0,0,0,1,0,0,0,0,0,0,0,0,0,0,1,0,0,0,0,1
CUST001140,Zarna,Basak,47.0,Mumbai,2019-06-27,48900.0,2019,6,27,0,0,1,0,0,1,0,0,0,0,0,0,1,0,0,0,0,0,0,0,1,0,0,0,0,0,0,0,0,0,0,0,0,0,0,0,0,0,1,1,0,0,1,0,0
CUST001141,Jyoti,Kakar,34.0,Hyderabad,2020-05-19,24200.0,2020,5,19,0,0,1,0,0,0,1,0,0,1,0,0,1,0,0,0,0,0,0,0,0,0,0,0,0,1,0,0,0,0,0,0,0,1,0,0,0,0,0,0,0,0,0,0,0
CUST001142,Wazir,Madan,56.0,Indore,2021-01-16,68800.0,2021,1,16,0,0,1,1,0,1,0,0,0,1,0,0,1,0,0,0,0,0,0,1,0,0,0,0,0,0,0,0,0,0,0,0,0,0,0,0,0,0,1,0,1,0,0,1,0
CUST001143,Aradhana,Borde,36.0,Ahmedabad,2019-05-15,71400.0,2019,5,15,0,0,1,0,0,1,0,0,0,1,0,0,1,0,0,0,1,0,0,0,0,0,0,0,0,0,0,0,0,0,1,0,0,0,0,0,0,0,0,1,0,0,0,1,0
CUST001144,Logan,Bali,40.0,Pune,2019-03-12,65800.0,2019,3,12,0,0,1,1,0,1,0,0,1,0,0,0,1,0,0,0,0,0,0,0,1,0,0,0,0,0,0,0,0,0,0,0,0,0,0,0,0,1,0,1,0,0,1,0,0
CUST001145,Gaurav,Murty,36.0,Kolkata,2021-04-16,197200.0,2021,4,16,1,0,0,1,0,1,0,0,0,0,1,0,0,0,0,0,0,0,0,0,0,0,0,0,0,0,0,1,0,0,0,0,0,0,0,0,1,0,0,1,0,0,0,0,1
CUST001146,Abhiram,Johal,38.0,Indore,2021-07-02,82300.0,2021,7,2,0,0,1,1,0,1,0,0,1,0,0,0,1,0,0,0,0,0,0,1,0,0,0,0,0,0,0,0,0,0,0,0,0,0,0,1,0,0,0,1,0,0,0,1,0
CUST001147,Ekbal,Rao,24.0,Ahmedabad,2020-08-16,16000.0,2020,8,16,0,0,0,1,0,0,1,0,1,0,0,0,0,0,0,0,1,0,0,0,0,0,0,0,0,0,0,0,0,0,0,0,0,1,0,0,0,0,0,0,0,0,0,0,0
CUST001148,Brinda,Mistry,19.0,Pune,2025-08-16,11200.0,2025,8,16,0,0,0,0,0,0,1,0,1,0,0,0,0,0,0,0,0,0,0,0,1,0,0,0,0,0,0,0,0,0,0,0,0,0,0,0,0,1,0,0,0,0,0,0,0
CUST001149,Finn,Khosla,59.0,Bhopal,2019-03-31,470700.0,2019,3,31,0,1,0,1,0,1,0,0,1,0,0,1,0,0,0,0,0,0,0,1,0,0,0,0,0,0,0,0,0,0,0,0,0,0,0,0,0,0,0,0,1,0,0,0,1
CUST001150,Saumya,Zachariah,27.0,Bengaluru,2019-12-27,30400.0,2019,12,27,0,0,1,0,0,1,0,0,0,0,0,0,1,0,0,0,0,1,0,0,0,0,0,0,0,0,0,0,0,0,0,0,0,0,0,0,0,0,0,0,0,0,1,0,0
CUST001151,Noah,Rajagopalan,25.0,Chennai,2019-11-19,150300.0,2019,11,19,1,0,0,1,0,0,0,0,0,0,1,0,0,0,0,0,0,0,0,0,0,0,0,0,1,0,0,0,0,0,0,0,1,0,0,0,0,0,0,0,0,0,0,0,1
CUST001152,Ekiya,Brar,18.0,Coimbatore,2026-07-11,12600.0,2026,7,11,0,0,0,0,0,0,1,0,0,0,0,0,0,0,0,0,0,0,0,0,0,0,0,0,1,0,0,0,0,0,0,0,0,0,0,0,0,1,0,0,0,0,0,0,0
CUST001153,Yamini,Pal,30.0,Chandigarh,2020-01-15,63600.0,2020,1,15,0,0,1,1,0,1,0,0,0,0,0,0,1,0,1,0,0,0,0,0,0,0,0,0,0,0,0,0,0,0,1,0,0,0,0,0,0,0,0,0,0,0,1,0,0
CUST001154,Avni,Chaudhari,21.0,Thiruvananthapuram,2023-08-17,18300.0,2023,8,17,0,0,0,0,0,1,0,0,0,0,0,0,0,0,0,0,0,0,1,0,0,0,0,0,0,0,0,0,0,0,0,0,0,1,0,0,0,0,0,0,0,0,0,0,0
CUST001155,Tejas,Kata,59.0,Thiruvananthapuram,2020-01-29,225600.0,2020,1,29,1,0,0,1,0,1,0,0,0,1,1,0,0,0,0,0,0,0,1,0,0,0,0,0,0,0,0,0,0,0,0,0,0,0,0,0,1,0,0,0,1,0,0,0,1
CUST001156,Baljiwan,Oak,51.0,Mumbai,2018-12-25,38600.0,2018,12,25,0,0,1,1,0,1,0,0,0,0,0,0,1,0,0,0,0,0,0,0,1,0,0,0,0,0,0,0,0,0,0,0,0,1,0,0,0,0,0,0,1,0,1,0,0
CUST001157,Rushil,Narain,29.0,Kochi,2020-12-01,61100.0,2020,12,1,0,0,1,1,0,1,0,0,1,0,0,0,1,0,0,0,0,0,1,0,0,0,0,0,0,0,0,0,0,0,0,0,0,0,0,0,0,0,1,0,0,0,1,0,0
CUST001158,Amruta,Mahajan,67.0,Mumbai,2020-10-31,32100.0,2020,10,31,0,0,1,0,0,0,0,0,1,0,0,0,1,0,0,0,0,0,0,0,1,0,0,0,0,0,0,0,0,0,0,0,0,0,1,0,0,0,0,0,0,1,1,0,0
CUST001159,Varenya,Swaminathan,51.0,Bengaluru,2021-03-29,11100.0,2021,3,29,0,0,0,0,0,1,0,0,1,0,0,0,0,0,0,0,0,1,0,0,0,0,0,0,0,0,0,0,0,0,0,0,0,0,0,0,0,1,0,0,1,0,0,0,0
CUST001160,Ishaan,Parekh,38.0,Chennai,2019-03-02,35500.0,2019,3,2,0,0,1,1,0,1,0,0,0,1,0,0,1,0,0,0,0,0,0,0,0,0,0,0,1,0,0,0,0,0,0,0,0,0,1,0,0,0,0,1,0,0,1,0,0
CUST001161,Raghav,Sankaran,18.0,Chennai,2026-07-11,22600.0,2026,7,11,0,0,0,1,0,1,0,0,0,0,0,0,0,0,0,0,0,0,0,0,0,0,0,0,1,0,0,0,0,0,0,0,0,1,0,0,0,0,0,0,0,0,0,0,0
CUST001162,Idika,Rai,68.0,Kolkata,2020-07-31,25600.0,2020,7,31,0,0,1,0,0,0,0,1,0,0,0,0,1,0,0,0,0,0,0,0,0,0,0,0,0,0,0,1,0,0,0,0,0,0,1,0,0,0,0,0,0,1,0,0,0
CUST001163,Brijesh,Merchant,20.0,Chennai,2024-08-16,25000.0,2024,8,16,0,0,0,1,0,1,0,0,0,0,0,0,0,0,0,0,0,0,0,0,0,0,0,0,1,0,0,0,0,0,0,0,0,1,0,0,0,0,0,0,0,0,0,0,0
CUST001164,Krishna,Borah,18.0,Thiruvananthapuram,2026-07-11,28400.0,2026,7,11,0,0,0,0,0,0,1,0,0,1,0,0,0,0,0,0,0,0,1,0,0,0,0,0,0,0,0,0,0,0,0,0,0,1,0,0,0,0,0,0,0,0,1,0,0
CUST001165,Chakrika,Loyal,51.0,Delhi,2018-09-16,234700.0,2018,9,16,0,1,0,0,0,1,0,0,0,1,0,1,0,0,0,1,0,0,0,0,0,0,0,0,0,0,0,0,0,0,0,0,0,0,0,0,1,0,0,0,1,0,0,0,1
CUST001166,Ganga,Rai,70.0,Bengaluru,2021-03-13,53900.0,2021,3,13,0,0,1,0,0,1,0,0,1,0,0,0,1,0,0,0,0,1,0,0,0,0,0,0,0,0,0,0,0,0,0,0,0,0,1,0,0,0,0,0,0,1,1,0,0
CUST001167,Faraj,Ramachandran,56.0,Kochi,2018-12-14,32300.0,2018,12,14,0,0,1,1,0,1,0,0,0,1,0,0,1,0,0,0,0,0,1,0,0,0,0,0,0,0,0,0,0,0,0,0,0,0,0,0,0,0,0,0,1,0,1,0,0
CUST001168,Nathan,Patel,45.0,Mumbai,2020-08-21,204300.0,2020,8,21,1,0,0,1,0,0,0,0,0,0,1,0,0,0,0,0,0,0,0,0,1,0,0,0,0,0,0,0,1,0,0,0,0,0,0,0,0,0,0,1,0,0,0,0,1
CUST001169,Damyanti,Chand,46.0,Kolkata,2021-08-02,69200.0,2021,8,2,0,0,1,0,0,1,0,0,1,0,0,0,1,0,0,0,0,0,0,0,0,0,0,0,0,0,0,1,0,0,0,0,0,0,0,0,0,0,1,1,0,0,0,1,0
CUST001170,Aahana,Morar,49.0,Ahmedabad,2020-06-13,43300.0,2020,6,13,0,0,1,0,0,1,0,0,0,0,0,0,1,0,0,0,1,0,0,0,0,0,0,0,0,0,0,0,0,0,0,0,0,0,1,0,0,0,0,1,0,0,1,0,0
CUST001171,Tristan,Parsa,48.0,Chennai,2020-02-05,318300.0,2020,2,5,0,1,0,1,0,1,0,0,0,0,0,1,0,0,0,0,0,0,0,0,0,0,0,0,1,0,0,0,1,0,0,0,0,0,0,0,0,0,0,1,0,0,0,0,1
CUST001172,Krishna,Chaudry,42.0,Ahmedabad,2021-04-20,16900.0,2021,4,20,0,0,0,1,0,1,0,0,0,1,0,0,0,0,0,0,1,0,0,0,0,0,0,0,0,0,0,0,0,0,0,1,0,0,0,0,0,0,0,1,0,0,0,0,0
CUST001173,Ekaja,Chahal,39.0,Delhi,2020-01-05,32400.0,2020,1,5,0,0,1,0,0,0,1,0,1,0,0,0,1,0,0,1,0,0,0,0,0,0,0,0,0,0,0,0,0,0,0,0,0,1,0,0,0,0,0,1,0,0,1,0,0
CUST001174,Idika,Sankar,37.0,Chandigarh,2019-03-02,108200.0,2019,3,2,1,0,0,0,0,1,0,0,0,1,1,0,0,0,1,0,0,0,0,0,0,0,0,0,0,0,0,0,0,0,0,0,0,0,0,1,0,0,0,1,0,0,0,1,0
CUST001175,Vanya,Vala,28.0,Pune,2020-06-28,51100.0,2020,6,28,0,0,1,0,0,1,0,0,0,1,0,0,1,0,0,0,0,0,0,0,1,0,0,0,0,0,0,0,0,0,0,0,0,0,0,0,0,0,1,0,0,0,1,0,0
CUST001176,Nikita,Chauhan,34.0,Hyderabad,2020-07-26,36000.0,2020,7,26,0,0,1,0,1,1,0,0,0,0,0,0,1,0,0,0,0,0,0,0,0,0,0,0,0,1,0,0,0,0,0,0,0,0,1,0,0,0,0,0,0,0,1,0,0
CUST001177,Agastya,Chakraborty,18.0,Mumbai,2026-07-11,65800.0,2026,7,11,0,0,0,1,0,1,0,0,1,0,0,0,0,0,0,0,0,0,0,0,1,0,0,0,0,0,0,0,0,0,0,0,0,0,0,0,0,1,0,0,0,0,1,0,0
CUST001178,Peter,Chander,37.0,Madurai,2018-11-09,111900.0,2018,11,9,1,0,0,1,0,1,0,0,0,1,1,0,0,0,0,0,0,0,0,0,0,0,0,0,1,0,0,0,0,0,0,0,1,0,0,0,0,0,0,1,0,0,0,1,0
CUST001179,Omaja,Rajan,25.0,Ahmedabad,2021-06-24,206200.0,2021,6,24,1,0,0,0,0,1,0,0,0,1,1,0,0,0,0,0,1,0,0,0,0,0,0,0,0,0,0,0,0,0,0,0,0,0,0,0,1,0,0,0,0,0,0,0,1
CUST001180,Abha,Manne,24.0,Guwahati,2020-08-16,118900.0,2020,8,16,1,0,0,0,0,1,0,0,0,1,1,0,0,0,0,0,0,0,0,0,0,0,0,0,0,0,0,0,0,0,0,0,1,0,0,0,0,0,0,0,0,0,0,1,0
CUST001181,Samuel,Rama,40.0,Vadodara,2020-10-30,143200.0,2020,10,30,1,0,0,1,0,1,0,0,0,1,1,0,0,0,0,0,1,0,0,0,0,0,0,0,0,0,0,0,0,0,0,0,1,0,0,0,0,0,0,1,0,0,0,0,1
CUST001182,Brijesh,Kibe,56.0,Madurai,2018-12-11,19400.0,2018,12,11,0,0,1,1,0,1,0,0,1,0,0,0,1,0,0,0,0,0,0,0,0,0,0,0,1,0,0,0,0,0,0,0,0,0,1,0,0,0,0,0,1,0,0,0,0
CUST001183,Yoshita,Gara,50.0,Thiruvananthapuram,2021-05-03,151100.0,2021,5,3,1,0,0,0,0,1,0,0,0,0,1,0,0,0,0,0,0,0,1,0,0,0,0,0,0,0,0,0,0,0,0,0,1,0,0,0,0,0,0,1,0,0,0,0,1
CUST001184,Ranveer,Gara,18.0,Chennai,2026-07-11,19400.0,2026,7,11,0,0,0,1,0,0,1,0,1,0,0,0,0,0,0,0,0,0,0,0,0,0,0,0,1,0,0,0,0,0,0,0,0,1,0,0,0,0,0,0,0,0,0,0,0
CUST001185,Ekaraj,Luthra,25.0,Kolkata,2020-05-27,9400.0,2020,5,27,0,0,0,1,0,1,0,0,1,0,0,0,0,0,0,0,0,0,0,0,0,0,0,0,0,0,0,1,0,0,0,0,0,0,0,0,0,1,0,0,0,0,0,0,0
CUST001186,Nidhi,Loyal,50.0,Kolkata,2018-12-17,229000.0,2018,12,17,0,1,0,0,0,1,0,0,1,0,0,1,0,0,0,0,0,0,0,0,0,0,0,0,0,0,0,1,0,0,0,0,0,0,0,0,1,0,0,1,0,0,0,0,1
CUST001187,Xiti,Dhingra,25.0,Hyderabad,2020-12-23,135000.0,2020,12,23,1,0,0,0,0,0,1,0,1,0,1,0,0,0,0,0,0,0,0,0,0,0,0,0,0,1,0,0,0,1,0,0,0,0,0,0,0,0,0,0,0,0,0,0,1
CUST001188,Bhavika,Ganesh,35.0,Varanasi,2019-09-10,76000.0,2019,9,10,0,0,1,0,0,1,0,0,1,0,0,0,1,0,0,0,0,0,0,0,0,0,0,0,0,0,1,0,0,0,0,0,1,0,0,0,0,0,0,0,0,0,0,1,0
CUST001189,Teerth,Majumdar,45.0,Delhi,2021-03-22,16500.0,2021,3,22,0,0,0,1,0,1,0,0,0,1,0,0,0,0,0,1,0,0,0,0,0,0,0,0,0,0,0,0,0,0,0,0,0,0,0,0,0,1,0,1,0,0,0,0,0
CUST001190,Ucchal,Mistry,25.0,Kolkata,2019-08-17,74800.0,2019,8,17,1,0,0,0,0,0,1,0,0,0,1,0,0,0,0,0,0,0,0,0,0,0,0,0,0,0,0,1,0,1,0,0,0,0,0,0,0,0,0,0,0,0,0,1,0
CUST001191,Warhi,Bose,39.0,Ahmedabad,2019-11-05,9300.0,2019,11,5,0,0,1,0,0,1,0,0,1,0,0,0,1,0,0,0,1,0,0,0,0,0,0,0,0,0,0,0,0,0,0,0,0,0,0,0,0,1,0,1,0,0,0,0,0
CUST001192,Radha,Krishnamurthy,21.0,Patna,2023-08-17,10600.0,2023,8,17,0,0,0,0,0,0,1,0,0,0,0,0,0,1,0,0,0,0,0,0,0,0,0,0,0,0,0,0,0,0,0,0,0,0,0,0,0,1,0,0,0,0,0,0,0
CUST001193,Krishna,Tandon,30.0,Indore,2020-04-28,65800.0,2020,4,28,1,0,0,0,0,1,0,0,0,0,1,0,0,0,0,0,0,0,0,1,0,0,0,0,0,0,0,0,0,1,0,0,0,0,0,0,0,0,0,0,0,0,1,0,0
CUST001194,Guneet,Shankar,42.0,Chennai,2020-08-06,36400.0,2020,8,6,0,0,1,1,0,1,0,0,0,1,0,0,1,0,0,0,0,0,0,0,0,0,0,0,1,0,0,0,0,0,0,0,0,1,0,0,0,0,0,1,0,0,1,0,0
CUST001195,Chatresh,Deshmukh,18.0,Howrah,2026-07-11,10100.0,2026,7,11,0,0,0,1,0,0,1,0,1,0,0,0,0,0,0,0,0,0,0,0,0,0,0,0,0,0,0,1,0,0,0,0,0,0,0,0,0,1,0,0,0,0,0,0,0
CUST001196,Max,Ahuja,44.0,Hyderabad,2019-10-24,216900.0,2019,10,24,0,1,0,1,0,1,0,0,0,0,0,1,0,0,0,0,0,0,0,0,0,0,0,0,0,1,0,0,1,0,0,0,0,0,0,0,0,0,0,1,0,0,0,0,1
CUST001197,Rudra,Natarajan,38.0,Chennai,2018-10-05,8800.0,2018,10,5,0,0,1,1,0,0,0,0,1,0,0,0,1,0,0,0,0,0,0,0,0,0,0,0,1,0,0,0,0,0,0,0,0,0,0,0,0,1,0,1,0,0,0,0,0
CUST001198,Sachi,Narayan,45.0,Patna,2020-07-18,50700.0,2020,7,18,0,0,1,0,0,1,0,0,1,0,0,0,1,1,0,0,0,0,0,0,0,0,0,0,0,0,0,0,0,0,0,0,0,0,0,0,0,0,1,1,0,0,1,0,0
CUST001199,Urvi,Natt,41.0,Thiruvananthapuram,2018-12-23,32800.0,2018,12,23,0,0,1,0,0,1,0,0,1,0,0,0,1,0,0,0,0,0,1,0,0,0,0,0,0,0,0,0,0,0,0,0,0,1,0,0,0,0,0,1,0,0,1,0,0
CUST001200,Upasna,Deshpande,56.0,Patna,2021-03-06,144600.0,2021,3,6,0,0,1,0,0,1,0,0,1,0,0,0,1,1,0,0,0,0,0,0,0,0,0,0,0,0,0,0,0,1,0,0,0,0,0,0,0,0,0,0,1,0,0,0,1
CUST001201,Netra,Nagi,40.0,Pune,2018-10-25,202900.0,2018,10,25,0,1,0,0,0,1,0,0,1,0,0,1,0,0,0,0,0,0,0,0,1,0,0,0,0,0,0,0,1,0,0,0,0,0,0,0,0,0,0,1,0,0,0,0,1
CUST001202,Harish,Srinivas,32.0,Chandigarh,2020-07-28,409700.0,2020,7,28,1,0,0,1,0,1,0,0,0,1,1,0,0,0,1,0,0,0,0,0,0,0,0,0,0,0,0,0,0,0,0,0,0,0,0,0,0,0,0,0,0,0,0,0,1
CUST001203,Naksh,Goel,40.0,Guwahati,2020-06-26,48600.0,2020,6,26,0,0,1,1,0,0,0,0,0,0,0,0,1,0,0,0,0,0,0,0,0,0,0,0,0,0,0,0,0,0,1,0,0,0,0,0,0,0,0,1,0,0,1,0,0
CUST001204,Rushil,Nagar,45.0,Hyderabad,2020-03-27,15600.0,2020,3,27,0,0,0,1,0,0,1,0,0,0,0,0,0,0,0,0,0,0,0,0,0,0,0,0,0,1,0,0,0,0,0,0,0,0,0,0,0,1,0,1,0,0,0,0,0
CUST001205,Madhav,Swaminathan,39.0,Chennai,2019-06-21,9900.0,2019,6,21,0,0,0,1,0,1,0,0,0,0,0,0,0,0,0,0,0,0,0,0,0,0,0,0,1,0,0,0,0,0,0,0,0,0,0,0,0,1,0,1,0,0,0,0,0
CUST001206,Jairaj,Nanda,39.0,Udaipur,2019-06-20,149600.0,2019,6,20,1,0,0,1,0,0,1,0,0,1,1,0,0,0,0,0,0,0,0,0,0,0,0,1,0,0,0,0,0,0,0,0,1,0,0,0,0,0,0,1,0,0,0,0,1
CUST001207,Riya,Mand,29.0,Kolkata,2020-03-09,10400.0,2020,3,9,0,0,0,0,0,1,0,0,0,1,0,0,0,0,0,0,0,0,0,0,0,0,0,0,0,0,0,1,0,0,0,1,0,0,0,0,0,0,0,0,0,0,0,0,0
CUST001208,Maya,Patla,29.0,Ludhiana,2020-01-21,29500.0,2020,1,21,0,0,1,0,1,1,0,0,1,0,0,0,1,0,0,0,0,0,0,0,0,0,1,0,0,0,0,0,0,0,0,0,0,1,0,0,0,0,0,0,0,0,1,0,0
CUST001209,Dakshesh,Iyengar,20.0,Chennai,2024-08-16,8100.0,2024,8,16,0,0,0,1,0,0,1,0,0,0,0,0,0,0,0,0,0,0,0,0,0,0,0,0,1,0,0,0,0,0,0,0,0,0,0,0,0,1,0,0,0,0,0,0,0
CUST001210,Gautam,Bala,61.0,Ahmedabad,2020-09-17,56200.0,2020,9,17,0,0,0,1,0,0,0,1,0,1,0,0,0,0,0,0,1,0,0,0,0,0,0,0,0,0,0,0,0,0,0,0,0,0,1,0,0,0,0,0,1,0,1,0,0
CUST001211,Vedhika,Kadakia,22.0,Jodhpur,2022-08-17,18800.0,2022,8,17,0,0,0,0,0,1,0,0,0,0,0,0,0,0,0,0,0,0,0,0,0,0,0,1,0,0,0,0,0,0,0,0,0,1,0,0,0,0,0,0,0,0,0,0,0
CUST001212,Theodore,Manne,29.0,Chennai,2019-12-13,133300.0,2019,12,13,1,0,0,1,0,1,0,0,0,1,1,0,0,0,0,0,0,0,0,0,0,0,0,0,1,0,0,0,1,0,0,0,0,0,0,0,0,0,0,0,0,0,0,0,1
CUST001213,Bhavya,Rege,29.0,Chandigarh,2019-12-13,66200.0,2019,12,13,0,0,1,0,0,1,0,0,0,0,0,0,1,0,1,0,0,0,0,0,0,0,0,0,0,0,0,0,0,1,0,0,0,0,0,0,0,0,0,0,0,0,0,1,0
CUST001214,Yahvi,Dewan,50.0,Madurai,2019-06-30,124300.0,2019,6,30,1,0,0,0,0,1,0,0,0,1,1,0,0,0,0,0,0,0,0,0,0,0,0,0,1,0,0,0,0,0,0,0,0,0,0,1,0,0,0,1,0,0,0,1,0
CUST001215,Nidra,Khurana,34.0,Hyderabad,2019-06-23,178300.0,2019,6,23,0,1,0,0,0,1,0,0,0,0,0,1,0,0,0,0,0,0,0,0,0,0,0,0,0,1,0,0,0,0,0,0,1,0,0,0,0,0,0,0,0,0,0,0,1
CUST001216,Jonathan,Dube,38.0,Pune,2020-12-02,32100.0,2020,12,2,0,0,1,1,0,1,0,0,0,1,0,0,1,0,0,0,0,0,0,0,1,0,0,0,0,0,0,0,0,0,0,0,0,1,0,0,0,0,0,1,0,0,1,0,0
CUST001217,Udyati,Purohit,29.0,Hyderabad,2019-04-25,440900.0,2019,4,25,0,1,0,0,0,1,0,0,0,1,0,1,0,0,0,0,0,0,0,0,0,0,0,0,0,1,0,0,0,0,1,0,0,0,0,0,0,0,0,0,0,0,0,0,1
CUST001218,Balhaar,Sen,42.0,Surat,2021-07-26,320200.0,2021,7,26,1,0,0,1,0,1,0,0,1,0,1,0,0,0,0,0,1,0,0,0,0,0,0,0,0,0,0,0,1,0,0,0,0,0,0,0,0,0,0,1,0,0,0,0,1
CUST001219,Wakeeta,Rattan,27.0,Kochi,2019-06-24,60600.0,2019,6,24,0,0,1,0,0,1,0,0,1,0,0,0,1,0,0,0,0,0,1,0,0,0,0,0,0,0,0,0,0,1,0,0,0,0,0,0,0,0,0,0,0,0,1,0,0
CUST001220,Zehaan,Sahota,66.0,New Delhi,2021-04-26,65800.0,2021,4,26,0,0,0,1,0,0,0,0,1,0,0,0,0,0,0,1,0,0,0,0,0,0,0,0,0,0,0,0,0,0,0,0,0,0,1,0,0,0,0,0,0,1,1,0,0
CUST001221,Andrew,Parsa,23.0,Hyderabad,2021-08-16,202600.0,2021,8,16,1,0,0,1,0,0,1,0,1,0,1,0,0,0,0,0,0,0,0,0,0,0,0,0,0,1,0,0,1,0,0,0,0,0,0,0,0,0,0,0,0,0,0,0,1
CUST001222,Chaman,Chopra,42.0,Nagpur,2020-01-17,147100.0,2020,1,17,1,0,0,0,0,1,0,0,1,0,1,0,0,0,0,0,0,0,0,0,1,0,0,0,0,0,0,0,0,1,0,0,0,0,0,0,0,0,0,1,0,0,0,0,1
CUST001223,Kritika,Pant,46.0,Ahmedabad,2020-04-24,76400.0,2020,4,24,0,0,1,1,0,1,0,0,0,1,0,0,1,0,0,0,1,0,0,0,0,0,0,0,0,0,0,0,0,0,0,0,0,0,0,1,0,0,0,1,0,0,0,1,0
CUST001224,Geetika,Basu,43.0,Bhubaneswar,2019-07-21,93000.0,2019,7,21,1,0,0,0,0,1,0,0,0,0,1,0,0,0,0,0,0,0,0,0,0,1,0,0,0,0,0,0,0,1,0,0,0,0,0,0,0,0,0,1,0,0,0,1,0
CUST001225,Sudiksha,Narula,38.0,Howrah,2021-07-07,96700.0,2021,7,7,0,0,1,0,0,1,0,0,0,1,0,0,1,0,0,0,0,0,0,0,0,0,0,0,0,0,0,1,0,0,0,0,0,0,0,0,1,0,0,1,0,0,0,1,0
CUST001226,Upasna,Cherian,36.0,Kolkata,2020-12-14,62500.0,2020,12,14,0,0,1,0,0,1,0,0,0,0,0,0,1,0,0,0,0,0,0,0,0,0,0,0,0,0,0,1,0,0,1,0,0,0,0,0,0,0,0,1,0,0,1,0,0
CUST001227,Abdul,Chaudhari,39.0,Madurai,2019-10-11,184000.0,2019,10,11,0,1,0,1,0,1,0,0,1,0,0,1,0,0,0,0,0,0,0,0,0,0,0,0,1,0,0,0,1,0,0,0,0,0,0,0,0,0,0,1,0,0,0,0,1
CUST001228,Leela,Kapadia,36.0,Pune,2019-01-31,61300.0,2019,1,31,1,0,0,0,0,1,0,0,1,0,1,0,0,0,0,0,0,0,0,0,1,0,0,0,0,0,0,0,0,0,0,0,0,0,0,1,0,0,0,1,0,0,1,0,0
CUST001229,Yashodhara,Venkataraman,51.0,Surat,2020-06-25,40300.0,2020,6,25,0,0,0,0,0,1,0,0,1,0,0,0,0,0,0,0,1,0,0,0,0,0,0,0,0,0,0,0,0,0,0,0,0,0,0,0,0,0,1,0,1,0,1,0,0
CUST001230,Janya,Sehgal,67.0,Kolkata,2020-11-06,258400.0,2020,11,6,1,0,0,0,0,0,0,0,1,0,1,0,0,0,0,0,0,0,0,0,0,0,0,0,0,0,0,1,0,0,0,0,0,0,0,0,1,0,0,0,0,1,0,0,1
CUST001231,Ridhi,Raman,38.0,Ahmedabad,2020-01-26,403100.0,2020,1,26,0,1,0,0,0,0,1,0,0,0,0,1,0,0,0,0,1,0,0,0,0,0,0,0,0,0,0,0,0,0,0,0,0,0,0,0,0,0,0,1,0,0,0,0,1
CUST001232,Vincent,Tella,20.0,Patna,2024-08-16,13000.0,2024,8,16,0,0,0,1,0,0,1,0,0,0,0,0,0,1,0,0,0,0,0,0,0,0,0,0,0,0,0,0,0,0,0,0,0,0,0,0,0,1,0,0,0,0,0,0,0
CUST001233,Forum,Pai,37.0,Udaipur,2020-05-13,141100.0,2020,5,13,1,0,0,0,0,0,1,0,1,0,1,0,0,0,0,0,0,0,0,0,0,0,0,1,0,0,0,0,0,1,0,0,0,0,0,0,0,0,0,1,0,0,0,0,1
CUST001234,Advik,Subramanian,72.0,Udaipur,2018-12-30,34200.0,2018,12,30,0,0,1,1,0,1,0,0,0,1,0,0,1,0,0,0,0,0,0,0,0,0,0,1,0,0,0,0,0,0,0,0,0,0,1,0,0,0,0,0,0,1,1,0,0
CUST001235,Charles,Merchant,28.0,Thiruvananthapuram,2020-01-21,65800.0,2020,1,21,0,0,0,1,0,0,1,0,0,1,0,0,0,0,0,0,0,0,1,0,0,0,0,0,0,0,0,0,0,0,0,1,0,0,0,0,0,0,0,0,0,0,1,0,0
CUST001236,Triya,Chada,59.0,Ludhiana,2021-07-08,241900.0,2021,7,8,1,0,0,0,0,1,0,0,0,1,1,0,0,0,0,0,0,0,0,0,0,0,1,0,0,0,0,0,0,0,0,0,0,0,0,0,1,0,0,0,1,0,0,0,1
CUST001237,Dalbir,Dhar,60.0,Kolkata,2020-12-15,32100.0,2020,12,15,0,0,1,1,0,1,0,0,1,0,0,0,1,0,0,0,0,0,0,0,0,0,0,0,0,0,0,1,0,0,0,0,0,0,0,0,0,0,0,0,1,0,1,0,0
CUST001238,Priya,Muni,38.0,Pune,2020-04-09,39900.0,2020,4,9,0,0,1,0,0,1,0,0,0,1,0,0,1,0,0,0,0,0,0,0,1,0,0,0,0,0,0,0,0,0,0,0,0,1,0,0,0,0,0,1,0,0,1,0,0
CUST001239,Onveer,Shah,45.0,Chennai,2019-07-14,179900.0,2019,7,14,0,1,0,1,0,1,0,0,0,0,0,1,0,0,0,0,0,0,0,0,0,0,0,0,1,0,0,0,0,1,0,0,0,0,0,0,0,0,0,1,0,0,0,0,1
CUST001240,Harshil,Verma,59.0,Jodhpur,2020-12-18,78200.0,2020,12,18,0,0,1,1,0,1,0,0,0,0,0,0,1,0,0,0,0,0,0,0,0,0,0,1,0,0,0,0,0,0,0,0,0,0,0,0,0,0,1,0,1,0,0,1,0
CUST001241,Warhi,Pall,38.0,Mumbai,2018-09-12,8500.0,2018,9,12,0,0,0,0,0,1,0,0,1,0,0,0,0,0,0,0,0,0,0,0,1,0,0,0,0,0,0,0,0,0,0,0,0,0,0,0,0,1,0,1,0,0,0,0,0
CUST001242,Vyanjana,Chatterjee,35.0,Mumbai,2020-09-01,173000.0,2020,9,1,1,0,0,0,0,1,0,0,0,0,1,0,0,0,0,0,0,0,0,0,1,0,0,0,0,0,0,0,0,1,0,0,0,0,0,0,0,0,0,0,0,0,0,0,1
CUST001243,Urvashi,Sethi,30.0,Mumbai,2020-01-11,55200.0,2020,1,11,0,0,1,0,0,1,0,0,0,0,0,0,1,0,0,0,0,0,0,0,1,0,0,0,0,0,0,0,0,0,0,0,0,0,0,0,0,0,1,0,0,0,1,0,0
CUST001244,Odika,Bhavsar,25.0,Surat,2021-07-26,22200.0,2021,7,26,0,0,0,0,0,1,0,0,0,0,0,0,0,0,0,0,1,0,0,0,0,0,0,0,0,0,0,0,0,0,0,0,0,1,0,0,0,0,0,0,0,0,0,0,0
CUST001245,Netra,Basu,30.0,Chennai,2018-12-21,130900.0,2018,12,21,1,0,0,0,0,1,0,0,0,0,1,0,0,0,0,0,0,0,0,0,0,0,0,0,1,0,0,0,0,0,0,0,0,0,0,0,1,0,0,0,0,0,0,1,0
CUST001246,Dakshesh,Bajaj,22.0,Hyderabad,2022-08-17,65800.0,2022,8,17,0,0,0,1,0,0,1,0,0,0,0,0,0,0,0,0,0,0,0,0,0,0,0,0,0,1,0,0,0,0,0,0,0,0,0,1,0,0,0,0,0,0,1,0,0
CUST001247,Onveer,Chopra,38.0,Pune,2021-01-14,159700.0,2021,1,14,1,0,0,1,0,0,1,0,0,0,1,0,0,0,0,0,0,0,0,0,1,0,0,0,0,0,0,0,0,0,0,0,0,0,0,0,1,0,0,1,0,0,0,0,1
CUST001248,Fitan,Kohli,28.0,Surat,2018-10-29,78900.0,2018,10,29,1,0,0,1,0,1,0,0,0,0,1,0,0,0,0,0,1,0,0,0,0,0,0,0,0,0,0,0,0,0,0,0,0,0,0,0,1,0,0,0,0,0,0,1,0
CUST001249,Yauvani,Ghosh,41.0,Bengaluru,2020-09-04,33100.0,2020,9,4,0,0,1,0,0,1,0,0,0,0,0,0,1,0,0,0,0,1,0,0,0,0,0,0,0,0,0,0,0,0,0,0,0,1,0,0,0,0,0,1,0,0,1,0,0
CUST001250,Gauri,Narayanan,18.0,Bengaluru,2026-07-11,5600.0,2026,7,11,0,0,0,0,0,0,1,0,1,0,0,0,0,0,0,0,0,1,0,0,0,0,0,0,0,0,0,0,0,0,0,0,0,0,0,0,0,1,0,0,0,0,0,0,0
CUST001251,Tanay,Shere,42.0,Ahmedabad,2019-03-03,33100.0,2019,3,3,0,0,1,1,0,1,0,0,1,0,0,0,1,0,0,0,1,0,0,0,0,0,0,0,0,0,0,0,0,0,0,0,0,1,0,0,0,0,0,1,0,0,1,0,0
CUST001252,Kala,Ravel,49.0,Kolkata,2019-05-27,226100.0,2019,5,27,0,1,0,0,0,1,0,0,0,0,0,1,0,0,0,0,0,0,0,0,0,0,0,0,0,0,0,1,0,0,0,0,0,0,0,0,1,0,0,1,0,0,0,0,1
CUST001253,Hiral,Grewal,18.0,Hyderabad,2026-07-11,75000.0,2026,7,11,0,0,1,0,0,0,1,0,1,0,0,0,1,0,0,0,0,0,0,0,0,0,0,0,0,1,0,0,0,0,0,0,0,0,0,1,0,0,0,0,0,0,0,1,0
CUST001254,Tarak,Randhawa,43.0,Howrah,2019-01-12,133400.0,2019,1,12,0,1,0,1,0,0,0,1,0,0,0,1,0,0,0,0,0,0,0,0,0,0,0,0,0,0,0,1,0,0,0,0,0,0,0,0,0,0,0,1,0,0,0,0,1
CUST001255,Akshay,Hora,54.0,Bengaluru,2018-08-22,134000.0,2018,8,22,1,0,0,1,0,1,0,0,1,0,1,0,0,0,0,0,0,1,0,0,0,0,0,0,0,0,0,0,0,0,0,0,0,0,0,1,0,0,0,0,1,0,0,0,1
CUST001256,Varenya,Sanghvi,22.0,Jodhpur,2022-08-17,17900.0,2022,8,17,0,0,0,1,0,0,0,0,0,0,0,0,0,0,0,0,0,0,0,0,0,0,0,1,0,0,0,0,0,0,0,0,0,1,0,0,0,0,0,0,0,0,0,0,0
CUST001257,Saumya,Agrawal,38.0,Delhi,2020-09-16,56500.0,2020,9,16,0,0,1,0,0,1,0,0,0,1,0,0,1,0,0,1,0,0,0,0,0,0,0,0,0,0,0,0,0,0,0,0,0,0,1,0,0,0,0,1,0,0,1,0,0
CUST001258,Jalsa,Jha,43.0,Nagpur,2019-09-19,160300.0,2019,9,19,1,0,0,0,0,1,0,0,0,0,1,0,0,0,0,0,0,0,0,0,1,0,0,0,0,0,0,0,0,0,0,0,1,0,0,0,0,0,0,1,0,0,0,0,1
CUST001259,Liam,Bhatnagar,29.0,Udaipur,2019-06-05,13500.0,2019,6,5,0,0,0,1,0,1,0,0,1,0,0,0,0,0,0,0,0,0,0,0,0,0,0,1,0,0,0,0,0,0,0,0,0,0,0,0,0,1,0,0,0,0,0,0,0
CUST001260,Harsh,Yadav,37.0,Ahmedabad,2020-01-08,15100.0,2020,1,8,0,0,0,0,1,0,1,0,0,0,0,0,0,0,0,0,1,0,0,0,0,0,0,0,0,0,0,0,0,0,0,0,0,0,0,0,0,1,0,1,0,0,0,0,0
CUST001261,Girik,Pau,45.0,Delhi,2021-05-27,244400.0,2021,5,27,1,0,0,1,0,0,0,0,0,1,1,0,0,0,0,1,0,0,0,0,0,0,0,0,0,0,0,0,0,0,0,0,0,0,0,0,0,0,0,1,0,0,0,0,1
CUST001262,Nicholas,Hegde,39.0,Pune,2019-02-06,122300.0,2019,2,6,1,0,0,1,0,1,0,0,1,0,1,0,0,0,0,0,0,0,0,0,1,0,0,0,0,0,0,0,0,0,0,0,1,0,0,0,0,0,0,1,0,0,0,1,0
CUST001263,Tanvi,Comar,45.0,Varanasi,2018-09-28,143200.0,2018,9,28,1,0,0,0,1,1,0,0,0,0,1,0,0,0,0,0,0,0,0,0,0,0,0,0,0,0,1,0,0,0,0,0,0,0,0,0,0,0,0,1,0,0,0,0,1
CUST001264,Karan,Suri,26.0,Udaipur,2020-05-29,81400.0,2020,5,29,0,0,1,1,0,1,0,0,1,0,0,0,1,0,0,0,0,0,0,0,0,0,0,1,0,0,0,0,0,1,0,0,0,0,0,0,0,0,0,0,0,0,0,1,0
CUST001265,Zarna,Munshi,40.0,Bengaluru,2020-12-13,92000.0,2020,12,13,0,0,1,0,0,1,0,0,1,0,0,0,1,0,0,0,0,1,0,0,0,0,0,0,0,0,0,0,0,0,1,0,0,0,0,0,0,0,0,1,0,0,0,1,0
CUST001266,Rishi,Ramanathan,20.0,Ahmedabad,2024-08-16,11600.0,2024,8,16,0,0,0,1,0,0,0,0,0,0,0,0,0,0,0,0,1,0,0,0,0,0,0,0,0,0,0,0,0,0,0,0,0,0,0,0,0,1,0,0,0,0,0,0,0
CUST001267,Deepa,Pall,38.0,Pune,2020-11-29,155000.0,2020,11,29,1,0,0,0,0,0,1,0,0,1,1,0,0,0,0,0,0,0,0,0,1,0,0,0,0,0,0,0,0,0,0,0,1,0,0,0,0,0,0,1,0,0,0,0,1
CUST001268,Qushi,Shankar,26.0,Chennai,2019-07-11,36200.0,2019,7,11,0,0,1,0,0,1,0,0,0,0,0,0,1,0,0,0,0,0,0,0,0,0,0,0,1,0,0,0,0,0,0,0,0,0,0,0,0,0,1,0,0,0,1,0,0
CUST001269,Gabriel,Mishra,28.0,Mumbai,2018-11-21,190800.0,2018,11,21,0,1,0,1,0,1,0,0,0,1,0,1,0,0,0,0,0,0,0,0,1,0,0,0,0,0,0,0,0,0,0,0,0,0,0,0,1,0,0,0,0,0,0,0,1
CUST001270,Chaman,Desai,54.0,Hyderabad,2021-05-06,173700.0,2021,5,6,1,0,0,0,0,0,0,1,1,0,1,0,0,0,0,0,0,0,0,0,0,0,0,0,0,1,0,0,0,0,0,0,1,0,0,0,0,0,0,0,1,0,0,0,1
CUST001271,Naksh,Dalal,52.0,Mumbai,2019-12-19,117900.0,2019,12,19,1,0,0,1,0,1,0,0,0,0,1,0,0,0,0,0,0,0,0,0,1,0,0,0,0,0,0,0,0,1,0,0,0,0,0,0,0,0,0,0,1,0,0,1,0
CUST001272,Kashvi,Mody,46.0,Chennai,2019-07-16,85800.0,2019,7,16,1,0,0,0,0,0,0,1,1,0,1,0,0,0,0,0,0,0,0,0,0,0,0,0,1,0,0,0,0,0,0,0,0,0,0,1,0,0,0,1,0,0,0,1,0
CUST001273,Dalbir,Goswami,24.0,Hyderabad,2020-10-17,38900.0,2020,10,17,0,0,1,1,0,0,1,0,1,0,0,0,1,0,0,0,0,0,0,0,0,0,0,0,0,1,0,0,0,0,0,0,0,0,0,1,0,0,0,0,0,0,1,0,0
CUST001274,Rachit,Dhaliwal,34.0,Warangal,2019-12-01,50300.0,2019,12,1,0,0,1,1,0,0,1,0,0,0,0,0,1,0,0,0,0,0,0,0,0,0,0,0,0,1,0,0,0,0,0,0,0,0,0,1,0,0,0,0,0,0,1,0,0
CUST001275,Rishi,Sahota,54.0,Mumbai,2019-06-25,85700.0,2019,6,25,1,0,0,1,0,1,0,0,0,1,1,0,0,0,0,0,0,0,0,0,1,0,0,0,0,0,0,0,0,0,1,0,0,0,0,0,0,0,0,0,1,0,0,1,0
CUST001276,Ekapad,Rajagopal,40.0,Hyderabad,2019-02-10,9800.0,2019,2,10,0,0,1,1,0,1,0,0,1,0,0,0,1,0,0,0,0,0,0,0,0,0,0,0,0,1,0,0,0,0,0,0,0,0,0,0,0,1,0,1,0,0,0,0,0
CUST001277,Udyati,Grewal,68.0,Jaipur,2020-04-07,21300.0,2020,4,7,0,0,1,0,0,0,0,0,0,1,0,0,1,0,0,0,0,0,0,0,0,0,0,1,0,0,0,0,0,0,0,0,0,0,1,0,0,0,0,0,0,1,0,0,0
CUST001278,Yagnesh,Yogi,43.0,Hyderabad,2019-05-20,75600.0,2019,5,20,0,0,1,1,0,0,1,0,1,0,0,0,1,0,0,0,0,0,0,0,0,0,0,0,0,1,0,0,0,0,1,0,0,0,0,0,0,0,0,1,0,0,0,1,0
CUST001279,Gabriel,Ganesan,40.0,Ahmedabad,2020-09-20,52100.0,2020,9,20,0,0,1,1,0,1,0,0,0,0,0,0,1,0,0,0,1,0,0,0,0,0,0,0,0,0,0,0,0,0,0,0,0,0,0,1,0,0,0,1,0,0,1,0,0
CUST001280,Yash,Mani,34.0,Hyderabad,2020-12-26,125300.0,2020,12,26,1,0,0,1,0,0,1,0,1,0,1,0,0,0,0,0,0,0,0,0,0,0,0,0,0,1,0,0,0,1,0,0,0,0,0,0,0,0,0,0,0,0,0,1,0
CUST001281,Ekaraj,Grover,40.0,Hyderabad,2021-01-23,16000.0,2021,1,23,0,0,0,1,0,0,0,0,1,0,0,0,0,0,0,0,0,0,0,0,0,0,0,0,0,1,0,0,0,0,0,0,0,0,0,0,0,1,0,1,0,0,0,0,0
CUST001282,Nisha,Seshadri,36.0,Kolkata,2020-07-19,30900.0,2020,7,19,0,0,1,0,0,1,0,0,1,0,0,0,1,0,0,0,0,0,0,0,0,0,0,0,0,0,0,1,0,0,0,0,0,1,0,0,0,0,0,1,0,0,1,0,0
CUST001283,Avni,Parmer,47.0,Guwahati,2021-07-08,35100.0,2021,7,8,0,0,1,0,0,1,0,0,1,0,0,0,1,0,0,0,0,0,0,0,0,0,0,0,0,0,0,0,0,0,0,0,0,1,0,0,0,0,0,1,0,0,1,0,0
CUST001284,Aayush,Sundaram,50.0,Pune,2020-10-10,65800.0,2020,10,10,1,0,0,1,0,1,0,0,0,1,1,0,0,0,0,0,0,0,0,0,1,0,0,0,0,0,0,0,0,1,0,0,0,0,0,0,0,0,0,1,0,0,1,0,0
CUST001285,Ekanta,Hayer,28.0,Mumbai,2019-09-02,226300.0,2019,9,2,1,0,0,0,0,1,0,0,0,0,1,0,0,0,0,0,0,0,0,0,1,0,0,0,0,0,0,0,0,0,0,0,0,0,0,0,0,0,0,0,0,0,0,0,1
CUST001286,Sanaya,Tiwari,21.0,Kolkata,2023-08-17,84100.0,2023,8,17,0,0,1,0,0,1,0,0,1,0,0,0,1,0,0,0,0,0,0,0,0,0,0,0,0,0,0,1,0,0,0,0,0,0,0,1,0,0,0,0,0,0,0,1,0
CUST001287,Yug,Rege,18.0,Guwahati,2026-07-11,36200.0,2026,7,11,0,0,0,1,0,0,1,0,0,0,0,0,0,0,0,0,0,0,0,0,0,0,0,0,0,0,0,0,0,0,0,0,0,0,0,1,0,0,0,0,0,0,1,0,0
CUST001288,Xalak,Sagar,45.0,Ludhiana,2020-10-05,108800.0,2020,10,5,0,0,1,0,0,0,1,0,0,0,0,0,1,0,0,0,0,0,0,0,0,0,1,0,0,0,0,0,0,0,0,0,0,1,0,0,0,0,0,1,0,0,0,1,0
CUST001289,Vamakshi,Suresh,24.0,Chennai,2020-08-16,46800.0,2020,8,16,0,0,1,0,0,0,1,0,1,0,0,0,1,0,0,0,0,0,0,0,0,0,0,0,1,0,0,0,0,0,1,0,0,0,0,0,0,0,0,0,0,0,1,0,0
CUST001290,Geetika,Butala,18.0,Chennai,2026-07-11,8600.0,2026,7,11,0,0,0,0,0,0,1,0,1,0,0,0,0,0,0,0,0,0,0,0,0,0,0,0,1,0,0,0,0,0,0,0,0,0,0,0,0,1,0,0,0,0,0,0,0
CUST001291,Amruta,Kannan,43.0,Howrah,2020-05-15,70100.0,2020,5,15,0,0,1,0,0,1,0,0,0,1,0,0,1,0,0,0,0,0,0,0,0,0,0,0,0,0,0,1,0,0,0,0,0,0,0,0,0,0,1,1,0,0,0,1,0
CUST001292,Madhav,Bali,70.0,Kolkata,2019-06-27,11800.0,2019,6,27,0,0,0,1,0,1,0,0,1,0,0,0,0,0,0,0,0,0,0,0,0,0,0,0,0,0,0,1,0,0,0,1,0,0,0,0,0,0,0,0,0,1,0,0,0
CUST001293,Mahika,Kar,38.0,Howrah,2021-08-06,136700.0,2021,8,6,1,0,0,0,0,1,0,0,0,0,1,0,0,0,0,0,0,0,0,0,0,0,0,0,0,0,0,1,0,1,0,0,0,0,0,0,0,0,0,1,0,0,0,0,1
CUST001294,Mitali,Ganguly,49.0,Bhopal,2020-10-17,289800.0,2020,10,17,1,0,0,0,0,0,1,0,1,0,1,0,0,0,0,0,0,0,0,1,0,0,0,0,0,0,0,0,0,0,0,0,0,0,0,0,0,0,0,1,0,0,0,0,1
CUST001295,Veer,Tandon,39.0,Vadodara,2021-03-13,166100.0,2021,3,13,1,0,0,1,0,1,0,0,1,0,1,0,0,0,0,0,1,0,0,0,0,0,0,0,0,0,0,0,0,0,0,0,1,0,0,0,0,0,0,1,0,0,0,0,1
CUST001296,Yashodhara,Chowdhury,37.0,Chennai,2021-03-29,16000.0,2021,3,29,0,0,0,0,0,1,0,0,0,0,0,0,0,0,0,0,0,0,0,0,0,0,0,0,1,0,0,0,0,0,0,0,0,0,0,0,0,1,0,1,0,0,0,0,0
CUST001297,Dakshesh,Loyal,50.0,Chennai,2018-09-30,17500.0,2018,9,30,0,0,1,1,0,0,0,1,1,0,0,0,1,0,0,0,0,0,0,0,0,0,0,0,1,0,0,0,0,0,0,0,0,0,0,0,0,0,0,1,0,0,0,0,0
CUST001298,Jeevika,Barman,34.0,Howrah,2020-06-30,79800.0,2020,6,30,0,0,1,0,1,0,0,0,0,0,0,0,1,0,0,0,0,0,0,0,0,0,0,0,0,0,0,1,0,1,0,0,0,0,0,0,0,0,0,0,0,0,0,1,0
CUST001299,Urvi,Kamdar,41.0,Chennai,2020-01-17,390200.0,2020,1,17,1,0,0,0,0,1,0,0,0,0,1,0,0,0,0,0,0,0,0,0,0,0,0,0,1,0,0,0,0,0,0,0,0,0,0,0,0,0,0,1,0,0,0,0,1
CUST001300,Simon,Chaudry,42.0,Chennai,2019-06-04,31800.0,2019,6,4,0,0,1,1,0,1,0,0,1,0,0,0,1,0,0,0,0,0,0,0,0,0,0,0,1,0,0,0,0,0,0,0,0,1,0,0,0,0,0,1,0,0,1,0,0
CUST001301,Jatin,Mishra,29.0,Mumbai,2021-06-25,65800.0,2021,6,25,1,0,0,1,0,1,0,0,0,0,1,0,0,0,0,0,0,0,0,0,1,0,0,0,0,0,0,0,0,0,0,0,0,0,0,0,0,0,0,0,0,0,1,0,0
CUST001302,Anamika,Sengupta,38.0,Delhi,2020-11-25,246800.0,2020,11,25,1,0,0,0,0,1,0,0,0,1,1,0,0,0,0,1,0,0,0,0,0,0,0,0,0,0,0,0,0,0,0,0,0,0,0,0,1,0,0,1,0,0,0,0,1
CUST001303,Karan,Pall,38.0,Chennai,2019-02-16,156300.0,2019,2,16,1,0,0,1,0,1,0,0,0,1,1,0,0,0,0,0,0,0,0,0,0,0,0,0,1,0,0,0,0,0,0,0,1,0,0,0,0,0,0,1,0,0,0,0,1
CUST001304,Caleb,Sarna,28.0,Kanpur,2019-01-15,120100.0,2019,1,15,1,0,0,1,0,0,1,0,1,0,1,0,0,0,0,0,0,0,0,0,0,0,0,0,0,0,1,0,0,0,0,0,0,0,0,0,0,0,0,0,0,0,0,1,0
CUST001305,Daniel,Khalsa,45.0,Bengaluru,2020-07-04,147600.0,2020,7,4,1,0,0,1,0,1,0,0,1,0,1,0,0,0,0,0,0,1,0,0,0,0,0,0,0,0,0,0,0,0,0,0,1,0,0,0,0,0,0,1,0,0,0,0,1
CUST001306,Henry,Panchal,26.0,Chennai,2020-07-01,180600.0,2020,7,1,1,0,0,1,0,1,0,0,1,0,1,0,0,0,0,0,0,0,0,0,0,0,0,0,1,0,0,0,1,0,0,0,0,0,0,0,0,0,0,0,0,0,0,0,1
CUST001307,Tanish,Gandhi,38.0,Mysuru,2019-05-10,93000.0,2019,5,10,0,0,1,1,0,0,1,0,1,0,0,0,1,0,0,0,0,1,0,0,0,0,0,0,0,0,0,0,0,0,0,0,0,0,0,0,1,0,0,1,0,0,0,1,0
CUST001308,Ekaraj,Jhaveri,38.0,Pune,2020-09-27,28900.0,2020,9,27,0,0,0,1,0,0,1,0,0,1,0,0,0,0,0,0,0,0,0,0,1,0,0,0,0,0,0,0,0,0,0,0,0,0,1,0,0,0,0,1,0,0,1,0,0
CUST001309,Harshil,Bhargava,52.0,Bhubaneswar,2021-04-10,53600.0,2021,4,10,0,0,1,1,0,1,0,0,0,0,0,0,1,0,0,0,0,0,0,0,0,1,0,0,0,0,0,0,0,0,0,0,0,0,0,0,0,0,1,0,1,0,1,0,0
CUST001310,Pushti,Walia,44.0,Chandigarh,2020-11-07,120300.0,2020,11,7,1,0,0,0,0,0,1,0,0,1,1,0,0,0,1,0,0,0,0,0,0,0,0,0,0,0,0,0,0,0,0,0,1,0,0,0,0,0,0,1,0,0,0,1,0
CUST001311,Meera,Yohannan,38.0,Pune,2020-06-18,23500.0,2020,6,18,0,0,1,0,0,0,0,0,1,0,0,0,1,0,0,0,0,0,0,0,1,0,0,0,0,0,0,0,0,0,0,0,0,1,0,0,0,0,0,1,0,0,0,0,0
CUST001312,Frado,Naik,49.0,Ahmedabad,2021-06-20,35400.0,2021,6,20,0,0,1,1,0,1,0,0,0,0,0,0,1,0,0,0,1,0,0,0,0,0,0,0,0,0,0,0,0,0,0,0,0,1,0,0,0,0,0,1,0,0,1,0,0
CUST001313,Madhav,Mann,38.0,Mysuru,2020-03-10,434100.0,2020,3,10,0,1,0,1,0,1,0,0,0,1,0,1,0,0,0,0,0,1,0,0,0,0,0,0,0,0,0,0,0,0,0,0,0,0,0,0,0,0,0,1,0,0,0,0,1
CUST001314,Lila,Varkey,45.0,Ludhiana,2019-05-28,79800.0,2019,5,28,0,0,1,0,0,1,0,0,0,1,0,0,1,0,0,0,0,0,0,0,0,0,1,0,0,0,0,0,0,0,0,0,0,0,0,1,0,0,0,1,0,0,0,1,0
CUST001315,Champak,Deshmukh,38.0,Bengaluru,2020-01-31,89900.0,2020,1,31,0,0,1,1,0,0,1,0,0,1,0,0,1,0,0,0,0,1,0,0,0,0,0,0,0,0,0,0,0,0,0,0,1,0,0,0,0,0,0,1,0,0,0,1,0
CUST001316,Samesh,Bhargava,21.0,Delhi,2023-08-17,10600.0,2023,8,17,0,0,0,1,0,0,1,0,0,0,0,0,0,0,0,1,0,0,0,0,0,0,0,0,0,0,0,0,0,0,0,0,0,0,0,0,0,1,0,0,0,0,0,0,0
CUST001317,Lakshit,Date,24.0,Kolkata,2020-08-16,61900.0,2020,8,16,0,0,1,1,0,0,1,0,0,0,0,0,1,0,0,0,0,0,0,0,0,0,0,0,0,0,0,1,0,0,1,0,0,0,0,0,0,0,0,0,0,0,1,0,0
CUST001318,Ekaja,Krish,38.0,Varanasi,2019-07-01,83000.0,2019,7,1,1,0,0,0,0,1,0,0,0,1,1,0,0,0,0,0,0,0,0,0,0,0,0,0,0,0,1,0,0,0,0,0,1,0,0,0,0,0,0,1,0,0,0,1,0
CUST001319,Eta,Nagy,30.0,Delhi,2021-06-14,57600.0,2021,6,14,0,0,1,0,0,1,0,0,0,0,0,0,1,0,0,1,0,0,0,0,0,0,0,0,0,0,0,0,0,0,1,0,0,0,0,0,0,0,0,0,0,0,1,0,0
CUST001320,Krishna,Ramaswamy,36.0,Ahmedabad,2021-06-12,77200.0,2021,6,12,0,0,1,0,0,0,1,0,0,1,0,0,1,0,0,0,1,0,0,0,0,0,0,0,0,0,0,0,0,0,1,0,0,0,0,0,0,0,0,1,0,0,0,1,0
CUST001321,Wishi,Dhar,39.0,Mumbai,2020-07-06,381500.0,2020,7,6,1,0,0,0,0,1,0,0,1,0,1,0,0,0,0,0,0,0,0,0,1,0,0,0,0,0,0,0,0,0,0,0,0,0,0,0,0,0,0,1,0,0,0,0,1
CUST001322,Lipika,Sachdeva,45.0,Kochi,2021-01-15,9700.0,2021,1,15,0,0,0,0,0,1,0,0,0,0,0,0,0,0,0,0,0,0,1,0,0,0,0,0,0,0,0,0,0,0,0,0,0,0,0,0,0,1,0,1,0,0,0,0,0
CUST001323,Raghav,Seth,37.0,Pune,2018-10-27,126500.0,2018,10,27,1,0,0,1,0,0,1,0,1,0,1,0,0,0,0,0,0,0,0,0,1,0,0,0,0,0,0,0,0,1,0,0,0,0,0,0,0,0,0,1,0,0,0,1,0
CUST001324,Bishakha,Chander,44.0,Kochi,2019-11-18,185000.0,2019,11,18,0,1,0,0,0,1,0,0,0,1,0,1,0,0,0,0,0,0,1,0,0,0,0,0,0,0,0,0,0,0,0,0,0,0,0,0,1,0,0,1,0,0,0,0,1
CUST001325,Saksham,Varma,39.0,Chennai,2020-10-05,63000.0,2020,10,5,0,0,1,1,0,0,0,0,0,1,0,0,1,0,0,0,0,0,0,0,0,0,0,0,1,0,0,0,0,0,1,0,0,0,0,0,0,0,0,1,0,0,1,0,0
CUST001326,Maya,Pillay,18.0,Chennai,2026-07-11,20100.0,2026,7,11,0,0,0,0,0,0,1,0,1,0,0,0,0,0,0,0,0,0,0,0,0,0,0,0,1,0,0,0,0,0,0,0,0,1,0,0,0,0,0,0,0,0,0,0,0
CUST001327,Vasana,Sura,26.0,Amritsar,2020-07-01,98100.0,2020,7,1,0,0,1,0,0,1,0,0,0,0,0,0,1,0,0,0,0,0,0,0,0,0,1,0,0,0,0,0,1,0,0,0,0,0,0,0,0,0,0,0,0,0,0,1,0
CUST001328,Omisha,Agate,36.0,Ludhiana,2021-03-24,253900.0,2021,3,24,0,1,0,0,0,1,0,0,1,0,0,1,0,0,0,0,0,0,0,0,0,0,1,0,0,0,0,0,1,0,0,0,0,0,0,0,0,0,0,1,0,0,0,0,1
CUST001329,Chakradhar,Shanker,22.0,Ahmedabad,2022-08-17,10900.0,2022,8,17,0,0,0,1,0,0,1,0,0,0,0,0,0,0,0,0,1,0,0,0,0,0,0,0,0,0,0,0,0,0,0,0,0,0,0,0,0,1,0,0,0,0,0,0,0
CUST001330,Praneel,Bhatnagar,46.0,Pune,2019-09-12,65800.0,2019,9,12,0,0,1,1,0,1,0,0,0,0,0,0,1,0,0,0,0,0,0,0,1,0,0,0,0,0,0,0,0,0,0,0,0,0,0,0,0,0,1,1,0,0,1,0,0
CUST001331,Sneha,Kamdar,58.0,Chennai,2021-06-20,159200.0,2021,6,20,0,0,1,0,0,1,0,0,0,1,0,0,1,0,0,0,0,0,0,0,0,0,0,0,1,0,0,0,0,0,0,0,0,0,0,0,1,0,0,0,1,0,0,0,1
CUST001332,Upadhriti,Kakar,54.0,Coimbatore,2020-10-21,186200.0,2020,10,21,1,0,0,0,0,0,0,0,1,0,1,0,0,0,0,0,0,0,0,0,0,0,0,0,1,0,0,0,0,0,0,0,0,0,0,0,1,0,0,0,1,0,0,0,1
CUST001333,Yachana,Loyal,35.0,Chennai,2020-12-31,55300.0,2020,12,31,0,0,1,0,0,0,1,0,1,0,0,0,1,0,0,0,0,0,0,0,0,0,0,0,1,0,0,0,0,0,0,0,0,0,0,0,0,0,1,0,0,0,1,0,0
CUST001334,Neel,Mander,57.0,Kolkata,2021-01-08,37400.0,2021,1,8,0,0,1,1,0,1,0,0,0,0,0,0,1,0,0,0,0,0,0,0,0,0,0,0,0,0,0,1,0,0,0,0,0,1,0,0,0,0,0,0,1,0,1,0,0
CUST001335,Pahal,De,38.0,Mumbai,2019-07-30,14300.0,2019,7,30,0,0,0,0,0,0,0,1,1,0,0,0,0,0,0,0,0,0,0,0,1,0,0,0,0,0,0,0,0,0,0,0,0,0,0,0,0,1,0,1,0,0,0,0,0
CUST001336,Watika,Oza,34.0,Ahmedabad,2019-02-23,12900.0,2019,2,23,0,0,1,0,0,1,0,0,0,0,0,0,1,0,0,0,1,0,0,0,0,0,0,0,0,0,0,0,0,0,0,0,0,0,0,0,0,1,0,0,0,0,0,0,0
CUST001337,Arunima,Batra,30.0,Ahmedabad,2019-06-24,122500.0,2019,6,24,1,0,0,0,0,0,1,0,0,1,1,0,0,0,0,0,1,0,0,0,0,0,0,0,0,0,0,0,0,1,0,0,0,0,0,0,0,0,0,0,0,0,0,1,0
CUST001338,Chavvi,Sharaf,34.0,Pune,2019-09-09,12700.0,2019,9,9,0,0,0,0,0,1,0,0,1,0,0,0,0,0,0,0,0,0,0,0,1,0,0,0,0,0,0,0,0,0,0,0,0,0,0,0,0,0,0,0,0,0,0,0,0
CUST001339,Adweta,Dash,33.0,Kolkata,2018-11-16,33800.0,2018,11,16,0,0,1,0,0,1,0,0,0,0,0,0,1,0,0,0,0,0,0,0,0,0,0,0,0,0,0,1,0,0,0,0,0,0,0,0,0,0,1,0,0,0,1,0,0
CUST001340,Gaurangi,Sastry,40.0,Kolkata,2021-06-13,224100.0,2021,6,13,1,0,0,0,0,1,0,0,0,0,1,0,0,0,0,0,0,0,0,0,0,0,0,0,0,0,0,1,0,0,0,0,0,0,0,0,1,0,0,1,0,0,0,0,1
CUST001341,Vasatika,Acharya,40.0,Ahmedabad,2021-02-14,52300.0,2021,2,14,0,0,1,0,0,1,0,0,0,0,0,0,1,0,0,0,1,0,0,0,0,0,0,0,0,0,0,0,0,0,1,0,0,0,0,0,0,0,0,1,0,0,1,0,0
CUST001342,Upadhriti,Jain,38.0,Pune,2020-05-19,88000.0,2020,5,19,0,0,1,0,0,0,1,0,0,0,0,0,1,0,0,0,0,0,0,0,1,0,0,0,0,0,0,0,0,0,0,0,0,0,0,0,1,0,0,1,0,0,0,1,0
CUST001343,Dominic,Mittal,44.0,Kolkata,2020-07-04,397200.0,2020,7,4,0,1,0,1,0,1,0,0,0,1,0,1,0,0,0,0,0,0,0,0,0,0,0,0,0,0,0,1,0,0,0,0,0,0,0,0,0,0,0,1,0,0,0,0,1
CUST001344,Fariq,Mahal,53.0,Bengaluru,2020-05-15,77100.0,2020,5,15,1,0,0,1,0,1,0,0,0,1,1,0,0,0,0,0,0,1,0,0,0,0,0,0,0,0,0,0,0,0,1,0,0,0,0,0,0,0,0,0,1,0,0,1,0
CUST001345,Charita,Patel,50.0,Chennai,2021-01-02,273400.0,2021,1,2,1,0,0,0,0,0,0,0,0,1,1,0,0,0,0,0,0,0,0,0,0,0,0,0,1,0,0,0,0,0,0,0,0,0,0,0,0,0,0,1,0,0,0,0,1
CUST001346,Ladli,Butala,19.0,Udaipur,2025-08-16,65800.0,2025,8,16,0,0,0,0,0,0,1,0,0,0,0,0,0,0,0,0,0,0,0,0,0,0,0,1,0,0,0,0,0,0,0,0,0,1,0,0,0,0,0,0,0,0,1,0,0
CUST001347,Ria,Gandhi,18.0,Ahmedabad,2026-07-11,4800.0,2026,7,11,0,0,0,0,0,0,1,0,1,0,0,0,0,0,0,0,1,0,0,0,0,0,0,0,0,0,0,0,0,0,0,0,0,0,0,0,0,1,0,0,0,0,0,0,0
CUST001348,Atharv,Randhawa,50.0,Pune,2018-11-03,36600.0,2018,11,3,0,0,1,1,0,1,0,0,0,1,0,0,1,0,0,0,0,0,0,0,1,0,0,0,0,0,0,0,0,0,0,0,0,1,0,0,0,0,0,1,0,0,1,0,0
CUST001349,Michael,Kaur,20.0,Kolkata,2024-08-16,13300.0,2024,8,16,0,0,0,1,0,0,1,0,0,0,0,0,0,0,0,0,0,0,0,0,0,0,0,0,0,0,0,1,0,0,0,0,0,0,0,0,0,1,0,0,0,0,0,0,0
CUST001350,Upadhriti,Chand,35.0,Bhubaneswar,2021-06-30,59600.0,2021,6,30,0,0,1,0,0,1,0,0,1,0,0,0,1,0,0,0,0,0,0,0,0,1,0,0,0,0,0,0,0,0,0,0,0,0,0,1,0,0,0,0,0,0,1,0,0
CUST001351,Charvi,Agarwal,23.0,Nagpur,2021-08-16,100600.0,2021,8,16,0,0,1,0,0,0,1,0,0,0,0,0,1,0,0,0,0,0,0,0,1,0,0,0,0,0,0,0,0,1,0,0,0,0,0,0,0,0,0,0,0,0,0,1,0
CUST001352,Hredhaan,Sood,18.0,Chandigarh,2026-07-11,5300.0,2026,7,11,0,0,0,1,0,0,1,0,0,0,0,0,0,0,1,0,0,0,0,0,0,0,0,0,0,0,0,0,0,0,0,0,0,0,0,0,0,1,0,0,0,0,0,0,0
CUST001353,Balvan,Deo,45.0,Ahmedabad,2020-11-21,202700.0,2020,11,21,1,0,0,1,0,1,0,0,0,1,1,0,0,0,0,0,1,0,0,0,0,0,0,0,0,0,0,0,1,0,0,0,0,0,0,0,0,0,0,1,0,0,0,0,1
CUST001354,Jeevika,Venkataraman,48.0,Udaipur,2020-08-26,171400.0,2020,8,26,1,0,0,0,0,1,0,0,0,1,1,0,0,0,0,0,0,0,0,0,0,0,0,1,0,0,0,0,0,0,0,0,1,0,0,0,0,0,0,1,0,0,0,0,1
CUST001355,Tristan,Andra,31.0,Bengaluru,2019-06-15,65800.0,2019,6,15,1,0,0,1,0,1,0,0,1,0,1,0,0,0,0,0,0,1,0,0,0,0,0,0,0,0,0,0,0,1,0,0,0,0,0,0,0,0,0,0,0,0,1,0,0
CUST001356,Aarna,Oza,18.0,Bengaluru,2026-07-11,22600.0,2026,7,11,0,0,0,0,0,0,0,0,1,0,0,0,0,0,0,0,0,1,0,0,0,0,0,0,0,0,0,0,0,0,0,0,0,1,0,0,0,0,0,0,0,0,0,0,0
CUST001357,Darpan,Sami,31.0,Patna,2019-11-11,116700.0,2019,11,11,1,0,0,1,0,1,0,0,1,0,1,0,0,1,0,0,0,0,0,0,0,0,0,0,0,0,0,0,0,0,0,0,1,0,0,0,0,0,0,0,0,0,0,1,0
CUST001358,Ekaja,Sridhar,43.0,Hyderabad,2020-08-28,139700.0,2020,8,28,1,0,0,0,0,0,0,0,1,0,1,0,0,0,0,0,0,0,0,0,0,0,0,0,0,1,0,0,0,0,0,0,0,0,0,0,1,0,0,1,0,0,0,0,1
CUST001359,Bimala,Karnik,19.0,Mumbai,2025-08-16,16400.0,2025,8,16,0,0,0,0,0,0,1,0,1,0,0,0,0,0,0,0,0,0,0,0,1,0,0,0,0,0,0,0,0,0,0,0,0,1,0,0,0,0,0,0,0,0,0,0,0
CUST001360,Sanaya,Chakraborty,40.0,Kolkata,2021-04-02,96900.0,2021,4,2,0,0,1,0,0,0,0,0,0,1,0,0,1,0,0,0,0,0,0,0,0,0,0,0,0,0,0,1,0,1,0,0,0,0,0,0,0,0,0,1,0,0,0,1,0
CUST001361,Charan,Chauhan,38.0,Pune,2018-10-29,35600.0,2018,10,29,0,0,1,1,0,0,1,0,1,0,0,0,1,0,0,0,0,0,0,0,1,0,0,0,0,0,0,0,0,0,0,0,0,1,0,0,0,0,0,1,0,0,1,0,0
CUST001362,Nirja,Pillai,46.0,Jodhpur,2019-09-17,241900.0,2019,9,17,0,1,0,0,0,0,0,0,1,0,0,1,0,0,0,0,0,0,0,0,0,0,0,1,0,0,0,0,0,0,0,0,0,0,0,0,1,0,0,1,0,0,0,0,1
CUST001363,Mason,Devan,40.0,Howrah,2021-07-18,88400.0,2021,7,18,0,0,1,1,0,1,0,0,1,0,0,0,1,0,0,0,0,0,0,0,0,0,0,0,0,0,0,1,0,0,0,0,0,0,0,1,0,0,0,1,0,0,0,1,0
CUST001364,Rayaan,Deol,25.0,Bhopal,2019-08-21,65800.0,2019,8,21,0,0,1,1,0,0,0,0,0,0,0,0,1,0,0,0,0,0,0,1,0,0,0,0,0,0,0,0,0,0,0,0,0,1,0,0,0,0,0,0,0,0,1,0,0
CUST001365,Luke,Biswas,54.0,Jodhpur,2020-04-13,198100.0,2020,4,13,1,0,0,0,1,0,1,0,0,1,1,0,0,0,0,0,0,0,0,0,0,0,0,1,0,0,0,0,0,0,0,0,1,0,0,0,0,0,0,0,1,0,0,0,1
CUST001366,Zilmil,Anand,36.0,Pune,2018-09-16,81300.0,2018,9,16,1,0,0,0,0,1,0,0,1,0,1,0,0,0,0,0,0,0,0,0,1,0,0,0,0,0,0,0,0,0,1,0,0,0,0,0,0,0,0,1,0,0,0,1,0
CUST001367,Gayathri,Sarraf,38.0,Hyderabad,2019-03-03,131900.0,2019,3,3,1,0,0,0,0,1,0,0,0,1,1,0,0,0,0,0,0,0,0,0,0,0,0,0,0,1,0,0,0,0,0,0,0,0,0,0,1,0,0,1,0,0,0,1,0
CUST001368,Parth,Kala,26.0,Udaipur,2021-02-10,180900.0,2021,2,10,1,0,0,1,0,0,0,1,1,0,1,0,0,0,0,0,0,0,0,0,0,0,0,1,0,0,0,0,0,0,0,0,0,0,0,0,0,0,0,0,0,0,0,0,1
CUST001369,Faqid,Sabharwal,32.0,Hyderabad,2019-06-19,20900.0,2019,6,19,0,0,1,1,0,1,0,0,0,1,0,0,1,0,0,0,0,0,0,0,0,0,0,0,0,1,0,0,0,0,0,0,0,1,0,0,0,0,0,0,0,0,0,0,0
CUST001370,Timothy,Kalla,26.0,Amritsar,2020-03-02,76500.0,2020,3,2,0,0,1,1,0,1,0,0,1,0,0,0,1,0,0,0,0,0,0,0,0,0,1,0,0,0,0,0,0,0,0,0,0,0,0,1,0,0,0,0,0,0,0,1,0
CUST001371,Chameli,Chaudhry,36.0,Surat,2021-01-23,65800.0,2021,1,23,0,0,0,0,0,1,0,0,1,0,0,0,0,0,0,0,1,0,0,0,0,0,0,0,0,0,0,0,0,0,0,0,0,1,0,0,0,0,0,1,0,0,1,0,0
CUST001372,Ekiya,Dasgupta,60.0,Mumbai,2019-07-13,153600.0,2019,7,13,1,0,0,0,0,1,0,0,1,0,1,0,0,0,0,0,0,0,0,0,1,0,0,0,0,0,0,0,0,0,0,0,0,0,0,0,1,0,0,0,1,0,0,0,1
CUST001373,Sanaya,Panchal,20.0,Indore,2024-08-16,8100.0,2024,8,16,0,0,0,0,0,0,1,0,0,0,0,0,0,0,0,0,0,0,0,1,0,0,0,0,0,0,0,0,0,0,0,0,0,0,0,0,0,1,0,0,0,0,0,0,0
CUST001374,Upadhriti,Murty,18.0,Pune,2026-07-11,12000.0,2026,7,11,0,0,0,0,0,0,1,0,0,0,0,0,0,0,0,0,0,0,0,0,1,0,0,0,0,0,0,0,0,0,0,0,0,0,0,0,0,1,0,0,0,0,0,0,0
CUST001375,Ekaraj,Kota,57.0,Pune,2019-09-08,38800.0,2019,9,8,0,0,1,1,0,1,0,0,1,0,0,0,1,0,0,0,0,0,0,0,1,0,0,0,0,0,0,0,0,0,0,0,0,1,0,0,0,0,0,0,1,0,1,0,0
CUST001376,Lakshit,Chad,35.0,Surat,2019-09-20,27300.0,2019,9,20,0,0,1,1,0,1,0,0,0,1,0,0,1,0,0,0,1,0,0,0,0,0,0,0,0,0,0,0,0,0,0,0,0,1,0,0,0,0,0,0,0,0,1,0,0
CUST001377,Jeet,Mane,29.0,Bhopal,2021-03-11,141800.0,2021,3,11,0,0,1,1,0,1,0,0,0,0,0,0,1,0,0,0,0,0,0,1,0,0,0,0,0,0,0,0,1,0,0,0,0,0,0,0,0,0,0,0,0,0,0,0,1
CUST001378,Agastya,Mitra,38.0,Coimbatore,2020-07-30,102700.0,2020,7,30,1,0,0,1,0,0,0,0,1,0,1,0,0,0,0,0,0,0,0,0,0,0,0,0,1,0,0,0,0,1,0,0,0,0,0,0,0,0,0,1,0,0,0,1,0
CUST001379,Harshil,Vasa,30.0,Bengaluru,2019-11-13,30000.0,2019,11,13,0,0,1,1,0,0,1,0,0,1,0,0,1,0,0,0,0,1,0,0,0,0,0,0,0,0,0,0,0,0,0,0,0,1,0,0,0,0,0,0,0,0,1,0,0
CUST001380,Yashoda,Gulati,62.0,Mysuru,2021-03-17,58000.0,2021,3,17,0,0,1,0,0,1,0,0,0,1,0,0,1,0,0,0,0,1,0,0,0,0,0,0,0,0,0,0,0,0,0,0,0,0,1,0,0,0,0,0,1,0,1,0,0
CUST001381,Rohan,Merchant,47.0,Mysuru,2019-01-25,17900.0,2019,1,25,0,0,1,1,0,1,0,0,1,0,0,0,1,0,0,0,0,1,0,0,0,0,0,0,0,0,0,0,0,0,0,0,0,0,0,0,0,1,0,1,0,0,0,0,0
CUST001382,Avni,Khatri,32.0,Bengaluru,2021-07-17,289400.0,2021,7,17,1,0,0,0,0,0,1,0,1,0,1,0,0,0,0,0,0,1,0,0,0,0,0,0,0,0,0,0,0,0,0,0,0,0,0,0,0,0,0,0,0,0,0,0,1
CUST001383,Yug,Raju,66.0,Delhi,2021-04-26,358000.0,2021,4,26,1,0,0,1,0,1,0,0,1,0,1,0,0,0,0,1,0,0,0,0,0,0,0,0,0,0,0,0,0,0,0,0,0,0,0,0,0,0,0,0,0,1,0,0,1
CUST001384,Isaiah,Khosla,30.0,Kolkata,2021-04-11,10400.0,2021,4,11,0,0,0,0,1,1,0,0,0,1,0,0,0,0,0,0,0,0,0,0,0,0,0,0,0,0,0,1,0,0,0,0,0,0,0,0,0,1,0,0,0,0,0,0,0
CUST001385,Yahvi,Bobal,48.0,Patna,2020-01-16,207500.0,2020,1,16,1,0,0,0,0,1,0,0,1,0,1,0,0,1,0,0,0,0,0,0,0,0,0,0,0,0,0,0,0,1,0,0,0,0,0,0,0,0,0,1,0,0,0,0,1
CUST001386,Zarna,Arora,42.0,Bengaluru,2019-10-07,14700.0,2019,10,7,0,0,0,0,0,1,0,0,0,1,0,0,0,0,0,0,0,1,0,0,0,0,0,0,0,0,0,0,0,0,0,0,0,0,0,0,0,1,0,1,0,0,0,0,0
CUST001387,Pranit,Nadig,55.0,Delhi,2020-05-31,111000.0,2020,5,31,0,0,1,1,0,1,0,0,0,1,0,0,1,0,0,1,0,0,0,0,0,0,0,0,0,0,0,0,0,0,0,0,0,0,0,1,0,0,0,0,1,0,0,1,0
CUST001388,Ekaja,Ram,58.0,Varanasi,2020-10-04,127200.0,2020,10,4,0,0,1,0,0,1,0,0,0,1,0,0,1,0,0,0,0,0,0,0,0,0,0,0,0,0,1,0,0,0,0,0,0,0,0,1,0,0,0,0,1,0,0,1,0
CUST001389,Ucchal,Pau,38.0,Vadodara,2019-03-13,410800.0,2019,3,13,0,1,0,0,0,1,0,0,0,0,0,1,0,0,0,0,1,0,0,0,0,0,0,0,0,0,0,0,0,0,0,0,0,0,0,0,0,0,0,1,0,0,0,0,1
CUST001390,Gabriel,Sinha,28.0,Thiruvananthapuram,2021-06-02,68400.0,2021,6,2,0,0,1,1,0,1,0,0,0,0,0,0,1,0,0,0,0,0,1,0,0,0,0,0,0,0,0,0,0,0,0,0,0,0,0,1,0,0,0,0,0,0,0,1,0
CUST001391,Balhaar,Badal,44.0,Nagpur,2020-10-13,203400.0,2020,10,13,1,0,0,1,0,1,0,0,1,0,1,0,0,0,0,0,0,0,0,0,1,0,0,0,0,0,0,0,0,0,0,0,0,0,0,0,1,0,0,1,0,0,0,0,1
CUST001392,Bahadurjit,Atwal,29.0,Pune,2021-07-04,122300.0,2021,7,4,0,0,1,1,0,0,1,0,0,0,0,0,1,0,0,0,0,0,0,0,1,0,0,0,0,0,0,0,0,0,0,0,0,0,0,0,1,0,0,0,0,0,0,1,0
CUST001393,Lekha,Kale,64.0,Madurai,2021-08-01,611100.0,2021,8,1,1,0,0,0,0,1,0,0,0,1,1,0,0,0,0,0,0,0,0,0,0,0,0,0,1,0,0,0,0,0,0,0,0,0,0,0,0,0,0,0,1,0,0,0,1
CUST001394,Anusha,Bhasin,40.0,Kolkata,2020-07-25,62200.0,2020,7,25,1,0,0,0,0,1,0,0,0,1,1,0,0,0,0,0,0,0,0,0,0,0,0,0,0,0,0,1,0,0,1,0,0,0,0,0,0,0,0,1,0,0,1,0,0
CUST001395,Sneha,Toor,33.0,Chennai,2021-01-15,27900.0,2021,1,15,0,0,0,0,0,1,0,0,0,0,0,0,0,0,0,0,0,0,0,0,0,0,0,0,1,0,0,0,0,0,0,0,0,1,0,0,0,0,0,0,0,0,1,0,0
CUST001396,Luke,Thaker,40.0,Kolkata,2020-10-26,46000.0,2020,10,26,0,0,1,1,0,1,0,0,0,0,0,0,1,0,0,0,0,0,0,0,0,0,0,0,0,0,0,1,0,0,0,0,0,0,0,0,0,0,1,1,0,0,1,0,0
CUST001397,Sarthak,Sampath,20.0,Delhi,2024-08-16,17200.0,2024,8,16,0,0,0,1,0,1,0,0,0,0,0,0,0,0,0,1,0,0,0,0,0,0,0,0,0,0,0,0,0,0,0,0,0,1,0,0,0,0,0,0,0,0,0,0,0
CUST001398,Suhani,Butala,25.0,Chennai,2021-02-19,24500.0,2021,2,19,0,0,0,0,0,0,1,0,0,0,0,0,0,0,0,0,0,0,0,0,0,0,0,0,1,0,0,0,0,0,0,0,0,1,0,0,0,0,0,0,0,0,0,0,0
CUST001399,Faraj,Mall,54.0,Ahmedabad,2019-04-14,83500.0,2019,4,14,1,0,0,1,0,1,0,0,0,0,1,0,0,0,0,0,1,0,0,0,0,0,0,0,0,0,0,0,0,0,1,0,0,0,0,0,0,0,0,0,1,0,0,1,0
CUST001400,Chakrika,Mukherjee,29.0,Warangal,2019-08-08,134100.0,2019,8,8,1,0,0,0,0,0,1,0,0,0,1,0,0,0,0,0,0,0,0,0,0,0,0,0,0,1,0,0,0,0,0,0,1,0,0,0,0,0,0,0,0,0,0,0,1
CUST001401,Chaaya,Vaidya,24.0,Ahmedabad,2020-08-24,46400.0,2020,8,24,0,0,1,1,0,0,1,0,1,0,0,0,1,0,0,0,1,0,0,0,0,0,0,0,0,0,0,0,0,0,1,0,0,0,0,0,0,0,0,0,0,0,1,0,0
CUST001402,Harsh,Dugal,45.0,Chennai,2019-12-26,65800.0,2019,12,26,1,0,0,1,0,1,0,0,1,0,1,0,0,0,0,0,0,0,0,0,0,0,0,0,1,0,0,0,0,1,0,0,0,0,0,0,0,0,0,1,0,0,1,0,0
CUST001403,Omisha,Raman,53.0,Bengaluru,2020-04-16,87800.0,2020,4,16,0,0,1,0,0,0,1,0,0,1,0,0,1,0,0,0,0,1,0,0,0,0,0,0,0,0,0,0,0,0,0,0,0,0,0,1,0,0,0,0,1,0,0,1,0
CUST001404,Bachittar,Mukherjee,47.0,Bengaluru,2021-03-29,164200.0,2021,3,29,1,0,0,1,0,0,0,0,1,0,1,0,0,0,0,0,0,1,0,0,0,0,0,0,0,0,0,0,0,0,0,0,0,0,0,0,0,0,0,1,0,0,0,0,1
CUST001405,Urmi,Khare,51.0,Hyderabad,2018-11-26,334300.0,2018,11,26,0,1,0,0,0,1,0,0,0,1,0,1,0,0,0,0,0,0,0,0,0,0,0,0,0,1,0,0,1,0,0,0,0,0,0,0,0,0,0,0,1,0,0,0,1
CUST001406,Ayush,Konda,28.0,Mumbai,2019-12-01,94500.0,2019,12,1,1,0,0,1,0,0,1,0,0,0,1,0,0,0,0,0,0,0,0,0,1,0,0,0,0,0,0,0,0,1,0,0,0,0,0,0,0,0,0,0,0,0,0,1,0
CUST001407,Chameli,Saraf,20.0,Ahmedabad,2024-08-16,11900.0,2024,8,16,0,0,0,0,0,0,1,0,0,0,0,0,0,0,0,0,1,0,0,0,0,0,0,0,0,0,0,0,0,0,0,0,0,0,0,0,0,1,0,0,0,0,0,0,0
CUST001408,Dalbir,Setty,58.0,Varanasi,2019-02-26,38200.0,2019,2,26,0,0,1,1,0,1,0,0,0,1,0,0,1,0,0,0,0,0,0,0,0,0,0,0,0,0,1,0,0,0,0,0,0,1,0,0,0,0,0,0,1,0,1,0,0
CUST001409,Ayaan,More,34.0,Hyderabad,2021-05-21,79300.0,2021,5,21,0,0,1,1,0,1,0,0,0,1,0,0,1,0,0,0,0,0,0,0,0,0,0,0,0,1,0,0,0,0,0,0,0,0,0,1,0,0,0,0,0,0,0,1,0
CUST001410,Harita,Dar,35.0,Mumbai,2021-01-01,71600.0,2021,1,1,0,0,1,0,0,1,0,0,1,0,0,0,1,0,0,0,0,0,0,0,1,0,0,0,0,0,0,0,0,0,1,0,0,0,0,0,0,0,0,0,0,0,0,1,0
CUST001411,Abeer,Devan,55.0,Ludhiana,2021-03-10,12700.0,2021,3,10,0,0,0,1,0,0,0,0,0,0,0,0,0,0,0,0,0,0,0,0,0,0,1,0,0,0,0,0,0,0,0,0,0,0,0,0,0,1,0,0,1,0,0,0,0
CUST001412,Aashi,Gade,45.0,Bengaluru,2019-02-18,254300.0,2019,2,18,0,1,0,0,0,1,0,0,1,0,0,1,0,0,0,0,0,1,0,0,0,0,0,0,0,0,0,0,0,0,0,0,0,0,0,0,1,0,0,1,0,0,0,0,1
CUST001413,Yuvraj,Palan,44.0,Pune,2019-01-14,28100.0,2019,1,14,0,0,1,1,0,1,0,0,1,0,0,0,1,0,0,0,0,0,0,0,1,0,0,0,0,0,0,0,0,0,0,0,0,1,0,0,0,0,0,1,0,0,1,0,0
CUST001414,Yutika,Varughese,66.0,Hyderabad,2020-01-16,42000.0,2020,1,16,0,0,1,0,0,1,0,0,0,1,0,0,1,0,0,0,0,0,0,0,0,0,0,0,0,1,0,0,0,0,0,0,0,0,1,0,0,0,0,0,0,1,1,0,0
CUST001415,Kai,Ganesan,30.0,Vadodara,2021-04-24,17600.0,2021,4,24,0,0,0,1,0,1,0,0,1,0,0,0,0,0,0,0,1,0,0,0,0,0,0,0,0,0,0,0,0,0,0,0,0,0,0,0,0,1,0,0,0,0,0,0,0
CUST001416,Ria,Date,50.0,Bengaluru,2021-03-21,29700.0,2021,3,21,0,0,1,0,0,0,0,0,0,1,0,0,1,0,0,0,0,1,0,0,0,0,0,0,0,0,0,0,0,0,0,0,0,1,0,0,0,0,0,1,0,0,1,0,0
CUST001417,Krish,Dalal,39.0,Kolkata,2019-03-09,24300.0,2019,3,9,0,0,1,1,0,1,0,0,0,1,0,0,1,0,0,0,0,0,0,0,0,0,0,0,0,0,0,1,0,0,0,0,0,1,0,0,0,0,0,1,0,0,0,0,0
CUST001418,Alexander,Nayak,41.0,Hyderabad,2018-11-02,19100.0,2018,11,2,0,0,1,1,0,1,0,0,1,0,0,0,1,0,0,0,0,0,0,0,0,0,0,0,0,1,0,0,0,0,0,0,0,0,0,0,0,1,0,1,0,0,0,0,0
CUST001419,Tanish,Magar,58.0,Pune,2021-01-10,338600.0,2021,1,10,1,0,0,1,0,0,0,1,0,1,1,0,0,0,0,0,0,0,0,0,1,0,0,0,0,0,0,0,1,0,0,0,0,0,0,0,0,0,0,0,1,0,0,0,1
CUST001420,Zaitra,Bhatt,45.0,Bengaluru,2021-08-04,169900.0,2021,8,4,1,0,0,0,0,1,0,0,0,1,1,0,0,0,0,0,0,1,0,0,0,0,0,0,0,0,0,0,0,0,0,0,0,0,0,0,1,0,0,1,0,0,0,0,1
CUST001421,Karan,Bose,45.0,Surat,2020-08-19,75700.0,2020,8,19,0,0,1,1,0,1,0,0,1,0,0,0,1,0,0,0,1,0,0,0,0,0,0,0,0,0,0,0,0,0,0,0,0,0,0,0,0,0,1,1,0,0,0,1,0
CUST001422,Yadavi,Shah,52.0,Kolkata,2021-07-14,65800.0,2021,7,14,0,0,1,0,0,0,0,1,0,0,0,0,1,0,0,0,0,0,0,0,0,0,0,0,0,0,0,1,0,0,0,0,0,0,0,1,0,0,0,0,1,0,1,0,0
CUST001423,Yashodhara,Parsa,33.0,Pune,2019-02-21,23000.0,2019,2,21,0,0,1,0,0,0,1,0,0,1,0,0,1,0,0,0,0,0,0,0,1,0,0,0,0,0,0,0,0,0,0,0,0,1,0,0,0,0,0,0,0,0,0,0,0
CUST001424,Ayaan,Tata,27.0,Nagpur,2020-02-25,54700.0,2020,2,25,0,0,1,1,0,1,0,0,0,0,0,0,1,0,0,0,0,0,0,0,1,0,0,0,0,0,0,0,0,0,0,0,0,0,0,0,0,0,1,0,0,0,1,0,0
CUST001425,Geetika,Pillai,24.0,Howrah,2020-08-16,17400.0,2020,8,16,0,0,0,0,0,0,1,0,0,1,0,0,0,0,0,0,0,0,0,0,0,0,0,0,0,0,0,1,0,0,0,0,0,1,0,0,0,0,0,0,0,0,0,0,0
CUST001426,Farhan,Kumer,18.0,Lucknow,2026-07-11,29800.0,2026,7,11,0,0,1,1,0,1,0,0,0,0,0,0,1,0,0,0,0,0,0,0,0,0,0,0,0,0,1,0,0,0,0,0,0,1,0,0,0,0,0,0,0,0,1,0,0
CUST001427,Charan,D’Alia,65.0,Mysuru,2020-08-03,37400.0,2020,8,3,0,0,1,1,0,1,0,0,0,0,0,0,1,0,0,0,0,1,0,0,0,0,0,0,0,0,0,0,0,0,0,0,0,0,1,0,0,0,0,0,1,0,1,0,0
CUST001428,Jhalak,Upadhyay,24.0,Kolkata,2020-12-16,83500.0,2020,12,16,0,0,1,0,0,0,1,0,0,0,0,0,1,0,0,0,0,0,0,0,0,0,0,0,0,0,0,1,0,1,0,0,0,0,0,0,0,0,0,0,0,0,0,1,0
CUST001429,Aadhya,Basu,35.0,Delhi,2019-04-25,221100.0,2019,4,25,0,1,0,0,0,0,0,0,0,1,0,1,0,0,0,1,0,0,0,0,0,0,0,0,0,0,0,0,0,0,0,0,0,0,0,0,1,0,0,0,0,0,0,0,1
CUST001430,Abha,Konda,34.0,Bengaluru,2019-07-16,147100.0,2019,7,16,1,0,0,0,0,1,0,0,1,0,1,0,0,0,0,0,0,1,0,0,0,0,0,0,0,0,0,0,0,0,0,0,0,0,0,0,0,0,0,0,0,0,0,0,1
CUST001431,Arin,Sodhi,42.0,Mumbai,2020-07-17,65800.0,2020,7,17,0,0,1,1,0,0,1,0,1,0,0,0,1,0,0,0,0,0,0,0,1,0,0,0,0,0,0,0,0,1,0,0,0,0,0,0,0,0,0,1,0,0,1,0,0
CUST001432,Qabil,Rajagopal,49.0,Jaipur,2020-08-29,113300.0,2020,8,29,1,0,0,1,0,0,1,0,0,1,1,0,0,0,0,0,0,0,0,0,0,0,0,1,0,0,0,0,0,0,0,0,0,0,0,1,0,0,0,1,0,0,0,1,0
CUST001433,Falan,Gola,49.0,Hyderabad,2021-08-15,98600.0,2021,8,15,0,0,1,1,0,1,0,0,0,1,0,0,1,0,0,0,0,0,0,0,0,0,0,0,0,1,0,0,0,0,1,0,0,0,0,0,0,0,0,1,0,0,0,1,0
CUST001434,Anita,Saini,30.0,Kanpur,2021-06-08,58600.0,2021,6,8,0,0,1,0,0,1,0,0,0,1,0,0,1,0,0,0,0,0,0,0,0,0,0,0,0,0,1,0,0,0,0,0,0,0,0,0,0,0,1,0,0,0,1,0,0
CUST001435,Jasmit,Nagy,36.0,Ahmedabad,2019-10-03,123300.0,2019,10,3,1,0,0,0,0,1,0,0,0,0,1,0,0,0,0,0,1,0,0,0,0,0,0,0,0,0,0,0,0,0,0,0,0,0,0,0,0,0,0,1,0,0,0,1,0
CUST001436,Kritika,Saha,42.0,Kanpur,2020-01-30,121900.0,2020,1,30,1,0,0,0,0,1,0,0,0,0,1,0,0,0,0,0,0,0,0,0,0,0,0,0,0,0,1,0,0,1,0,0,0,0,0,0,0,0,0,1,0,0,0,1,0
CUST001437,Nathaniel,Madan,35.0,Bengaluru,2020-04-27,27800.0,2020,4,27,0,0,0,1,0,1,0,0,1,0,0,0,0,0,0,0,0,1,0,0,0,0,0,0,0,0,0,0,0,0,0,0,0,1,0,0,0,0,0,0,0,0,1,0,0
CUST001438,Balvan,Pradhan,59.0,Delhi,2019-02-22,54800.0,2019,2,22,0,0,1,1,0,1,0,0,0,1,0,0,1,0,0,1,0,0,0,0,0,0,0,0,0,0,0,0,0,0,0,0,0,0,0,0,0,0,1,0,1,0,1,0,0
CUST001439,Darpan,Thakkar,44.0,Amritsar,2020-02-11,118700.0,2020,2,11,0,0,1,1,0,0,0,0,0,1,0,0,1,0,0,0,0,0,0,0,0,0,1,0,0,0,0,0,0,0,0,0,1,0,0,0,0,0,0,1,0,0,0,1,0
CUST001440,Atharv,Gola,48.0,Ahmedabad,2020-06-21,168100.0,2020,6,21,1,0,0,1,0,0,0,0,1,0,1,0,0,0,0,0,1,0,0,0,0,0,0,0,0,0,0,0,0,0,0,0,1,0,0,0,0,0,0,1,0,0,0,0,1
CUST001441,Isaac,Varty,47.0,Varanasi,2021-02-21,38700.0,2021,2,21,0,0,1,1,0,1,0,0,0,1,0,0,1,0,0,0,0,0,0,0,0,0,0,0,0,0,1,0,0,0,0,0,0,1,0,0,0,0,0,1,0,0,1,0,0
CUST001442,Aradhana,Rattan,53.0,Mumbai,2019-03-01,111300.0,2019,3,1,1,0,0,0,0,1,0,0,0,1,1,0,0,0,0,0,0,0,0,0,1,0,0,0,0,0,0,0,0,0,0,0,0,0,0,1,0,0,0,0,1,0,0,1,0
CUST001443,Bhavya,Shroff,40.0,Hyderabad,2019-11-24,213100.0,2019,11,24,1,0,0,0,0,1,0,0,1,0,1,0,0,0,0,0,0,0,0,0,0,0,0,0,0,1,0,0,0,0,0,0,0,0,0,0,1,0,0,1,0,0,0,0,1
CUST001444,Megha,Mukhopadhyay,21.0,Vadodara,2023-08-17,12000.0,2023,8,17,0,0,0,1,0,0,1,0,0,0,0,0,0,0,0,0,1,0,0,0,0,0,0,0,0,0,0,0,0,0,0,0,0,0,0,0,0,1,0,0,0,0,0,0,0
CUST001445,Nihal,Chadha,43.0,Pune,2019-09-05,286000.0,2019,9,5,1,0,0,1,0,1,0,0,0,1,1,0,0,0,0,0,0,0,0,0,1,0,0,0,0,0,0,0,1,0,0,0,0,0,0,0,0,0,0,1,0,0,0,0,1
CUST001446,Vedant,Anand,30.0,Kolkata,2020-05-07,61200.0,2020,5,7,0,0,1,1,0,0,1,0,0,1,0,0,1,0,0,0,0,0,0,0,0,0,0,0,0,0,0,1,0,0,0,0,0,0,0,1,0,0,0,0,0,0,1,0,0
CUST001447,Raksha,Iyer,31.0,Hyderabad,2019-03-11,26100.0,2019,3,11,0,0,1,0,0,0,1,0,0,0,0,0,1,0,0,0,0,0,0,0,0,0,0,0,0,1,0,0,0,0,0,0,0,1,0,0,0,0,0,0,0,0,0,0,0
CUST001448,Madhav,Modi,46.0,Mumbai,2018-11-13,80800.0,2018,11,13,1,0,0,1,0,1,0,0,0,1,1,0,0,0,0,0,0,0,0,0,1,0,0,0,0,0,0,0,0,0,1,0,0,0,0,0,0,0,0,1,0,0,0,1,0
CUST001449,Keya,Shetty,54.0,Delhi,2019-10-28,139800.0,2019,10,28,1,0,0,0,0,1,0,0,0,1,1,0,0,0,0,1,0,0,0,0,0,0,0,0,0,0,0,0,0,1,0,0,0,0,0,0,0,0,0,0,1,0,0,0,1
CUST001450,Qarin,Tak,38.0,Bengaluru,2019-06-07,141900.0,2019,6,7,1,0,0,1,0,0,1,0,1,0,1,0,0,0,0,0,0,1,0,0,0,0,0,0,0,0,0,0,0,0,0,0,0,0,0,0,1,0,0,1,0,0,0,0,1
CUST001451,Guneet,Korpal,42.0,Pune,2021-06-15,17700.0,2021,6,15,0,0,0,1,0,1,0,0,1,0,0,0,0,0,0,0,0,0,0,0,1,0,0,0,0,0,0,0,0,0,0,0,0,0,0,0,0,1,0,1,0,0,0,0,0
CUST001452,Forum,Ahuja,38.0,Howrah,2019-12-11,3900.0,2019,12,11,0,0,0,0,0,0,0,1,0,1,0,0,0,0,0,0,0,0,0,0,0,0,0,0,0,0,0,1,0,0,0,1,0,0,0,0,0,0,0,1,0,0,0,0,0
CUST001453,Samarth,Bajwa,41.0,Delhi,2019-05-12,104900.0,2019,5,12,1,0,0,1,0,1,0,0,0,1,1,0,0,0,0,1,0,0,0,0,0,0,0,0,0,0,0,0,0,0,0,0,1,0,0,0,0,0,0,1,0,0,0,1,0
CUST001454,Kamala,Pal,72.0,Bengaluru,2020-02-19,44100.0,2020,2,19,0,0,1,0,0,0,0,1,0,1,0,0,1,0,0,0,0,1,0,0,0,0,0,0,0,0,0,0,0,0,0,0,0,0,1,0,0,0,0,0,0,1,1,0,0
CUST001455,Aarna,Nayak,45.0,Patna,2019-11-05,52800.0,2019,11,5,0,0,1,0,0,1,0,0,0,1,0,0,1,1,0,0,0,0,0,0,0,0,0,0,0,0,0,0,0,0,1,0,0,0,0,0,0,0,0,1,0,0,1,0,0
CUST001456,Aadi,Puri,18.0,Chennai,2026-07-11,7600.0,2026,7,11,0,0,0,1,0,0,1,0,1,0,0,0,0,0,0,0,0,0,0,0,0,0,0,0,1,0,0,0,0,0,0,0,0,0,0,0,0,1,0,0,0,0,0,0,0
CUST001457,Mitesh,Chawla,48.0,Hyderabad,2021-01-11,152300.0,2021,1,11,1,0,0,1,0,1,0,0,1,0,1,0,0,0,0,0,0,0,0,0,0,0,0,0,0,1,0,0,0,0,0,0,0,0,0,0,1,0,0,1,0,0,0,0,1
CUST001458,Ishanvi,Wagle,43.0,Surat,2021-05-01,13600.0,2021,5,1,0,0,0,0,0,1,0,0,1,0,0,0,0,0,0,0,1,0,0,0,0,0,0,0,0,0,0,0,0,0,0,1,0,0,0,0,0,0,0,1,0,0,0,0,0
CUST001459,Kashish,Saini,55.0,Kochi,2019-07-21,204800.0,2019,7,21,0,1,0,0,0,1,0,0,0,1,0,1,0,0,0,0,0,0,1,0,0,0,0,0,0,0,0,0,0,0,0,0,1,0,0,0,0,0,0,0,1,0,0,0,1
CUST001460,Yatan,Bhasin,38.0,Mumbai,2019-02-27,11500.0,2019,2,27,0,0,0,1,0,0,0,0,0,0,0,0,0,0,0,0,0,0,0,0,1,0,0,0,0,0,0,0,0,0,0,1,0,0,0,0,0,0,0,1,0,0,0,0,0
CUST001461,Ekta,Mammen,36.0,Chennai,2019-01-27,184300.0,2019,1,27,0,1,0,0,0,1,0,0,0,0,0,1,0,0,0,0,0,0,0,0,0,0,0,0,1,0,0,0,0,0,0,0,0,0,0,0,1,0,0,1,0,0,0,0,1
CUST001462,Chakradhar,Bassi,22.0,Kolkata,2022-08-17,12500.0,2022,8,17,0,0,0,1,0,0,1,0,1,0,0,0,0,0,0,0,0,0,0,0,0,0,0,0,0,0,0,1,0,0,0,0,0,0,0,0,0,1,0,0,0,0,0,0,0
CUST001463,Jack,Venkatesh,35.0,Bengaluru,2019-02-15,178500.0,2019,2,15,0,1,0,1,0,1,0,0,0,1,0,1,0,0,0,0,0,1,0,0,0,0,0,0,0,0,0,0,1,0,0,0,0,0,0,0,0,0,0,0,0,0,0,0,1
CUST001464,Samuel,Pradhan,27.0,Udaipur,2019-07-10,166000.0,2019,7,10,1,0,0,1,0,0,1,0,0,0,1,0,0,0,0,0,0,0,0,0,0,0,0,1,0,0,0,0,0,0,0,0,1,0,0,0,0,0,0,0,0,0,0,0,1
CUST001465,Veer,Chad,30.0,Amritsar,2021-05-13,101700.0,2021,5,13,0,0,1,1,0,0,1,0,0,0,0,0,1,0,0,0,0,0,0,0,0,0,1,0,0,0,0,0,0,1,0,0,0,0,0,0,0,0,0,0,0,0,0,1,0
CUST001466,Champak,Tiwari,46.0,Guwahati,2019-05-04,21500.0,2019,5,4,0,0,1,1,0,1,0,0,0,0,0,0,1,0,0,0,0,0,0,0,0,0,0,0,0,0,0,0,0,0,0,0,0,0,0,0,0,0,0,1,0,0,0,0,0
CUST001467,Kiaan,Ramesh,60.0,Bengaluru,2021-02-01,326600.0,2021,2,1,1,0,0,0,1,1,0,0,0,1,1,0,0,0,0,0,0,1,0,0,0,0,0,0,0,0,0,0,0,0,0,0,0,0,0,0,0,0,0,0,1,0,0,0,1
CUST001468,Baljiwan,Bhatia,43.0,Delhi,2020-11-30,19800.0,2020,11,30,0,0,0,1,0,1,0,0,1,0,0,0,0,0,0,1,0,0,0,0,0,0,0,0,0,0,0,0,0,0,0,0,0,0,0,0,0,1,0,1,0,0,0,0,0
CUST001469,Teerth,De,22.0,Bhubaneswar,2022-08-17,21800.0,2022,8,17,0,0,0,1,0,1,0,0,1,0,0,0,0,0,0,0,0,0,0,0,0,1,0,0,0,0,0,0,0,0,0,0,0,1,0,0,0,0,0,0,0,0,0,0,0
CUST001470,Jagat,Manne,44.0,Chennai,2020-09-06,159200.0,2020,9,6,1,0,0,1,0,1,0,0,1,0,1,0,0,0,0,0,0,0,0,0,0,0,0,0,1,0,0,0,0,0,0,0,0,0,0,0,1,0,0,1,0,0,0,0,1
CUST001471,Leena,Murty,54.0,Delhi,2020-08-29,80700.0,2020,8,29,0,0,1,0,0,1,0,0,1,0,0,0,1,0,0,1,0,0,0,0,0,0,0,0,0,0,0,0,0,0,1,0,0,0,0,0,0,0,0,0,1,0,0,1,0
CUST001472,Shravya,Narain,30.0,Ahmedabad,2021-02-12,60000.0,2021,2,12,0,0,1,0,0,0,1,0,0,0,0,0,1,0,0,0,1,0,0,0,0,0,0,0,0,0,0,0,0,0,0,0,0,0,0,0,0,0,1,0,0,0,1,0,0
CUST001473,Nathan,Sethi,36.0,Bengaluru,2020-09-28,157700.0,2020,9,28,1,0,0,1,0,1,0,0,0,1,1,0,0,0,0,0,0,1,0,0,0,0,0,0,0,0,0,0,0,0,0,0,1,0,0,0,0,0,0,1,0,0,0,0,1
CUST001474,Laban,Kaur,38.0,Bengaluru,2021-07-26,107000.0,2021,7,26,0,0,1,1,0,1,0,0,0,1,0,0,1,0,0,0,0,1,0,0,0,0,0,0,0,0,0,0,0,1,0,0,0,0,0,0,0,0,0,1,0,0,0,1,0
CUST001475,Baljiwan,Jain,28.0,Indore,2020-03-16,43500.0,2020,3,16,0,0,1,1,0,1,0,0,0,1,0,0,1,0,0,0,0,0,0,1,0,0,0,0,0,0,0,0,0,0,1,0,0,0,0,0,0,0,0,0,0,0,1,0,0
CUST001476,Ekansh,Chopra,46.0,Nagpur,2019-04-27,196300.0,2019,4,27,0,1,0,1,0,1,0,0,0,0,0,1,0,0,0,0,0,0,0,0,1,0,0,0,0,0,0,0,0,1,0,0,0,0,0,0,0,0,0,1,0,0,0,0,1
CUST001477,Faras,Cherian,36.0,Mumbai,2019-01-14,84800.0,2019,1,14,1,0,0,1,0,0,1,0,1,0,1,0,0,0,0,0,0,0,0,0,1,0,0,0,0,0,0,0,0,0,1,0,0,0,0,0,0,0,0,1,0,0,0,1,0
CUST001478,Fitan,Sengupta,43.0,Bengaluru,2019-03-01,15600.0,2019,3,1,0,0,1,1,0,1,0,0,0,0,0,0,1,0,0,0,0,1,0,0,0,0,0,0,0,0,0,0,0,0,0,0,0,0,0,0,0,1,0,1,0,0,0,0,0
CUST001479,Viraj,Murthy,26.0,Kolkata,2020-05-17,11000.0,2020,5,17,0,0,0,1,0,1,0,0,0,1,0,0,0,0,0,0,0,0,0,0,0,0,0,0,0,0,0,1,0,0,0,0,0,0,0,0,0,1,0,0,0,0,0,0,0
CUST001480,Tanvi,Dara,32.0,Pune,2019-06-08,33100.0,2019,6,8,0,0,1,0,0,1,0,0,0,0,0,0,1,0,0,0,0,0,0,0,1,0,0,0,0,0,0,0,0,0,0,0,0,1,0,0,0,0,0,0,0,0,1,0,0
CUST001481,Praneel,Johal,47.0,Chennai,2020-10-05,154600.0,2020,10,5,1,0,0,1,0,1,0,0,0,0,1,0,0,0,0,0,0,0,0,0,0,0,0,0,1,0,0,0,0,0,0,0,0,0,0,0,1,0,0,1,0,0,0,0,1
CUST001482,Varsha,Morar,38.0,Kolkata,2021-06-16,17500.0,2021,6,16,0,0,0,0,0,0,1,0,1,0,0,0,0,0,0,0,0,0,0,0,0,0,0,0,0,0,0,1,0,0,0,0,0,0,0,0,0,0,0,1,0,0,0,0,0
CUST001483,Vedika,Lanka,60.0,Chandigarh,2019-08-07,53800.0,2019,8,7,0,0,1,0,0,1,0,0,0,0,0,0,1,0,1,0,0,0,0,0,0,0,0,0,0,0,0,0,0,0,0,0,0,0,1,0,0,0,0,0,1,0,1,0,0
CUST001484,Dipta,Chana,33.0,Delhi,2019-09-05,168900.0,2019,9,5,1,0,0,0,0,1,0,0,0,1,1,0,0,0,0,1,0,0,0,0,0,0,0,0,0,0,0,0,0,0,0,0,1,0,0,0,0,0,0,0,0,0,0,0,1
CUST001485,Farhan,Modi,41.0,Kanpur,2019-03-22,41900.0,2019,3,22,0,0,1,1,0,1,0,0,1,0,0,0,1,0,0,0,0,0,0,0,0,0,0,0,0,0,1,0,0,0,0,0,0,1,0,0,0,0,0,1,0,0,1,0,0
CUST001486,Anmol,Kale,50.0,Delhi,2019-10-11,129000.0,2019,10,11,1,0,0,1,0,1,0,0,0,1,1,0,0,0,0,1,0,0,0,0,0,0,0,0,0,0,0,0,0,1,0,0,0,0,0,0,0,0,0,1,0,0,0,1,0
CUST001487,Nihal,Divan,20.0,Ahmedabad,2024-08-16,11300.0,2024,8,16,0,0,0,1,0,0,1,0,0,0,0,0,0,0,0,0,1,0,0,0,0,0,0,0,0,0,0,0,0,0,0,0,0,0,0,0,0,1,0,0,0,0,0,0,0
CUST001488,Chandani,Kothari,18.0,Hyderabad,2026-07-11,15600.0,2026,7,11,0,0,0,0,0,0,1,0,0,0,0,0,0,0,0,0,0,0,0,0,0,0,0,0,0,1,0,0,0,0,0,0,0,1,0,0,0,0,0,0,0,0,0,0,0
CUST001489,Pranav,Randhawa,18.0,Pune,2026-07-11,50100.0,2026,7,11,0,0,1,1,0,0,1,0,1,0,0,0,1,0,0,0,0,0,0,0,1,0,0,0,0,0,0,0,0,0,0,0,0,0,0,1,0,0,0,0,0,0,1,0,0
CUST001490,Yashvi,Bawa,54.0,Ahmedabad,2019-03-15,36100.0,2019,3,15,0,0,1,0,0,0,0,0,0,1,0,0,1,0,0,0,1,0,0,0,0,0,0,0,0,0,0,0,0,0,0,0,0,1,0,0,0,0,0,0,1,0,1,0,0
CUST001491,Netra,Lad,31.0,Delhi,2019-04-21,94000.0,2019,4,21,1,0,0,0,0,1,0,0,0,1,1,0,0,0,0,1,0,0,0,0,0,0,0,0,0,0,0,0,0,0,0,0,0,0,0,0,1,0,0,0,0,0,0,1,0
CUST001492,Gagan,Balasubramanian,71.0,Delhi,2020-09-24,29200.0,2020,9,24,0,0,0,1,0,0,0,1,0,1,0,0,0,0,0,1,0,0,0,0,0,0,0,0,0,0,0,0,0,0,0,0,0,0,1,0,0,0,0,0,0,1,1,0,0
CUST001493,Tanmayi,Sethi,31.0,Hyderabad,2021-05-27,41300.0,2021,5,27,0,0,1,0,0,0,1,0,0,0,0,0,1,0,0,0,0,0,0,0,0,0,0,0,0,1,0,0,0,0,0,0,0,0,0,0,0,0,1,0,0,0,1,0,0
CUST001494,Jeet,Chandra,40.0,Ahmedabad,2021-02-04,35600.0,2021,2,4,0,0,0,1,0,1,0,0,1,0,0,0,0,0,0,0,1,0,0,0,0,0,0,0,0,0,0,0,0,0,0,0,0,1,0,0,0,0,0,1,0,0,1,0,0
CUST001495,Vihaan,Chaudry,58.0,Delhi,2021-05-06,66400.0,2021,5,6,0,0,1,1,0,1,0,0,0,1,0,0,1,0,0,1,0,0,0,0,0,0,0,0,0,0,0,0,0,0,0,0,0,0,0,0,0,0,1,0,1,0,0,1,0
CUST001496,Ekaraj,Dara,38.0,Delhi,2020-11-23,34300.0,2020,11,23,0,0,0,1,0,1,0,0,0,1,0,0,0,0,0,1,0,0,0,0,0,0,0,0,0,0,0,0,0,0,0,0,0,0,1,0,0,0,0,1,0,0,1,0,0
CUST001497,Abeer,Bhatia,38.0,Mumbai,2020-03-31,44600.0,2020,3,31,0,0,1,1,0,1,0,0,0,1,0,0,1,0,0,0,0,0,0,0,1,0,0,0,0,0,0,0,0,0,0,0,0,0,1,0,0,0,0,1,0,0,1,0,0
CUST001498,Janya,De,54.0,Chennai,2018-11-27,247000.0,2018,11,27,0,1,0,0,0,1,0,0,1,0,0,1,0,0,0,0,0,0,0,0,0,0,0,0,1,0,0,0,0,0,0,0,1,0,0,0,0,0,0,0,1,0,0,0,1
CUST001499,Hardik,Rattan,51.0,Hyderabad,2019-01-04,62300.0,2019,1,4,1,0,0,1,0,1,0,0,0,0,1,0,0,0,0,0,0,0,0,0,0,0,0,0,0,1,0,0,0,0,0,0,0,0,0,0,0,0,0,0,1,0,1,0,0
CUST001500,Quincy,Chad,46.0,Delhi,2019-06-21,211800.0,2019,6,21,0,1,0,1,0,1,0,0,0,0,0,1,0,0,0,1,0,0,0,0,0,0,0,0,0,0,0,0,1,0,0,0,0,0,0,0,0,0,0,1,0,0,0,0,1
CUST001501,Leela,Borde,48.0,Mumbai,2021-07-21,96800.0,2021,7,21,0,0,1,0,0,0,1,0,0,1,0,0,1,0,0,0,0,0,0,0,1,0,0,0,0,0,0,0,0,0,0,0,0,0,0,1,0,0,0,1,0,0,0,1,0
CUST001502,Alka,Bhattacharyya,31.0,Hyderabad,2020-08-07,65800.0,2020,8,7,1,0,0,0,0,0,1,0,0,1,1,0,0,0,0,0,0,0,0,0,0,0,0,0,0,1,0,0,0,0,0,0,1,0,0,0,0,0,0,0,0,0,1,0,0
CUST001503,Hardik,Sawhney,27.0,Jodhpur,2019-07-31,25500.0,2019,7,31,0,0,1,1,0,1,0,0,0,0,0,0,1,0,0,0,0,0,0,0,0,0,0,1,0,0,0,0,0,0,0,0,0,1,0,0,0,0,0,0,0,0,0,0,0
CUST001504,Eesha,Chanda,38.0,Ahmedabad,2021-03-28,62900.0,2021,3,28,0,0,1,0,0,0,1,0,0,1,0,0,1,0,0,0,1,0,0,0,0,0,0,0,0,0,0,0,0,0,1,0,0,0,0,0,0,0,0,1,0,0,1,0,0
CUST001505,Oni,Das,36.0,Chandigarh,2019-03-22,116000.0,2019,3,22,1,0,0,0,0,0,0,0,0,0,1,0,0,0,1,0,0,0,0,0,0,0,0,0,0,0,0,0,0,0,0,0,0,0,0,1,0,0,0,1,0,0,0,1,0
CUST001506,Ansh,Shenoy,32.0,Mumbai,2018-11-18,156500.0,2018,11,18,1,0,0,1,0,1,0,0,0,0,1,0,0,0,0,0,0,0,0,0,1,0,0,0,0,0,0,0,0,1,0,0,0,0,0,0,0,0,0,0,0,0,0,0,1
CUST001507,Aryan,Ganguly,47.0,Bhubaneswar,2020-07-24,148500.0,2020,7,24,1,0,0,1,0,1,0,0,1,0,1,0,0,0,0,0,0,0,0,0,0,1,0,0,0,0,0,0,0,0,0,0,1,0,0,0,0,0,0,1,0,0,0,0,1
CUST001508,Tarak,Rana,50.0,Mysuru,2019-07-05,34300.0,2019,7,5,0,0,1,1,0,1,0,0,1,0,0,0,1,0,0,0,0,1,0,0,0,0,0,0,0,0,0,0,0,0,0,0,0,1,0,0,0,0,0,1,0,0,1,0,0
CUST001509,Yadavi,Balan,39.0,Ludhiana,2021-03-07,139200.0,2021,3,7,1,0,0,0,0,1,0,0,1,0,1,0,0,0,0,0,0,0,0,0,0,0,1,0,0,0,0,0,0,0,0,0,1,0,0,0,0,0,0,1,0,0,0,0,1
CUST001510,Sai,Sandhu,57.0,New Delhi,2019-07-21,76900.0,2019,7,21,1,0,0,0,0,1,0,0,1,0,1,0,0,0,0,1,0,0,0,0,0,0,0,0,0,0,0,0,0,0,1,0,0,0,0,0,0,0,0,0,1,0,0,1,0
CUST001511,Harini,Pandya,23.0,Chennai,2021-08-16,12100.0,2021,8,16,0,0,0,0,0,0,1,0,1,0,0,0,0,0,0,0,0,0,0,0,0,0,0,0,1,0,0,0,0,0,0,1,0,0,0,0,0,0,0,0,0,0,0,0,0
CUST001512,Jalsa,Grover,38.0,Hyderabad,2021-03-04,63000.0,2021,3,4,0,0,1,0,0,0,1,0,1,0,0,0,1,0,0,0,0,0,0,0,0,0,0,0,0,1,0,0,0,0,0,0,0,0,0,1,0,0,0,1,0,0,1,0,0
CUST001513,Laksh,Mammen,29.0,Hyderabad,2019-06-30,15400.0,2019,6,30,0,0,1,1,0,1,0,0,0,0,0,0,1,0,0,0,0,0,0,0,0,0,0,0,0,1,0,0,0,0,0,0,0,0,0,0,0,1,0,0,0,0,0,0,0
CUST001514,Udant,Dixit,18.0,Varanasi,2026-07-11,65800.0,2026,7,11,0,0,0,1,0,0,1,0,0,0,0,0,0,0,0,0,0,0,0,0,0,0,0,0,0,0,1,0,0,0,0,0,0,0,0,0,0,1,0,0,0,0,1,0,0
CUST001515,Anay,Korpal,37.0,Vadodara,2019-09-14,68300.0,2019,9,14,0,0,1,1,0,1,0,0,0,0,0,0,1,0,0,0,1,0,0,0,0,0,0,0,0,0,0,0,0,0,1,0,0,0,0,0,0,0,0,1,0,0,0,1,0
CUST001516,Neelima,Tara,36.0,Ludhiana,2020-03-11,150400.0,2020,3,11,1,0,0,0,0,0,1,0,0,0,1,0,0,0,0,0,0,0,0,0,0,0,1,0,0,0,0,0,0,0,0,0,1,0,0,0,0,0,0,1,0,0,0,0,1
CUST001517,Tripti,Srinivas,58.0,Kolkata,2019-08-08,103200.0,2019,8,8,1,0,0,0,0,1,0,0,1,0,1,0,0,0,0,0,0,0,0,0,0,0,0,0,0,0,0,1,0,0,0,0,0,0,0,1,0,0,0,0,1,0,0,1,0
CUST001518,Azaan,Chahal,46.0,Chennai,2019-04-21,146800.0,2019,4,21,1,0,0,1,0,1,0,0,0,1,1,0,0,0,0,0,0,0,0,0,0,0,0,0,1,0,0,0,0,0,0,0,1,0,0,0,0,0,0,1,0,0,0,0,1
CUST001519,Meera,Rajagopal,25.0,Pune,2019-08-17,46900.0,2019,8,17,0,0,1,0,0,1,0,0,0,0,0,0,1,0,0,0,0,0,0,0,1,0,0,0,0,0,0,0,0,0,0,0,0,0,0,0,0,0,1,0,0,0,1,0,0
CUST001520,Ekapad,Saini,62.0,Ludhiana,2018-12-17,19200.0,2018,12,17,0,0,1,1,0,0,0,0,0,1,0,0,1,0,0,0,0,0,0,0,0,0,1,0,0,0,0,0,0,0,0,0,0,0,1,0,0,0,0,0,1,0,0,0,0
CUST001521,Harish,Vora,54.0,Madurai,2019-03-30,241900.0,2019,3,30,0,1,0,1,0,1,0,0,0,1,0,1,0,0,0,0,0,0,0,0,0,0,0,0,1,0,0,0,0,0,0,0,0,0,0,0,1,0,0,0,1,0,0,0,1
CUST001522,Jeet,Bahl,46.0,Ahmedabad,2019-07-17,100700.0,2019,7,17,1,0,0,1,0,1,0,0,0,0,1,0,0,0,0,0,1,0,0,0,0,0,0,0,0,0,0,0,0,1,0,0,0,0,0,0,0,0,0,1,0,0,0,1,0
CUST001523,Rayaan,Parmer,35.0,Hyderabad,2019-11-26,161000.0,2019,11,26,1,0,0,1,0,0,1,0,1,0,1,0,0,0,0,0,0,0,0,0,0,0,0,0,0,1,0,0,0,0,0,0,1,0,0,0,0,0,0,0,0,0,0,0,1
CUST001524,Wriddhish,Sundaram,26.0,Madurai,2021-04-06,20300.0,2021,4,6,0,0,0,1,0,1,0,0,0,0,0,0,0,0,0,0,0,0,0,0,0,0,0,0,1,0,0,0,0,0,0,0,0,1,0,0,0,0,0,0,0,0,0,0,0
CUST001525,Orinder,Thakkar,33.0,Guwahati,2021-02-16,44000.0,2021,2,16,0,0,1,1,0,1,0,0,0,0,0,0,1,0,0,0,0,0,0,0,0,0,0,0,0,0,0,0,0,0,0,0,0,0,0,0,0,0,0,0,0,0,1,0,0
CUST001526,Naveen,Rama,52.0,Nagpur,2019-03-01,19500.0,2019,3,1,0,0,1,1,0,1,0,0,1,0,0,0,1,0,0,0,0,0,0,0,1,0,0,0,0,0,0,0,0,0,0,1,0,0,0,0,0,0,0,0,1,0,0,0,0
CUST001527,Krishna,Gole,62.0,Bengaluru,2019-03-20,15900.0,2019,3,20,0,0,1,1,0,1,0,0,1,0,0,0,1,0,0,0,0,1,0,0,0,0,0,0,0,0,0,0,0,0,0,0,0,0,1,0,0,0,0,0,1,0,0,0,0
CUST001528,Amara,Nagar,58.0,Pune,2019-10-13,167100.0,2019,10,13,1,0,0,0,0,1,0,0,0,1,1,0,0,0,0,0,0,0,0,0,1,0,0,0,0,0,0,0,0,0,0,0,1,0,0,0,0,0,0,0,1,0,0,0,1
CUST001529,Imaran,Balan,32.0,Jodhpur,2020-04-22,131100.0,2020,4,22,1,0,0,1,0,0,1,0,1,0,1,0,0,0,0,0,0,0,0,0,0,0,0,1,0,0,0,0,0,0,0,0,1,0,0,0,0,0,0,0,0,0,0,1,0
CUST001530,Meera,Bhardwaj,23.0,Mumbai,2021-08-16,78600.0,2021,8,16,0,0,1,0,0,0,1,0,0,0,0,0,1,0,0,0,0,0,0,0,1,0,0,0,0,0,0,0,0,0,0,0,0,0,0,0,1,0,0,0,0,0,0,1,0
CUST001531,Warinder,Wagle,40.0,Pune,2020-08-23,37500.0,2020,8,23,0,0,1,1,0,1,0,0,1,0,0,0,1,0,0,0,0,0,0,0,1,0,0,0,0,0,0,0,0,0,0,0,0,0,0,0,0,0,1,1,0,0,1,0,0
CUST001532,Praneel,Kaul,18.0,Bengaluru,2026-07-11,7800.0,2026,7,11,0,0,0,1,0,0,1,0,1,0,0,0,0,0,0,0,0,1,0,0,0,0,0,0,0,0,0,0,0,0,0,0,0,0,0,0,0,1,0,0,0,0,0,0,0
CUST001533,Fariq,Chaudhry,42.0,Chennai,2020-03-02,118300.0,2020,3,2,1,0,0,1,0,1,0,0,1,0,1,0,0,0,0,0,0,0,0,0,0,0,0,0,1,0,0,0,0,1,0,0,0,0,0,0,0,0,0,1,0,0,0,1,0
CUST001534,Jatin,Khosla,36.0,Hyderabad,2018-11-02,133100.0,2018,11,2,1,0,0,1,0,0,1,0,1,0,1,0,0,0,0,0,0,0,0,0,0,0,0,0,0,1,0,0,1,0,0,0,0,0,0,0,0,0,0,1,0,0,0,0,1
CUST001535,Lila,Walla,32.0,Mumbai,2021-04-19,65800.0,2021,4,19,1,0,0,1,0,1,0,0,1,0,1,0,0,0,0,0,0,0,0,0,1,0,0,0,0,0,0,0,0,0,0,0,0,0,0,0,0,0,0,0,0,0,1,0,0
CUST001536,Ayaan,Kanda,18.0,Bhubaneswar,2026-07-11,35300.0,2026,7,11,0,0,0,1,0,0,1,0,0,0,0,0,0,0,0,0,0,0,0,0,0,1,0,0,0,0,0,0,0,0,0,0,0,0,0,0,0,0,0,0,0,0,1,0,0
CUST001537,Sara,Pant,45.0,Guwahati,2020-07-09,64800.0,2020,7,9,0,0,1,0,0,1,0,0,0,0,0,0,1,0,0,0,0,0,0,0,0,0,0,0,0,0,0,0,0,0,0,0,0,0,0,0,0,0,1,1,0,0,1,0,0
CUST001538,Harini,Goda,31.0,Bengaluru,2018-08-27,13900.0,2018,8,27,0,0,1,0,0,1,0,0,0,1,0,0,1,0,0,0,0,1,0,0,0,0,0,0,0,0,0,0,0,0,0,0,0,0,0,0,0,1,0,0,0,0,0,0,0
CUST001539,Kashish,Nadkarni,23.0,Surat,2021-08-16,4000.0,2021,8,16,0,0,0,0,0,0,1,0,0,0,0,0,0,0,0,0,1,0,0,0,0,0,0,0,0,0,0,0,0,0,0,1,0,0,0,0,0,0,0,0,0,0,0,0,0
CUST001540,Rachita,Bala,18.0,Kolkata,2026-07-11,13800.0,2026,7,11,0,0,0,0,0,0,1,0,1,0,0,0,0,0,0,0,0,0,0,0,0,0,0,0,0,0,0,1,0,0,0,0,0,0,0,0,0,1,0,0,0,0,0,0,0
CUST001541,Qushi,Dhar,38.0,Delhi,2018-08-17,128800.0,2018,8,17,1,0,0,0,0,1,0,0,1,0,1,0,0,0,0,1,0,0,0,0,0,0,0,0,0,0,0,0,0,1,0,0,0,0,0,0,0,0,0,1,0,0,0,1,0
CUST001542,Girindra,Tailor,38.0,Bengaluru,2020-01-31,180300.0,2020,1,31,1,0,0,1,0,1,0,0,1,0,1,0,0,0,0,0,0,1,0,0,0,0,0,0,0,0,0,0,0,0,0,0,0,0,0,0,0,0,0,1,0,0,0,0,1
CUST001543,Nilima,Gill,60.0,Chennai,2021-02-14,65800.0,2021,2,14,0,0,0,0,0,0,0,0,0,1,0,0,0,0,0,0,0,0,0,0,0,0,0,0,1,0,0,0,0,0,0,0,0,0,1,0,0,0,0,0,1,0,1,0,0
CUST001544,Yatan,Barad,32.0,Hyderabad,2019-12-16,29700.0,2019,12,16,0,0,1,1,0,0,0,1,1,0,0,0,1,0,0,0,0,0,0,0,0,0,0,0,0,1,0,0,0,0,0,0,0,1,0,0,0,0,0,0,0,0,1,0,0
CUST001545,Chakradev,Bhalla,30.0,Bengaluru,2020-12-11,82600.0,2020,12,11,0,0,1,1,0,1,0,0,0,0,0,0,1,0,0,0,0,1,0,0,0,0,0,0,0,0,0,0,0,0,0,0,0,0,0,0,1,0,0,0,0,0,0,1,0
CUST001546,Jackson,Kanda,44.0,Lucknow,2019-09-19,201600.0,2019,9,19,1,0,0,1,0,1,0,0,1,0,1,0,0,0,0,0,0,0,0,0,0,0,0,0,0,0,1,0,0,0,0,0,0,0,0,0,1,0,0,1,0,0,0,0,1
CUST001547,Aishani,Vyas,25.0,Chennai,2019-08-17,56600.0,2019,8,17,0,0,1,0,0,1,0,0,0,0,0,0,1,0,0,0,0,0,0,0,0,0,0,0,1,0,0,0,0,1,0,0,0,0,0,0,0,0,0,0,0,0,1,0,0
CUST001548,Waida,Acharya,42.0,Ahmedabad,2019-04-08,147000.0,2019,4,8,1,0,0,0,0,0,0,0,1,0,1,0,0,0,0,0,1,0,0,0,0,0,0,0,0,0,0,0,0,0,0,0,1,0,0,0,0,0,0,1,0,0,0,0,1
CUST001549,Noah,Jaggi,48.0,Delhi,2020-10-21,33000.0,2020,10,21,0,0,1,1,0,0,0,1,0,0,0,0,1,0,0,1,0,0,0,0,0,0,0,0,0,0,0,0,0,0,0,0,0,1,0,0,0,0,0,1,0,0,1,0,0
CUST001550,Eiravati,Oak,54.0,Coimbatore,2020-09-25,20900.0,2020,9,25,0,0,0,0,0,1,0,0,1,0,0,0,0,0,0,0,0,0,0,0,0,0,0,0,1,0,0,0,0,0,0,0,0,0,0,0,0,1,0,0,1,0,0,0,0
CUST001551,Gaurang,Naik,37.0,Bengaluru,2021-06-01,57300.0,2021,6,1,0,0,1,1,0,1,0,0,0,0,0,0,1,0,0,0,0,1,0,0,0,0,0,0,0,0,0,0,0,0,0,0,0,0,0,0,0,0,0,1,0,0,1,0,0
CUST001552,Ayushman,Bains,35.0,Coimbatore,2020-10-07,48100.0,2020,10,7,0,0,1,1,0,0,1,0,0,0,0,0,1,0,0,0,0,0,0,0,0,0,0,0,1,0,0,0,0,0,0,0,0,0,0,0,0,0,1,0,0,0,1,0,0
CUST001553,Ethan,Dhar,27.0,Udaipur,2021-05-07,3000.0,2021,5,7,0,0,0,1,0,1,0,0,1,0,0,0,0,0,0,0,0,0,0,0,0,0,0,1,0,0,0,0,0,0,0,1,0,0,0,0,0,0,0,0,0,0,0,0,0
CUST001554,Christopher,Vora,27.0,Jaipur,2020-02-16,161000.0,2020,2,16,1,0,0,1,0,1,0,0,1,0,1,0,0,0,0,0,0,0,0,0,0,0,0,1,0,0,0,0,0,0,0,0,0,0,0,0,0,0,0,0,0,0,0,0,1
CUST001555,Qabil,Bora,35.0,Hyderabad,2019-07-02,65800.0,2019,7,2,0,1,0,1,0,1,0,0,0,1,0,1,0,0,0,0,0,0,0,0,0,0,0,0,0,1,0,0,1,0,0,0,0,0,0,0,0,0,0,0,0,0,1,0,0
CUST001556,Ridhi,Randhawa,43.0,Ahmedabad,2019-05-16,122600.0,2019,5,16,1,0,0,0,0,1,0,0,0,1,1,0,0,0,0,0,1,0,0,0,0,0,0,0,0,0,0,0,0,0,0,0,1,0,0,0,0,0,0,1,0,0,0,1,0
CUST001557,Daksha,Nayar,50.0,Guwahati,2021-06-12,32900.0,2021,6,12,0,0,0,0,0,1,0,0,0,1,0,0,0,0,0,0,0,0,0,0,0,0,0,0,0,0,0,0,0,0,0,0,0,1,0,0,0,0,0,1,0,0,1,0,0
CUST001558,Matthew,Naidu,28.0,Kolkata,2020-08-09,20000.0,2020,8,9,0,0,0,1,0,0,1,0,0,0,0,0,0,0,0,0,0,0,0,0,0,0,0,0,0,0,0,1,0,0,0,1,0,0,0,0,0,0,0,0,0,0,0,0,0
CUST001559,Ekanta,Dugar,57.0,Pune,2020-10-04,65800.0,2020,10,4,0,0,1,0,0,1,0,0,0,0,0,0,1,0,0,0,0,0,0,0,1,0,0,0,0,0,0,0,0,0,0,0,0,0,0,0,0,0,1,0,1,0,1,0,0
CUST001560,Urmi,Sur,34.0,Ahmedabad,2021-04-24,23100.0,2021,4,24,0,0,0,0,0,0,1,0,0,1,0,0,0,0,0,0,1,0,0,0,0,0,0,0,0,0,0,0,0,0,0,0,0,1,0,0,0,0,0,0,0,0,0,0,0
CUST001561,Nitara,Ghosh,38.0,Pune,2020-07-15,209600.0,2020,7,15,1,0,0,0,0,1,0,0,1,0,1,0,0,0,0,0,0,0,0,0,1,0,0,0,0,0,0,0,0,0,0,0,1,0,0,0,0,0,0,1,0,0,0,0,1
CUST001562,Rachana,Kapoor,28.0,Bhopal,2020-09-22,73700.0,2020,9,22,0,0,1,0,0,0,1,0,0,0,0,0,1,0,0,0,0,0,0,1,0,0,0,0,0,0,0,0,0,0,0,0,0,0,0,1,0,0,0,0,0,0,0,1,0
CUST001563,Gagan,Radhakrishnan,18.0,Chennai,2026-07-11,56900.0,2026,7,11,0,0,1,1,0,0,1,0,1,0,0,0,1,0,0,0,0,0,0,0,0,0,0,0,1,0,0,0,0,0,0,0,0,0,0,1,0,0,0,0,0,0,1,0,0
CUST001564,Nikita,Menon,49.0,Hyderabad,2018-12-22,20400.0,2018,12,22,0,0,1,0,0,1,0,0,0,0,0,0,1,0,0,0,0,0,0,0,0,0,0,0,0,1,0,0,0,0,0,0,0,0,0,0,0,1,0,1,0,0,0,0,0
CUST001565,Eesha,Goel,48.0,Mumbai,2020-04-05,97200.0,2020,4,5,0,0,1,0,0,1,0,0,1,0,0,0,1,0,0,0,0,0,0,0,1,0,0,0,0,0,0,0,0,0,0,0,0,0,0,1,0,0,0,1,0,0,0,1,0
CUST001566,Aadi,Raman,34.0,Hyderabad,2019-05-21,65000.0,2019,5,21,0,0,1,1,0,1,0,0,0,0,0,0,1,0,0,0,0,0,0,0,0,0,0,0,0,1,0,0,0,0,1,0,0,0,0,0,0,0,0,0,0,0,1,0,0
CUST001567,Amol,Gopal,39.0,Patna,2021-03-09,10700.0,2021,3,9,0,0,0,1,0,0,0,0,0,1,0,0,0,1,0,0,0,0,0,0,0,0,0,0,0,0,0,0,0,0,0,0,0,0,0,0,0,1,0,1,0,0,0,0,0
CUST001568,Nitara,Kant,45.0,Mumbai,2018-12-10,135300.0,2018,12,10,1,0,0,0,0,0,0,1,0,0,1,0,0,0,0,0,0,0,0,0,1,0,0,0,0,0,0,0,0,0,0,0,0,0,0,0,1,0,0,1,0,0,0,0,1
CUST001569,Charles,Taneja,18.0,Chennai,2026-07-11,53100.0,2026,7,11,0,0,1,1,0,0,1,0,0,0,0,0,1,0,0,0,0,0,0,0,0,0,0,0,1,0,0,0,0,0,0,0,0,0,0,1,0,0,0,0,0,0,1,0,0
CUST001570,Lohit,Narula,31.0,Thiruvananthapuram,2021-01-18,75700.0,2021,1,18,0,0,1,0,1,1,0,0,0,0,0,0,1,0,0,0,0,0,1,0,0,0,0,0,0,0,0,0,0,1,0,0,0,0,0,0,0,0,0,0,0,0,0,1,0
CUST001571,Balvan,Khanna,48.0,Hyderabad,2021-04-22,109500.0,2021,4,22,1,0,0,1,0,1,0,0,0,0,1,0,0,0,0,0,0,0,0,0,0,0,0,0,0,1,0,0,0,1,0,0,0,0,0,0,0,0,0,1,0,0,0,1,0
CUST001572,Prisha,Nagarajan,22.0,Hyderabad,2022-08-17,26500.0,2022,8,17,0,0,0,0,0,1,0,0,1,0,0,0,0,0,0,0,0,0,0,0,0,0,0,0,0,1,0,0,0,0,0,0,0,1,0,0,0,0,0,0,0,0,1,0,0
CUST001573,Fiyaz,Chakrabarti,38.0,Kolkata,2019-12-20,134300.0,2019,12,20,1,0,0,1,0,1,0,0,0,0,1,0,0,0,0,0,0,0,0,0,0,0,0,0,0,0,0,1,0,0,0,0,0,0,0,0,1,0,0,1,0,0,0,0,1
CUST001574,Oviya,Sekhon,20.0,Chennai,2024-08-16,50500.0,2024,8,16,0,0,0,0,0,0,1,0,1,0,0,0,0,0,0,0,0,0,0,0,0,0,0,0,1,0,0,0,0,0,0,0,0,0,0,1,0,0,0,0,0,0,1,0,0
CUST001575,Aashi,Lanka,44.0,Nagpur,2019-03-31,124600.0,2019,3,31,1,0,0,0,0,1,0,0,1,0,1,0,0,0,0,0,0,0,0,0,1,0,0,0,0,0,0,0,0,1,0,0,0,0,0,0,0,0,0,1,0,0,0,1,0
CUST001576,Henry,Krish,38.0,Mumbai,2020-06-25,13200.0,2020,6,25,0,0,0,1,0,1,0,0,1,0,0,0,0,0,0,0,0,0,0,0,1,0,0,0,0,0,0,0,0,0,0,1,0,0,0,0,0,0,0,1,0,0,0,0,0
CUST001577,Bhavna,Palla,18.0,Kolkata,2026-07-11,84000.0,2026,7,11,0,0,1,0,0,0,1,0,0,0,0,0,1,0,0,0,0,0,0,0,0,0,0,0,0,0,0,1,0,0,0,0,0,0,0,1,0,0,0,0,0,0,0,1,0
CUST001578,Kabir,Chokshi,53.0,Kochi,2019-10-03,33900.0,2019,10,3,0,0,1,1,0,1,0,0,0,1,0,0,1,0,0,0,0,0,1,0,0,0,0,0,0,0,0,0,0,0,0,0,0,1,0,0,0,0,0,0,1,0,1,0,0
CUST001579,Aadi,Bava,28.0,Pune,2019-02-27,90800.0,2019,2,27,1,0,0,1,0,1,0,0,1,0,1,0,0,0,0,0,0,0,0,0,1,0,0,0,0,0,0,0,0,0,0,0,0,0,0,0,1,0,0,0,0,0,0,1,0
CUST001580,Reyansh,Sarma,27.0,Delhi,2019-06-01,128000.0,2019,6,1,0,1,0,1,0,1,0,0,1,0,0,1,0,0,0,1,0,0,0,0,0,0,0,0,0,0,0,0,0,0,0,0,1,0,0,0,0,0,0,0,0,0,0,1,0
CUST001581,Ubika,Ganesan,41.0,Hyderabad,2019-12-01,50400.0,2019,12,1,0,0,1,0,0,0,0,1,0,0,0,0,1,0,0,0,0,0,0,0,0,0,0,0,0,1,0,0,0,0,0,0,0,0,0,0,0,0,1,1,0,0,1,0,0
CUST001582,Samuel,Tailor,53.0,Lucknow,2019-08-14,147600.0,2019,8,14,1,0,0,1,0,0,0,0,0,1,1,0,0,0,0,0,0,0,0,0,0,0,0,0,0,0,1,0,0,1,0,0,0,0,0,0,0,0,0,0,1,0,0,0,1
CUST001583,Ranbir,Panchal,25.0,Bengaluru,2019-08-17,9300.0,2019,8,17,0,0,0,1,0,1,0,0,0,1,0,0,0,0,0,0,0,1,0,0,0,0,0,0,0,0,0,0,0,0,0,0,0,0,0,0,0,1,0,0,0,0,0,0,0
CUST001584,Raghav,Chaudhuri,39.0,Indore,2021-03-23,146700.0,2021,3,23,0,0,1,1,0,1,0,0,1,0,0,0,1,0,0,0,0,0,0,1,0,0,0,0,0,0,0,0,0,0,0,0,1,0,0,0,0,0,0,1,0,0,0,0,1
CUST001585,Wakeeta,Kar,44.0,Mumbai,2021-01-09,63900.0,2021,1,9,0,0,1,0,0,1,0,0,1,0,0,0,1,0,0,0,0,0,0,0,1,0,0,0,0,0,0,0,0,0,0,0,0,0,0,1,0,0,0,1,0,0,1,0,0
CUST001586,Gautami,Seth,47.0,Guwahati,2019-07-24,38900.0,2019,7,24,0,0,1,0,0,0,0,0,0,0,0,0,1,0,0,0,0,0,0,0,0,0,0,0,0,0,0,0,0,0,0,0,0,1,0,0,0,0,0,1,0,0,1,0,0
CUST001587,Balhaar,Bandi,40.0,Kolkata,2019-01-27,185500.0,2019,1,27,1,0,0,1,0,0,1,0,1,0,1,0,0,0,0,0,0,0,0,0,0,0,0,0,0,0,0,1,0,0,0,0,1,0,0,0,0,0,0,1,0,0,0,0,1
CUST001588,Manan,Bahri,33.0,Ahmedabad,2020-05-25,92100.0,2020,5,25,1,0,0,1,0,1,0,0,0,0,1,0,0,0,0,0,1,0,0,0,0,0,0,0,0,0,0,0,0,0,0,0,0,0,0,1,0,0,0,0,0,0,0,1,0
CUST001589,Odika,Lal,27.0,Hyderabad,2018-09-08,65800.0,2018,9,8,0,1,0,0,0,1,0,0,0,1,0,1,0,0,0,0,0,0,0,0,0,0,0,0,0,1,0,0,0,0,0,0,1,0,0,0,0,0,0,0,0,0,1,0,0
CUST001590,Charles,Borah,39.0,Udaipur,2020-12-22,36700.0,2020,12,22,0,0,1,1,0,1,0,0,0,0,0,0,1,0,0,0,0,0,0,0,0,0,0,1,0,0,0,0,0,0,0,0,0,0,0,0,0,0,1,1,0,0,1,0,0
CUST001591,Pavani,Garde,24.0,Nagpur,2020-08-16,130600.0,2020,8,16,0,0,1,0,0,0,1,0,0,0,0,0,1,0,0,0,0,0,0,0,1,0,0,0,0,0,0,0,0,0,0,0,1,0,0,0,0,0,0,0,0,0,0,1,0
CUST001592,Riya,Dyal,18.0,Mumbai,2026-07-11,5600.0,2026,7,11,0,0,0,0,0,0,1,0,0,0,0,0,0,0,0,0,0,0,0,0,1,0,0,0,0,0,0,0,0,0,0,0,0,0,0,0,0,1,0,0,0,0,0,0,0
CUST001593,Bishakha,Chander,44.0,Hyderabad,2018-11-01,156200.0,2018,11,1,1,0,0,1,0,1,0,0,0,0,1,0,0,0,0,0,0,0,0,0,0,0,0,0,0,1,0,0,0,1,0,0,0,0,0,0,0,0,0,1,0,0,0,0,1
CUST001594,Omkaar,Subramanian,50.0,Chandigarh,2020-10-08,99900.0,2020,10,8,0,0,1,1,0,1,0,0,0,1,0,0,1,0,1,0,0,0,0,0,0,0,0,0,0,0,0,0,0,0,0,0,0,0,0,0,1,0,0,1,0,0,0,1,0
CUST001595,Amruta,Sankar,18.0,Jaipur,2026-07-11,6300.0,2026,7,11,0,0,0,0,0,0,1,0,1,0,0,0,0,0,0,0,0,0,0,0,0,0,0,1,0,0,0,0,0,0,0,0,0,0,0,0,0,1,0,0,0,0,0,0,0
CUST001596,Gayathri,Saraf,25.0,Chennai,2021-01-23,45900.0,2021,1,23,0,0,1,0,0,0,1,0,0,0,0,0,1,0,0,0,0,0,0,0,0,0,0,0,1,0,0,0,0,0,0,0,0,0,0,0,1,0,0,0,0,0,1,0,0
CUST001597,Gaurangi,Bera,46.0,Kolkata,2020-01-23,185000.0,2020,1,23,1,0,0,0,0,0,0,0,1,0,1,0,0,0,0,0,0,0,0,0,0,0,0,0,0,0,0,1,0,1,0,0,0,0,0,0,0,0,0,1,0,0,0,0,1
CUST001598,Chandresh,Narula,65.0,Pune,2019-01-20,42800.0,2019,1,20,0,0,1,1,0,0,0,1,0,1,0,0,1,0,0,0,0,0,0,0,1,0,0,0,0,0,0,0,0,0,0,0,0,0,1,0,0,0,0,0,1,0,1,0,0
CUST001599,Harshil,Gupta,38.0,Varanasi,2020-09-17,221000.0,2020,9,17,1,0,0,1,0,1,0,0,1,0,1,0,0,0,0,0,0,0,0,0,0,0,0,0,0,0,1,0,1,0,0,0,0,0,0,0,0,0,0,1,0,0,0,0,1
CUST001600,Samarth,Zachariah,29.0,Jodhpur,2019-03-12,136100.0,2019,3,12,1,0,0,1,0,1,0,0,0,1,1,0,0,0,0,0,0,0,0,0,0,0,0,1,0,0,0,0,0,0,0,0,0,0,0,0,0,0,0,0,0,0,0,0,1
CUST001601,Libni,Manda,36.0,Ahmedabad,2018-11-22,94800.0,2018,11,22,1,0,0,0,0,0,1,0,0,0,1,0,0,0,0,0,1,0,0,0,0,0,0,0,0,0,0,0,0,1,0,0,0,0,0,0,0,0,0,1,0,0,0,1,0
CUST001602,Neha,Khanna,56.0,Chennai,2021-05-28,12600.0,2021,5,28,0,0,0,0,0,1,0,0,1,0,0,0,0,0,0,0,0,0,0,0,0,0,0,0,1,0,0,0,0,0,0,0,0,0,0,0,0,1,0,0,1,0,0,0,0
CUST001603,Chanakya,Bawa,30.0,Bhubaneswar,2019-05-10,21400.0,2019,5,10,0,0,1,1,0,0,1,0,0,1,0,0,1,0,0,0,0,0,0,0,0,1,0,0,0,0,0,0,0,0,0,0,0,1,0,0,0,0,0,0,0,0,0,0,0
CUST001604,Ronith,Swaminathan,28.0,Indore,2020-11-09,57700.0,2020,11,9,0,0,1,1,0,1,0,0,0,1,0,0,1,0,0,0,0,0,0,1,0,0,0,0,0,0,0,0,0,0,1,0,0,0,0,0,0,0,0,0,0,0,1,0,0
CUST001605,Faraj,Bhagat,32.0,Howrah,2021-02-05,75000.0,2021,2,5,0,0,1,1,0,1,0,0,0,0,0,0,1,0,0,0,0,0,0,0,0,0,0,0,0,0,0,1,0,0,1,0,0,0,0,0,0,0,0,0,0,0,0,1,0
CUST001606,Radha,Aggarwal,26.0,Hyderabad,2019-10-28,133800.0,2019,10,28,0,0,1,0,0,1,0,0,1,0,0,0,1,0,0,0,0,0,0,0,0,0,0,0,0,1,0,0,1,0,0,0,0,0,0,0,0,0,0,0,0,0,0,0,1
CUST001607,Unni,Chahal,40.0,Kolkata,2019-07-05,65800.0,2019,7,5,0,0,0,0,0,1,0,0,1,0,0,0,0,0,0,0,0,0,0,0,0,0,0,0,0,0,0,1,0,0,0,0,0,0,0,0,0,1,0,1,0,0,1,0,0
CUST001608,Manan,Srinivasan,59.0,Kolkata,2020-06-10,256300.0,2020,6,10,1,0,0,1,0,1,0,0,1,0,1,0,0,0,0,0,0,0,0,0,0,0,0,0,0,0,0,1,0,0,0,0,0,0,0,0,1,0,0,0,1,0,0,0,1
CUST001609,Harish,Chatterjee,42.0,Hyderabad,2021-07-04,70900.0,2021,7,4,0,0,1,1,0,1,0,0,0,0,0,0,1,0,0,0,0,0,0,0,0,0,0,0,0,1,0,0,0,0,1,0,0,0,0,0,0,0,0,1,0,0,0,1,0
CUST001610,Agastya,Jhaveri,35.0,Bengaluru,2018-11-25,46500.0,2018,11,25,1,0,0,1,0,1,0,0,1,0,1,0,0,0,0,0,0,1,0,0,0,0,0,0,0,0,0,0,0,0,0,0,0,0,0,0,0,0,1,0,0,0,1,0,0
CUST001611,Harinakshi,Manne,34.0,Hyderabad,2019-06-08,166900.0,2019,6,8,1,0,0,0,0,1,0,0,0,1,1,0,0,0,0,0,0,0,0,0,0,0,0,0,0,1,0,0,0,0,0,0,1,0,0,0,0,0,0,0,0,0,0,0,1
CUST001612,Chaitaly,Solanki,18.0,Kolkata,2026-07-11,13600.0,2026,7,11,0,0,0,0,0,0,1,0,0,0,0,0,0,0,0,0,0,0,0,0,0,0,0,0,0,0,0,1,0,0,0,0,0,0,0,0,0,1,0,0,0,0,0,0,0
CUST001613,Devika,Morar,49.0,Hyderabad,2020-02-19,65800.0,2020,2,19,1,0,0,0,0,1,0,0,1,0,1,0,0,0,0,0,0,0,0,0,0,0,0,0,0,1,0,0,0,0,0,0,0,0,0,1,0,0,0,1,0,0,1,0,0
CUST001614,Rushil,Sinha,37.0,Bengaluru,2021-07-17,15400.0,2021,7,17,0,0,0,1,0,1,0,0,0,0,0,0,0,0,0,0,0,1,0,0,0,0,0,0,0,0,0,0,0,0,0,0,0,0,0,0,0,1,0,1,0,0,0,0,0
CUST001615,Wishi,Lanka,36.0,Jaipur,2020-08-09,975300.0,2020,8,9,1,0,0,0,0,1,0,0,1,0,1,0,0,0,0,0,0,0,0,0,0,0,0,1,0,0,0,0,0,0,0,0,1,0,0,0,0,0,0,1,0,0,0,0,1
CUST001616,Chakradev,Ram,75.0,Coimbatore,2020-01-22,109800.0,2020,1,22,1,0,0,1,0,1,0,0,0,1,1,0,0,0,0,0,0,0,0,0,0,0,0,0,1,0,0,0,0,0,0,0,0,0,0,0,1,0,0,0,0,1,0,1,0
CUST001617,Hiral,Prabhakar,42.0,Mumbai,2020-01-28,152000.0,2020,1,28,1,0,0,0,0,1,0,0,0,0,1,0,0,0,0,0,0,0,0,0,1,0,0,0,0,0,0,0,0,1,0,0,0,0,0,0,0,0,0,1,0,0,0,0,1
CUST001618,Rayaan,Pingle,28.0,Hyderabad,2020-12-31,91800.0,2020,12,31,1,0,0,1,0,1,0,0,0,1,1,0,0,0,0,0,0,0,0,0,0,0,0,0,0,1,0,0,0,0,1,0,0,0,0,0,0,0,0,0,0,0,0,1,0
CUST001619,Idika,Sehgal,32.0,Indore,2019-04-18,147700.0,2019,4,18,1,0,0,0,0,0,1,0,0,1,1,0,0,0,0,0,0,0,0,1,0,0,0,0,0,0,0,0,0,0,0,0,1,0,0,0,0,0,0,0,0,0,0,0,1
CUST001620,Anya,Lall,53.0,Jaipur,2020-09-23,404100.0,2020,9,23,1,0,0,0,0,1,0,0,0,1,1,0,0,0,0,0,0,0,0,0,0,0,0,1,0,0,0,0,0,0,0,0,0,0,0,0,0,0,0,0,1,0,0,0,1
CUST001621,Urvi,Shroff,39.0,Bengaluru,2019-11-19,9900.0,2019,11,19,0,0,0,0,0,0,1,0,0,1,0,0,0,0,0,0,0,1,0,0,0,0,0,0,0,0,0,0,0,0,0,1,0,0,0,0,0,0,0,1,0,0,0,0,0
CUST001622,Lekha,Kara,19.0,Thiruvananthapuram,2025-08-16,74300.0,2025,8,16,0,0,1,0,0,0,1,0,0,1,0,0,1,0,0,0,0,0,1,0,0,0,0,0,0,0,0,0,0,0,0,0,0,0,0,1,0,0,0,0,0,0,0,1,0
CUST001623,Krish,Bhatia,50.0,Mumbai,2020-05-07,52500.0,2020,5,7,0,0,1,1,0,0,1,0,0,0,0,0,1,0,0,0,0,0,0,0,1,0,0,0,0,0,0,0,0,0,0,0,0,0,0,0,0,0,1,1,0,0,1,0,0
CUST001624,Faqid,Chatterjee,29.0,Bhubaneswar,2021-01-01,37600.0,2021,1,1,0,0,0,1,0,1,0,0,1,0,0,0,0,0,0,0,0,0,0,0,0,1,0,0,0,0,0,0,0,0,0,0,0,0,0,0,0,0,0,0,0,0,1,0,0
CUST001625,Chaman,Padmanabhan,62.0,Delhi,2019-09-23,56000.0,2019,9,23,0,0,1,0,0,1,0,0,0,1,0,0,1,0,0,1,0,0,0,0,0,0,0,0,0,0,0,0,0,0,0,0,0,0,1,0,0,0,0,0,1,0,1,0,0
CUST001626,Samuel,Karan,52.0,Mumbai,2020-05-07,22500.0,2020,5,7,0,0,1,1,0,0,0,1,1,0,0,0,1,0,0,0,0,0,0,0,1,0,0,0,0,0,0,0,0,0,0,0,0,0,0,0,0,1,0,0,1,0,0,0,0
CUST001627,Azaan,Ram,32.0,Warangal,2021-07-30,174000.0,2021,7,30,0,0,1,1,0,1,0,0,0,0,0,0,1,0,0,0,0,0,0,0,0,0,0,0,0,1,0,0,0,0,0,0,0,0,0,0,1,0,0,0,0,0,0,0,1
CUST001628,Shaurya,Wason,55.0,Hyderabad,2021-07-16,40400.0,2021,7,16,0,0,1,1,0,1,0,0,1,0,0,0,1,0,0,0,0,0,0,0,0,0,0,0,0,1,0,0,0,0,0,0,0,1,0,0,0,0,0,0,1,0,1,0,0
CUST001629,Vyanjana,Keer,39.0,Madurai,2020-03-18,84700.0,2020,3,18,0,0,1,0,0,0,1,0,0,0,0,0,1,0,0,0,0,0,0,0,0,0,0,0,1,0,0,0,0,0,0,0,0,0,0,0,0,1,0,1,0,0,0,1,0
CUST001630,Wazir,Mistry,49.0,Jodhpur,2021-01-27,65300.0,2021,1,27,0,0,1,1,0,1,0,0,1,0,0,0,1,0,0,0,0,0,0,0,0,0,0,1,0,0,0,0,0,0,1,0,0,0,0,0,0,0,0,1,0,0,1,0,0
CUST001631,Balveer,Rana,44.0,Varanasi,2019-11-14,151100.0,2019,11,14,1,0,0,1,0,1,0,0,0,1,1,0,0,0,0,0,0,0,0,0,0,0,0,0,0,0,1,0,0,0,0,0,0,0,0,0,0,0,0,1,0,0,0,0,1
CUST001632,Anay,Thakkar,27.0,Hyderabad,2020-05-26,328200.0,2020,5,26,0,1,0,1,0,1,0,0,1,0,0,1,0,0,0,0,0,0,0,0,0,0,0,0,0,1,0,0,0,0,0,0,0,0,0,0,0,0,0,0,0,0,0,0,1
CUST001633,Ethan,Dara,30.0,Hyderabad,2019-08-30,88500.0,2019,8,30,1,0,0,1,0,0,1,0,0,1,1,0,0,0,0,0,0,0,0,0,0,0,0,0,0,1,0,0,0,1,0,0,0,0,0,0,0,0,0,0,0,0,0,1,0
CUST001634,Vanya,Ghose,51.0,Pune,2018-10-08,73000.0,2018,10,8,1,0,0,0,0,1,0,0,1,0,1,0,0,0,0,0,0,0,0,0,1,0,0,0,0,0,0,0,0,0,0,0,0,0,0,0,0,0,0,0,1,0,0,1,0
CUST001635,Oliver,Kakar,34.0,Mumbai,2020-01-15,173400.0,2020,1,15,1,0,0,0,1,1,0,0,1,0,1,0,0,0,0,0,0,0,0,0,1,0,0,0,0,0,0,0,0,0,0,0,1,0,0,0,0,0,0,0,0,0,0,0,1
CUST001636,Inaya,Date,33.0,Howrah,2019-04-06,54300.0,2019,4,6,1,0,0,0,0,1,0,0,1,0,1,0,0,0,0,0,0,0,0,0,0,0,0,0,0,0,0,1,0,0,0,0,0,0,0,1,0,0,0,0,0,0,1,0,0
CUST001637,Ansh,Sampath,26.0,Mumbai,2019-05-14,155000.0,2019,5,14,1,0,0,1,0,0,1,0,0,0,1,0,0,0,0,0,0,0,0,0,1,0,0,0,0,0,0,0,0,0,0,0,0,0,0,0,0,0,0,0,0,0,0,0,1
CUST001638,Chaaya,Saran,44.0,Surat,2018-11-10,61800.0,2018,11,10,1,0,0,0,0,1,0,0,0,1,1,0,0,0,0,0,1,0,0,0,0,0,0,0,0,0,0,0,0,0,0,0,0,0,0,0,0,0,1,1,0,0,1,0,0
CUST001639,Isha,Divan,65.0,Madurai,2020-12-25,9700.0,2020,12,25,0,0,0,0,0,0,0,0,0,1,0,0,0,0,0,0,0,0,0,0,0,0,0,0,1,0,0,0,0,0,0,1,0,0,0,0,0,0,0,0,1,0,0,0,0
CUST001640,Kai,Nagarajan,24.0,Delhi,2020-08-16,306500.0,2020,8,16,0,1,0,1,0,1,0,0,0,0,0,1,0,0,0,1,0,0,0,0,0,0,0,0,0,0,0,0,0,0,0,0,0,0,0,0,0,0,0,0,0,0,0,0,1
CUST001641,Bhavna,Chahal,38.0,Madurai,2018-11-28,10600.0,2018,11,28,0,0,1,0,0,1,0,0,0,1,0,0,1,0,0,0,0,0,0,0,0,0,0,0,1,0,0,0,0,0,0,0,0,0,0,0,0,1,0,1,0,0,0,0,0
CUST001642,Sara,Ranganathan,56.0,Delhi,2020-06-12,17600.0,2020,6,12,0,0,0,0,0,1,0,0,0,1,0,0,0,0,0,1,0,0,0,0,0,0,0,0,0,0,0,0,0,0,0,0,0,0,0,0,0,1,0,0,1,0,0,0,0
CUST001643,Omaja,Majumdar,37.0,Warangal,2020-09-06,26500.0,2020,9,6,0,0,0,0,0,1,0,0,0,1,0,0,0,0,0,0,0,0,0,0,0,0,0,0,0,1,0,0,0,0,0,0,0,1,0,0,0,0,0,1,0,0,1,0,0
CUST001644,Yoshita,Shanker,44.0,Jodhpur,2018-10-08,202600.0,2018,10,8,0,1,0,1,0,1,0,0,1,0,0,1,0,0,0,0,0,0,0,0,0,0,0,1,0,0,0,0,0,0,0,0,0,0,0,0,0,0,0,1,0,0,0,0,1
CUST001645,Abeer,Virk,24.0,Chennai,2020-08-16,27100.0,2020,8,16,0,0,0,1,0,0,1,0,0,1,0,0,0,0,0,0,0,0,0,0,0,0,0,0,1,0,0,0,0,0,0,0,0,1,0,0,0,0,0,0,0,0,1,0,0
CUST001646,Shaurya,Chowdhury,44.0,Pune,2020-06-25,130600.0,2020,6,25,1,0,0,1,0,1,0,0,0,0,1,0,0,0,0,0,0,0,0,0,1,0,0,0,0,0,0,0,0,0,0,0,1,0,0,0,0,0,0,1,0,0,0,1,0
CUST001647,Triya,Doctor,36.0,Surat,2019-04-02,16800.0,2019,4,2,0,0,1,0,0,1,0,0,0,0,0,0,1,0,0,0,1,0,0,0,0,0,0,0,0,0,0,0,0,0,0,0,0,0,0,0,0,1,0,1,0,0,0,0,0
CUST001648,Ethan,Chaudhry,51.0,Delhi,2020-09-17,113000.0,2020,9,17,1,0,0,1,0,0,1,0,0,1,1,0,0,0,0,1,0,0,0,0,0,0,0,0,0,0,0,0,0,0,0,0,0,0,0,1,0,0,0,0,1,0,0,1,0
CUST001649,Chatresh,Chaudhuri,53.0,Vadodara,2021-02-04,324000.0,2021,2,4,1,0,0,1,0,1,0,0,1,0,1,0,0,0,0,0,1,0,0,0,0,0,0,0,0,0,0,0,0,0,0,0,0,0,0,0,0,0,1,0,1,0,0,0,1
CUST001650,Mekhala,Wason,72.0,Chennai,2019-12-29,12300.0,2019,12,29,0,0,0,0,0,0,0,0,0,1,0,0,0,0,0,0,0,0,0,0,0,0,0,0,1,0,0,0,0,0,0,1,0,0,0,0,0,0,0,0,0,1,0,0,0
CUST001651,Pooja,Roy,46.0,Chennai,2019-12-05,23300.0,2019,12,5,0,0,1,0,0,1,0,0,1,0,0,0,1,0,0,0,0,0,0,0,0,0,0,0,1,0,0,0,0,0,0,0,0,0,0,0,0,0,0,1,0,0,0,0,0
CUST001652,Kevin,Rajagopal,38.0,Chandigarh,2019-02-23,16000.0,2019,2,23,0,0,1,1,0,0,1,0,1,0,0,0,1,0,1,0,0,0,0,0,0,0,0,0,0,0,0,0,0,0,0,0,0,0,0,0,0,1,0,1,0,0,0,0,0
CUST001653,Watika,Solanki,41.0,Ahmedabad,2020-04-02,101200.0,2020,4,2,1,0,0,0,0,1,0,0,1,0,1,0,0,0,0,0,1,0,0,0,0,0,0,0,0,0,0,0,0,0,0,0,1,0,0,0,0,0,0,1,0,0,0,1,0
CUST001654,Anjali,Gera,33.0,Mumbai,2019-03-08,7900.0,2019,3,8,0,0,0,0,0,1,0,0,1,0,0,0,0,0,0,0,0,0,0,0,1,0,0,0,0,0,0,0,0,0,0,0,0,0,0,0,0,1,0,0,0,0,0,0,0
CUST001655,Manya,Rau,42.0,Bengaluru,2020-09-09,98400.0,2020,9,9,0,0,1,0,0,1,0,0,1,0,0,0,1,0,0,0,0,1,0,0,0,0,0,0,0,0,0,0,0,0,0,0,0,0,0,0,0,0,0,1,0,0,0,1,0
CUST001656,Ekbal,Ratti,34.0,Bhopal,2019-11-25,152500.0,2019,11,25,1,0,0,1,0,1,0,0,0,1,1,0,0,0,0,0,0,0,0,1,0,0,0,0,0,0,0,0,0,0,0,0,1,0,0,0,0,0,0,0,0,0,0,0,1
CUST001657,Anirudh,Randhawa,40.0,Mumbai,2020-12-31,10700.0,2020,12,31,0,0,0,1,0,0,1,0,1,0,0,0,0,0,0,0,0,0,0,0,1,0,0,0,0,0,0,0,0,0,0,0,0,0,0,0,0,1,0,1,0,0,0,0,0
CUST001658,Noah,Khanna,55.0,Madurai,2020-06-20,31800.0,2020,6,20,0,0,1,1,0,1,0,0,1,0,0,0,1,0,0,0,0,0,0,0,0,0,0,0,1,0,0,0,0,0,0,0,0,1,0,0,0,0,0,0,1,0,1,0,0
CUST001659,Aryan,Soman,25.0,Surat,2019-08-17,30300.0,2019,8,17,0,0,1,1,0,1,0,0,1,0,0,0,1,0,0,0,1,0,0,0,0,0,0,0,0,0,0,0,0,0,0,0,0,0,0,0,0,0,1,0,0,0,1,0,0
CUST001660,Krish,Pradhan,53.0,Kolkata,2020-12-23,5900.0,2020,12,23,0,0,0,1,0,0,1,0,0,1,0,0,0,0,0,0,0,0,0,0,0,0,0,0,0,0,0,1,0,0,0,1,0,0,0,0,0,0,0,0,1,0,0,0,0
CUST001661,Advaith,Nazareth,55.0,Jaipur,2019-03-12,464300.0,2019,3,12,0,1,0,1,0,1,0,0,0,1,0,1,0,0,0,0,0,0,0,0,0,0,0,1,0,0,0,0,0,0,0,0,0,0,0,0,0,0,0,0,1,0,0,0,1
CUST001662,Max,Mukhopadhyay,36.0,Surat,2020-10-10,100500.0,2020,10,10,0,0,1,1,0,1,0,0,0,1,0,0,1,0,0,0,1,0,0,0,0,0,0,0,0,0,0,0,0,0,0,0,0,0,0,1,0,0,0,1,0,0,0,1,0
CUST001663,Meera,Swamy,18.0,Ahmedabad,2026-07-11,11600.0,2026,7,11,0,0,0,0,0,0,1,0,0,0,0,0,0,0,0,0,1,0,0,0,0,0,0,0,0,0,0,0,0,0,0,0,0,0,0,0,0,1,0,0,0,0,0,0,0
CUST001664,Chandran,Kari,30.0,Kanpur,2021-04-18,13600.0,2021,4,18,0,0,0,1,0,0,1,0,0,0,0,0,0,0,0,0,0,0,0,0,0,0,0,0,0,0,1,0,0,0,0,0,0,0,0,0,0,1,0,0,0,0,0,0,0
CUST001665,Ekani,Mital,55.0,Howrah,2019-05-22,21200.0,2019,5,22,0,0,1,0,0,1,0,0,0,1,0,0,1,0,0,0,0,0,0,0,0,0,0,0,0,0,0,1,0,0,0,1,0,0,0,0,0,0,0,0,1,0,0,0,0
CUST001666,Vaishnavi,Nagi,38.0,Hyderabad,2020-11-02,9800.0,2020,11,2,0,0,0,0,0,0,1,0,0,0,0,0,0,0,0,0,0,0,0,0,0,0,0,0,0,1,0,0,0,0,0,0,0,0,0,0,0,1,0,1,0,0,0,0,0
CUST001667,Krish,Saha,25.0,Chennai,2019-08-30,13700.0,2019,8,30,0,0,1,1,0,0,1,0,1,0,0,0,1,0,0,0,0,0,0,0,0,0,0,0,1,0,0,0,0,0,0,1,0,0,0,0,0,0,0,0,0,0,0,0,0
CUST001668,Chanchal,Guha,31.0,Ahmedabad,2019-07-12,50800.0,2019,7,12,0,0,1,0,0,1,0,0,1,0,0,0,1,0,0,0,1,0,0,0,0,0,0,0,0,0,0,0,0,0,0,0,0,0,0,0,0,0,1,0,0,0,1,0,0
CUST001669,Vaishnavi,Kakar,49.0,Bhopal,2020-08-03,11100.0,2020,8,3,0,0,0,0,0,1,0,0,0,0,0,0,0,0,0,0,0,0,0,1,0,0,0,0,0,0,0,0,0,0,0,0,0,0,0,0,0,1,0,1,0,0,0,0,0
CUST001670,Samar,Sundaram,45.0,Bengaluru,2020-03-14,266000.0,2020,3,14,1,0,0,1,0,0,1,0,1,0,1,0,0,0,0,0,0,1,0,0,0,0,0,0,0,0,0,0,1,0,0,0,0,0,0,0,0,0,0,1,0,0,0,0,1
CUST001671,Yauvani,Prakash,35.0,Mysuru,2020-05-31,31900.0,2020,5,31,0,0,1,0,0,0,1,0,0,1,0,0,1,0,0,0,0,1,0,0,0,0,0,0,0,0,0,0,0,0,0,0,0,0,1,0,0,0,0,0,0,0,1,0,0
CUST001672,Ayaan,Varma,33.0,Thiruvananthapuram,2018-10-13,10500.0,2018,10,13,0,0,0,1,0,0,0,0,1,0,0,0,0,0,0,0,0,0,1,0,0,0,0,0,0,0,0,0,0,0,0,1,0,0,0,0,0,0,0,0,0,0,0,0,0
CUST001673,Gauri,Bhatti,33.0,Kolkata,2020-08-31,30500.0,2020,8,31,0,0,1,0,0,1,0,0,1,0,0,0,1,0,0,0,0,0,0,0,0,0,0,0,0,0,0,1,0,0,0,0,0,1,0,0,0,0,0,0,0,0,1,0,0
CUST001674,Nachiket,Toor,26.0,Delhi,2021-01-27,27800.0,2021,1,27,0,0,1,1,0,0,0,0,1,0,0,0,1,0,0,1,0,0,0,0,0,0,0,0,0,0,0,0,0,0,0,0,0,1,0,0,0,0,0,0,0,0,1,0,0
CUST001675,Tamanna,Deshmukh,59.0,Ahmedabad,2020-07-12,164900.0,2020,7,12,1,0,0,0,0,0,0,1,0,1,1,0,0,0,0,0,1,0,0,0,0,0,0,0,0,0,0,0,0,1,0,0,0,0,0,0,0,0,0,0,1,0,0,0,1
CUST001676,Akshay,Ghose,34.0,Ludhiana,2019-08-14,108000.0,2019,8,14,1,0,0,1,0,1,0,0,1,0,1,0,0,0,0,0,0,0,0,0,0,0,1,0,0,0,0,0,0,1,0,0,0,0,0,0,0,0,0,0,0,0,0,1,0
CUST001677,Inaya,Iyer,54.0,Kanpur,2019-07-14,313100.0,2019,7,14,1,0,0,0,0,1,0,0,0,1,1,0,0,0,0,0,0,0,0,0,0,0,0,0,0,0,1,0,0,0,0,0,0,0,0,0,0,0,0,0,1,0,0,0,1
CUST001678,Ayush,Krish,58.0,Vadodara,2018-11-08,33900.0,2018,11,8,0,0,1,1,0,1,0,0,0,0,0,0,1,0,0,0,1,0,0,0,0,0,0,0,0,0,0,0,0,0,0,0,0,1,0,0,0,0,0,0,1,0,1,0,0
CUST001679,Anamika,Shan,38.0,Delhi,2018-12-24,23400.0,2018,12,24,0,0,1,0,0,1,0,0,0,1,0,0,1,0,0,1,0,0,0,0,0,0,0,0,0,0,0,0,0,0,0,1,0,0,0,0,0,0,0,1,0,0,0,0,0
CUST001680,Arya,Patel,32.0,Bhopal,2020-10-04,118800.0,2020,10,4,0,0,1,0,0,0,1,0,0,1,0,0,1,0,0,0,0,0,0,1,0,0,0,0,0,0,0,0,0,1,0,0,0,0,0,0,0,0,0,0,0,0,0,1,0
CUST001681,Hardik,Mahal,43.0,Coimbatore,2020-04-05,122900.0,2020,4,5,1,0,0,1,0,1,0,0,1,0,1,0,0,0,0,0,0,0,0,0,0,0,0,0,1,0,0,0,0,0,0,0,0,0,0,0,1,0,0,1,0,0,0,1,0
CUST001682,Raksha,Shetty,38.0,Indore,2019-05-20,1201100.0,2019,5,20,0,1,0,0,0,1,0,0,0,1,0,1,0,0,0,0,0,0,0,1,0,0,0,0,0,0,0,0,0,1,0,0,0,0,0,0,0,0,0,1,0,0,0,0,1
CUST001683,Zayyan,Ranganathan,26.0,Bengaluru,2018-11-16,148800.0,2018,11,16,1,0,0,1,0,0,1,0,0,0,1,0,0,0,0,0,0,1,0,0,0,0,0,0,0,0,0,0,0,0,0,0,1,0,0,0,0,0,0,0,0,0,0,0,1
CUST001684,Diya,Balasubramanian,42.0,Mumbai,2020-08-12,3000.0,2020,8,12,0,0,0,0,0,1,0,0,0,1,0,0,0,0,0,0,0,0,0,0,1,0,0,0,0,0,0,0,0,0,0,1,0,0,0,0,0,0,0,1,0,0,0,0,0
CUST001685,Kavya,Pradhan,23.0,Chennai,2021-08-16,68000.0,2021,8,16,0,0,1,0,0,0,1,0,1,0,0,0,1,0,0,0,0,0,0,0,0,0,0,0,1,0,0,0,0,1,0,0,0,0,0,0,0,0,0,0,0,0,0,1,0
CUST001686,Wishi,Sehgal,53.0,Bengaluru,2018-12-05,77500.0,2018,12,5,1,0,0,0,0,1,0,0,0,0,1,0,0,0,0,0,0,1,0,0,0,0,0,0,0,0,0,0,0,0,0,0,0,0,0,1,0,0,0,0,1,0,0,1,0
CUST001687,Hema,Som,32.0,Ahmedabad,2020-07-19,12400.0,2020,7,19,0,0,0,0,0,0,1,0,1,0,0,0,0,0,0,0,1,0,0,0,0,0,0,0,0,0,0,0,0,0,0,1,0,0,0,0,0,0,0,0,0,0,0,0,0
CUST001688,Parth,Padmanabhan,41.0,Bhubaneswar,2020-03-08,200000.0,2020,3,8,1,0,0,1,0,1,0,0,0,1,1,0,0,0,0,0,0,0,0,0,0,1,0,0,0,0,0,0,1,0,0,0,0,0,0,0,0,0,0,1,0,0,0,0,1
CUST001689,Finn,Kuruvilla,42.0,Ahmedabad,2018-11-29,145100.0,2018,11,29,1,0,0,1,0,1,0,0,1,0,1,0,0,0,0,0,1,0,0,0,0,0,0,0,0,0,0,0,0,1,0,0,0,0,0,0,0,0,0,1,0,0,0,0,1
CUST001690,Chakradev,Mane,38.0,Indore,2019-03-21,15500.0,2019,3,21,0,0,1,1,0,1,0,0,1,0,0,0,1,0,0,0,0,0,0,1,0,0,0,0,0,0,0,0,0,0,0,0,0,0,0,0,0,1,0,1,0,0,0,0,0
CUST001691,Amrita,Raju,46.0,Chennai,2020-11-23,12200.0,2020,11,23,0,0,0,0,0,1,0,0,0,0,0,0,0,0,0,0,0,0,0,0,0,0,0,0,1,0,0,0,0,0,0,0,0,0,0,0,0,1,0,1,0,0,0,0,0
CUST001692,Aryan,Gaba,32.0,Udaipur,2020-08-25,18600.0,2020,8,25,0,0,0,1,0,1,0,0,1,0,0,0,0,0,0,0,0,0,0,0,0,0,0,1,0,0,0,0,0,0,0,0,0,1,0,0,0,0,0,0,0,0,0,0,0
CUST001693,Jalsa,Kant,49.0,Varanasi,2020-07-25,36300.0,2020,7,25,0,0,1,0,0,0,1,0,1,0,0,0,1,0,0,0,0,0,0,0,0,0,0,0,0,0,1,0,0,0,0,0,0,1,0,0,0,0,0,1,0,0,1,0,0
CUST001694,Jeevika,Jhaveri,21.0,Ahmedabad,2023-08-17,12800.0,2023,8,17,0,0,0,0,0,0,1,0,0,0,0,0,0,0,0,0,1,0,0,0,0,0,0,0,0,0,0,0,0,0,0,0,0,0,0,0,0,1,0,0,0,0,0,0,0
CUST001695,Krish,Rout,40.0,Chennai,2018-08-18,69600.0,2018,8,18,1,0,0,1,0,1,0,0,0,0,1,0,0,0,0,0,0,0,0,0,0,0,0,0,1,0,0,0,0,0,1,0,0,0,0,0,0,0,0,1,0,0,0,1,0
CUST001696,Yashvi,Bahri,63.0,Kolkata,2019-04-21,61100.0,2019,4,21,0,0,1,0,0,1,0,0,0,1,0,0,1,0,0,0,0,0,0,0,0,0,0,0,0,0,0,1,0,0,0,0,0,0,1,0,0,0,0,0,1,0,1,0,0
CUST001697,Aayush,Som,25.0,Ahmedabad,2020-03-04,131100.0,2020,3,4,1,0,0,1,0,0,1,0,0,0,1,0,0,0,0,0,1,0,0,0,0,0,0,0,0,0,0,0,0,0,0,0,1,0,0,0,0,0,0,0,0,0,0,1,0
CUST001698,Dominic,Ghose,29.0,New Delhi,2021-08-05,13300.0,2021,8,5,0,0,0,1,0,1,0,0,0,0,0,0,0,0,0,1,0,0,0,0,0,0,0,0,0,0,0,0,0,0,0,0,0,0,0,0,0,1,0,0,0,0,0,0,0
CUST001699,Aarna,Kapur,45.0,Lucknow,2019-07-14,15600.0,2019,7,14,0,0,1,0,0,0,1,0,0,0,0,0,1,0,0,0,0,0,0,0,0,0,0,0,0,0,1,0,0,0,0,0,0,0,0,0,0,1,0,1,0,0,0,0,0
CUST001700,Jonathan,Mody,40.0,Guwahati,2020-06-16,183200.0,2020,6,16,1,0,0,1,0,1,0,0,0,1,1,0,0,0,0,0,0,0,0,0,0,0,0,0,0,0,0,0,1,0,0,0,0,0,0,0,0,0,0,1,0,0,0,0,1
CUST001701,Laksh,Sampath,43.0,Chennai,2019-09-23,189300.0,2019,9,23,1,0,0,1,0,1,0,0,0,1,1,0,0,0,0,0,0,0,0,0,0,0,0,0,1,0,0,0,0,1,0,0,0,0,0,0,0,0,0,1,0,0,0,0,1
CUST001702,Riya,Palla,44.0,Ahmedabad,2019-10-21,134300.0,2019,10,21,1,0,0,0,0,1,0,0,0,0,1,0,0,0,0,0,1,0,0,0,0,0,0,0,0,0,0,0,0,0,0,0,1,0,0,0,0,0,0,1,0,0,0,0,1
CUST001703,Victor,Krishnan,46.0,Surat,2020-03-07,150300.0,2020,3,7,1,0,0,1,0,0,1,0,0,0,1,0,0,0,0,0,1,0,0,0,0,0,0,0,0,0,0,0,0,1,0,0,0,0,0,0,0,0,0,1,0,0,0,0,1
CUST001704,Janani,Shukla,52.0,Ahmedabad,2018-10-16,231700.0,2018,10,16,0,1,0,0,0,0,0,0,0,1,0,1,0,0,0,0,1,0,0,0,0,0,0,0,0,0,0,0,0,0,0,0,0,0,0,0,1,0,0,0,1,0,0,0,1
CUST001705,Nidhi,Verma,43.0,Madurai,2021-07-22,134100.0,2021,7,22,0,0,1,0,0,0,0,1,1,0,0,0,1,0,0,0,0,0,0,0,0,0,0,0,1,0,0,0,0,0,0,0,1,0,0,0,0,0,0,1,0,0,0,0,1
CUST001706,Rushil,Chaudry,35.0,Indore,2019-06-28,103200.0,2019,6,28,1,0,0,1,0,0,1,0,1,0,1,0,0,0,0,0,0,0,0,1,0,0,0,0,0,0,0,0,0,1,0,0,0,0,0,0,0,0,0,0,0,0,0,1,0
CUST001707,Aarush,Vaidya,47.0,Chennai,2020-05-24,14100.0,2020,5,24,0,0,0,1,0,1,0,0,0,1,0,0,0,0,0,0,0,0,0,0,0,0,0,0,1,0,0,0,0,0,0,0,0,0,0,0,0,0,0,1,0,0,0,0,0
CUST001708,Ridhi,Mandal,63.0,Mumbai,2019-06-26,209400.0,2019,6,26,0,1,0,0,0,0,0,1,0,1,0,1,0,0,0,0,0,0,0,0,1,0,0,0,0,0,0,0,0,0,0,0,0,0,0,0,1,0,0,0,1,0,0,0,1
CUST001709,Manthan,Chokshi,36.0,Varanasi,2019-08-07,126900.0,2019,8,7,1,0,0,1,0,1,0,0,1,0,1,0,0,0,0,0,0,0,0,0,0,0,0,0,0,0,1,0,0,0,0,0,1,0,0,0,0,0,0,1,0,0,0,1,0
CUST001710,Wridesh,Bhatt,25.0,Ahmedabad,2021-08-05,150300.0,2021,8,5,0,0,1,1,0,1,0,0,0,0,0,0,1,0,0,0,1,0,0,0,0,0,0,0,0,0,0,0,0,1,0,0,0,0,0,0,0,0,0,0,0,0,0,0,1
CUST001711,Pahal,Malhotra,52.0,Chandigarh,2020-10-08,33300.0,2020,10,8,0,0,1,0,0,1,0,0,0,1,0,0,1,0,1,0,0,0,0,0,0,0,0,0,0,0,0,0,0,0,0,0,0,1,0,0,0,0,0,0,1,0,1,0,0
CUST001712,Nicholas,Malhotra,36.0,Pune,2021-01-21,126800.0,2021,1,21,1,0,0,1,0,1,0,0,1,0,1,0,0,0,0,0,0,0,0,0,1,0,0,0,0,0,0,0,0,1,0,0,0,0,0,0,0,0,0,1,0,0,0,1,0
CUST001713,Leena,Misra,18.0,Mumbai,2026-07-11,32000.0,2026,7,11,0,0,0,0,0,0,1,0,1,0,0,0,0,0,0,0,0,0,0,0,1,0,0,0,0,0,0,0,0,0,0,0,0,0,0,1,0,0,0,0,0,0,1,0,0
CUST001714,Girindra,Doctor,49.0,Thiruvananthapuram,2019-06-10,136700.0,2019,6,10,1,0,0,1,0,0,0,0,1,0,1,0,0,0,0,0,0,0,1,0,0,0,0,0,0,0,0,0,0,0,0,0,0,0,0,0,0,0,0,1,0,0,0,0,1
CUST001715,Jai,Bhandari,31.0,Pune,2020-11-27,72800.0,2020,11,27,0,0,1,1,0,1,0,0,1,0,0,0,1,0,0,0,0,0,0,0,1,0,0,0,0,0,0,0,0,0,0,0,0,0,0,1,0,0,0,0,0,0,0,1,0
CUST001716,Saksham,Nagarajan,37.0,Lucknow,2020-03-14,104200.0,2020,3,14,1,0,0,1,0,0,1,0,1,0,1,0,0,0,0,0,0,0,0,0,0,0,0,0,0,0,1,0,0,0,0,0,0,0,0,0,0,0,0,1,0,0,0,1,0
CUST001717,Ekiya,Bal,42.0,Kanpur,2020-11-19,45400.0,2020,11,19,0,0,1,0,0,1,0,0,1,0,0,0,1,0,0,0,0,0,0,0,0,0,0,0,0,0,1,0,0,0,0,0,0,0,1,0,0,0,0,1,0,0,1,0,0
CUST001718,Yadavi,Merchant,40.0,Ahmedabad,2019-11-19,131100.0,2019,11,19,1,0,0,0,0,1,0,0,0,0,1,0,0,0,0,0,1,0,0,0,0,0,0,0,0,0,0,0,0,1,0,0,0,0,0,0,0,0,0,1,0,0,0,1,0
CUST001719,Leela,Sahota,47.0,Pune,2019-06-19,13600.0,2019,6,19,0,0,1,0,0,1,0,0,0,0,0,0,1,0,0,0,0,0,0,0,1,0,0,0,0,0,0,0,0,0,0,0,0,0,0,0,0,1,0,1,0,0,0,0,0
CUST001720,Samaksh,Rama,32.0,Ahmedabad,2020-08-18,138000.0,2020,8,18,1,0,0,1,0,1,0,0,0,1,1,0,0,0,0,0,1,0,0,0,0,0,0,0,0,0,0,0,0,1,0,0,0,0,0,0,0,0,0,0,0,0,0,0,1
CUST001721,Andrew,Gupta,45.0,Indore,2019-10-25,82900.0,2019,10,25,0,0,1,1,0,0,0,0,0,1,0,0,1,0,0,0,0,0,0,1,0,0,0,0,0,0,0,0,0,0,1,0,0,0,0,0,0,0,0,1,0,0,0,1,0
CUST001722,Onveer,Kapadia,35.0,Hyderabad,2019-02-24,13700.0,2019,2,24,0,0,1,1,0,1,0,0,1,0,0,0,1,0,0,0,0,0,0,0,0,0,0,0,0,1,0,0,0,0,0,0,0,0,0,0,0,1,0,0,0,0,0,0,0
CUST001723,Wazir,Parmer,48.0,Hyderabad,2021-05-05,287800.0,2021,5,5,1,0,0,1,0,1,0,0,1,0,1,0,0,0,0,0,0,0,0,0,0,0,0,0,0,1,0,0,0,0,0,0,0,0,0,0,1,0,0,1,0,0,0,0,1
CUST001724,Yashica,Mital,38.0,Warangal,2019-06-30,78000.0,2019,6,30,1,0,0,0,0,1,0,0,0,0,1,0,0,0,0,0,0,0,0,0,0,0,0,0,0,1,0,0,0,0,1,0,0,0,0,0,0,0,0,1,0,0,0,1,0
CUST001725,Harinakshi,Golla,26.0,Pune,2020-08-27,98700.0,2020,8,27,1,0,0,0,0,1,0,0,1,0,1,0,0,0,0,0,0,0,0,0,1,0,0,0,0,0,0,0,0,0,0,0,0,0,0,0,1,0,0,0,0,0,0,1,0
CUST001726,Manan,Chatterjee,52.0,Indore,2021-04-04,73400.0,2021,4,4,0,0,1,1,0,1,0,0,0,1,0,0,1,0,0,0,0,0,0,1,0,0,0,0,0,0,0,0,0,0,1,0,0,0,0,0,0,0,0,0,1,0,0,1,0
CUST001727,Vrishti,Dave,31.0,Bhopal,2019-12-27,33500.0,2019,12,27,0,0,1,0,0,1,0,0,0,0,0,0,1,0,0,0,0,0,0,1,0,0,0,0,0,0,0,0,0,0,0,0,0,1,0,0,0,0,0,0,0,0,1,0,0
CUST001728,Kai,Goswami,49.0,Ludhiana,2020-12-11,15600.0,2020,12,11,0,0,0,1,0,1,0,0,1,0,0,0,0,0,0,0,0,0,0,0,0,0,1,0,0,0,0,0,0,0,0,1,0,0,0,0,0,0,0,1,0,0,0,0,0
CUST001729,Oviya,Chakraborty,43.0,Kolkata,2019-02-28,62600.0,2019,2,28,0,0,1,0,0,0,1,0,1,0,0,0,1,0,0,0,0,0,0,0,0,0,0,0,0,0,0,1,0,0,0,0,0,0,0,0,0,0,1,1,0,0,1,0,0
CUST001730,Indrajit,Pant,62.0,Vadodara,2021-06-30,196400.0,2021,6,30,1,0,0,1,0,1,0,0,0,1,1,0,0,0,0,0,1,0,0,0,0,0,0,0,0,0,0,0,0,0,0,0,0,0,0,0,0,0,0,0,1,0,0,0,1
CUST001731,Isaac,Mohanty,35.0,Delhi,2021-04-30,65800.0,2021,4,30,1,0,0,1,0,1,0,0,1,0,1,0,0,0,0,1,0,0,0,0,0,0,0,0,0,0,0,0,0,1,0,0,0,0,0,0,0,0,0,0,0,0,1,0,0
CUST001732,Shivansh,Narula,33.0,Ahmedabad,2020-01-23,65800.0,2020,1,23,1,0,0,1,0,0,1,0,0,1,1,0,0,0,0,0,1,0,0,0,0,0,0,0,0,0,0,0,0,1,0,0,0,0,0,0,0,0,0,0,0,0,1,0,0
CUST001733,Quincy,Lad,38.0,Ahmedabad,2019-11-10,98200.0,2019,11,10,0,0,1,1,0,1,0,0,1,0,0,0,1,0,0,0,1,0,0,0,0,0,0,0,0,0,0,0,0,0,0,0,0,0,0,1,0,0,0,1,0,0,0,1,0
CUST001734,Nandini,Sheth,34.0,Patna,2019-06-08,228700.0,2019,6,8,1,0,0,0,0,0,1,0,0,1,1,0,0,1,0,0,0,0,0,0,0,0,0,0,0,0,0,0,1,0,0,0,0,0,0,0,0,0,0,0,0,0,0,0,1
CUST001735,Daniel,Singhal,48.0,Varanasi,2020-11-05,180900.0,2020,11,5,1,0,0,1,0,1,0,0,1,0,1,0,0,0,0,0,0,0,0,0,0,0,0,0,0,0,1,0,0,0,0,0,1,0,0,0,0,0,0,1,0,0,0,0,1
CUST001736,Avi,Bobal,18.0,Guwahati,2026-07-11,49100.0,2026,7,11,0,0,0,1,0,0,1,0,0,1,0,0,0,0,0,0,0,0,0,0,0,0,0,0,0,0,0,0,0,0,0,0,0,0,0,1,0,0,0,0,0,0,1,0,0
CUST001737,Vrishti,Hayer,24.0,Bhopal,2020-08-16,24700.0,2020,8,16,0,0,0,0,0,0,1,0,1,0,0,0,0,0,0,0,0,0,0,1,0,0,0,0,0,0,0,0,0,0,0,0,0,1,0,0,0,0,0,0,0,0,0,0,0
CUST001738,Yamini,Dar,24.0,Bhopal,2020-08-16,144700.0,2020,8,16,1,0,0,0,0,0,1,0,0,0,1,0,0,0,0,0,0,0,0,1,0,0,0,0,0,0,0,0,0,0,0,0,0,0,0,0,0,0,0,0,0,0,0,0,1
CUST001739,Sai,Wagle,50.0,Mumbai,2019-05-06,10200.0,2019,5,6,0,0,1,0,0,1,0,0,0,1,0,0,1,0,0,0,0,0,0,0,1,0,0,0,0,0,0,0,0,0,0,1,0,0,0,0,0,0,0,1,0,0,0,0,0
CUST001740,Manthan,Sachdev,60.0,Varanasi,2020-01-19,289400.0,2020,1,19,1,0,0,1,0,0,0,0,0,1,1,0,0,0,0,0,0,0,0,0,0,0,0,0,0,0,1,0,0,0,0,0,0,0,0,0,0,0,0,0,1,0,0,0,1
CUST001741,Avni,Dora,37.0,Kolkata,2021-06-01,232200.0,2021,6,1,1,0,0,0,0,1,0,0,1,0,1,0,0,0,0,0,0,0,0,0,0,0,0,0,0,0,0,1,0,0,0,0,0,0,0,0,1,0,0,1,0,0,0,0,1
CUST001742,Ekantika,Iyer,36.0,Hyderabad,2020-08-24,259000.0,2020,8,24,0,1,0,0,0,1,0,0,0,0,0,1,0,0,0,0,0,0,0,0,0,0,0,0,0,1,0,0,1,0,0,0,0,0,0,0,0,0,0,1,0,0,0,0,1
CUST001743,Onveer,Rout,39.0,Mumbai,2021-05-12,229200.0,2021,5,12,1,0,0,1,0,1,0,0,0,1,1,0,0,0,0,0,0,0,0,0,1,0,0,0,0,0,0,0,0,0,0,0,0,0,0,0,1,0,0,1,0,0,0,0,1
CUST001744,Veer,Dhar,53.0,Ahmedabad,2018-08-29,4700.0,2018,8,29,0,0,1,1,0,1,0,0,1,0,0,0,1,0,0,0,1,0,0,0,0,0,0,0,0,0,0,0,0,0,0,1,0,0,0,0,0,0,0,0,1,0,0,0,0
CUST001745,Nakul,Gole,26.0,Bengaluru,2020-12-08,73900.0,2020,12,8,0,0,1,1,0,1,0,0,0,0,0,0,1,0,0,0,0,1,0,0,0,0,0,0,0,0,0,0,0,0,1,0,0,0,0,0,0,0,0,0,0,0,0,1,0
CUST001746,Banjeet,Sura,41.0,Chennai,2019-09-19,65800.0,2019,9,19,0,0,1,1,0,1,0,0,0,1,0,0,1,0,0,0,0,0,0,0,0,0,0,0,1,0,0,0,0,0,0,0,0,1,0,0,0,0,0,1,0,0,1,0,0
CUST001747,Ojas,Goel,51.0,Ahmedabad,2020-10-09,129600.0,2020,10,9,1,0,0,1,0,0,0,0,1,0,1,0,0,0,0,0,1,0,0,0,0,0,0,0,0,0,0,0,0,0,0,0,1,0,0,0,0,0,0,0,1,0,0,1,0
CUST001748,Naksh,Bhardwaj,45.0,Kochi,2019-08-31,176900.0,2019,8,31,0,1,0,1,0,1,0,0,0,1,0,1,0,0,0,0,0,0,1,0,0,0,0,0,0,0,0,0,0,0,0,0,0,0,0,0,0,0,0,1,0,0,0,0,1
CUST001749,Aahana,Seth,40.0,Kanpur,2020-12-29,91000.0,2020,12,29,0,0,1,0,0,1,0,0,0,0,0,0,1,0,0,0,0,0,0,0,0,0,0,0,0,0,1,0,0,0,1,0,0,0,0,0,0,0,0,1,0,0,0,1,0
CUST001750,Mahika,Kadakia,51.0,Chennai,2019-04-09,21800.0,2019,4,9,0,0,1,1,0,0,1,0,0,1,0,0,1,0,0,0,0,0,0,0,0,0,0,0,1,0,0,0,0,0,0,0,0,0,0,0,0,1,0,0,1,0,0,0,0
CUST001751,Hamsini,Dutt,18.0,Hyderabad,2026-07-11,15500.0,2026,7,11,0,0,0,0,0,1,0,0,0,0,0,0,0,0,0,0,0,0,0,0,0,0,0,0,0,1,0,0,0,0,0,0,0,0,0,0,0,1,0,0,0,0,0,0,0
CUST001752,Wishi,Chakrabarti,47.0,Delhi,2018-12-09,16000.0,2018,12,9,0,0,1,0,0,1,0,0,0,1,0,0,1,0,0,1,0,0,0,0,0,0,0,0,0,0,0,0,0,0,0,1,0,0,0,0,0,0,0,1,0,0,0,0,0
CUST001753,Dhruv,Saraf,29.0,Hyderabad,2019-02-07,381700.0,2019,2,7,0,1,0,1,0,1,0,0,1,0,0,1,0,0,0,0,0,0,0,0,0,0,0,0,0,1,0,0,0,0,0,0,0,0,0,0,0,0,0,0,0,0,0,0,1
CUST001754,Upadhriti,Raval,18.0,Pune,2026-07-11,5000.0,2026,7,11,0,0,0,0,0,0,1,0,0,1,0,0,0,0,0,0,0,0,0,0,1,0,0,0,0,0,0,0,0,0,0,0,0,0,0,0,0,1,0,0,0,0,0,0,0
CUST001755,Upadhriti,Sood,45.0,Amritsar,2021-06-03,33600.0,2021,6,3,0,0,1,0,0,1,0,0,0,0,0,0,1,0,0,0,0,0,0,0,0,0,1,0,0,0,0,0,0,0,0,0,0,1,0,0,0,0,0,1,0,0,1,0,0
CUST001756,Rehaan,Agrawal,56.0,Kolkata,2020-12-31,65900.0,2020,12,31,0,0,1,1,0,0,1,0,1,0,0,0,1,0,0,0,0,0,0,0,0,0,0,0,0,0,0,1,0,0,0,0,0,0,0,0,0,0,1,0,1,0,0,1,0
CUST001757,Anjali,Walla,36.0,Pune,2019-01-18,24000.0,2019,1,18,0,0,1,0,0,1,0,0,1,0,0,0,1,0,0,0,0,0,0,0,1,0,0,0,0,0,0,0,0,0,0,0,0,1,0,0,0,0,0,1,0,0,0,0,0
CUST001758,Irya,Prakash,50.0,Mysuru,2021-04-05,32300.0,2021,4,5,0,0,0,0,0,0,0,0,1,0,0,0,0,0,0,0,0,1,0,0,0,0,0,0,0,0,0,0,0,0,0,0,0,1,0,0,0,0,0,1,0,0,1,0,0
CUST001759,Advika,Nagy,59.0,Madurai,2021-02-26,65800.0,2021,2,26,0,0,1,0,0,1,0,0,0,0,0,0,1,0,0,0,0,0,0,0,0,0,0,0,1,0,0,0,0,0,0,0,0,0,0,1,0,0,0,0,1,0,1,0,0
CUST001760,Zilmil,Halder,55.0,Coimbatore,2019-12-29,19500.0,2019,12,29,0,0,1,0,0,1,0,0,0,1,0,0,1,0,0,0,0,0,0,0,0,0,0,0,1,0,0,0,0,0,0,0,0,0,1,0,0,0,0,0,1,0,0,0,0
CUST001761,Aditya,Agrawal,59.0,Mumbai,2020-10-20,27900.0,2020,10,20,0,0,0,1,0,1,0,0,1,0,0,0,0,0,0,0,0,0,0,0,1,0,0,0,0,0,0,0,0,0,0,0,0,1,0,0,0,0,0,0,1,0,1,0,0
CUST001762,Jeet,Kara,48.0,Guwahati,2020-12-16,13800.0,2020,12,16,0,0,0,1,0,1,0,0,0,0,0,0,0,0,0,0,0,0,0,0,0,0,0,0,0,0,0,0,0,0,0,0,0,0,0,0,0,1,0,1,0,0,0,0,0
CUST001763,Orinder,Muni,39.0,Bengaluru,2019-11-24,54500.0,2019,11,24,0,0,1,1,0,1,0,0,0,1,0,0,1,0,0,0,0,1,0,0,0,0,0,0,0,0,0,0,0,0,0,0,0,0,0,0,0,0,1,1,0,0,1,0,0
CUST001764,Eiravati,Chauhan,18.0,Mumbai,2026-07-11,13900.0,2026,7,11,0,0,0,0,0,0,1,0,0,0,0,0,0,0,0,0,0,0,0,0,1,0,0,0,0,0,0,0,0,0,0,0,0,0,0,0,0,1,0,0,0,0,0,0,0
CUST001765,Sanaya,Thakur,35.0,Mumbai,2021-03-15,23700.0,2021,3,15,0,0,0,0,0,1,0,0,0,1,0,0,0,0,0,0,0,0,0,0,1,0,0,0,0,0,0,0,0,0,0,0,0,1,0,0,0,0,0,0,0,0,0,0,0
CUST001766,Damini,Ganesh,27.0,Kolkata,2020-01-08,78200.0,2020,1,8,0,0,1,0,1,0,1,0,0,0,0,0,1,0,0,0,0,0,0,0,0,0,0,0,0,0,0,1,0,0,1,0,0,0,0,0,0,0,0,0,0,0,0,1,0
CUST001767,Bachittar,Bath,66.0,Pune,2020-06-18,51000.0,2020,6,18,0,0,1,1,0,0,0,0,1,0,0,0,1,0,0,0,0,0,0,0,1,0,0,0,0,0,0,0,0,0,0,0,0,0,1,0,0,0,0,0,0,1,1,0,0
CUST001768,Manthan,Mannan,36.0,Mumbai,2019-06-03,203900.0,2019,6,3,0,1,0,1,0,0,1,0,1,0,0,1,0,0,0,0,0,0,0,0,1,0,0,0,0,0,0,0,0,0,0,0,0,0,0,0,1,0,0,1,0,0,0,0,1
CUST001769,Vasatika,Venkatesh,40.0,Hyderabad,2021-04-26,152100.0,2021,4,26,1,0,0,0,0,1,0,0,0,0,1,0,0,0,0,0,0,0,0,0,0,0,0,0,0,1,0,0,0,0,0,0,0,0,0,0,0,0,0,1,0,0,0,0,1
CUST001770,Zaitra,Nazareth,45.0,Kolkata,2019-10-06,183200.0,2019,10,6,1,0,0,0,0,1,0,0,1,0,1,0,0,0,0,0,0,0,0,0,0,0,0,0,0,0,0,1,0,1,0,0,0,0,0,0,0,0,0,1,0,0,0,0,1
CUST001771,Teerth,Desai,39.0,Pune,2020-04-25,51700.0,2020,4,25,0,0,1,1,0,1,0,0,0,0,0,0,1,0,0,0,0,0,0,0,1,0,0,0,0,0,0,0,0,0,0,0,0,0,0,0,0,0,1,1,0,0,1,0,0
CUST001772,Pavani,Suri,60.0,Bengaluru,2020-05-28,23900.0,2020,5,28,0,0,1,0,0,0,0,0,0,1,0,0,1,0,0,0,0,1,0,0,0,0,0,0,0,0,0,0,0,0,0,1,0,0,0,0,0,0,0,0,1,0,0,0,0
CUST001773,Rachita,Guha,30.0,Hyderabad,2020-12-05,6700.0,2020,12,5,0,0,0,0,0,1,0,0,0,0,0,0,0,0,0,0,0,0,0,0,0,0,0,0,0,1,0,0,0,0,0,1,0,0,0,0,0,0,0,0,0,0,0,0,0
CUST001774,Gayathri,Raval,41.0,Nagpur,2021-07-14,27600.0,2021,7,14,0,0,0,0,0,1,0,0,0,1,0,0,0,0,0,0,0,0,0,0,1,0,0,0,0,0,0,0,0,0,0,0,0,1,0,0,0,0,0,1,0,0,1,0,0
CUST001775,Adya,Kari,28.0,Chennai,2019-01-30,65800.0,2019,1,30,0,0,1,0,0,0,1,0,1,0,0,0,1,0,0,0,0,0,0,0,0,0,0,0,1,0,0,0,0,0,1,0,0,0,0,0,0,0,0,0,0,0,1,0,0
CUST001776,Isaac,Deep,21.0,Pune,2023-08-17,7300.0,2023,8,17,0,0,0,1,0,0,1,0,1,0,0,0,0,0,0,0,0,0,0,0,1,0,0,0,0,0,0,0,0,0,0,0,0,0,0,0,0,0,0,0,0,0,0,0,0
CUST001777,Jagvi,Bains,30.0,Mumbai,2019-08-01,13200.0,2019,8,1,0,0,1,0,0,1,0,0,1,0,0,0,1,0,0,0,0,0,0,0,1,0,0,0,0,0,0,0,0,0,0,0,0,0,0,0,0,1,0,0,0,0,0,0,0
CUST001778,Yashawini,Gara,38.0,Chennai,2018-10-13,138600.0,2018,10,13,1,0,0,0,0,1,0,0,0,0,1,0,0,0,0,0,0,0,0,0,0,0,0,0,1,0,0,0,0,0,0,0,1,0,0,0,0,0,0,1,0,0,0,0,1
CUST001779,David,Peri,32.0,New Delhi,2019-12-06,136100.0,2019,12,6,1,0,0,1,0,0,0,0,0,0,1,0,0,0,0,1,0,0,0,0,0,0,0,0,0,0,0,0,0,1,0,0,0,0,0,0,0,0,0,0,0,0,0,0,1
CUST001780,Anirudh,Prashad,29.0,Pune,2020-06-07,65800.0,2020,6,7,0,0,1,1,0,0,1,0,0,0,0,0,1,0,0,0,0,0,0,0,1,0,0,0,0,0,0,0,0,0,0,0,0,0,0,0,0,0,0,0,0,0,1,0,0
CUST001781,Lakshmi,Warrior,20.0,Hyderabad,2024-08-16,9200.0,2024,8,16,0,0,0,0,0,0,1,0,1,0,0,0,0,0,0,0,0,0,0,0,0,0,0,0,0,1,0,0,0,0,0,0,0,0,0,0,0,1,0,0,0,0,0,0,0
CUST001782,Arjun,Bava,37.0,Kochi,2018-10-28,133600.0,2018,10,28,1,0,0,1,0,1,0,0,0,0,1,0,0,0,0,0,0,0,1,0,0,0,0,0,0,0,0,0,0,1,0,0,0,0,0,0,0,0,0,1,0,0,0,0,1
CUST001783,Chatura,Bahri,18.0,Surat,2026-07-11,27300.0,2026,7,11,0,0,0,1,0,0,1,0,0,0,0,0,0,0,0,0,1,0,0,0,0,0,0,0,0,0,0,0,0,0,0,0,0,0,0,1,0,0,0,0,0,0,1,0,0
CUST001784,Arunima,D’Alia,48.0,Kanpur,2019-08-18,65800.0,2019,8,18,0,0,1,0,0,1,0,0,1,0,0,0,1,0,0,0,0,0,0,0,0,0,0,0,0,0,1,0,0,0,0,0,0,1,0,0,0,0,0,1,0,0,1,0,0
CUST001785,Sathvik,Sawhney,38.0,Bhopal,2020-05-06,303400.0,2020,5,6,1,0,0,1,0,1,0,0,0,0,1,0,0,0,0,0,0,0,0,1,0,0,0,0,0,0,0,0,1,0,0,0,0,0,0,0,0,0,0,1,0,0,0,0,1
CUST001786,Sachi,Dasgupta,19.0,Amritsar,2025-08-16,15500.0,2025,8,16,0,0,0,0,0,0,1,0,1,0,0,0,0,0,0,0,0,0,0,0,0,0,1,0,0,0,0,0,0,0,0,0,0,0,0,0,0,1,0,0,0,0,0,0,0
CUST001787,Jonathan,Som,34.0,Jaipur,2019-06-26,8500.0,2019,6,26,0,0,0,1,0,0,1,0,1,0,0,0,0,0,0,0,0,0,0,0,0,0,0,1,0,0,0,0,0,0,0,0,0,0,0,0,0,1,0,0,0,0,0,0,0
CUST001788,Ganga,Jha,38.0,Kolkata,2020-10-10,117200.0,2020,10,10,0,0,1,0,0,0,1,0,1,0,0,0,1,0,0,0,0,0,0,0,0,0,0,0,0,0,0,1,0,1,0,0,0,0,0,0,0,0,0,1,0,0,0,1,0
CUST001789,Aayush,Mitra,42.0,Hyderabad,2019-10-29,26400.0,2019,10,29,0,0,1,1,0,0,1,0,1,0,0,0,1,0,0,0,0,0,0,0,0,0,0,0,0,1,0,0,0,0,0,0,0,1,0,0,0,0,0,1,0,0,1,0,0
CUST001790,Shivansh,Chaudhuri,55.0,Delhi,2020-05-02,13400.0,2020,5,2,0,0,0,1,0,1,0,0,1,0,0,0,0,0,0,1,0,0,0,0,0,0,0,0,0,0,0,0,0,0,0,0,0,0,0,0,0,1,0,0,1,0,0,0,0
CUST001791,Krishna,Devan,18.0,Ahmedabad,2026-07-11,9800.0,2026,7,11,0,0,0,1,0,0,1,0,0,0,0,0,0,0,0,0,1,0,0,0,0,0,0,0,0,0,0,0,0,0,0,0,0,0,0,0,0,1,0,0,0,0,0,0,0
CUST001792,Ubika,Cheema,39.0,Ludhiana,2019-03-15,78500.0,2019,3,15,0,0,1,0,0,1,0,0,1,0,0,0,1,0,0,0,0,0,0,0,0,0,1,0,0,0,0,0,0,1,0,0,0,0,0,0,0,0,0,1,0,0,0,1,0
CUST001793,Yashodhara,Dalal,36.0,Chennai,2021-04-04,444400.0,2021,4,4,1,0,0,0,0,1,0,0,0,1,1,0,0,0,0,0,0,0,0,0,0,0,0,0,1,0,0,0,0,0,0,0,0,0,0,0,0,0,0,1,0,0,0,0,1
CUST001794,Lohit,Comar,47.0,Surat,2020-02-04,38300.0,2020,2,4,0,0,1,1,0,0,0,0,1,0,0,0,1,0,0,0,1,0,0,0,0,0,0,0,0,0,0,0,0,0,0,0,0,1,0,0,0,0,0,1,0,0,1,0,0
CUST001795,Damyanti,Tank,41.0,Chennai,2020-08-13,261700.0,2020,8,13,1,0,0,1,0,1,0,0,0,0,1,0,0,0,0,0,0,0,0,0,0,0,0,0,1,0,0,0,1,0,0,0,0,0,0,0,0,0,0,1,0,0,0,0,1
CUST001796,Ira,Iyengar,28.0,Warangal,2020-08-06,24500.0,2020,8,6,0,0,1,0,0,0,1,0,1,0,0,0,1,0,0,0,0,0,0,0,0,0,0,0,0,1,0,0,0,0,0,0,0,1,0,0,0,0,0,0,0,0,0,0,0
CUST001797,Lekha,Virk,34.0,Hyderabad,2020-03-11,88100.0,2020,3,11,1,0,0,0,0,0,1,0,0,0,1,0,0,0,0,0,0,0,0,0,0,0,0,0,0,1,0,0,0,1,0,0,0,0,0,0,0,0,0,0,0,0,0,1,0
CUST001798,Harrison,Parmar,28.0,Chennai,2018-08-20,85900.0,2018,8,20,1,0,0,1,0,0,1,0,0,0,1,0,0,0,0,0,0,0,0,0,0,0,0,0,1,0,0,0,0,0,0,0,1,0,0,0,0,0,0,0,0,0,0,1,0
CUST001799,Tara,Merchant,52.0,Hyderabad,2020-05-26,349100.0,2020,5,26,0,1,0,0,0,0,0,1,0,1,0,1,0,0,0,0,0,0,0,0,0,0,0,0,0,1,0,0,1,0,0,0,0,0,0,0,0,0,0,0,1,0,0,0,1
CUST001800,Faris,Baral,38.0,Vadodara,2021-01-28,34600.0,2021,1,28,0,0,0,1,0,1,0,0,0,1,0,0,0,0,0,0,1,0,0,0,0,0,0,0,0,0,0,0,0,0,0,0,0,0,1,0,0,0,0,1,0,0,1,0,0
CUST001801,Yuvraj,Johal,63.0,Bhopal,2019-10-14,16500.0,2019,10,14,0,0,1,1,0,1,0,0,1,0,0,0,1,0,0,0,0,0,0,1,0,0,0,0,0,0,0,0,0,0,0,1,0,0,0,0,0,0,0,0,1,0,0,0,0
CUST001802,Warda,Narayanan,37.0,Indore,2020-11-30,11800.0,2020,11,30,0,0,0,0,0,1,0,0,0,0,0,0,0,0,0,0,0,0,0,1,0,0,0,0,0,0,0,0,0,0,0,0,0,0,0,0,0,1,0,1,0,0,0,0,0
CUST001803,Kamya,Agate,29.0,Delhi,2021-04-23,91400.0,2021,4,23,0,0,1,1,0,1,0,0,1,0,0,0,1,0,0,1,0,0,0,0,0,0,0,0,0,0,0,0,0,0,0,0,0,0,0,1,0,0,0,0,0,0,0,1,0
CUST001804,Abeer,Chakraborty,18.0,Patna,2026-07-11,10500.0,2026,7,11,0,0,0,1,0,1,0,0,1,0,0,0,0,1,0,0,0,0,0,0,0,0,0,0,0,0,0,0,0,0,0,0,0,0,0,0,0,1,0,0,0,0,0,0,0
CUST001805,Christopher,Tak,38.0,Mysuru,2026-07-11,90000.0,2026,7,11,0,0,1,1,0,0,1,0,0,0,0,0,1,0,0,0,0,1,0,0,0,0,0,0,0,0,0,0,0,0,0,0,0,0,0,1,0,0,0,1,0,0,0,1,0
CUST001806,Falguni,Chana,18.0,Bengaluru,2026-07-11,11000.0,2026,7,11,0,0,0,0,0,0,1,0,1,0,0,0,0,0,0,0,0,1,0,0,0,0,0,0,0,0,0,0,0,0,0,0,0,0,0,0,0,1,0,0,0,0,0,0,0
CUST001807,Yashodhara,Borde,41.0,Surat,2020-05-06,70900.0,2020,5,6,0,0,1,0,0,1,0,0,1,0,0,0,1,0,0,0,1,0,0,0,0,0,0,0,0,0,0,0,0,0,0,0,0,0,0,0,0,0,1,1,0,0,0,1,0
CUST001808,Chandresh,Kunda,45.0,Bengaluru,2021-01-25,14500.0,2021,1,25,0,0,0,1,0,0,0,0,0,1,0,0,0,0,0,0,0,1,0,0,0,0,0,0,0,0,0,0,0,0,0,0,0,0,0,0,0,1,0,1,0,0,0,0,0
CUST001809,Kala,Shan,18.0,Mumbai,2026-07-11,9300.0,2026,7,11,0,0,0,0,0,1,0,0,1,0,0,0,0,0,0,0,0,0,0,0,1,0,0,0,0,0,0,0,0,0,0,0,0,0,0,0,0,1,0,0,0,0,0,0,0
CUST001810,Manbir,Lalla,50.0,Hyderabad,2021-03-28,196900.0,2021,3,28,1,0,0,1,0,1,0,0,1,0,1,0,0,0,0,0,0,0,0,0,0,0,0,0,0,1,0,0,0,0,0,0,0,0,0,0,0,0,0,1,0,0,0,0,1
CUST001811,Vincent,Bedi,32.0,Ahmedabad,2018-11-17,14400.0,2018,11,17,0,0,1,1,0,0,1,0,0,1,0,0,1,0,0,0,1,0,0,0,0,0,0,0,0,0,0,0,0,0,0,1,0,0,0,0,0,0,0,0,0,0,0,0,0
CUST001812,Daksha,Ghosh,40.0,Bengaluru,2019-11-11,73300.0,2019,11,11,0,0,1,0,0,1,0,0,1,0,0,0,1,0,0,0,0,1,0,0,0,0,0,0,0,0,0,0,0,1,0,0,0,0,0,0,0,0,0,1,0,0,0,1,0
CUST001813,Anmol,Mannan,59.0,Kolkata,2021-07-17,491900.0,2021,7,17,1,0,0,1,0,0,0,1,1,0,1,0,0,0,0,0,0,0,0,0,0,0,0,0,0,0,0,1,0,0,0,0,0,0,0,0,0,0,0,0,1,0,0,0,1
CUST001814,Pranit,Munshi,50.0,Ahmedabad,2018-09-26,226200.0,2018,9,26,0,1,0,1,0,1,0,0,0,1,0,1,0,0,0,0,1,0,0,0,0,0,0,0,0,0,0,0,0,0,0,0,0,0,0,0,1,0,0,1,0,0,0,0,1
CUST001815,Unni,D’Alia,35.0,Surat,2020-09-13,65800.0,2020,9,13,0,0,1,0,0,1,0,0,0,0,0,0,1,0,0,0,1,0,0,0,0,0,0,0,0,0,0,0,0,0,1,0,0,0,0,0,0,0,0,0,0,0,1,0,0
CUST001816,Charvi,Bath,26.0,Patna,2020-04-10,11900.0,2020,4,10,0,0,0,0,0,1,0,0,0,0,0,0,0,1,0,0,0,0,0,0,0,0,0,0,0,0,0,0,0,0,0,0,0,0,0,0,0,1,0,0,0,0,0,0,0
CUST001817,Aayush,Devi,18.0,Warangal,2026-07-11,14400.0,2026,7,11,0,0,0,1,0,0,1,0,1,0,0,0,0,0,0,0,0,0,0,0,0,0,0,0,0,1,0,0,0,0,0,0,0,0,0,0,0,1,0,0,0,0,0,0,0
CUST001818,Harinakshi,Narasimhan,29.0,Nagpur,2019-06-10,55300.0,2019,6,10,0,0,1,0,0,1,0,0,0,0,0,0,1,0,0,0,0,0,0,0,1,0,0,0,0,0,0,0,0,0,0,0,0,0,0,0,0,0,1,0,0,0,1,0,0
CUST001819,Rachita,Sarma,35.0,Bengaluru,2020-03-02,65700.0,2020,3,2,0,0,1,0,0,1,0,0,0,0,0,0,1,0,0,0,0,1,0,0,0,0,0,0,0,0,0,0,0,0,1,0,0,0,0,0,0,0,0,0,0,0,1,0,0
CUST001820,Krish,Chander,25.0,Warangal,2021-03-24,14600.0,2021,3,24,0,0,0,1,0,1,0,0,0,0,0,0,0,0,0,0,0,0,0,0,0,0,0,0,0,1,0,0,0,0,0,0,0,0,0,0,0,1,0,0,0,0,0,0,0
CUST001821,Ria,Oommen,36.0,Ahmedabad,2021-04-24,28400.0,2021,4,24,0,0,1,0,0,1,0,0,0,1,0,0,1,0,0,0,1,0,0,0,0,0,0,0,0,0,0,0,0,0,0,0,0,1,0,0,0,0,0,1,0,0,1,0,0
CUST001822,Gavin,Comar,39.0,Mumbai,2019-06-13,29000.0,2019,6,13,0,0,1,1,0,1,0,0,0,0,0,0,1,0,0,0,0,0,0,0,1,0,0,0,0,0,0,0,0,0,0,0,0,1,0,0,0,0,0,1,0,0,1,0,0
CUST001823,Sai,Ratta,35.0,Bengaluru,2020-11-29,97200.0,2020,11,29,0,0,1,1,0,1,0,0,0,1,0,0,1,0,0,0,0,1,0,0,0,0,0,0,0,0,0,0,0,0,0,0,0,0,0,1,0,0,0,0,0,0,0,1,0
CUST001824,Vasatika,Magar,30.0,Udaipur,2021-03-18,26500.0,2021,3,18,0,0,1,0,0,0,1,0,0,1,0,0,1,0,0,0,0,0,0,0,0,0,0,1,0,0,0,0,0,0,0,0,0,1,0,0,0,0,0,0,0,0,1,0,0
CUST001825,Sanya,Sridhar,40.0,Ahmedabad,2020-02-16,116700.0,2020,2,16,0,0,1,0,0,0,0,0,0,1,0,0,1,0,0,0,1,0,0,0,0,0,0,0,0,0,0,0,0,1,0,0,0,0,0,0,0,0,0,1,0,0,0,1,0
CUST001826,Shivansh,Ganesan,44.0,Surat,2019-03-21,117800.0,2019,3,21,1,0,0,1,0,1,0,0,1,0,1,0,0,0,0,0,1,0,0,0,0,0,0,0,0,0,0,0,0,1,0,0,0,0,0,0,0,0,0,1,0,0,0,1,0
CUST001827,Daksh,Deo,24.0,Lucknow,2020-10-15,129700.0,2020,10,15,0,0,1,1,0,0,1,0,0,0,0,0,1,0,0,0,0,0,0,0,0,0,0,0,0,0,1,0,0,1,0,0,0,0,0,0,0,0,0,0,0,0,0,1,0
CUST001828,Ayushman,Dutta,56.0,Udaipur,2020-10-17,20700.0,2020,10,17,0,0,1,1,0,1,0,0,1,0,0,0,1,0,0,0,0,0,0,0,0,0,0,1,0,0,0,0,0,0,0,0,0,0,0,0,0,1,0,0,1,0,0,0,0
CUST001829,Charles,Saha,37.0,Ahmedabad,2019-02-15,61400.0,2019,2,15,0,0,1,1,0,1,0,0,1,0,0,0,1,0,0,0,1,0,0,0,0,0,0,0,0,0,0,0,0,0,0,0,0,0,0,0,0,0,1,1,0,0,1,0,0
CUST001830,Wyatt,Sarma,38.0,Warangal,2021-03-07,14900.0,2021,3,7,0,0,0,1,0,0,0,0,0,0,0,0,0,0,0,0,0,0,0,0,0,0,0,0,0,1,0,0,0,0,0,0,0,0,0,0,0,1,0,1,0,0,0,0,0
CUST001831,Gautam,Raghavan,47.0,Amritsar,2019-10-10,168100.0,2019,10,10,0,1,0,1,0,1,0,0,1,0,0,1,0,0,0,0,0,0,0,0,0,0,1,0,0,0,0,0,0,0,0,0,1,0,0,0,0,0,0,1,0,0,0,0,1
CUST001832,Rachita,Balakrishnan,41.0,Kolkata,2018-10-05,25600.0,2018,10,5,0,0,1,0,0,0,0,0,0,1,0,0,1,0,0,0,0,0,0,0,0,0,0,0,0,0,0,1,0,0,0,0,0,1,0,0,0,0,0,1,0,0,0,0,0
CUST001833,Dhruv,Subramanian,50.0,Delhi,2019-02-06,169800.0,2019,2,6,0,1,0,1,0,1,0,0,1,0,0,1,0,0,0,1,0,0,0,0,0,0,0,0,0,0,0,0,0,1,0,0,0,0,0,0,0,0,0,1,0,0,0,0,1
CUST001834,Yagnesh,Chowdhury,42.0,Bengaluru,2021-06-10,65800.0,2021,6,10,1,0,0,1,0,1,0,0,1,0,1,0,0,0,0,0,0,1,0,0,0,0,0,0,0,0,0,0,0,0,0,0,0,0,0,0,0,0,0,1,0,0,1,0,0
CUST001835,Tripti,Sastry,30.0,Ahmedabad,2020-08-31,144400.0,2020,8,31,0,0,1,0,0,1,0,0,0,1,0,0,1,0,0,0,1,0,0,0,0,0,0,0,0,0,0,0,0,1,0,0,0,0,0,0,0,0,0,0,0,0,0,0,1
CUST001836,Aradhana,Bhatnagar,43.0,Thiruvananthapuram,2021-03-13,145000.0,2021,3,13,0,0,1,0,0,1,0,0,0,0,0,0,1,0,0,0,0,0,1,0,0,0,0,0,0,0,0,0,0,0,0,0,1,0,0,0,0,0,0,1,0,0,0,0,1
CUST001837,Kalpit,Murthy,23.0,Delhi,2021-08-16,55700.0,2021,8,16,0,0,1,1,0,0,1,0,0,0,0,0,1,0,0,1,0,0,0,0,0,0,0,0,0,0,0,0,0,0,0,0,0,0,0,0,0,0,1,0,0,0,1,0,0
CUST001838,Abeer,Vohra,39.0,Pune,2018-09-01,161800.0,2018,9,1,0,1,0,1,0,1,0,0,0,0,0,1,0,0,0,0,0,0,0,0,1,0,0,0,0,0,0,0,0,0,0,0,0,0,0,0,1,0,0,1,0,0,0,0,1
CUST001839,Jasmit,Nigam,38.0,Indore,2020-12-02,23200.0,2020,12,2,0,0,0,0,0,1,0,0,0,0,0,0,0,0,0,0,0,0,0,1,0,0,0,0,0,0,0,0,0,0,0,0,0,1,0,0,0,0,0,1,0,0,0,0,0
CUST001840,Champak,Sant,35.0,Kochi,2019-08-13,358800.0,2019,8,13,0,1,0,1,0,1,0,0,0,0,0,1,0,0,0,0,0,0,1,0,0,0,0,0,0,0,0,0,0,0,0,0,0,0,0,0,0,0,0,0,0,0,0,0,1
CUST001841,Jeet,Subramaniam,36.0,Bengaluru,2019-02-06,217400.0,2019,2,6,0,1,0,1,0,1,0,0,0,1,0,1,0,0,0,0,0,1,0,0,0,0,0,0,0,0,0,0,0,0,0,0,0,0,0,0,1,0,0,1,0,0,0,0,1
CUST001842,Prisha,Rajan,18.0,Hyderabad,2026-07-11,6400.0,2026,7,11,0,0,0,0,0,0,1,0,1,0,0,0,0,0,0,0,0,0,0,0,0,0,0,0,0,1,0,0,0,0,0,0,0,0,0,0,0,1,0,0,0,0,0,0,0
CUST001843,Falan,Bhagat,31.0,Ahmedabad,2021-01-23,80700.0,2021,1,23,0,0,1,1,0,1,0,0,0,0,0,0,1,0,0,0,1,0,0,0,0,0,0,0,0,0,0,0,0,0,1,0,0,0,0,0,0,0,0,0,0,0,0,1,0
CUST001844,Abdul,Dugar,39.0,Bengaluru,2021-08-04,116800.0,2021,8,4,0,0,1,1,0,1,0,0,0,0,0,0,1,0,0,0,0,1,0,0,0,0,0,0,0,0,0,0,0,0,0,0,1,0,0,0,0,0,0,1,0,0,0,1,0
CUST001845,Zayyan,Singh,40.0,Indore,2020-05-22,13400.0,2020,5,22,0,0,0,1,0,1,0,0,0,1,0,0,0,0,0,0,0,0,0,1,0,0,0,0,0,0,0,0,0,0,0,0,0,0,0,0,0,1,0,1,0,0,0,0,0
CUST001846,Yug,Gandhi,25.0,Pune,2019-08-17,12100.0,2019,8,17,0,0,1,1,0,1,0,0,1,0,0,0,1,0,0,0,0,0,0,0,1,0,0,0,0,0,0,0,0,0,0,0,0,0,0,0,0,1,0,0,0,0,0,0,0
CUST001847,Baljiwan,Swamy,54.0,Mumbai,2018-12-01,35600.0,2018,12,1,0,0,1,1,0,1,0,0,1,0,0,0,1,0,0,0,0,0,0,0,1,0,0,0,0,0,0,0,0,0,0,0,0,1,0,0,0,0,0,0,1,0,1,0,0
CUST001848,Ekani,Khosla,27.0,Delhi,2021-03-29,26500.0,2021,3,29,0,0,1,0,1,0,1,0,0,0,0,0,1,0,0,1,0,0,0,0,0,0,0,0,0,0,0,0,0,0,0,0,0,1,0,0,0,0,0,0,0,0,1,0,0
CUST001849,Noah,Mall,51.0,Bengaluru,2021-01-04,109200.0,2021,1,4,0,0,1,1,0,0,1,0,0,1,0,0,1,0,0,0,0,1,0,0,0,0,0,0,0,0,0,0,0,0,0,0,1,0,0,0,0,0,0,0,1,0,0,1,0
CUST001850,Aryan,Tripathi,44.0,Pune,2020-05-26,185200.0,2020,5,26,1,0,0,1,0,1,0,0,1,0,1,0,0,0,0,0,0,0,0,0,1,0,0,0,0,0,0,0,0,0,0,0,0,0,0,0,1,0,0,1,0,0,0,0,1
CUST001851,Isaac,Radhakrishnan,30.0,Mumbai,2019-04-14,43600.0,2019,4,14,0,0,1,1,0,1,0,0,0,0,0,0,1,0,0,0,0,0,0,0,1,0,0,0,0,0,0,0,0,0,1,0,0,0,0,0,0,0,0,0,0,0,1,0,0
CUST001852,Tamanna,Keer,61.0,Jaipur,2019-10-16,8200.0,2019,10,16,0,0,0,0,0,0,1,0,0,1,0,0,0,0,0,0,0,0,0,0,0,0,0,1,0,0,0,0,0,0,0,1,0,0,0,0,0,0,0,0,1,0,0,0,0
CUST001853,Chaaya,Sharaf,22.0,Nagpur,2022-08-17,65800.0,2022,8,17,0,0,0,0,0,0,1,0,0,0,0,0,0,0,0,0,0,0,0,0,1,0,0,0,0,0,0,0,0,0,0,0,0,0,0,1,0,0,0,0,0,0,1,0,0
CUST001854,Tristan,Sem,50.0,Kochi,2019-11-07,12000.0,2019,11,7,0,0,1,1,0,1,0,0,0,1,0,0,1,0,0,0,0,0,1,0,0,0,0,0,0,0,0,0,0,0,0,1,0,0,0,0,0,0,0,1,0,0,0,0,0
CUST001855,Chanchal,Tara,51.0,Hyderabad,2021-05-03,284500.0,2021,5,3,1,0,0,0,0,1,0,0,0,1,1,0,0,0,0,0,0,0,0,0,0,0,0,0,0,1,0,0,0,0,0,0,0,0,0,0,1,0,0,0,1,0,0,0,1
CUST001856,Udant,Mutti,29.0,Ahmedabad,2020-03-11,60200.0,2020,3,11,0,0,1,1,0,0,1,0,0,0,0,0,1,0,0,0,1,0,0,0,0,0,0,0,0,0,0,0,0,0,0,0,0,0,0,0,0,0,1,0,0,0,1,0,0
CUST001857,Daniel,Tank,56.0,Delhi,2018-08-25,17700.0,2018,8,25,0,0,1,1,0,1,0,0,1,0,0,0,1,0,0,1,0,0,0,0,0,0,0,0,0,0,0,0,0,0,0,0,0,0,0,0,0,1,0,0,1,0,0,0,0
CUST001858,Aditya,Chauhan,35.0,Delhi,2021-05-11,96300.0,2021,5,11,0,0,1,1,0,0,1,0,0,0,0,0,1,0,0,1,0,0,0,0,0,0,0,0,0,0,0,0,0,1,0,0,0,0,0,0,0,0,0,0,0,0,0,1,0
CUST001859,Saksham,Sachar,42.0,Kolkata,2020-01-25,96600.0,2020,1,25,1,0,0,1,0,1,0,0,1,0,1,0,0,0,0,0,0,0,0,0,0,0,0,0,0,0,0,1,0,1,0,0,0,0,0,0,0,0,0,1,0,0,0,1,0
CUST001860,Andrew,Acharya,41.0,Kolkata,2020-09-26,80100.0,2020,9,26,0,0,1,1,0,1,0,0,1,0,0,0,1,0,0,0,0,0,0,0,0,0,0,0,0,0,0,1,0,0,0,0,0,0,0,0,1,0,0,1,0,0,0,1,0
CUST001861,Chandani,Modi,36.0,Jaipur,2020-01-03,21400.0,2020,1,3,0,0,0,0,0,1,0,0,0,1,0,0,0,0,0,0,0,0,0,0,0,0,0,1,0,0,0,0,0,0,0,0,0,0,1,0,0,0,0,1,0,0,0,0,0
CUST001862,Harshil,Shan,49.0,Jaipur,2019-11-26,166900.0,2019,11,26,1,0,0,1,0,1,0,0,1,0,1,0,0,0,0,0,0,0,0,0,0,0,0,1,0,0,0,0,0,0,0,0,1,0,0,0,0,0,0,1,0,0,0,0,1
CUST001863,Panini,Patla,48.0,Ahmedabad,2019-11-22,61300.0,2019,11,22,0,0,1,0,0,1,0,0,0,0,0,0,1,0,0,0,1,0,0,0,0,0,0,0,0,0,0,0,0,0,0,0,0,0,0,0,0,0,1,1,0,0,1,0,0
CUST001864,Avi,Kapoor,18.0,Chennai,2026-07-11,7600.0,2026,7,11,0,0,0,1,0,0,1,0,0,0,0,0,0,0,0,0,0,0,0,0,0,0,0,0,1,0,0,0,0,0,0,0,0,0,0,0,0,1,0,0,0,0,0,0,0
CUST001865,Utkarsh,Narula,55.0,Indore,2020-06-15,13400.0,2020,6,15,0,0,0,1,0,1,0,0,0,0,0,0,0,0,0,0,0,0,0,1,0,0,0,0,0,0,0,0,0,0,0,0,0,0,0,0,0,1,0,0,1,0,0,0,0
CUST001866,Warjas,Patla,18.0,Kolkata,2026-07-11,14100.0,2026,7,11,0,0,0,1,0,0,1,0,0,0,0,0,0,0,0,0,0,0,0,0,0,0,0,0,0,0,0,1,0,0,0,0,0,0,0,0,0,1,0,0,0,0,0,0,0
CUST001867,Varsha,Comar,51.0,Ludhiana,2021-08-04,146500.0,2021,8,4,1,0,0,0,0,0,0,0,0,1,1,0,0,0,0,0,0,0,0,0,0,0,1,0,0,0,0,0,0,1,0,0,0,0,0,0,0,0,0,0,1,0,0,0,1
CUST001868,Chanakya,Kapadia,53.0,Kanpur,2019-04-04,286200.0,2019,4,4,0,1,0,1,0,1,0,0,0,1,0,1,0,0,0,0,0,0,0,0,0,0,0,0,0,0,1,0,0,0,0,0,0,0,0,0,1,0,0,0,1,0,0,0,1
CUST001869,Aadhya,Om,24.0,Mumbai,2020-11-05,127700.0,2020,11,5,1,0,0,0,0,0,1,0,0,0,1,0,0,0,0,0,0,0,0,0,1,0,0,0,0,0,0,0,0,0,0,0,1,0,0,0,0,0,0,0,0,0,0,1,0
CUST001870,Peter,Manne,33.0,Bengaluru,2019-03-06,100100.0,2019,3,6,1,0,0,1,0,1,0,0,1,0,1,0,0,0,0,0,0,1,0,0,0,0,0,0,0,0,0,0,0,0,0,0,0,0,0,1,0,0,0,0,0,0,0,1,0
CUST001871,Rachit,Cherian,24.0,Kolkata,2020-10-29,97600.0,2020,10,29,0,0,1,1,0,0,1,0,1,0,0,0,1,0,0,0,0,0,0,0,0,0,0,0,0,0,0,1,0,1,0,0,0,0,0,0,0,0,0,0,0,0,0,1,0
CUST001872,Arin,Gala,35.0,Ahmedabad,2021-08-04,96800.0,2021,8,4,0,0,1,1,0,1,0,0,1,0,0,0,1,0,0,0,1,0,0,0,0,0,0,0,0,0,0,0,0,0,0,0,0,0,0,0,1,0,0,0,0,0,0,1,0
CUST001873,Yatin,Dey,34.0,Madurai,2021-02-28,20800.0,2021,2,28,0,0,0,1,0,1,0,0,1,0,0,0,0,0,0,0,0,0,0,0,0,0,0,0,1,0,0,0,0,0,0,0,0,1,0,0,0,0,0,0,0,0,0,0,0
CUST001874,Samarth,Chhabra,48.0,Jodhpur,2018-09-01,137600.0,2018,9,1,1,0,0,1,0,1,0,0,1,0,1,0,0,0,0,0,0,0,0,0,0,0,0,1,0,0,0,0,0,0,0,0,0,0,0,1,0,0,0,1,0,0,0,0,1
CUST001875,Joshua,Hayre,55.0,Bengaluru,2020-08-31,425600.0,2020,8,31,1,0,0,1,0,1,0,0,0,1,1,0,0,0,0,0,0,1,0,0,0,0,0,0,0,0,0,0,1,0,0,0,0,0,0,0,0,0,0,0,1,0,0,0,1
CUST001876,Ijaya,Dara,56.0,Delhi,2021-04-19,44700.0,2021,4,19,0,0,1,0,0,1,0,0,0,1,0,0,1,0,0,1,0,0,0,0,0,0,0,0,0,0,0,0,0,0,0,0,0,1,0,0,0,0,0,0,1,0,1,0,0
CUST001877,Ronith,Kale,31.0,Mumbai,2021-04-08,28700.0,2021,4,8,0,0,0,1,0,1,0,0,0,1,0,0,0,0,0,0,0,0,0,0,1,0,0,0,0,0,0,0,0,0,0,0,0,1,0,0,0,0,0,0,0,0,1,0,0
CUST001878,Vasudha,Halder,35.0,Kolkata,2020-09-10,96100.0,2020,9,10,0,0,1,0,0,1,0,0,0,1,0,0,1,0,0,0,0,0,0,0,0,0,0,0,0,0,0,1,0,0,0,0,0,0,0,1,0,0,0,0,0,0,0,1,0
CUST001879,Omkaar,Chokshi,18.0,Ahmedabad,2026-07-11,12100.0,2026,7,11,0,0,0,1,0,0,1,0,0,0,0,0,0,0,0,0,1,0,0,0,0,0,0,0,0,0,0,0,0,0,0,0,0,0,0,0,0,1,0,0,0,0,0,0,0
CUST001880,Triya,Batra,28.0,Bengaluru,2020-02-03,75100.0,2020,2,3,0,0,1,0,0,1,0,0,0,0,0,0,1,0,0,0,0,1,0,0,0,0,0,0,0,0,0,0,0,0,0,0,1,0,0,0,0,0,0,0,0,0,0,1,0
CUST001881,Diya,Seshadri,51.0,Kolkata,2020-12-25,65800.0,2020,12,25,0,0,1,0,0,1,0,0,0,1,0,0,1,0,0,0,0,0,0,0,0,0,0,0,0,0,0,1,0,0,0,0,0,0,0,0,0,0,1,0,1,0,1,0,0
CUST001882,Veer,Thaman,59.0,Mumbai,2020-01-25,207100.0,2020,1,25,1,0,0,1,0,1,0,0,1,0,1,0,0,0,0,0,0,0,0,0,1,0,0,0,0,0,0,0,1,0,0,0,0,0,0,0,0,0,0,0,1,0,0,0,1
CUST001883,Ekalinga,Tara,22.0,Pune,2022-08-17,23000.0,2022,8,17,0,0,0,1,0,0,1,0,0,0,0,0,0,0,0,0,0,0,0,0,1,0,0,0,0,0,0,0,0,0,0,0,0,1,0,0,0,0,0,0,0,0,0,0,0
CUST001884,Aahana,Wali,30.0,Ahmedabad,2020-05-02,47600.0,2020,5,2,0,0,1,0,0,1,0,0,0,1,0,0,1,0,0,0,1,0,0,0,0,0,0,0,0,0,0,0,0,0,0,0,0,0,0,0,0,0,1,0,0,0,1,0,0
CUST001885,Arunima,Sant,38.0,Hyderabad,2019-10-31,116700.0,2019,10,31,1,0,0,0,0,1,0,0,1,0,1,0,0,0,0,0,0,0,0,0,0,0,0,0,0,1,0,0,0,0,0,0,1,0,0,0,0,0,0,1,0,0,0,1,0
CUST001886,Wyatt,Trivedi,42.0,Ahmedabad,2021-06-09,44500.0,2021,6,9,0,0,1,1,0,1,0,0,1,0,0,0,1,0,0,0,1,0,0,0,0,0,0,0,0,0,0,0,0,0,0,0,0,0,1,0,0,0,0,1,0,0,1,0,0
CUST001887,Gaurang,Ghose,27.0,Varanasi,2020-06-05,52300.0,2020,6,5,0,0,1,1,0,0,1,0,1,0,0,0,1,0,0,0,0,0,0,0,0,0,0,0,0,0,1,0,0,0,0,0,0,0,0,0,1,0,0,0,0,0,1,0,0
CUST001888,Eesha,Chawla,44.0,Chandigarh,2020-09-19,126800.0,2020,9,19,1,0,0,0,0,1,0,0,0,0,1,0,0,0,1,0,0,0,0,0,0,0,0,0,0,0,0,0,0,0,0,0,0,0,0,1,0,0,0,1,0,0,0,1,0
CUST001889,Rishi,Nagy,32.0,Delhi,2020-11-26,119400.0,2020,11,26,0,0,1,1,0,0,1,0,1,0,0,0,1,0,0,1,0,0,0,0,0,0,0,0,0,0,0,0,0,0,0,0,1,0,0,0,0,0,0,0,0,0,0,1,0
CUST001890,Yashawini,Rajagopalan,38.0,Chennai,2019-10-24,66500.0,2019,10,24,0,0,1,0,0,0,0,0,0,1,0,0,1,0,0,0,0,0,0,0,0,0,0,0,1,0,0,0,0,0,1,0,0,0,0,0,0,0,0,1,0,0,0,1,0
CUST001891,Shaurya,Kothari,45.0,Surat,2019-11-10,128200.0,2019,11,10,1,0,0,1,0,1,0,0,1,0,1,0,0,0,0,0,1,0,0,0,0,0,0,0,0,0,0,0,0,0,0,0,1,0,0,0,0,0,0,1,0,0,0,1,0
CUST001892,Laksh,Rao,38.0,Udaipur,2019-09-25,173700.0,2019,9,25,0,1,0,1,0,0,1,0,0,0,0,1,0,0,0,0,0,0,0,0,0,0,0,1,0,0,0,0,0,0,0,0,0,0,0,0,0,0,0,1,0,0,0,0,1
CUST001893,Pavani,Menon,32.0,Jodhpur,2021-02-23,21100.0,2021,2,23,0,0,1,0,0,0,1,0,0,1,0,0,1,0,0,0,0,0,0,0,0,0,0,1,0,0,0,0,0,0,0,0,0,1,0,0,0,0,0,0,0,0,0,0,0
CUST001894,Varsha,Deol,37.0,Delhi,2020-10-07,61400.0,2020,10,7,0,0,1,0,0,0,1,0,0,1,0,0,1,0,0,1,0,0,0,0,0,0,0,0,0,0,0,0,0,0,1,0,0,0,0,0,0,0,0,1,0,0,1,0,0
CUST001895,Ekapad,Sachar,37.0,Delhi,2020-12-29,11000.0,2020,12,29,0,0,0,1,0,1,0,0,1,0,0,0,0,0,0,1,0,0,0,0,0,0,0,0,0,0,0,0,0,0,0,0,0,0,0,0,0,1,0,1,0,0,0,0,0
CUST001896,Mason,Murthy,33.0,Kolkata,2020-01-02,116400.0,2020,1,2,1,0,0,1,0,0,1,0,0,1,1,0,0,0,0,0,0,0,0,0,0,0,0,0,0,0,0,1,0,0,0,0,1,0,0,0,0,0,0,0,0,0,0,1,0
CUST001897,Janani,Iyer,35.0,Vadodara,2020-03-29,183300.0,2020,3,29,1,0,0,0,0,1,0,0,0,1,1,0,0,0,0,0,1,0,0,0,0,0,0,0,0,0,0,0,0,0,0,0,0,0,0,0,1,0,0,0,0,0,0,0,1
CUST001898,Jagrati,Mannan,59.0,Bengaluru,2020-08-19,14800.0,2020,8,19,0,0,0,0,0,1,0,0,1,0,0,0,0,0,0,0,0,1,0,0,0,0,0,0,0,0,0,0,0,0,0,0,0,0,0,0,0,1,0,0,1,0,0,0,0
CUST001899,Orinder,Deo,45.0,Pune,2019-04-08,214600.0,2019,4,8,0,1,0,1,0,1,0,0,1,0,0,1,0,0,0,0,0,0,0,0,1,0,0,0,0,0,0,0,1,0,0,0,0,0,0,0,0,0,0,1,0,0,0,0,1
CUST001900,Hemal,Thakur,34.0,Ahmedabad,2021-05-05,97500.0,2021,5,5,0,0,1,0,0,1,0,0,1,0,0,0,1,0,0,0,1,0,0,0,0,0,0,0,0,0,0,0,0,0,0,0,0,0,0,1,0,0,0,0,0,0,0,1,0
CUST001901,Ojasvi,D’Alia,47.0,Bengaluru,2018-09-13,56400.0,2018,9,13,0,0,1,0,0,1,0,0,1,0,0,0,1,0,0,0,0,1,0,0,0,0,0,0,0,0,0,0,0,0,1,0,0,0,0,0,0,0,0,1,0,0,1,0,0
CUST001902,Qushi,Srinivasan,34.0,Nagpur,2021-04-11,248300.0,2021,4,11,1,0,0,0,0,1,0,0,0,0,1,0,0,0,0,0,0,0,0,0,1,0,0,0,0,0,0,0,0,0,0,0,0,0,0,0,0,0,0,0,0,0,0,0,1
CUST001903,Turvi,Walla,53.0,Pune,2019-04-22,7000.0,2019,4,22,0,0,1,0,0,1,0,0,1,0,0,0,1,0,0,0,0,0,0,0,1,0,0,0,0,0,0,0,0,0,0,1,0,0,0,0,0,0,0,0,1,0,0,0,0
CUST001904,Luke,Sami,43.0,Bengaluru,2020-07-09,22900.0,2020,7,9,0,0,1,1,0,1,0,0,1,0,0,0,1,0,0,0,0,1,0,0,0,0,0,0,0,0,0,0,0,0,0,1,0,0,0,0,0,0,0,1,0,0,0,0,0
CUST001905,Abha,Virk,37.0,Kolkata,2019-01-11,91000.0,2019,1,11,1,0,0,0,0,1,0,0,0,1,1,0,0,0,0,0,0,0,0,0,0,0,0,0,0,0,0,1,0,0,1,0,0,0,0,0,0,0,0,1,0,0,0,1,0
CUST001906,Damyanti,Bakshi,44.0,Hyderabad,2021-05-27,40300.0,2021,5,27,0,0,1,0,0,1,0,0,1,0,0,0,1,0,0,0,0,0,0,0,0,0,0,0,0,1,0,0,0,0,0,0,0,1,0,0,0,0,0,1,0,0,1,0,0
CUST001907,Rayaan,Dhillon,18.0,Mumbai,2026-07-11,10200.0,2026,7,11,0,0,0,1,0,0,1,0,0,0,0,0,0,0,0,0,0,0,0,0,1,0,0,0,0,0,0,0,0,0,0,0,0,0,0,0,0,1,0,0,0,0,0,0,0
CUST001908,Avi,Bhalla,23.0,Pune,2021-08-16,367000.0,2021,8,16,1,0,0,1,0,1,0,0,0,0,1,0,0,0,0,0,0,0,0,0,1,0,0,0,0,0,0,0,0,0,0,0,0,0,0,0,0,0,0,0,0,0,0,0,1
CUST001909,Harish,Loke,22.0,Bengaluru,2022-08-17,22800.0,2022,8,17,0,0,0,1,0,0,1,0,0,0,0,0,0,0,0,0,0,1,0,0,0,0,0,0,0,0,0,0,0,0,0,0,0,1,0,0,0,0,0,0,0,0,0,0,0
CUST001910,Gaurika,Mangat,40.0,Ahmedabad,2018-09-01,140800.0,2018,9,1,1,0,0,0,0,0,0,0,0,0,1,0,0,0,0,0,1,0,0,0,0,0,0,0,0,0,0,0,1,0,0,0,0,0,0,0,0,0,0,1,0,0,0,0,1
CUST001911,Jeremiah,Dhingra,61.0,Pune,2021-01-20,33500.0,2021,1,20,0,0,0,1,0,1,0,0,0,1,0,0,0,0,0,0,0,0,0,0,1,0,0,0,0,0,0,0,0,0,0,0,0,0,1,0,0,0,0,0,1,0,1,0,0
CUST001912,Bhavani,Merchant,67.0,Kolkata,2019-09-26,38600.0,2019,9,26,0,0,1,0,0,1,0,0,1,0,0,0,1,0,0,0,0,0,0,0,0,0,0,0,0,0,0,1,0,0,0,0,0,0,1,0,0,0,0,0,0,1,1,0,0
CUST001913,Ishani,Bali,46.0,Pune,2020-01-07,139800.0,2020,1,7,1,0,0,0,0,0,0,0,1,0,1,0,0,0,0,0,0,0,0,0,1,0,0,0,0,0,0,0,0,1,0,0,0,0,0,0,0,0,0,1,0,0,0,0,1
CUST001914,Rachita,Sethi,45.0,Delhi,2021-02-28,153600.0,2021,2,28,1,0,0,0,0,1,0,0,1,0,1,0,0,0,0,1,0,0,0,0,0,0,0,0,0,0,0,0,0,0,0,0,1,0,0,0,0,0,0,1,0,0,0,0,1
CUST001915,Dalaja,Kapur,18.0,Delhi,2026-07-11,22900.0,2026,7,11,0,0,0,0,0,1,0,0,0,0,0,0,0,0,0,1,0,0,0,0,0,0,0,0,0,0,0,0,0,0,0,0,0,1,0,0,0,0,0,0,0,0,0,0,0
CUST001916,Saumya,Khanna,31.0,Mumbai,2018-08-28,82100.0,2018,8,28,1,0,0,0,0,0,1,0,0,1,1,0,0,0,0,0,0,0,0,0,1,0,0,0,0,0,0,0,0,0,0,0,1,0,0,0,0,0,0,0,0,0,0,1,0
CUST001917,Maanas,Batta,28.0,Ahmedabad,2020-04-07,57200.0,2020,4,7,0,0,1,1,0,1,0,0,1,0,0,0,1,0,0,0,1,0,0,0,0,0,0,0,0,0,0,0,0,0,0,0,0,0,0,0,0,0,1,0,0,0,1,0,0
CUST001918,Sai,Ram,30.0,Chennai,2021-03-31,59600.0,2021,3,31,0,0,1,0,0,1,0,0,0,1,0,0,1,0,0,0,0,0,0,0,0,0,0,0,1,0,0,0,0,0,0,0,0,0,0,0,0,0,0,0,0,0,1,0,0
CUST001919,Sathvik,Munshi,36.0,Varanasi,2020-12-24,38900.0,2020,12,24,0,0,1,1,0,0,1,0,0,0,0,0,1,0,0,0,0,0,0,0,0,0,0,0,0,0,1,0,0,0,0,0,0,1,0,0,0,0,0,1,0,0,1,0,0
CUST001920,Avni,Arya,32.0,Pune,2020-10-26,63500.0,2020,10,26,0,0,1,0,0,1,0,0,0,0,0,0,1,0,0,0,0,0,0,0,1,0,0,0,0,0,0,0,0,0,1,0,0,0,0,0,0,0,0,0,0,0,1,0,0
CUST001921,Jeremiah,Jain,18.0,Pune,2026-07-11,12100.0,2026,7,11,0,0,0,1,0,0,1,0,0,0,0,0,0,0,0,0,0,0,0,0,1,0,0,0,0,0,0,0,0,0,0,0,0,0,0,0,0,1,0,0,0,0,0,0,0
CUST001922,Saanvi,Kar,48.0,Bengaluru,2020-08-14,60000.0,2020,8,14,0,0,1,0,1,0,1,0,0,0,0,0,1,0,0,0,0,1,0,0,0,0,0,0,0,0,0,0,0,0,0,0,0,0,0,0,0,0,1,1,0,0,1,0,0
CUST001923,Raksha,Hegde,24.0,Jaipur,2020-08-16,11000.0,2020,8,16,0,0,0,0,0,1,0,0,0,0,0,0,0,0,0,0,0,0,0,0,0,0,0,1,0,0,0,0,0,0,0,0,0,0,0,0,0,1,0,0,0,0,0,0,0
CUST001924,Indali,Menon,41.0,Bengaluru,2021-02-15,65800.0,2021,2,15,0,0,0,0,0,1,0,0,0,0,0,0,0,0,0,0,0,1,0,0,0,0,0,0,0,0,0,0,0,0,0,0,0,1,0,0,0,0,0,1,0,0,1,0,0
CUST001925,Udarsh,Goel,38.0,Hyderabad,2020-08-23,286700.0,2020,8,23,1,0,0,1,0,0,0,1,0,1,1,0,0,0,0,0,0,0,0,0,0,0,0,0,0,1,0,0,0,0,0,0,0,0,0,0,0,0,0,1,0,0,0,0,1
CUST001926,Baljiwan,Grover,26.0,Bengaluru,2021-05-31,37500.0,2021,5,31,0,0,0,1,0,0,1,0,0,0,0,0,0,0,0,0,0,1,0,0,0,0,0,0,0,0,0,0,0,0,0,0,0,0,0,0,0,0,1,0,0,0,1,0,0
CUST001927,Harini,Varkey,18.0,Pune,2026-07-11,19800.0,2026,7,11,0,0,0,0,0,0,1,0,0,0,0,0,0,0,0,0,0,0,0,0,1,0,0,0,0,0,0,0,0,0,0,0,0,1,0,0,0,0,0,0,0,0,0,0,0
CUST001928,Darpan,Purohit,34.0,Guwahati,2021-01-10,172700.0,2021,1,10,1,0,0,1,0,0,1,0,1,0,1,0,0,0,0,0,0,0,0,0,0,0,0,0,0,0,0,0,0,0,0,0,0,0,0,0,0,0,0,0,0,0,0,0,1
CUST001929,Anusha,Sangha,52.0,Madurai,2019-05-10,165100.0,2019,5,10,1,0,0,0,0,1,0,0,0,1,1,0,0,0,0,0,0,0,0,0,0,0,0,0,1,0,0,0,0,0,0,0,0,0,0,0,0,0,0,0,1,0,0,0,1
CUST001930,Liam,Lalla,63.0,Jodhpur,2020-07-29,9000.0,2020,7,29,0,0,0,1,0,1,0,0,0,0,0,0,0,0,0,0,0,0,0,0,0,0,0,1,0,0,0,0,0,0,0,1,0,0,0,0,0,0,0,0,1,0,0,0,0
CUST001931,Eiravati,Dyal,22.0,Ahmedabad,2022-08-17,10500.0,2022,8,17,0,0,0,0,0,0,1,0,0,0,0,0,0,0,0,0,1,0,0,0,0,0,0,0,0,0,0,0,0,0,0,0,0,0,0,0,0,1,0,0,0,0,0,0,0
CUST001932,Joshua,Ahluwalia,44.0,Chennai,2020-10-01,145200.0,2020,10,1,1,0,0,1,0,1,0,0,0,0,1,0,0,0,0,0,0,0,0,0,0,0,0,0,1,0,0,0,0,0,0,0,0,0,0,0,0,0,0,1,0,0,0,0,1
CUST001933,Oni,Shukla,32.0,Pune,2019-07-15,8800.0,2019,7,15,0,0,1,0,0,1,0,0,0,0,0,0,1,0,0,0,0,0,0,0,1,0,0,0,0,0,0,0,0,0,0,1,0,0,0,0,0,0,0,0,0,0,0,0,0
CUST001934,Garima,Baral,37.0,Howrah,2019-02-03,62600.0,2019,2,3,0,0,1,0,0,1,0,0,0,1,0,0,1,0,0,0,0,0,0,0,0,0,0,0,0,0,0,1,0,0,0,0,0,0,0,1,0,0,0,1,0,0,1,0,0
CUST001935,Faraj,Naidu,72.0,Nagpur,2020-10-07,65200.0,2020,10,7,0,0,1,1,0,1,0,0,1,0,0,0,1,0,0,0,0,0,0,0,1,0,0,0,0,0,0,0,0,0,0,0,0,0,1,0,0,0,0,0,0,1,1,0,0
CUST001936,Atharv,Mitra,18.0,Hyderabad,2026-07-11,16100.0,2026,7,11,0,0,0,1,0,0,1,0,0,0,0,0,0,0,0,0,0,0,0,0,0,0,0,0,0,1,0,0,0,0,0,0,0,0,0,0,0,1,0,0,0,0,0,0,0
CUST001937,Yatan,Parmar,41.0,Kolkata,2019-08-01,24900.0,2019,8,1,0,0,1,1,0,1,0,0,1,0,0,0,1,0,0,0,0,0,0,0,0,0,0,0,0,0,0,1,0,0,0,0,0,1,0,0,0,0,0,1,0,0,0,0,0
CUST001938,Bina,Nadkarni,44.0,Udaipur,2021-01-14,65800.0,2021,1,14,1,0,0,0,0,1,0,0,1,0,1,0,0,0,0,0,0,0,0,0,0,0,0,1,0,0,0,0,0,1,0,0,0,0,0,0,0,0,0,1,0,0,1,0,0
CUST001939,Zansi,Kannan,52.0,Ahmedabad,2019-09-15,511000.0,2019,9,15,0,1,0,0,0,1,0,0,1,0,0,1,0,0,0,0,1,0,0,0,0,0,0,0,0,0,0,0,0,0,0,0,0,0,0,0,0,0,0,0,1,0,0,0,1
CUST001940,Hiral,Verma,39.0,Ahmedabad,2021-05-05,69500.0,2021,5,5,0,0,1,0,0,0,1,0,1,0,0,0,1,0,0,0,1,0,0,0,0,0,0,0,0,0,0,0,0,0,0,0,0,0,0,0,0,0,1,1,0,0,0,1,0
CUST001941,Bhavna,Tiwari,42.0,Pune,2019-10-07,152400.0,2019,10,7,1,0,0,0,0,1,0,0,0,1,1,0,0,0,0,0,0,0,0,0,1,0,0,0,0,0,0,0,0,1,0,0,0,0,0,0,0,0,0,1,0,0,0,0,1
CUST001942,Fariq,Sagar,33.0,Mysuru,2020-02-01,88300.0,2020,2,1,0,0,1,1,0,1,0,0,0,0,0,0,1,0,0,0,0,1,0,0,0,0,0,0,0,0,0,0,0,0,0,0,0,0,0,0,0,0,0,0,0,0,0,1,0
CUST001943,Saksham,Chanda,41.0,Mumbai,2021-04-13,134600.0,2021,4,13,1,0,0,1,0,1,0,0,0,0,1,0,0,0,0,0,0,0,0,0,1,0,0,0,0,0,0,0,0,0,0,0,1,0,0,0,0,0,0,1,0,0,0,0,1
CUST001944,Owen,Kant,34.0,Ahmedabad,2019-09-05,106800.0,2019,9,5,1,0,0,1,0,1,0,0,1,0,1,0,0,0,0,0,1,0,0,0,0,0,0,0,0,0,0,0,0,0,0,0,0,0,0,1,0,0,0,0,0,0,0,1,0
CUST001945,Hredhaan,Narula,46.0,Guwahati,2020-04-14,216000.0,2020,4,14,0,1,0,1,0,1,0,0,0,0,0,1,0,0,0,0,0,0,0,0,0,0,0,0,0,0,0,0,0,0,0,0,0,0,0,0,1,0,0,1,0,0,0,0,1
CUST001946,Oni,Patel,33.0,Bengaluru,2020-12-21,17500.0,2020,12,21,0,0,0,0,0,1,0,0,0,0,0,0,0,0,0,0,0,1,0,0,0,0,0,0,0,0,0,0,0,0,0,0,0,0,0,0,0,1,0,0,0,0,0,0,0
CUST001947,Nandini,Kamdar,43.0,Pune,2020-07-25,116800.0,2020,7,25,0,0,1,0,0,0,0,1,1,0,0,0,1,0,0,0,0,0,0,0,1,0,0,0,0,0,0,0,0,1,0,0,0,0,0,0,0,0,0,1,0,0,0,1,0
CUST001948,Wazir,Andra,38.0,Chennai,2020-02-24,79900.0,2020,2,24,1,0,0,1,0,0,1,0,1,0,1,0,0,0,0,0,0,0,0,0,0,0,0,0,1,0,0,0,0,0,1,0,0,0,0,0,0,0,0,1,0,0,0,1,0
CUST001949,Deepa,Pal,53.0,Chandigarh,2021-05-08,188600.0,2021,5,8,1,0,0,0,0,0,0,0,0,1,1,0,0,0,1,0,0,0,0,0,0,0,0,0,0,0,0,0,0,1,0,0,0,0,0,0,0,0,0,0,1,0,0,0,1
CUST001950,Vansha,Khosla,37.0,Madurai,2018-10-02,12700.0,2018,10,2,0,0,1,0,0,1,0,0,0,1,0,0,1,0,0,0,0,0,0,0,0,0,0,0,1,0,0,0,0,0,0,1,0,0,0,0,0,0,0,1,0,0,0,0,0
CUST001951,Jairaj,Baral,18.0,Mumbai,2026-07-11,78400.0,2026,7,11,0,0,1,1,0,0,1,0,0,0,0,0,1,0,0,0,0,0,0,0,1,0,0,0,0,0,0,0,0,0,0,0,0,0,0,1,0,0,0,0,0,0,0,1,0
CUST001952,Naveen,Raj,54.0,Amritsar,2021-04-26,182000.0,2021,4,26,1,0,0,1,0,1,0,0,0,1,1,0,0,0,0,0,0,0,0,0,0,0,1,0,0,0,0,0,0,0,0,0,1,0,0,0,0,0,0,0,1,0,0,0,1
CUST001953,Dakshesh,Raju,26.0,Kanpur,2019-02-27,55100.0,2019,2,27,1,0,0,1,0,0,0,0,1,0,1,0,0,0,0,0,0,0,0,0,0,0,0,0,0,0,1,0,0,0,1,0,0,0,0,0,0,0,0,0,0,0,1,0,0
CUST001954,Lavanya,Zachariah,30.0,Pune,2020-08-28,55700.0,2020,8,28,0,0,1,0,0,1,0,0,0,1,0,0,1,0,0,0,0,0,0,0,1,0,0,0,0,0,0,0,0,0,1,0,0,0,0,0,0,0,0,0,0,0,1,0,0
CUST001955,Megha,Bakshi,30.0,Kochi,2019-11-01,85700.0,2019,11,1,1,0,0,0,0,1,0,0,0,1,1,0,0,0,0,0,0,0,1,0,0,0,0,0,0,0,0,0,0,1,0,0,0,0,0,0,0,0,0,0,0,0,0,1,0
CUST001956,Yauvani,Prasad,56.0,Chennai,2020-10-17,42200.0,2020,10,17,0,0,1,0,0,1,0,0,0,0,0,0,1,0,0,0,0,0,0,0,0,0,0,0,1,0,0,0,0,0,0,0,0,1,0,0,0,0,0,0,1,0,1,0,0
CUST001957,Udant,Sur,38.0,Hyderabad,2026-07-11,9800.0,2026,7,11,0,0,0,1,0,0,1,0,0,1,0,0,0,0,0,0,0,0,0,0,0,0,0,0,0,1,0,0,0,0,0,0,0,0,0,0,0,1,0,1,0,0,0,0,0
CUST001958,Anthony,Minhas,75.0,Chennai,2019-06-16,40500.0,2019,6,16,0,0,1,1,0,0,0,1,0,0,0,0,1,0,0,0,0,0,0,0,0,0,0,0,1,0,0,0,0,0,0,0,0,0,1,0,0,0,0,0,0,1,1,0,0
CUST001959,Inaya,Nagi,52.0,Varanasi,2019-12-20,50800.0,2019,12,20,0,0,1,0,0,0,0,0,0,1,0,0,1,0,0,0,0,0,0,0,0,0,0,0,0,0,1,0,0,0,0,0,0,0,0,0,0,0,1,0,1,0,1,0,0
CUST001960,Yasti,Butala,41.0,Ahmedabad,2020-11-25,32100.0,2020,11,25,0,0,1,0,0,1,0,0,0,1,0,0,1,0,0,0,1,0,0,0,0,0,0,0,0,0,0,0,0,0,0,0,0,1,0,0,0,0,0,1,0,0,1,0,0
CUST001961,Chasmum,Ganesh,37.0,Mumbai,2020-11-11,8700.0,2020,11,11,0,0,0,0,0,1,0,0,0,1,0,0,0,0,0,0,0,0,0,0,1,0,0,0,0,0,0,0,0,0,0,1,0,0,0,0,0,0,0,1,0,0,0,0,0
CUST001962,Aarini,Bhatti,42.0,Bhubaneswar,2020-06-23,229800.0,2020,6,23,0,1,0,0,0,0,1,0,0,0,0,1,0,0,0,0,0,0,0,0,0,1,0,0,0,0,0,0,0,0,0,0,0,0,0,0,0,0,0,1,0,0,0,0,1
CUST001963,Henry,Kala,45.0,Pune,2021-03-10,54500.0,2021,3,10,0,0,1,1,0,1,0,0,0,0,0,0,1,0,0,0,0,0,0,0,1,0,0,0,0,0,0,0,0,0,0,0,0,0,0,0,0,0,1,1,0,0,1,0,0
CUST001964,Unnati,Chawla,46.0,Vadodara,2020-08-11,9900.0,2020,8,11,0,0,0,0,0,1,0,0,1,0,0,0,0,0,0,0,1,0,0,0,0,0,0,0,0,0,0,0,0,0,0,0,0,0,0,0,0,1,0,1,0,0,0,0,0
CUST001965,Ishanvi,Yogi,45.0,Howrah,2019-07-28,136000.0,2019,7,28,1,0,0,0,0,0,1,0,1,0,1,0,0,0,0,0,0,0,0,0,0,0,0,0,0,0,0,1,0,0,0,0,1,0,0,0,0,0,0,1,0,0,0,0,1
CUST001966,Teerth,Bora,39.0,Delhi,2019-02-18,20700.0,2019,2,18,0,0,1,1,0,0,1,0,1,0,0,0,1,0,0,1,0,0,0,0,0,0,0,0,0,0,0,0,0,0,0,0,0,1,0,0,0,0,0,1,0,0,0,0,0
CUST001967,Ganga,Bajwa,35.0,Delhi,2020-08-17,135300.0,2020,8,17,1,0,0,0,0,1,0,0,0,1,1,0,0,0,0,1,0,0,0,0,0,0,0,0,0,0,0,0,0,1,0,0,0,0,0,0,0,0,0,0,0,0,0,0,1
CUST001968,Victor,Narula,36.0,Bhopal,2020-12-03,255400.0,2020,12,3,1,0,0,1,0,0,0,0,0,1,1,0,0,0,0,0,0,0,0,1,0,0,0,0,0,0,0,0,0,0,0,0,0,0,0,0,1,0,0,1,0,0,0,0,1
CUST001969,Anirudh,Chahal,35.0,Hyderabad,2019-02-16,133100.0,2019,2,16,1,0,0,1,0,1,0,0,1,0,1,0,0,0,0,0,0,0,0,0,0,0,0,0,0,1,0,0,0,1,0,0,0,0,0,0,0,0,0,0,0,0,0,0,1
CUST001970,Balhaar,Bhagat,53.0,Ahmedabad,2018-12-14,155300.0,2018,12,14,1,0,0,1,0,1,0,0,0,0,1,0,0,0,0,0,1,0,0,0,0,0,0,0,0,0,0,0,0,1,0,0,0,0,0,0,0,0,0,0,1,0,0,0,1
CUST001971,Gaurav,Krishnamurthy,46.0,Chennai,2020-05-24,130000.0,2020,5,24,0,0,1,1,0,0,0,1,0,0,0,0,1,0,0,0,0,0,0,0,0,0,0,0,1,0,0,0,0,1,0,0,0,0,0,0,0,0,0,1,0,0,0,1,0
CUST001972,Balendra,Kari,18.0,Surat,2026-07-11,65800.0,2026,7,11,0,0,0,1,0,0,1,0,1,0,0,0,0,0,0,0,1,0,0,0,0,0,0,0,0,0,0,0,0,0,0,0,0,0,0,1,0,0,0,0,0,0,1,0,0
CUST001973,Kai,Reddy,47.0,Chennai,2019-07-17,77600.0,2019,7,17,1,0,0,1,0,1,0,0,0,0,1,0,0,0,0,0,0,0,0,0,0,0,0,0,1,0,0,0,0,0,0,0,0,0,0,1,0,0,0,1,0,0,0,1,0
CUST001974,Sara,Seshadri,41.0,Bengaluru,2019-04-10,133000.0,2019,4,10,1,0,0,0,0,1,0,0,1,0,1,0,0,0,0,0,0,1,0,0,0,0,0,0,0,0,0,0,0,0,0,0,1,0,0,0,0,0,0,1,0,0,0,0,1
CUST001975,Samaksh,Sant,38.0,Hyderabad,2021-07-27,82300.0,2021,7,27,0,0,1,1,0,0,1,0,0,1,0,0,1,0,0,0,0,0,0,0,0,0,0,0,0,1,0,0,0,0,1,0,0,0,0,0,0,0,0,1,0,0,0,1,0
CUST001976,Nakul,Badal,33.0,Chandigarh,2019-11-03,181300.0,2019,11,3,1,0,0,1,0,1,0,0,1,0,1,0,0,0,1,0,0,0,0,0,0,0,0,0,0,0,0,0,0,0,0,0,1,0,0,0,0,0,0,0,0,0,0,0,1
CUST001977,Robert,Dani,53.0,Chennai,2019-11-11,26100.0,2019,11,11,0,0,1,1,0,0,1,0,1,0,0,0,1,0,0,0,0,0,0,0,0,0,0,0,1,0,0,0,0,0,0,0,0,1,0,0,0,0,0,0,1,0,0,0,0
CUST001978,Aarini,Bhatnagar,50.0,Delhi,2020-06-27,107900.0,2020,6,27,1,0,0,0,0,1,0,0,1,0,1,0,0,0,0,1,0,0,0,0,0,0,0,0,0,0,0,0,0,1,0,0,0,0,0,0,0,0,0,1,0,0,0,1,0
CUST001979,Arin,Bora,28.0,Thiruvananthapuram,2019-05-18,159900.0,2019,5,18,1,0,0,1,0,0,1,0,0,1,1,0,0,0,0,0,0,0,1,0,0,0,0,0,0,0,0,0,0,0,0,0,1,0,0,0,0,0,0,0,0,0,0,0,1
CUST001980,Praneel,Thakkar,43.0,Jodhpur,2020-05-04,31500.0,2020,5,4,0,0,1,1,0,0,0,0,1,0,0,0,1,0,0,0,0,0,0,0,0,0,0,1,0,0,0,0,0,0,0,0,0,1,0,0,0,0,0,1,0,0,1,0,0
CUST001981,Damyanti,Mann,25.0,Mumbai,2019-08-17,29600.0,2019,8,17,0,0,1,0,0,1,0,0,1,0,0,0,1,0,0,0,0,0,0,0,1,0,0,0,0,0,0,0,0,0,0,0,0,1,0,0,0,0,0,0,0,0,1,0,0
CUST001982,Nidhi,Chadha,20.0,Ludhiana,2024-08-16,13000.0,2024,8,16,0,0,0,0,0,0,1,0,0,0,0,0,0,0,0,0,0,0,0,0,0,0,1,0,0,0,0,0,0,0,0,0,0,0,0,0,0,1,0,0,0,0,0,0,0
CUST001983,Megha,Sarma,30.0,Ahmedabad,2020-11-17,79400.0,2020,11,17,0,0,1,0,0,1,0,0,0,1,0,0,1,0,0,0,1,0,0,0,0,0,0,0,0,0,0,0,0,0,0,0,0,0,0,1,0,0,0,0,0,0,0,1,0
CUST001984,Sai,Rana,49.0,Nagpur,2019-10-22,98300.0,2019,10,22,1,0,0,0,0,1,0,0,1,0,1,0,0,0,0,0,0,0,0,0,1,0,0,0,0,0,0,0,0,1,0,0,0,0,0,0,0,0,0,1,0,0,0,1,0
CUST001985,Alexander,Som,50.0,Delhi,2019-06-01,299600.0,2019,6,1,0,1,0,1,0,1,0,0,0,1,0,1,0,0,0,1,0,0,0,0,0,0,0,0,0,0,0,0,1,0,0,0,0,0,0,0,0,0,0,1,0,0,0,0,1
CUST001986,Gaurangi,Walla,45.0,Ahmedabad,2018-09-14,47500.0,2018,9,14,0,0,1,0,0,1,0,0,0,1,0,0,1,0,0,0,1,0,0,0,0,0,0,0,0,0,0,0,0,0,0,0,0,0,0,0,0,0,1,1,0,0,1,0,0
CUST001987,Imaran,Deshpande,47.0,Udaipur,2020-06-26,138200.0,2020,6,26,1,0,0,1,0,1,0,0,1,0,1,0,0,0,0,0,0,0,0,0,0,0,0,1,0,0,0,0,0,1,0,0,0,0,0,0,0,0,0,1,0,0,0,0,1
CUST001988,Rohan,Merchant,45.0,Delhi,2021-06-07,179300.0,2021,6,7,0,0,1,1,0,1,0,0,0,0,0,0,1,0,0,1,0,0,0,0,0,0,0,0,0,0,0,0,0,0,0,0,1,0,0,0,0,0,0,1,0,0,0,0,1
CUST001989,Ekbal,Misra,30.0,New Delhi,2018-08-30,176200.0,2018,8,30,0,1,0,1,0,0,1,0,0,0,0,1,0,0,0,1,0,0,0,0,0,0,0,0,0,0,0,0,1,0,0,0,0,0,0,0,0,0,0,0,0,0,0,0,1
CUST001990,Ridhi,Apte,44.0,Bengaluru,2019-10-03,11200.0,2019,10,3,0,0,1,0,0,1,0,0,1,0,0,0,1,0,0,0,0,1,0,0,0,0,0,0,0,0,0,0,0,0,0,0,0,0,0,0,0,1,0,1,0,0,0,0,0
CUST001991,Ekavir,Dasgupta,48.0,Kolkata,2018-10-14,774000.0,2018,10,14,0,1,0,1,0,1,0,0,0,1,0,1,0,0,0,0,0,0,0,0,0,0,0,0,0,0,0,1,0,0,0,0,1,0,0,0,0,0,0,1,0,0,0,0,1
CUST001992,Anvi,Ahluwalia,48.0,Delhi,2021-04-24,85100.0,2021,4,24,0,0,1,0,0,1,0,0,0,1,0,0,1,0,0,1,0,0,0,0,0,0,0,0,0,0,0,0,0,0,1,0,0,0,0,0,0,0,0,1,0,0,0,1,0
CUST001993,Shravya,Yogi,53.0,Pune,2020-08-06,77200.0,2020,8,6,1,0,0,0,0,1,0,0,0,1,1,0,0,0,0,0,0,0,0,0,1,0,0,0,0,0,0,0,0,0,0,0,0,0,0,0,0,0,1,0,1,0,0,1,0
CUST001994,Brijesh,Mody,47.0,Ahmedabad,2021-03-22,13600.0,2021,3,22,0,0,0,1,0,1,0,0,0,0,0,0,0,0,0,0,1,0,0,0,0,0,0,0,0,0,0,0,0,0,0,1,0,0,0,0,0,0,0,1,0,0,0,0,0
CUST001995,Jagrati,Padmanabhan,43.0,Udaipur,2019-02-13,28100.0,2019,2,13,0,0,1,0,0,1,0,0,0,1,0,0,1,0,0,0,0,0,0,0,0,0,0,1,0,0,0,0,0,0,0,0,0,1,0,0,0,0,0,1,0,0,1,0,0
CUST001996,Jagvi,Sachar,52.0,Chennai,2018-12-26,55100.0,2018,12,26,0,0,1,0,0,1,0,0,0,0,0,0,1,0,0,0,0,0,0,0,0,0,0,0,1,0,0,0,0,0,0,0,0,0,0,0,0,0,1,0,1,0,1,0,0
CUST001997,Yashvi,Dhar,38.0,Hyderabad,2020-02-14,139300.0,2020,2,14,1,0,0,0,0,1,0,0,1,0,1,0,0,0,0,0,0,0,0,0,0,0,0,0,0,1,0,0,0,0,0,0,1,0,0,0,0,0,0,1,0,0,0,0,1
CUST001998,Faris,Gour,27.0,Warangal,2021-01-24,105100.0,2021,1,24,0,0,1,1,0,1,0,0,0,0,0,0,1,0,0,0,0,0,0,0,0,0,0,0,0,1,0,0,0,0,0,0,0,0,0,1,0,0,0,0,0,0,0,1,0
CUST001999,Janya,Krishnan,36.0,Hyderabad,2021-03-30,65800.0,2021,3,30,1,0,0,0,0,0,0,0,0,0,1,0,0,0,0,0,0,0,0,0,0,0,0,0,0,1,0,0,0,0,0,0,1,0,0,0,0,0,0,1,0,0,1,0,0
CUST002000,Gunbir,Contractor,28.0,Bhubaneswar,2019-11-11,75500.0,2019,11,11,0,0,1,1,0,0,0,0,0,0,0,0,1,0,0,0,0,0,0,0,0,1,0,0,0,0,0,0,0,0,0,0,0,0,0,0,0,0,0,0,0,0,0,1,0
CUST002001,Hemangini,Bhagat,29.0,Jaipur,2020-02-08,64700.0,2020,2,8,0,0,1,0,0,1,0,0,0,1,0,0,1,0,0,0,0,0,0,0,0,0,0,1,0,0,0,0,0,0,0,0,0,0,0,1,0,0,0,0,0,0,1,0,0
CUST002002,Vihaan,Bora,38.0,Delhi,2019-07-17,47500.0,2019,7,17,0,0,1,1,0,1,0,0,1,0,0,0,1,0,0,1,0,0,0,0,0,0,0,0,0,0,0,0,0,0,0,0,0,0,0,0,0,0,1,1,0,0,1,0,0
CUST002003,Maanav,Bhavsar,28.0,Hyderabad,2020-09-16,74400.0,2020,9,16,0,0,1,1,0,1,0,0,0,1,0,0,1,0,0,0,0,0,0,0,0,0,0,0,0,1,0,0,0,0,0,0,1,0,0,0,0,0,0,0,0,0,0,1,0
CUST002004,Ladli,Chaudhari,34.0,Madurai,2020-06-01,38900.0,2020,6,1,0,0,1,0,0,1,0,0,0,1,0,0,1,0,0,0,0,0,0,0,0,0,0,0,1,0,0,0,0,0,0,0,0,0,0,0,0,0,1,0,0,0,1,0,0
CUST002005,Ira,Sur,18.0,Kolkata,2026-07-11,31100.0,2026,7,11,0,0,0,0,0,1,0,0,0,0,0,0,0,0,0,0,0,0,0,0,0,0,0,0,0,0,0,1,0,0,0,0,0,1,0,0,0,0,0,0,0,0,1,0,0
CUST002006,Oni,Parikh,41.0,Chennai,2019-10-18,10500.0,2019,10,18,0,0,0,0,0,1,0,0,1,0,0,0,0,0,0,0,0,0,0,0,0,0,0,0,1,0,0,0,0,0,0,0,0,0,0,0,0,1,0,1,0,0,0,0,0
CUST002007,Devansh,Keer,38.0,Lucknow,2020-05-10,65800.0,2020,5,10,0,0,1,1,0,1,0,0,1,0,0,0,1,0,0,0,0,0,0,0,0,0,0,0,0,0,1,0,0,0,1,0,0,0,0,0,0,0,0,1,0,0,1,0,0
CUST002008,Chandresh,Mane,27.0,Jaipur,2018-11-12,112500.0,2018,11,12,1,0,0,1,0,1,0,0,0,0,1,0,0,0,0,0,0,0,0,0,0,0,0,1,0,0,0,0,1,0,0,0,0,0,0,0,0,0,0,0,0,0,0,1,0
CUST002009,Bhavya,Hari,47.0,Chennai,2019-09-13,160000.0,2019,9,13,1,0,0,0,0,1,0,0,0,1,1,0,0,0,0,0,0,0,0,0,0,0,0,0,1,0,0,0,0,1,0,0,0,0,0,0,0,0,0,1,0,0,0,0,1
CUST002010,Nitara,Sunder,50.0,Chandigarh,2020-06-05,175200.0,2020,6,5,1,0,0,0,0,1,0,0,0,1,1,0,0,0,1,0,0,0,0,0,0,0,0,0,0,0,0,0,0,0,0,0,1,0,0,0,0,0,0,1,0,0,0,0,1
CUST002011,Varenya,Narasimhan,18.0,Vadodara,2026-07-11,13100.0,2026,7,11,0,0,0,0,0,0,1,0,0,1,0,0,0,0,0,0,1,0,0,0,0,0,0,0,0,0,0,0,0,0,0,0,0,0,0,0,0,1,0,0,0,0,0,0,0
CUST002012,Michael,Dua,28.0,Udaipur,2018-11-28,18700.0,2018,11,28,0,0,1,1,0,0,1,0,1,0,0,0,1,0,0,0,0,0,0,0,0,0,0,1,0,0,0,0,0,0,0,0,0,1,0,0,0,0,0,0,0,0,0,0,0
CUST002013,Qabil,Mutti,38.0,Bhubaneswar,2021-07-29,76100.0,2021,7,29,0,0,1,1,0,1,0,0,0,0,0,0,1,0,0,0,0,0,0,0,0,1,0,0,0,0,0,0,0,0,0,0,1,0,0,0,0,0,0,1,0,0,0,1,0
CUST002014,Upadhriti,Ganguly,26.0,Bengaluru,2020-08-23,169100.0,2020,8,23,1,0,0,0,0,1,0,0,0,1,1,0,0,0,0,0,0,1,0,0,0,0,0,0,0,0,0,0,0,0,0,0,1,0,0,0,0,0,0,0,0,0,0,0,1
CUST002015,Aahana,Munshi,49.0,Bengaluru,2018-10-17,79500.0,2018,10,17,1,0,0,0,0,1,0,0,1,0,1,0,0,0,0,0,0,1,0,0,0,0,0,0,0,0,0,0,0,0,0,0,0,0,0,1,0,0,0,1,0,0,0,1,0
CUST002016,Jatin,Kant,35.0,Indore,2019-08-31,399900.0,2019,8,31,0,1,0,1,0,1,0,0,0,0,0,1,0,0,0,0,0,0,0,1,0,0,0,0,0,0,0,0,0,0,0,0,0,0,0,0,0,0,0,0,0,0,0,0,1
CUST002017,Urmi,Malhotra,35.0,Udaipur,2020-01-11,102700.0,2020,1,11,0,0,1,0,0,1,0,0,1,0,0,0,1,0,0,0,0,0,0,0,0,0,0,1,0,0,0,0,0,0,0,0,0,0,0,1,0,0,0,0,0,0,0,1,0
CUST002018,Radha,Desai,18.0,Thiruvananthapuram,2026-07-11,26100.0,2026,7,11,0,0,0,0,0,0,1,0,1,0,0,0,0,0,0,0,0,0,1,0,0,0,0,0,0,0,0,0,0,0,0,0,0,1,0,0,0,0,0,0,0,0,0,0,0
CUST002019,Noah,Srinivasan,46.0,Mumbai,2019-02-15,12800.0,2019,2,15,0,0,0,1,0,0,1,0,0,1,0,0,0,0,0,0,0,0,0,0,1,0,0,0,0,0,0,0,0,0,0,0,0,0,0,0,0,1,0,1,0,0,0,0,0
CUST002020,Vihaan,Sehgal,22.0,Kolkata,2022-08-17,22400.0,2022,8,17,0,0,1,1,0,1,0,0,1,0,0,0,1,0,0,0,0,0,0,0,0,0,0,0,0,0,0,1,0,0,0,0,0,1,0,0,0,0,0,0,0,0,0,0,0
CUST002021,Praneel,Mody,39.0,Pune,2020-11-17,13200.0,2020,11,17,0,0,0,1,0,0,1,0,1,0,0,0,0,0,0,0,0,0,0,0,1,0,0,0,0,0,0,0,0,0,0,0,0,0,0,0,0,1,0,1,0,0,0,0,0
CUST002022,Widisha,Chopra,38.0,Chennai,2021-01-18,18200.0,2021,1,18,0,0,0,0,0,0,1,0,0,1,0,0,0,0,0,0,0,0,0,0,0,0,0,0,1,0,0,0,0,0,0,0,0,0,1,0,0,0,0,1,0,0,0,0,0
CUST002023,Gagan,Bumb,56.0,Nagpur,2021-02-24,75700.0,2021,2,24,0,0,1,1,0,1,0,0,0,0,0,0,1,0,0,0,0,0,0,0,1,0,0,0,0,0,0,0,0,0,0,0,0,0,0,1,0,0,0,0,1,0,0,1,0
CUST002024,Logan,Dey,21.0,Pune,2023-08-17,5500.0,2023,8,17,0,0,0,1,0,0,0,0,0,0,0,0,0,0,0,0,0,0,0,0,1,0,0,0,0,0,0,0,0,0,0,0,0,0,0,0,0,1,0,0,0,0,0,0,0
CUST002025,Indira,Lall,18.0,Mumbai,2026-07-11,9200.0,2026,7,11,0,0,0,0,0,0,1,0,1,0,0,0,0,0,0,0,0,0,0,0,1,0,0,0,0,0,0,0,0,0,0,0,0,0,0,0,0,1,0,0,0,0,0,0,0
CUST002026,Balvan,Borra,40.0,Kolkata,2019-09-17,72000.0,2019,9,17,0,0,1,1,0,0,1,0,1,0,0,0,1,0,0,0,0,0,0,0,0,0,0,0,0,0,0,1,0,0,0,0,0,0,0,0,0,0,1,1,0,0,0,1,0
CUST002027,Aditya,Tripathi,61.0,Hyderabad,2018-10-06,27700.0,2018,10,6,0,0,1,1,0,1,0,0,1,0,0,0,1,0,0,0,0,0,0,0,0,0,0,0,0,1,0,0,0,0,0,0,0,0,1,0,0,0,0,0,1,0,1,0,0
CUST002028,Alexander,Ravel,54.0,Pune,2020-12-07,72400.0,2020,12,7,0,0,1,1,0,0,0,1,0,1,0,0,1,0,0,0,0,0,0,0,1,0,0,0,0,0,0,0,0,0,0,0,0,0,0,0,0,0,1,0,1,0,0,1,0
CUST002029,Jagvi,Bansal,41.0,Bengaluru,2021-08-10,47300.0,2021,8,10,0,0,0,0,0,1,0,0,0,1,0,0,0,0,0,0,0,1,0,0,0,0,0,0,0,0,0,0,0,0,0,0,0,0,0,0,0,0,1,1,0,0,1,0,0
CUST002030,Leena,Zacharia,32.0,Nagpur,2019-10-30,145600.0,2019,10,30,0,1,0,0,0,1,0,0,1,0,0,1,0,0,0,0,0,0,0,0,1,0,0,0,0,0,0,0,0,1,0,0,0,0,0,0,0,0,0,0,0,0,0,0,1
CUST002031,Warinder,Dixit,48.0,Guwahati,2020-02-07,65800.0,2020,2,7,0,0,1,1,0,1,0,0,0,1,0,0,1,0,0,0,0,0,0,0,0,0,0,0,0,0,0,0,0,0,0,0,0,0,0,0,0,0,0,1,0,0,1,0,0
CUST002032,Rajeshri,Ramanathan,25.0,Bengaluru,2020-03-11,94400.0,2020,3,11,1,0,0,1,0,0,1,0,0,0,1,0,0,0,0,0,0,1,0,0,0,0,0,0,0,0,0,0,0,0,0,0,0,0,0,0,1,0,0,0,0,0,0,1,0
CUST002033,Jasmit,Mannan,44.0,Bengaluru,2021-06-09,132100.0,2021,6,9,0,0,1,1,0,0,1,0,0,1,0,0,1,0,0,0,0,1,0,0,0,0,0,0,0,0,0,0,0,0,0,0,0,0,0,0,1,0,0,1,0,0,0,1,0
CUST002034,Ekalinga,Shetty,45.0,Varanasi,2020-04-05,130700.0,2020,4,5,1,0,0,1,0,1,0,0,0,0,1,0,0,0,0,0,0,0,0,0,0,0,0,0,0,0,1,0,0,0,0,0,1,0,0,0,0,0,0,1,0,0,0,1,0
CUST002035,Zashil,Uppal,52.0,Ahmedabad,2020-10-05,80600.0,2020,10,5,0,0,1,1,0,0,1,0,1,0,0,0,1,0,0,0,1,0,0,0,0,0,0,0,0,0,0,0,0,0,0,0,0,0,0,1,0,0,0,0,1,0,0,1,0
CUST002036,Chakradev,Ranganathan,74.0,Ahmedabad,2020-10-19,44300.0,2020,10,19,0,0,1,1,0,0,0,1,0,1,0,0,1,0,0,0,1,0,0,0,0,0,0,0,0,0,0,0,0,0,0,0,0,0,1,0,0,0,0,0,0,1,1,0,0
CUST002037,Qabil,Thakkar,43.0,Howrah,2020-12-16,17900.0,2020,12,16,0,0,0,1,0,1,0,0,1,0,0,0,0,0,0,0,0,0,0,0,0,0,0,0,0,0,0,1,0,0,0,0,0,0,0,0,0,1,0,1,0,0,0,0,0
CUST002038,Aashi,Khare,31.0,Guwahati,2020-08-17,87800.0,2020,8,17,0,0,1,0,0,1,0,0,0,0,0,0,1,0,0,0,0,0,0,0,0,0,0,0,0,0,0,0,0,1,0,0,0,0,0,0,0,0,0,0,0,0,0,1,0
CUST002039,Gayathri,Varkey,38.0,Delhi,2020-07-25,125500.0,2020,7,25,1,0,0,1,0,0,1,0,0,1,1,0,0,0,0,1,0,0,0,0,0,0,0,0,0,0,0,0,0,0,0,0,1,0,0,0,0,0,0,1,0,0,0,1,0
CUST002040,Ekaraj,Sehgal,18.0,Ludhiana,2026-07-11,13100.0,2026,7,11,0,0,0,1,0,0,1,0,0,0,0,0,0,0,0,0,0,0,0,0,0,0,1,0,0,0,0,0,0,0,0,0,0,0,0,0,0,1,0,0,0,0,0,0,0
CUST002041,Fariq,Gola,29.0,Varanasi,2018-09-09,65800.0,2018,9,9,0,0,1,1,0,0,1,0,0,0,0,0,1,0,0,0,0,0,0,0,0,0,0,0,0,0,1,0,0,0,0,0,0,0,0,1,0,0,0,0,0,0,1,0,0
CUST002042,Elijah,Sule,33.0,Kolkata,2018-10-29,15700.0,2018,10,29,0,0,1,1,0,1,0,0,1,0,0,0,1,0,0,0,0,0,0,0,0,0,0,0,0,0,0,1,0,0,0,1,0,0,0,0,0,0,0,0,0,0,0,0,0
CUST002043,Rachita,Baria,31.0,Ahmedabad,2019-11-26,65800.0,2019,11,26,1,0,0,0,0,1,0,0,0,1,1,0,0,0,0,0,1,0,0,0,0,0,0,0,0,0,0,0,0,1,0,0,0,0,0,0,0,0,0,0,0,0,1,0,0
CUST002044,Imaran,Sura,40.0,Ahmedabad,2018-09-06,120800.0,2018,9,6,1,0,0,1,0,0,1,0,0,1,1,0,0,0,0,0,1,0,0,0,0,0,0,0,0,0,0,0,0,0,0,0,0,0,0,0,1,0,0,1,0,0,0,1,0
CUST002045,Kala,Bhatnagar,27.0,Mumbai,2018-08-26,8100.0,2018,8,26,0,0,0,0,0,1,0,0,1,0,0,0,0,0,0,0,0,0,0,0,1,0,0,0,0,0,0,0,0,0,0,0,0,0,0,0,0,1,0,0,0,0,0,0,0
CUST002046,Kevin,Pingle,53.0,Delhi,2020-07-22,37500.0,2020,7,22,0,0,1,1,0,1,0,0,1,0,0,0,1,0,0,1,0,0,0,0,0,0,0,0,0,0,0,0,0,0,0,0,0,1,0,0,0,0,0,0,1,0,1,0,0
CUST002047,Kamala,Basak,38.0,Bhubaneswar,2020-04-15,213300.0,2020,4,15,1,0,0,0,0,0,0,0,1,0,1,0,0,0,0,0,0,0,0,0,0,1,0,0,0,0,0,0,0,0,0,0,0,0,0,0,0,0,0,1,0,0,0,0,1
CUST002048,Ishanvi,Vasa,38.0,Coimbatore,2018-09-30,98100.0,2018,9,30,1,0,0,0,0,1,0,0,1,0,1,0,0,0,0,0,0,0,0,0,0,0,0,0,1,0,0,0,0,0,0,0,1,0,0,0,0,0,0,1,0,0,0,1,0
CUST002049,Pranit,Rama,34.0,Hyderabad,2019-10-19,65800.0,2019,10,19,1,0,0,1,0,0,0,0,0,0,1,0,0,0,0,0,0,0,0,0,0,0,0,0,0,1,0,0,0,0,0,0,1,0,0,0,0,0,0,0,0,0,1,0,0
CUST002050,Vrinda,Sha,40.0,Jaipur,2020-12-26,51800.0,2020,12,26,0,0,1,1,0,0,1,0,0,0,0,0,1,0,0,0,0,0,0,0,0,0,0,1,0,0,0,0,0,0,1,0,0,0,0,0,0,0,0,1,0,0,1,0,0
CUST002051,Aradhana,Baral,49.0,Coimbatore,2019-07-23,195100.0,2019,7,23,1,0,0,0,0,1,0,0,0,0,1,0,0,0,0,0,0,0,0,0,0,0,0,0,1,0,0,0,0,1,0,0,0,0,0,0,0,0,0,1,0,0,0,0,1
CUST002052,Neel,Chauhan,27.0,Mumbai,2021-01-03,26300.0,2021,1,3,0,0,1,1,0,0,0,0,0,0,0,0,1,0,0,0,0,0,0,0,1,0,0,0,0,0,0,0,0,0,0,0,0,1,0,0,0,0,0,0,0,0,0,0,0
CUST002053,Yoshita,Mahal,29.0,Surat,2020-08-09,87400.0,2020,8,9,0,0,1,0,0,1,0,0,0,0,0,0,1,0,0,0,1,0,0,0,0,0,0,0,0,0,0,0,0,0,0,0,0,0,0,0,0,0,0,0,0,0,0,1,0
CUST002054,Karan,Ghosh,34.0,Surat,2020-12-10,21500.0,2020,12,10,0,0,0,1,0,0,1,0,0,0,0,0,0,0,0,0,1,0,0,0,0,0,0,0,0,0,0,0,0,0,0,0,0,0,0,0,0,0,0,0,0,0,0,0,0
CUST002055,Riya,Radhakrishnan,21.0,Nagpur,2023-08-17,15500.0,2023,8,17,0,0,0,0,0,0,1,0,0,0,0,0,0,0,0,0,0,0,0,0,1,0,0,0,0,0,0,0,0,0,0,0,0,0,0,0,0,1,0,0,0,0,0,0,0
CUST002056,Qadim,Brahmbhatt,27.0,Bhubaneswar,2021-08-11,43500.0,2021,8,11,0,0,0,1,0,0,1,0,0,0,0,0,0,0,0,0,0,0,0,0,0,1,0,0,0,0,0,0,0,0,0,0,0,0,0,0,0,0,1,0,0,0,1,0,0
CUST002057,Yauvani,Krishnamurthy,32.0,Delhi,2018-12-25,65700.0,2018,12,25,1,0,0,0,0,1,0,0,1,0,1,0,0,0,0,1,0,0,0,0,0,0,0,0,0,0,0,0,0,0,1,0,0,0,0,0,0,0,0,0,0,0,1,0,0
CUST002058,Riya,Kapoor,49.0,Chennai,2020-09-26,83600.0,2020,9,26,0,0,1,1,0,1,0,0,0,1,0,0,1,0,0,0,0,0,0,0,0,0,0,0,1,0,0,0,0,0,0,0,0,0,0,0,0,0,0,1,0,0,0,1,0
CUST002059,Yauvani,Ravi,41.0,Pune,2021-05-14,13800.0,2021,5,14,0,0,0,0,0,1,0,0,1,0,0,0,0,0,0,0,0,0,0,0,1,0,0,0,0,0,0,0,0,0,0,0,0,0,0,0,0,0,0,1,0,0,0,0,0
CUST002060,Qushi,Pai,38.0,Kolkata,2021-05-13,25400.0,2021,5,13,0,0,0,0,0,1,0,0,1,0,0,0,0,0,0,0,0,0,0,0,0,0,0,0,0,0,0,1,0,0,0,0,0,0,0,0,0,0,0,1,0,0,0,0,0
CUST002061,Widisha,Subramaniam,49.0,Hyderabad,2019-12-16,104100.0,2019,12,16,1,0,0,0,0,1,0,0,1,0,1,0,0,0,0,0,0,0,0,0,0,0,0,0,0,1,0,0,0,1,0,0,0,0,0,0,0,0,0,1,0,0,0,1,0
CUST002062,Aarush,Thaker,36.0,Mysuru,2018-08-24,198100.0,2018,8,24,0,1,0,1,0,1,0,0,0,0,0,1,0,0,0,0,0,1,0,0,0,0,0,0,0,0,0,0,0,0,0,0,1,0,0,0,0,0,0,1,0,0,0,0,1
CUST002063,Ekiya,Sarraf,43.0,Kanpur,2021-03-10,19100.0,2021,3,10,0,0,0,0,0,1,0,0,0,1,0,0,0,0,0,0,0,0,0,0,0,0,0,0,0,0,1,0,0,0,0,0,0,0,0,0,0,1,0,1,0,0,0,0,0
CUST002064,Gayathri,Karpe,37.0,Mumbai,2021-04-29,17800.0,2021,4,29,0,0,0,0,0,0,1,0,0,0,0,0,0,0,0,0,0,0,0,0,1,0,0,0,0,0,0,0,0,0,0,0,0,0,0,0,0,0,0,1,0,0,0,0,0
CUST002065,Brinda,Varkey,41.0,Jodhpur,2020-04-23,44400.0,2020,4,23,0,0,1,0,0,1,0,0,0,0,0,0,1,0,0,0,0,0,0,0,0,0,0,1,0,0,0,0,0,0,0,0,0,0,1,0,0,0,0,1,0,0,1,0,0
CUST002066,Meera,Kakar,30.0,Kolkata,2019-12-08,188700.0,2019,12,8,1,0,0,0,0,1,0,0,0,1,1,0,0,0,0,0,0,0,0,0,0,0,0,0,0,0,0,1,0,0,0,0,0,0,0,0,0,0,0,0,0,0,0,0,1
CUST002067,Falguni,Grover,18.0,Ludhiana,2026-07-11,11100.0,2026,7,11,0,0,0,0,0,0,1,0,0,1,0,0,0,0,0,0,0,0,0,0,0,0,1,0,0,0,0,0,0,0,0,0,0,0,0,0,0,1,0,0,0,0,0,0,0
CUST002068,Gaurangi,Pathak,36.0,Kolkata,2020-09-19,155700.0,2020,9,19,1,0,0,0,0,1,0,0,0,0,1,0,0,0,0,0,0,0,0,0,0,0,0,0,0,0,0,1,0,0,0,0,1,0,0,0,0,0,0,1,0,0,0,0,1
CUST002069,Daniel,Karpe,56.0,Mumbai,2020-05-08,62800.0,2020,5,8,0,0,1,1,0,1,0,0,0,1,0,0,1,0,0,0,0,0,0,0,1,0,0,0,0,0,0,0,0,0,1,0,0,0,0,0,0,0,0,0,1,0,1,0,0
CUST002070,Sarthak,Narayanan,50.0,Mumbai,2020-09-06,49700.0,2020,9,6,0,0,1,1,0,1,0,0,0,0,0,0,1,0,0,0,0,0,0,0,1,0,0,0,0,0,0,0,0,0,0,0,0,0,0,0,0,0,1,1,0,0,1,0,0
CUST002071,Dakshesh,Subramaniam,51.0,Indore,2018-11-17,125900.0,2018,11,17,1,0,0,1,0,1,0,0,1,0,1,0,0,0,0,0,0,0,0,1,0,0,0,0,0,0,0,0,0,1,0,0,0,0,0,0,0,0,0,0,1,0,0,1,0
CUST002072,Wriddhish,Srinivas,54.0,Varanasi,2021-07-01,114600.0,2021,7,1,0,0,1,1,0,1,0,0,0,1,0,0,1,0,0,0,0,0,0,0,0,0,0,0,0,0,1,0,0,0,0,0,0,0,0,1,0,0,0,0,1,0,0,1,0
CUST002073,Jagrati,Edwin,39.0,Mysuru,2020-12-02,38000.0,2020,12,2,0,0,0,0,0,1,0,0,1,0,0,0,0,0,0,0,0,1,0,0,0,0,0,0,0,0,0,0,0,0,0,0,0,1,0,0,0,0,0,1,0,0,1,0,0
CUST002074,Samesh,Bains,41.0,Kolkata,2019-03-14,162300.0,2019,3,14,1,0,0,1,0,1,0,0,0,1,1,0,0,0,0,0,0,0,0,0,0,0,0,0,0,0,0,1,0,0,0,0,0,0,0,0,1,0,0,1,0,0,0,0,1
CUST002075,Jairaj,Bassi,30.0,Chennai,2019-02-14,18800.0,2019,2,14,0,0,1,1,0,0,1,0,0,1,0,0,1,0,0,0,0,0,0,0,0,0,0,0,1,0,0,0,0,0,0,0,0,1,0,0,0,0,0,0,0,0,0,0,0
CUST002076,Joshua,Dyal,34.0,Bhubaneswar,2021-04-16,20600.0,2021,4,16,0,0,1,0,1,1,0,0,0,1,0,0,1,0,0,0,0,0,0,0,0,1,0,0,0,0,0,0,0,0,0,0,0,1,0,0,0,0,0,0,0,0,0,0,0
CUST002077,Ekalinga,Vala,46.0,Guwahati,2018-09-14,17800.0,2018,9,14,0,0,1,1,0,0,0,0,0,1,0,0,1,0,0,0,0,0,0,0,0,0,0,0,0,0,0,0,0,0,0,0,0,0,0,0,0,1,0,1,0,0,0,0,0
CUST002078,Anmol,Din,54.0,Amritsar,2019-07-19,45700.0,2019,7,19,0,0,1,1,0,0,0,0,0,1,0,0,1,0,0,0,0,0,0,0,0,0,1,0,0,0,0,0,0,0,0,0,0,1,0,0,0,0,0,0,1,0,1,0,0
CUST002079,Ayaan,Ganesan,36.0,Bhopal,2020-10-22,98500.0,2020,10,22,1,0,0,1,0,1,0,0,1,0,1,0,0,0,0,0,0,0,0,1,0,0,0,0,0,0,0,0,0,0,0,0,0,0,0,1,0,0,0,1,0,0,0,1,0
CUST002080,Kai,Gole,32.0,Kochi,2020-04-04,114600.0,2020,4,4,0,0,1,1,0,1,0,0,0,0,0,0,1,0,0,0,0,0,1,0,0,0,0,0,0,0,0,0,0,0,0,0,1,0,0,0,0,0,0,0,0,0,0,1,0
CUST002081,Yauvani,Ravi,38.0,Delhi,2020-09-25,14400.0,2020,9,25,0,0,0,0,0,1,0,0,1,0,0,0,0,0,0,1,0,0,0,0,0,0,0,0,0,0,0,0,0,0,0,0,0,0,0,0,0,0,0,1,0,0,0,0,0
CUST002082,Adya,Mander,46.0,Varanasi,2021-03-05,18500.0,2021,3,5,0,0,0,0,0,0,0,1,1,0,0,0,0,0,0,0,0,0,0,0,0,0,0,0,0,0,1,0,0,0,0,1,0,0,0,0,0,0,0,1,0,0,0,0,0
CUST002083,Chaman,Kalita,19.0,Ahmedabad,2025-08-16,102600.0,2025,8,16,0,0,1,0,0,0,1,0,0,0,0,0,1,0,0,0,1,0,0,0,0,0,0,0,0,0,0,0,0,0,0,0,0,0,0,1,0,0,0,0,0,0,0,1,0
CUST002084,Udarsh,Sinha,18.0,Bhubaneswar,2026-07-11,26700.0,2026,7,11,0,0,0,1,0,0,1,0,0,0,0,0,0,0,0,0,0,0,0,0,0,1,0,0,0,0,0,0,0,0,0,0,0,1,0,0,0,0,0,0,0,0,1,0,0
CUST002085,Warda,Garde,31.0,Kolkata,2019-02-23,43900.0,2019,2,23,0,0,1,0,0,1,0,0,0,1,0,0,1,0,0,0,0,0,0,0,0,0,0,0,0,0,0,1,0,0,0,0,0,0,0,1,0,0,0,0,0,0,1,0,0
CUST002086,Imaran,Roy,22.0,Pune,2022-08-17,9900.0,2022,8,17,0,0,0,1,0,0,1,0,0,0,0,0,0,0,0,0,0,0,0,0,1,0,0,0,0,0,0,0,0,0,0,0,0,0,0,0,0,1,0,0,0,0,0,0,0
CUST002087,Ekbal,Gopal,31.0,Kolkata,2020-07-31,217900.0,2020,7,31,1,0,0,1,0,1,0,0,1,0,1,0,0,0,0,0,0,0,0,0,0,0,0,0,0,0,0,1,0,0,0,0,0,0,0,0,1,0,0,0,0,0,0,0,1
CUST002088,Kevin,Ganesh,36.0,Ahmedabad,2020-03-21,264400.0,2020,3,21,1,0,0,1,0,1,0,0,1,0,1,0,0,0,0,0,1,0,0,0,0,0,0,0,0,0,0,0,1,0,0,0,0,0,0,0,0,0,0,1,0,0,0,0,1
CUST002089,Onveer,Setty,32.0,Delhi,2019-09-10,54600.0,2019,9,10,0,0,1,1,0,1,0,0,1,0,0,0,1,0,0,1,0,0,0,0,0,0,0,0,0,0,0,0,0,0,0,0,0,0,0,1,0,0,0,0,0,0,1,0,0
CUST002090,Bakhshi,Karpe,57.0,Hyderabad,2019-05-16,110400.0,2019,5,16,1,0,0,1,0,0,0,0,1,0,1,0,0,0,0,0,0,0,0,0,0,0,0,0,0,1,0,0,0,0,0,0,0,0,0,0,1,0,0,0,1,0,0,1,0
CUST002091,Ranbir,Rajan,42.0,Kolkata,2020-08-23,62900.0,2020,8,23,0,0,1,1,0,1,0,0,1,0,0,0,1,0,0,0,0,0,0,0,0,0,0,0,0,0,0,1,0,0,0,0,0,0,0,0,0,0,1,1,0,0,1,0,0
CUST002092,Kevin,Chopra,42.0,Hyderabad,2019-11-13,269400.0,2019,11,13,0,1,0,0,1,1,0,0,0,1,0,1,0,0,0,0,0,0,0,0,0,0,0,0,0,1,0,0,0,0,0,0,0,0,0,0,1,0,0,1,0,0,0,0,1
CUST002093,Abhiram,Jain,46.0,Hyderabad,2020-06-16,83500.0,2020,6,16,0,0,1,1,0,1,0,0,0,1,0,0,1,0,0,0,0,0,0,0,0,0,0,0,0,1,0,0,0,0,1,0,0,0,0,0,0,0,0,1,0,0,0,1,0
CUST002094,Zayyan,Saini,23.0,Pune,2021-08-16,51500.0,2021,8,16,0,0,0,1,0,0,1,0,0,0,0,0,0,0,0,0,0,0,0,0,1,0,0,0,0,0,0,0,0,0,0,0,0,0,0,0,0,0,1,0,0,0,1,0,0
CUST002095,Falan,Char,52.0,Guwahati,2021-02-17,32500.0,2021,2,17,0,0,0,1,0,0,0,0,0,1,0,0,0,0,0,0,0,0,0,0,0,0,0,0,0,0,0,0,0,0,0,0,0,1,0,0,0,0,0,0,1,0,1,0,0
CUST002096,Hema,Soni,37.0,Vadodara,2020-11-08,64000.0,2020,11,8,0,0,1,0,0,1,0,0,0,0,0,0,1,0,0,0,1,0,0,0,0,0,0,0,0,0,0,0,0,0,0,0,0,0,0,1,0,0,0,1,0,0,1,0,0
CUST002097,Anirudh,Wali,47.0,Mumbai,2020-05-06,78400.0,2020,5,6,0,0,1,1,0,1,0,0,1,0,0,0,1,0,0,0,0,0,0,0,1,0,0,0,0,0,0,0,0,0,1,0,0,0,0,0,0,0,0,1,0,0,0,1,0
CUST002098,Yashasvi,Dalal,24.0,Jaipur,2020-08-16,171600.0,2020,8,16,1,0,0,0,0,0,1,0,0,0,1,0,0,0,0,0,0,0,0,0,0,0,0,1,0,0,0,0,0,0,0,0,1,0,0,0,0,0,0,0,0,0,0,0,1
CUST002099,Charita,Subramaniam,18.0,Vadodara,2026-07-11,13100.0,2026,7,11,0,0,0,0,0,0,1,0,0,0,0,0,0,0,0,0,1,0,0,0,0,0,0,0,0,0,0,0,0,0,0,0,0,0,0,0,0,1,0,0,0,0,0,0,0
CUST002100,Dhruv,Zacharia,49.0,Mumbai,2018-09-23,22100.0,2018,9,23,0,0,1,1,0,1,0,0,0,1,0,0,1,0,0,0,0,0,0,0,1,0,0,0,0,0,0,0,0,0,0,1,0,0,0,0,0,0,0,1,0,0,0,0,0
CUST002101,Aadi,Sankar,43.0,Hyderabad,2021-04-25,61600.0,2021,4,25,0,0,1,1,0,1,0,0,0,0,0,0,1,0,0,0,0,0,0,0,0,0,0,0,0,1,0,0,0,0,0,0,0,0,0,0,0,0,1,1,0,0,1,0,0
CUST002102,Shivansh,Prabhakar,26.0,Kolkata,2020-03-30,180100.0,2020,3,30,1,0,0,1,0,1,0,0,0,0,1,0,0,0,0,0,0,0,0,0,0,0,0,0,0,0,0,1,0,0,0,0,0,0,0,0,1,0,0,0,0,0,0,0,1
CUST002103,Anya,Wagle,27.0,Chennai,2020-05-14,98800.0,2020,5,14,1,0,0,0,0,0,1,0,0,1,1,0,0,0,0,0,0,0,0,0,0,0,0,0,1,0,0,0,0,0,0,0,0,0,0,1,0,0,0,0,0,0,0,1,0
CUST002104,Tanish,Karnik,53.0,Udaipur,2019-10-29,183700.0,2019,10,29,1,0,0,1,0,1,0,0,1,0,1,0,0,0,0,0,0,0,0,0,0,0,0,1,0,0,0,0,0,0,0,0,1,0,0,0,0,0,0,0,1,0,0,0,1
CUST002105,Wridesh,Raj,23.0,Hyderabad,2021-08-16,52000.0,2021,8,16,0,0,1,1,0,1,0,0,0,0,0,0,1,0,0,0,0,0,0,0,0,0,0,0,0,1,0,0,0,0,0,0,0,0,0,0,0,0,1,0,0,0,1,0,0
CUST002106,Parth,Chaudhari,59.0,Nagpur,2019-02-06,488700.0,2019,2,6,0,1,0,1,0,1,0,0,1,0,0,1,0,0,0,0,0,0,0,0,1,0,0,0,0,0,0,0,0,0,0,0,0,0,0,0,0,0,0,0,1,0,0,0,1
CUST002107,Unnati,Desai,26.0,Amritsar,2019-08-13,37300.0,2019,8,13,0,0,1,0,0,0,0,0,1,0,0,0,1,0,0,0,0,0,0,0,0,0,1,0,0,0,0,0,0,0,0,0,0,0,0,1,0,0,0,0,0,0,1,0,0
CUST002108,Joshua,Sood,46.0,Delhi,2019-09-13,153700.0,2019,9,13,1,0,0,1,0,1,0,0,0,1,1,0,0,0,0,1,0,0,0,0,0,0,0,0,0,0,0,0,0,0,0,0,0,0,0,0,1,0,0,1,0,0,0,0,1
CUST002109,Jackson,Chacko,34.0,Ahmedabad,2018-10-11,53600.0,2018,10,11,0,0,1,1,0,1,0,0,0,1,0,0,1,0,0,0,1,0,0,0,0,0,0,0,0,0,0,0,0,0,1,0,0,0,0,0,0,0,0,0,0,0,1,0,0
CUST002110,Meghana,Rege,46.0,Pune,2020-06-22,122900.0,2020,6,22,1,0,0,0,0,1,0,0,1,0,1,0,0,0,0,0,0,0,0,0,1,0,0,0,0,0,0,0,0,0,0,0,0,0,0,1,0,0,0,1,0,0,0,1,0
CUST002111,Lavanya,Gulati,31.0,Bengaluru,2019-02-16,63900.0,2019,2,16,1,0,0,0,0,1,0,0,1,0,1,0,0,0,0,0,0,1,0,0,0,0,0,0,0,0,0,0,0,0,0,0,0,0,0,0,0,0,1,0,0,0,1,0,0
CUST002112,Aahana,Amble,36.0,Warangal,2018-11-11,125300.0,2018,11,11,1,0,0,0,0,1,0,0,0,0,1,0,0,0,0,0,0,0,0,0,0,0,0,0,0,1,0,0,0,1,0,0,0,0,0,0,0,0,0,1,0,0,0,1,0
CUST002113,Daniel,Venkatesh,39.0,Delhi,2020-02-25,185100.0,2020,2,25,1,0,0,1,0,1,0,0,0,1,1,0,0,0,0,1,0,0,0,0,0,0,0,0,0,0,0,0,0,0,0,0,0,0,0,0,1,0,0,1,0,0,0,0,1
CUST002114,Aarini,Prashad,25.0,Chennai,2019-08-17,34600.0,2019,8,17,0,0,1,0,0,0,1,0,0,1,0,0,1,0,0,0,0,0,0,0,0,0,0,0,1,0,0,0,0,0,0,0,0,1,0,0,0,0,0,0,0,0,1,0,0
CUST002115,Ishanvi,Mutti,48.0,Nagpur,2020-06-29,65800.0,2020,6,29,1,0,0,0,0,0,1,0,0,0,1,0,0,0,0,0,0,0,0,0,1,0,0,0,0,0,0,0,0,0,0,0,0,0,0,0,1,0,0,1,0,0,1,0,0
CUST002116,Samarth,Pathak,31.0,Kolkata,2021-02-23,141800.0,2021,2,23,1,0,0,1,0,0,0,0,0,0,1,0,0,0,0,0,0,0,0,0,0,0,0,0,0,0,0,1,0,1,0,0,0,0,0,0,0,0,0,0,0,0,0,0,1
CUST002117,Damyanti,Dubey,35.0,Ahmedabad,2019-11-13,75700.0,2019,11,13,0,0,1,0,0,0,1,0,0,1,0,0,1,0,0,0,1,0,0,0,0,0,0,0,0,0,0,0,0,0,0,0,0,0,0,1,0,0,0,0,0,0,0,1,0
CUST002118,Tanay,Kulkarni,25.0,Mumbai,2021-01-13,28400.0,2021,1,13,0,0,0,1,0,0,0,0,1,0,0,0,0,0,0,0,0,0,0,0,1,0,0,0,0,0,0,0,0,0,0,0,0,1,0,0,0,0,0,0,0,0,1,0,0
CUST002119,Leena,Wason,18.0,Bhopal,2026-07-11,12700.0,2026,7,11,0,0,0,0,0,0,1,0,0,0,0,0,0,0,0,0,0,0,0,1,0,0,0,0,0,0,0,0,0,0,0,0,0,0,0,0,0,1,0,0,0,0,0,0,0
CUST002120,Siddharth,Pau,36.0,Delhi,2019-01-03,126200.0,2019,1,3,1,0,0,1,0,1,0,0,0,0,1,0,0,0,0,1,0,0,0,0,0,0,0,0,0,0,0,0,0,0,0,0,0,0,0,0,1,0,0,1,0,0,0,1,0
CUST002121,Manya,Ranganathan,69.0,Delhi,2021-05-14,54500.0,2021,5,14,0,0,1,0,0,1,0,0,0,0,0,0,1,0,0,1,0,0,0,0,0,0,0,0,0,0,0,0,0,0,0,0,0,0,1,0,0,0,0,0,0,1,1,0,0
CUST002122,Harsh,Sachdev,48.0,Ahmedabad,2021-07-14,32400.0,2021,7,14,0,0,1,1,0,1,0,0,0,0,0,0,1,0,0,0,1,0,0,0,0,0,0,0,0,0,0,0,0,0,0,0,0,1,0,0,0,0,0,1,0,0,1,0,0
CUST002123,Warhi,Gola,38.0,Chennai,2019-10-22,32000.0,2019,10,22,0,0,1,0,0,0,1,0,1,0,0,0,1,0,0,0,0,0,0,0,0,0,0,0,1,0,0,0,0,0,0,0,0,0,1,0,0,0,0,1,0,0,1,0,0
CUST002124,Qasim,Sule,35.0,Chennai,2020-08-18,89800.0,2020,8,18,0,0,1,1,0,1,0,0,1,0,0,0,1,0,0,0,0,0,0,0,0,0,0,0,1,0,0,0,0,0,1,0,0,0,0,0,0,0,0,0,0,0,0,1,0
CUST002125,Lajita,Mohanty,38.0,Pune,2020-05-15,18500.0,2020,5,15,0,0,1,0,0,1,0,0,1,0,0,0,1,0,0,0,0,0,0,0,1,0,0,0,0,0,0,0,0,0,0,1,0,0,0,0,0,0,0,1,0,0,0,0,0
CUST002126,Pooja,Rao,45.0,Lucknow,2020-05-29,209000.0,2020,5,29,1,0,0,0,0,1,0,0,0,0,1,0,0,0,0,0,0,0,0,0,0,0,0,0,0,0,1,0,0,0,0,0,0,1,0,0,0,0,0,1,0,0,0,0,1
CUST002127,Ekapad,Dani,23.0,Kolkata,2021-08-16,53000.0,2021,8,16,0,0,1,1,0,0,1,0,1,0,0,0,1,0,0,0,0,0,0,0,0,0,0,0,0,0,0,1,0,0,0,0,0,0,0,0,0,0,1,0,0,0,1,0,0
CUST002128,Jyoti,Sekhon,52.0,Pune,2021-08-12,65800.0,2021,8,12,0,0,1,0,0,1,0,0,0,1,0,0,1,0,0,0,0,0,0,0,1,0,0,0,0,0,0,0,0,0,0,0,0,0,0,0,1,0,0,0,1,0,1,0,0
CUST002129,Neel,Chaudhry,47.0,Hyderabad,2018-12-06,318400.0,2018,12,6,0,1,0,0,1,1,0,0,1,0,0,1,0,0,0,0,0,0,0,0,0,0,0,0,0,1,0,0,0,0,0,0,0,0,0,0,0,0,0,1,0,0,0,0,1
CUST002130,Hredhaan,Trivedi,47.0,Lucknow,2020-12-21,92100.0,2020,12,21,0,0,1,1,0,0,1,0,1,0,0,0,1,0,0,0,0,0,0,0,0,0,0,0,0,0,1,0,0,1,0,0,0,0,0,0,0,0,0,1,0,0,0,1,0
CUST002131,Sai,Nigam,44.0,Kolkata,2020-05-06,156500.0,2020,5,6,1,0,0,1,0,1,0,0,1,0,1,0,0,0,0,0,0,0,0,0,0,0,0,0,0,0,0,1,0,0,0,0,1,0,0,0,0,0,0,1,0,0,0,0,1
CUST002132,Ati,Dyal,38.0,Pune,2018-09-16,154500.0,2018,9,16,1,0,0,1,0,1,0,0,1,0,1,0,0,0,0,0,0,0,0,0,1,0,0,0,0,0,0,0,0,0,0,0,0,0,0,0,1,0,0,1,0,0,0,0,1
CUST002133,Robert,Ahluwalia,47.0,Hyderabad,2019-02-22,91000.0,2019,2,22,1,0,0,1,0,0,0,0,0,1,1,0,0,0,0,0,0,0,0,0,0,0,0,0,0,1,0,0,0,0,1,0,0,0,0,0,0,0,0,1,0,0,0,1,0
CUST002134,Chakradev,Dhillon,46.0,Delhi,2021-04-20,221000.0,2021,4,20,1,0,0,1,0,1,0,0,0,0,1,0,0,0,0,1,0,0,0,0,0,0,0,0,0,0,0,0,0,0,0,0,1,0,0,0,0,0,0,1,0,0,0,0,1
CUST002135,Warinder,Saran,33.0,Chennai,2020-02-06,34800.0,2020,2,6,0,0,1,1,0,1,0,0,0,1,0,0,1,0,0,0,0,0,0,0,0,0,0,0,1,0,0,0,0,0,0,0,0,1,0,0,0,0,0,0,0,0,1,0,0
CUST002136,Chaitanya,Bhatt,31.0,Varanasi,2019-06-08,168100.0,2019,6,8,1,0,0,1,0,1,0,0,0,0,1,0,0,0,0,0,0,0,0,0,0,0,0,0,0,0,1,0,0,1,0,0,0,0,0,0,0,0,0,0,0,0,0,0,1
CUST002137,Karan,Kapadia,39.0,Warangal,2019-07-13,53500.0,2019,7,13,0,0,1,1,0,1,0,0,0,1,0,0,1,0,0,0,0,0,0,0,0,0,0,0,0,1,0,0,0,0,1,0,0,0,0,0,0,0,0,1,0,0,1,0,0
CUST002138,Qasim,Buch,58.0,Warangal,2019-05-06,65800.0,2019,5,6,1,0,0,1,0,1,0,0,1,0,1,0,0,0,0,0,0,0,0,0,0,0,0,0,0,1,0,0,0,0,0,0,0,0,0,0,0,0,1,0,1,0,1,0,0
CUST002139,Anjali,Rajagopalan,22.0,Patna,2022-08-17,11100.0,2022,8,17,0,0,0,0,0,0,1,0,0,0,0,0,0,1,0,0,0,0,0,0,0,0,0,0,0,0,0,0,0,0,0,0,0,0,0,0,0,1,0,0,0,0,0,0,0
CUST002140,Suhani,Verma,19.0,Kolkata,2025-08-16,6000.0,2025,8,16,0,0,0,0,0,1,0,0,0,0,0,0,0,0,0,0,0,0,0,0,0,0,0,0,0,0,0,1,0,0,0,0,0,0,0,0,0,1,0,0,0,0,0,0,0
CUST002141,Luke,Bhandari,40.0,Kolkata,2020-03-25,13500.0,2020,3,25,0,0,0,1,0,1,0,0,1,0,0,0,0,0,0,0,0,0,0,0,0,0,0,0,0,0,0,1,0,0,0,0,0,0,0,0,0,1,0,1,0,0,0,0,0
CUST002142,Harita,Talwar,39.0,Bengaluru,2019-09-06,306000.0,2019,9,6,0,1,0,0,0,0,1,0,0,0,0,1,0,0,0,0,0,1,0,0,0,0,0,0,0,0,0,0,1,0,0,0,0,0,0,0,0,0,0,1,0,0,0,0,1
CUST002143,Urvashi,Anne,40.0,Kolkata,2019-10-19,97900.0,2019,10,19,1,0,0,0,0,1,0,0,0,0,1,0,0,0,0,0,0,0,0,0,0,0,0,0,0,0,0,1,0,0,0,0,1,0,0,0,0,0,0,1,0,0,0,1,0
CUST002144,Isha,Vasa,41.0,Kolkata,2021-05-31,67400.0,2021,5,31,0,0,1,0,0,1,0,0,0,0,0,0,1,0,0,0,0,0,0,0,0,0,0,0,0,0,0,1,0,0,0,0,0,0,0,1,0,0,0,1,0,0,0,1,0
CUST002145,Luke,Hayer,35.0,Hyderabad,2021-06-06,418900.0,2021,6,6,1,0,0,1,0,0,1,0,0,1,1,0,0,0,0,0,0,0,0,0,0,0,0,0,0,1,0,0,0,0,0,0,0,0,0,0,0,0,0,0,0,0,0,0,1
CUST002146,Anay,Uppal,57.0,Ludhiana,2018-09-24,14200.0,2018,9,24,0,0,1,1,0,1,0,0,1,0,0,0,1,0,0,0,0,0,0,0,0,0,1,0,0,0,0,0,0,0,0,0,0,0,0,0,0,1,0,0,1,0,0,0,0
CUST002147,Yauvani,Kata,18.0,Indore,2026-07-11,18700.0,2026,7,11,0,0,0,0,0,0,1,0,1,0,0,0,0,0,0,0,0,0,0,1,0,0,0,0,0,0,0,0,0,0,0,0,0,1,0,0,0,0,0,0,0,0,0,0,0
CUST002148,Hamsini,Banik,27.0,Vadodara,2020-09-28,11900.0,2020,9,28,0,0,0,0,0,0,0,0,0,0,0,0,0,0,0,0,1,0,0,0,0,0,0,0,0,0,0,0,0,0,0,0,0,0,0,0,0,1,0,0,0,0,0,0,0
CUST002149,Radha,Khare,37.0,Coimbatore,2019-04-28,208200.0,2019,4,28,1,0,0,0,0,0,1,0,0,0,1,0,0,0,0,0,0,0,0,0,0,0,0,0,1,0,0,0,0,0,0,0,0,0,0,0,1,0,0,1,0,0,0,0,1
CUST002150,Aachal,Dugar,18.0,Chennai,2026-07-11,48000.0,2026,7,11,0,0,0,0,0,0,1,0,1,0,0,0,0,0,0,0,0,0,0,0,0,0,0,0,1,0,0,0,0,0,0,0,0,0,0,1,0,0,0,0,0,0,1,0,0
CUST002151,Caleb,Majumdar,36.0,Delhi,2021-01-29,91600.0,2021,1,29,0,0,1,1,0,1,0,0,1,0,0,0,1,0,0,1,0,0,0,0,0,0,0,0,0,0,0,0,0,1,0,0,0,0,0,0,0,0,0,1,0,0,0,1,0
CUST002152,Sudiksha,Pandit,60.0,Bengaluru,2020-03-22,162400.0,2020,3,22,1,0,0,0,0,1,0,0,0,1,1,0,0,0,0,0,0,1,0,0,0,0,0,0,0,0,0,0,0,0,0,0,0,0,0,0,0,0,0,0,1,0,0,0,1
CUST002153,Rudra,Ravi,38.0,Udaipur,2019-12-02,48800.0,2019,12,2,0,0,1,1,0,1,0,0,1,0,0,0,1,0,0,0,0,0,0,0,0,0,0,1,0,0,0,0,0,0,1,0,0,0,0,0,0,0,0,1,0,0,1,0,0
CUST002154,Harish,Vasa,41.0,Chennai,2020-04-07,150700.0,2020,4,7,1,0,0,1,0,1,0,0,0,0,1,0,0,0,0,0,0,0,0,0,0,0,0,0,1,0,0,0,0,0,0,0,1,0,0,0,0,0,0,1,0,0,0,0,1
CUST002155,Advika,Biswas,38.0,Indore,2022-08-17,33100.0,2022,8,17,0,0,0,0,0,0,1,0,1,0,0,0,0,0,0,0,0,0,0,1,0,0,0,0,0,0,0,0,0,0,0,0,0,0,0,1,0,0,0,1,0,0,1,0,0
CUST002156,Chakradev,Mane,30.0,Pune,2020-10-08,33000.0,2020,10,8,0,0,0,1,0,1,0,0,1,0,0,0,0,0,0,0,0,0,0,0,1,0,0,0,0,0,0,0,0,0,0,0,0,1,0,0,0,0,0,0,0,0,1,0,0
CUST002157,Owen,Palan,33.0,Chennai,2019-08-23,54900.0,2019,8,23,0,0,1,1,0,0,0,0,1,0,0,0,1,0,0,0,0,0,0,0,0,0,0,0,1,0,0,0,0,0,1,0,0,0,0,0,0,0,0,0,0,0,1,0,0
CUST002158,Manya,Kara,34.0,Ahmedabad,2021-04-15,133400.0,2021,4,15,0,0,1,0,0,1,0,0,1,0,0,0,1,0,0,0,1,0,0,0,0,0,0,0,0,0,0,0,0,0,0,0,1,0,0,0,0,0,0,0,0,0,0,0,1
CUST002159,Gunbir,Sha,55.0,Chennai,2020-06-12,191200.0,2020,6,12,0,1,0,1,0,0,0,1,1,0,0,1,0,0,0,0,0,0,0,0,0,0,0,0,1,0,0,0,0,0,0,0,0,0,0,0,0,0,0,0,1,0,0,0,1
CUST002160,Tamanna,Agrawal,45.0,Indore,2019-05-27,63400.0,2019,5,27,0,0,1,0,0,1,0,0,0,1,0,0,1,0,0,0,0,0,0,1,0,0,0,0,0,0,0,0,0,0,0,0,0,0,0,0,0,0,1,1,0,0,1,0,0
CUST002161,Advika,Gill,24.0,Ludhiana,2020-12-13,83700.0,2020,12,13,0,0,1,0,1,0,1,0,0,0,0,0,1,0,0,0,0,0,0,0,0,0,1,0,0,0,0,0,0,0,0,0,0,0,0,1,0,0,0,0,0,0,0,1,0
CUST002162,Tanvi,Toor,41.0,Pune,2019-11-09,9200.0,2019,11,9,0,0,0,0,0,1,0,0,1,0,0,0,0,0,0,0,0,0,0,0,1,0,0,0,0,0,0,0,0,0,0,0,0,0,0,0,0,1,0,1,0,0,0,0,0
CUST002163,Chatresh,Bora,44.0,Pune,2021-03-01,74200.0,2021,3,1,0,0,1,1,0,1,0,0,1,0,0,0,1,0,0,0,0,0,0,0,1,0,0,0,0,0,0,0,0,0,0,0,0,0,0,0,0,0,1,1,0,0,0,1,0
CUST002164,Zayan,Menon,53.0,Pune,2021-04-26,238400.0,2021,4,26,1,0,0,1,0,1,0,0,1,0,1,0,0,0,0,0,0,0,0,0,1,0,0,0,0,0,0,0,0,0,0,0,0,0,0,0,0,0,0,0,1,0,0,0,1
CUST002165,Onkar,Dada,59.0,Ahmedabad,2020-01-21,92500.0,2020,1,21,1,0,0,1,0,1,0,0,0,1,1,0,0,0,0,0,1,0,0,0,0,0,0,0,0,0,0,0,0,0,1,0,0,0,0,0,0,0,0,0,1,0,0,1,0
CUST002166,Kabir,Yogi,25.0,Hyderabad,2019-08-17,247400.0,2019,8,17,0,1,0,1,0,0,0,0,1,0,0,1,0,0,0,0,0,0,0,0,0,0,0,0,0,1,0,0,1,0,0,0,0,0,0,0,0,0,0,0,0,0,0,0,1
CUST002167,Jeremiah,Savant,27.0,Surat,2021-04-14,27100.0,2021,4,14,0,0,0,1,0,1,0,0,1,0,0,0,0,0,0,0,1,0,0,0,0,0,0,0,0,0,0,0,0,0,0,0,0,1,0,0,0,0,0,0,0,0,1,0,0
CUST002168,Saanvi,Sule,22.0,Hyderabad,2022-08-17,8800.0,2022,8,17,0,0,0,0,0,0,1,0,0,0,0,0,0,0,0,0,0,0,0,0,0,0,0,0,0,1,0,0,0,0,0,0,0,0,0,0,0,1,0,0,0,0,0,0,0
CUST002169,Jairaj,Nori,35.0,Kolkata,2020-12-12,27700.0,2020,12,12,0,0,0,1,0,0,1,0,0,0,0,0,0,0,0,0,0,0,0,0,0,0,0,0,0,0,0,1,0,0,0,0,0,1,0,0,0,0,0,0,0,0,1,0,0
CUST002170,Vasudha,Sharma,44.0,Udaipur,2021-04-07,60800.0,2021,4,7,0,0,1,0,0,1,0,0,1,0,0,0,1,0,0,0,0,0,0,0,0,0,0,1,0,0,0,0,0,0,0,0,0,0,0,1,0,0,0,1,0,0,1,0,0
CUST002171,Akshay,Subramaniam,51.0,Madurai,2021-01-06,143000.0,2021,1,6,1,0,0,1,0,0,0,1,1,0,1,0,0,0,0,0,0,0,0,0,0,0,0,0,1,0,0,0,0,0,0,0,0,0,0,0,0,0,0,0,1,0,0,0,1
CUST002172,Devika,Kuruvilla,37.0,Madurai,2021-02-11,236300.0,2021,2,11,1,0,0,0,0,1,0,0,0,1,1,0,0,0,0,0,0,0,0,0,0,0,0,0,1,0,0,0,0,0,0,0,0,0,0,0,0,0,0,1,0,0,0,0,1
CUST002173,Bhavna,Raja,34.0,Pune,2021-05-09,55500.0,2021,5,9,0,0,1,0,0,1,0,0,1,0,0,0,1,0,0,0,0,0,0,0,1,0,0,0,0,0,0,0,0,0,0,0,0,0,0,0,0,0,1,0,0,0,1,0,0
CUST002174,Imaran,Karpe,40.0,Hyderabad,2019-03-26,121700.0,2019,3,26,1,0,0,1,0,1,0,0,0,1,1,0,0,0,0,0,0,0,0,0,0,0,0,0,0,1,0,0,0,1,0,0,0,0,0,0,0,0,0,1,0,0,0,1,0
CUST002175,Nakul,Sachar,27.0,Madurai,2020-02-20,137100.0,2020,2,20,1,0,0,1,0,0,1,0,0,1,1,0,0,0,0,0,0,0,0,0,0,0,0,0,1,0,0,0,0,0,0,0,0,0,0,0,0,0,0,0,0,0,0,0,1
CUST002176,Qushi,Varty,65.0,Chennai,2020-06-17,14300.0,2020,6,17,0,0,0,0,0,1,0,0,1,0,0,0,0,0,0,0,0,0,0,0,0,0,0,0,1,0,0,0,0,0,0,1,0,0,0,0,0,0,0,0,1,0,0,0,0
CUST002177,Aarna,Lall,18.0,Patna,2026-07-11,29600.0,2026,7,11,0,0,0,0,0,0,1,0,0,1,0,0,0,1,0,0,0,0,0,0,0,0,0,0,0,0,0,0,0,0,0,0,0,1,0,0,0,0,0,0,0,0,1,0,0
CUST002178,Kritika,Mani,40.0,Patna,2020-07-06,233300.0,2020,7,6,1,0,0,0,0,1,0,0,0,0,1,0,0,1,0,0,0,0,0,0,0,0,0,0,0,0,0,0,0,0,0,0,0,0,0,0,0,0,0,1,0,0,0,0,1
CUST002179,Chakradhar,Rastogi,64.0,Kanpur,2021-02-14,53400.0,2021,2,14,0,0,1,1,0,1,0,0,1,0,0,0,1,0,0,0,0,0,0,0,0,0,0,0,0,0,1,0,0,0,0,0,0,0,1,0,0,0,0,0,1,0,1,0,0
CUST002180,Onveer,Borra,38.0,Hyderabad,2020-10-20,121300.0,2020,10,20,0,0,1,1,0,1,0,0,0,1,0,0,1,0,0,0,0,0,0,0,0,0,0,0,0,1,0,0,0,1,0,0,0,0,0,0,0,0,0,1,0,0,0,1,0
CUST002181,Hemal,Soni,36.0,Ahmedabad,2020-11-27,102700.0,2020,11,27,0,0,1,0,0,1,0,0,0,0,0,0,1,0,0,0,1,0,0,0,0,0,0,0,0,0,0,0,0,0,0,0,1,0,0,0,0,0,0,1,0,0,0,1,0
CUST002182,Nirja,Pandya,33.0,Hyderabad,2020-02-17,108000.0,2020,2,17,1,0,0,0,0,0,1,0,0,1,1,0,0,0,0,0,0,0,0,0,0,0,0,0,0,1,0,0,0,0,0,0,0,0,0,1,0,0,0,0,0,0,0,1,0
CUST002183,Ikbal,Luthra,36.0,Delhi,2020-10-01,63100.0,2020,10,1,0,0,1,1,0,1,0,0,0,1,0,0,1,0,0,1,0,0,0,0,0,0,0,0,0,0,0,0,0,0,1,0,0,0,0,0,0,0,0,1,0,0,1,0,0
CUST002184,Hemani,Gupta,56.0,Mysuru,2020-01-29,69900.0,2020,1,29,0,0,1,0,0,0,0,0,1,0,0,0,1,0,0,0,0,1,0,0,0,0,0,0,0,0,0,0,0,0,1,0,0,0,0,0,0,0,0,0,1,0,0,1,0
CUST002185,Zaid,Iyengar,18.0,Mumbai,2026-07-11,12600.0,2026,7,11,0,0,0,1,0,0,1,0,0,0,0,0,0,0,0,0,0,0,0,0,1,0,0,0,0,0,0,0,0,0,0,0,0,0,0,0,0,1,0,0,0,0,0,0,0
CUST002186,Jacob,Khurana,58.0,Bengaluru,2019-04-18,86000.0,2019,4,18,1,0,0,1,0,0,0,0,1,0,1,0,0,0,0,0,0,1,0,0,0,0,0,0,0,0,0,0,0,0,1,0,0,0,0,0,0,0,0,0,1,0,0,1,0
CUST002187,Kevin,Jhaveri,19.0,Chennai,2025-08-16,12900.0,2025,8,16,0,0,0,1,0,1,0,0,0,0,0,0,0,0,0,0,0,0,0,0,0,0,0,0,1,0,0,0,0,0,0,0,0,0,0,0,0,1,0,0,0,0,0,0,0
CUST002188,Ishwar,Jain,35.0,Bhubaneswar,2021-01-03,88700.0,2021,1,3,0,0,1,1,0,0,1,0,1,0,0,0,1,0,0,0,0,0,0,0,0,1,0,0,0,0,0,0,0,0,0,0,0,0,0,1,0,0,0,0,0,0,0,1,0
CUST002189,Kritika,Parekh,32.0,Bengaluru,2021-04-11,153700.0,2021,4,11,1,0,0,0,0,0,1,0,1,0,1,0,0,0,0,0,0,1,0,0,0,0,0,0,0,0,0,0,0,1,0,0,0,0,0,0,0,0,0,0,0,0,0,0,1
CUST002190,Faras,Chhabra,46.0,Patna,2019-12-31,94900.0,2019,12,31,1,0,0,1,0,1,0,0,0,0,1,0,0,1,0,0,0,0,0,0,0,0,0,0,0,0,0,0,0,0,0,0,0,0,0,1,0,0,0,1,0,0,0,1,0
CUST002191,Darpan,Brar,18.0,Delhi,2026-07-11,18700.0,2026,7,11,0,0,0,1,0,0,1,0,0,0,0,0,0,0,0,1,0,0,0,0,0,0,0,0,0,0,0,0,0,0,0,0,0,0,0,0,0,0,0,0,0,0,0,0,0
CUST002192,Xiti,Ahuja,38.0,Delhi,2021-05-15,60500.0,2021,5,15,0,0,1,0,0,1,0,0,1,0,0,0,1,0,0,1,0,0,0,0,0,0,0,0,0,0,0,0,0,0,1,0,0,0,0,0,0,0,0,1,0,0,1,0,0
CUST002193,Anvi,Subramaniam,64.0,Chennai,2020-01-17,38500.0,2020,1,17,0,0,1,1,0,1,0,0,0,0,0,0,1,0,0,0,0,0,0,0,0,0,0,0,1,0,0,0,0,0,0,0,0,0,1,0,0,0,0,0,1,0,1,0,0
CUST002194,Ria,Murty,20.0,Ahmedabad,2024-08-16,6400.0,2024,8,16,0,0,0,0,0,0,1,0,0,0,0,0,0,0,0,0,1,0,0,0,0,0,0,0,0,0,0,0,0,0,0,0,0,0,0,0,0,1,0,0,0,0,0,0,0
CUST002195,Xiti,Maharaj,40.0,Mumbai,2019-05-11,93500.0,2019,5,11,1,0,0,0,0,0,1,0,0,0,1,0,0,0,0,0,0,0,0,0,1,0,0,0,0,0,0,0,0,0,0,0,0,0,0,1,0,0,0,1,0,0,0,1,0
CUST002196,Yatan,Goswami,38.0,Delhi,2020-09-06,103800.0,2020,9,6,0,0,1,1,0,0,0,0,0,0,0,0,1,0,0,1,0,0,0,0,0,0,0,0,0,0,0,0,0,0,0,0,1,0,0,0,0,0,0,1,0,0,0,1,0
CUST002197,Yashodhara,Mammen,44.0,Chennai,2018-09-09,185100.0,2018,9,9,0,1,0,0,0,1,0,0,0,0,0,1,0,0,0,0,0,0,0,0,0,0,0,0,1,0,0,0,0,0,0,0,1,0,0,0,0,0,0,1,0,0,0,0,1
CUST002198,Sneha,Kapadia,38.0,Bengaluru,2019-05-08,51100.0,2019,5,8,0,0,1,0,0,1,0,0,1,0,0,0,1,0,0,0,0,1,0,0,0,0,0,0,0,0,0,0,0,0,1,0,0,0,0,0,0,0,0,1,0,0,1,0,0
CUST002199,Eesha,Bhagat,30.0,Ahmedabad,2021-06-14,81000.0,2021,6,14,0,0,1,0,0,0,1,0,0,1,0,0,1,0,0,0,1,0,0,0,0,0,0,0,0,0,0,0,0,0,0,0,1,0,0,0,0,0,0,0,0,0,0,1,0
CUST002200,Siddharth,Sridhar,44.0,Chennai,2020-02-06,65100.0,2020,2,6,0,0,1,1,0,1,0,0,1,0,0,0,1,0,0,0,0,0,0,0,0,0,0,0,1,0,0,0,0,0,1,0,0,0,0,0,0,0,0,1,0,0,1,0,0
CUST002201,Amol,Thakkar,61.0,Nagpur,2019-12-09,48000.0,2019,12,9,0,0,1,1,0,1,0,0,0,1,0,0,1,0,0,0,0,0,0,0,1,0,0,0,0,0,0,0,0,0,0,0,0,0,1,0,0,0,0,0,1,0,1,0,0
CUST002202,Prisha,Ramesh,38.0,Patna,2019-07-16,79200.0,2019,7,16,1,0,0,0,0,0,0,1,1,0,1,0,0,1,0,0,0,0,0,0,0,0,0,0,0,0,0,0,0,0,0,0,0,0,0,0,1,0,0,1,0,0,0,1,0
CUST002203,Gagan,Shankar,47.0,Bengaluru,2020-02-18,129800.0,2020,2,18,1,0,0,1,0,0,1,0,0,0,1,0,0,0,0,0,0,1,0,0,0,0,0,0,0,0,0,0,0,0,0,0,0,0,0,0,1,0,0,1,0,0,0,1,0
CUST002204,Dipta,Vasa,21.0,Surat,2023-08-17,9900.0,2023,8,17,0,0,0,0,0,0,1,0,0,0,0,0,0,0,0,0,1,0,0,0,0,0,0,0,0,0,0,0,0,0,0,0,0,0,0,0,0,1,0,0,0,0,0,0,0
CUST002205,Veda,Mutti,26.0,Udaipur,2020-07-09,94200.0,2020,7,9,0,0,1,0,0,1,0,0,0,0,0,0,1,0,0,0,0,0,0,0,0,0,0,1,0,0,0,0,0,0,0,0,0,0,0,0,0,0,0,0,0,0,0,1,0
CUST002206,Aarna,Arora,38.0,Bhubaneswar,2020-10-23,65800.0,2020,10,23,1,0,0,0,0,1,0,0,0,0,1,0,0,0,0,0,0,0,0,0,0,1,0,0,0,0,0,0,0,0,0,0,0,0,0,1,0,0,0,1,0,0,1,0,0
CUST002207,Jagrati,Raghavan,57.0,Chennai,2018-10-14,17700.0,2018,10,14,0,0,1,0,0,1,0,0,1,0,0,0,1,0,0,0,0,0,0,0,0,0,0,0,1,0,0,0,0,0,0,0,0,0,0,0,0,1,0,0,1,0,0,0,0
CUST002208,Daksha,Nanda,43.0,Kolkata,2020-09-02,63100.0,2020,9,2,0,0,1,0,0,0,0,1,0,0,0,0,1,0,0,0,0,0,0,0,0,0,0,0,0,0,0,1,0,0,0,0,0,0,0,1,0,0,0,1,0,0,1,0,0
CUST002209,Pratyush,Lad,34.0,Bengaluru,2021-06-08,24000.0,2021,6,8,0,0,0,1,0,1,0,0,0,0,0,0,0,0,0,0,0,1,0,0,0,0,0,0,0,0,0,0,0,0,0,0,0,1,0,0,0,0,0,0,0,0,0,0,0
CUST002210,Idika,Lall,38.0,Ahmedabad,2021-02-14,284200.0,2021,2,14,1,0,0,0,0,1,0,0,0,0,1,0,0,0,0,0,1,0,0,0,0,0,0,0,0,0,0,0,1,0,0,0,0,0,0,0,0,0,0,1,0,0,0,0,1
CUST002211,Kashish,Luthra,22.0,Chennai,2022-08-17,8600.0,2022,8,17,0,0,0,0,0,0,1,0,0,0,0,0,0,0,0,0,0,0,0,0,0,0,0,0,1,0,0,0,0,0,0,0,0,0,0,0,0,1,0,0,0,0,0,0,0
CUST002212,Warinder,Oza,46.0,Warangal,2019-11-12,138900.0,2019,11,12,1,0,0,1,0,0,0,1,0,0,1,0,0,0,0,0,0,0,0,0,0,0,0,0,0,1,0,0,0,1,0,0,0,0,0,0,0,0,0,1,0,0,0,0,1
CUST002213,Qadim,Gour,38.0,Chandigarh,2019-04-16,109500.0,2019,4,16,1,0,0,1,0,0,0,1,0,0,1,0,0,0,1,0,0,0,0,0,0,0,0,0,0,0,0,0,0,0,0,0,0,0,0,1,0,0,0,1,0,0,0,1,0
CUST002214,Zaid,Samra,32.0,Mumbai,2019-03-14,22600.0,2019,3,14,0,0,1,1,0,1,0,0,0,0,0,0,1,0,0,0,0,0,0,0,1,0,0,0,0,0,0,0,0,0,0,0,0,1,0,0,0,0,0,0,0,0,0,0,0
CUST002215,Jagrati,Saini,32.0,Indore,2019-02-26,36700.0,2019,2,26,0,0,1,0,0,1,0,0,0,1,0,0,1,0,0,0,0,0,0,1,0,0,0,0,0,0,0,0,0,0,0,0,0,0,0,0,0,0,1,0,0,0,1,0,0
CUST002216,Quincy,Patla,41.0,Chandigarh,2019-12-22,91500.0,2019,12,22,0,0,1,1,0,1,0,0,0,0,0,0,1,0,1,0,0,0,0,0,0,0,0,0,0,0,0,0,0,1,0,0,0,0,0,0,0,0,0,1,0,0,0,1,0
CUST002217,Suhani,Mammen,32.0,Chennai,2021-02-03,186300.0,2021,2,3,1,0,0,0,0,1,0,0,1,0,1,0,0,0,0,0,0,0,0,0,0,0,0,0,1,0,0,0,0,0,0,0,0,0,0,0,1,0,0,0,0,0,0,0,1
CUST002218,Umang,Gole,37.0,Chennai,2021-03-07,38500.0,2021,3,7,0,0,1,1,0,0,1,0,1,0,0,0,1,0,0,0,0,0,0,0,0,0,0,0,1,0,0,0,0,0,0,0,0,1,0,0,0,0,0,1,0,0,1,0,0
CUST002219,Dominic,Karnik,65.0,Hyderabad,2019-11-26,161200.0,2019,11,26,1,0,0,1,0,1,0,0,0,1,1,0,0,0,0,0,0,0,0,0,0,0,0,0,0,1,0,0,0,0,0,0,0,0,0,0,1,0,0,0,1,0,0,0,1
CUST002220,Daksha,Madan,35.0,Ludhiana,2020-07-11,131400.0,2020,7,11,1,0,0,0,0,1,0,0,1,0,1,0,0,0,0,0,0,0,0,0,0,0,1,0,0,0,0,0,0,0,0,0,1,0,0,0,0,0,0,0,0,0,0,1,0
CUST002221,Jacob,Sankaran,33.0,Pune,2019-12-14,24900.0,2019,12,14,0,0,1,1,0,1,0,0,0,1,0,0,1,0,0,0,0,0,0,0,1,0,0,0,0,0,0,0,0,0,0,0,0,1,0,0,0,0,0,0,0,0,0,0,0
CUST002222,Sai,Hayre,30.0,Kolkata,2020-02-17,230200.0,2020,2,17,0,1,0,0,0,0,1,0,0,1,0,1,0,0,0,0,0,0,0,0,0,0,0,0,0,0,0,1,0,0,0,0,0,0,0,0,1,0,0,0,0,0,0,0,1
CUST002223,Eta,Doctor,48.0,Ahmedabad,2019-10-26,12000.0,2019,10,26,0,0,0,0,0,1,0,0,0,0,0,0,0,0,0,0,1,0,0,0,0,0,0,0,0,0,0,0,0,0,0,0,0,0,0,0,0,1,0,1,0,0,0,0,0
CUST002224,Vritti,Andra,36.0,Thiruvananthapuram,2021-07-12,160500.0,2021,7,12,1,0,0,1,0,1,0,0,0,1,1,0,0,0,0,0,0,0,1,0,0,0,0,0,0,0,0,0,0,0,0,0,1,0,0,0,0,0,0,1,0,0,0,0,1
CUST002225,Gaurang,Sama,30.0,Udaipur,2021-07-11,10400.0,2021,7,11,0,0,0,1,0,0,0,0,0,0,0,0,0,0,0,0,0,0,0,0,0,0,0,1,0,0,0,0,0,0,0,0,0,0,0,0,0,1,0,0,0,0,0,0,0
CUST002226,Yahvi,Desai,55.0,Howrah,2019-06-18,74900.0,2019,6,18,1,0,0,0,0,0,0,0,0,1,1,0,0,0,0,0,0,0,0,0,0,0,0,0,0,0,0,1,0,0,0,0,0,0,0,0,0,0,1,0,1,0,0,1,0
CUST002227,Yauvani,Walla,56.0,Pune,2021-01-17,136300.0,2021,1,17,1,0,0,0,0,1,0,0,0,1,1,0,0,0,0,0,0,0,0,0,1,0,0,0,0,0,0,0,0,1,0,0,0,0,0,0,0,0,0,0,1,0,0,0,1
CUST002228,Nisha,Sur,30.0,Hyderabad,2019-09-02,127800.0,2019,9,2,1,0,0,0,0,1,0,0,1,0,1,0,0,0,0,0,0,0,0,0,0,0,0,0,0,1,0,0,0,1,0,0,0,0,0,0,0,0,0,0,0,0,0,1,0
CUST002229,Mason,Krishna,18.0,Pune,2026-07-11,10800.0,2026,7,11,0,0,0,1,0,0,1,0,0,0,0,0,0,0,0,0,0,0,0,0,1,0,0,0,0,0,0,0,0,0,0,0,0,0,0,0,0,1,0,0,0,0,0,0,0
CUST002230,Arunima,Rao,51.0,Indore,2018-09-05,121200.0,2018,9,5,1,0,0,0,0,1,0,0,0,1,1,0,0,0,0,0,0,0,0,1,0,0,0,0,0,0,0,0,0,0,0,0,1,0,0,0,0,0,0,0,1,0,0,1,0
CUST002231,Chavvi,Gade,29.0,Vadodara,2019-02-13,65000.0,2019,2,13,1,0,0,0,0,0,0,0,0,0,1,0,0,0,0,0,1,0,0,0,0,0,0,0,0,0,0,0,0,0,1,0,0,0,0,0,0,0,0,0,0,0,1,0,0
CUST002232,Bhanumati,Kale,38.0,Jaipur,2020-05-21,205000.0,2020,5,21,1,0,0,0,0,1,0,0,0,0,1,0,0,0,0,0,0,0,0,0,0,0,0,1,0,0,0,0,0,0,0,0,1,0,0,0,0,0,0,1,0,0,0,0,1
CUST002233,Joshua,Soni,18.0,Ahmedabad,2026-07-11,40600.0,2026,7,11,0,0,0,1,0,1,0,0,0,1,0,0,0,0,0,0,1,0,0,0,0,0,0,0,0,0,0,0,0,0,0,0,0,0,0,1,0,0,0,0,0,0,1,0,0
CUST002234,Chanakya,Sengupta,50.0,Chennai,2021-04-10,102100.0,2021,4,10,1,0,0,1,0,1,0,0,1,0,1,0,0,0,0,0,0,0,0,0,0,0,0,0,1,0,0,0,0,0,0,0,0,0,0,1,0,0,0,1,0,0,0,1,0
CUST002235,Oliver,Lad,22.0,Pune,2022-08-17,10600.0,2022,8,17,0,0,0,1,0,0,1,0,1,0,0,0,0,0,0,0,0,0,0,0,1,0,0,0,0,0,0,0,0,0,0,0,0,0,0,0,0,1,0,0,0,0,0,0,0
CUST002236,Pranit,Parsa,47.0,Bengaluru,2019-06-04,15000.0,2019,6,4,0,0,1,1,0,1,0,0,0,0,0,0,1,0,0,0,0,1,0,0,0,0,0,0,0,0,0,0,0,0,0,0,0,0,0,0,0,1,0,1,0,0,0,0,0
CUST002237,Kabir,Padmanabhan,38.0,Pune,2019-10-04,110000.0,2019,10,4,0,0,1,1,0,0,0,0,0,0,0,0,1,0,0,0,0,0,0,0,1,0,0,0,0,0,0,0,0,0,0,0,0,0,0,1,0,0,0,1,0,0,0,1,0
CUST002238,Advaith,Sabharwal,26.0,Surat,2020-03-03,77700.0,2020,3,3,0,0,1,1,0,1,0,0,1,0,0,0,1,0,0,0,1,0,0,0,0,0,0,0,0,0,0,0,0,0,0,0,1,0,0,0,0,0,0,0,0,0,0,1,0
CUST002239,Divya,Panchal,33.0,Nagpur,2021-02-04,107400.0,2021,2,4,0,0,1,0,0,0,0,0,1,0,0,0,1,0,0,0,0,0,0,0,1,0,0,0,0,0,0,0,0,1,0,0,0,0,0,0,0,0,0,0,0,0,0,1,0
CUST002240,Hardik,Yohannan,47.0,Ahmedabad,2019-03-20,213200.0,2019,3,20,0,1,0,1,0,0,0,0,0,1,0,1,0,0,0,0,1,0,0,0,0,0,0,0,0,0,0,0,0,0,0,0,0,0,0,0,1,0,0,1,0,0,0,0,1
CUST002241,Harita,Mane,39.0,Ahmedabad,2020-10-21,54400.0,2020,10,21,0,0,1,0,0,0,1,0,0,0,0,0,1,0,0,0,1,0,0,0,0,0,0,0,0,0,0,0,0,0,0,0,0,0,0,0,0,0,1,1,0,0,1,0,0
CUST002242,Peter,Nair,46.0,Chennai,2019-03-01,65800.0,2019,3,1,1,0,0,1,0,1,0,0,1,0,1,0,0,0,0,0,0,0,0,0,0,0,0,0,1,0,0,0,0,0,0,0,1,0,0,0,0,0,0,1,0,0,1,0,0
CUST002243,Yagnesh,Sekhon,64.0,Pune,2019-10-16,18200.0,2019,10,16,0,0,1,1,0,1,0,0,0,1,0,0,1,0,0,0,0,0,0,0,1,0,0,0,0,0,0,0,0,0,0,1,0,0,0,0,0,0,0,0,1,0,0,0,0
CUST002244,Balveer,Raj,18.0,Bengaluru,2026-07-11,65800.0,2026,7,11,0,0,0,1,0,0,1,0,0,0,0,0,0,0,0,0,0,1,0,0,0,0,0,0,0,0,0,0,0,0,0,0,0,1,0,0,0,0,0,0,0,0,1,0,0
CUST002245,Luke,Sheth,38.0,Bengaluru,2021-07-03,31200.0,2021,7,3,0,0,0,1,0,0,1,0,0,1,0,0,0,0,0,0,0,1,0,0,0,0,0,0,0,0,0,0,0,0,0,0,0,1,0,0,0,0,0,1,0,0,1,0,0
CUST002246,Eta,Ganesh,39.0,Ahmedabad,2020-12-05,31300.0,2020,12,5,0,0,1,0,0,0,0,1,1,0,0,0,1,0,0,0,1,0,0,0,0,0,0,0,0,0,0,0,0,0,0,0,0,1,0,0,0,0,0,1,0,0,1,0,0
CUST002247,Pahal,Sama,26.0,Pune,2018-12-16,31500.0,2018,12,16,0,0,1,0,0,1,0,0,0,0,0,0,1,0,0,0,0,0,0,0,1,0,0,0,0,0,0,0,0,0,0,0,0,1,0,0,0,0,0,0,0,0,1,0,0
CUST002248,Samaksh,Bora,21.0,Kanpur,2023-08-17,16800.0,2023,8,17,0,0,0,1,0,0,1,0,0,0,0,0,0,0,0,0,0,0,0,0,0,0,0,0,0,0,1,0,0,0,0,0,0,1,0,0,0,0,0,0,0,0,0,0,0
CUST002249,Balveer,Edwin,36.0,Jaipur,2019-11-25,75800.0,2019,11,25,1,0,0,1,0,1,0,0,0,0,1,0,0,0,0,0,0,0,0,0,0,0,0,1,0,0,0,0,0,0,1,0,0,0,0,0,0,0,0,1,0,0,0,1,0
CUST002250,Onveer,Kari,50.0,Delhi,2020-03-23,12000.0,2020,3,23,0,0,0,1,0,0,1,0,0,0,0,0,0,0,0,1,0,0,0,0,0,0,0,0,0,0,0,0,0,0,0,0,0,0,0,0,0,1,0,1,0,0,0,0,0
CUST002251,Nirja,Nadig,36.0,Ahmedabad,2019-09-07,12600.0,2019,9,7,0,0,0,0,0,1,0,0,1,0,0,0,0,0,0,0,1,0,0,0,0,0,0,0,0,0,0,0,0,0,0,1,0,0,0,0,0,0,0,1,0,0,0,0,0
CUST002252,Mugdha,Loke,58.0,Ahmedabad,2020-03-23,41500.0,2020,3,23,0,0,1,0,0,0,0,0,0,1,0,0,1,0,0,0,1,0,0,0,0,0,0,0,0,0,0,0,0,0,0,0,0,1,0,0,0,0,0,0,1,0,1,0,0
CUST002253,Siya,Madan,19.0,Vadodara,2025-08-16,8100.0,2025,8,16,0,0,0,0,0,1,0,0,0,0,0,0,0,0,0,0,1,0,0,0,0,0,0,0,0,0,0,0,0,0,0,0,0,0,0,0,0,1,0,0,0,0,0,0,0
CUST002254,Vamakshi,Patil,38.0,Delhi,2020-09-13,71900.0,2020,9,13,0,0,1,0,0,1,0,0,0,1,0,0,1,0,0,1,0,0,0,0,0,0,0,0,0,0,0,0,0,0,1,0,0,0,0,0,0,0,0,1,0,0,0,1,0
CUST002255,Yoshita,Seshadri,38.0,Nagpur,2022-08-17,12400.0,2022,8,17,0,0,0,0,0,0,1,0,0,0,0,0,0,0,0,0,0,0,0,0,1,0,0,0,0,0,0,0,0,0,0,0,0,0,0,0,0,1,0,1,0,0,0,0,0
CUST002256,Samuel,Ganesh,43.0,Delhi,2019-07-09,171100.0,2019,7,9,1,0,0,1,0,1,0,0,0,0,1,0,0,0,0,1,0,0,0,0,0,0,0,0,0,0,0,0,0,0,0,0,1,0,0,0,0,0,0,1,0,0,0,0,1
CUST002257,George,Bajaj,50.0,Hyderabad,2020-08-20,68100.0,2020,8,20,0,0,1,1,0,1,0,0,0,1,0,0,1,0,0,0,0,0,0,0,0,0,0,0,0,1,0,0,0,0,0,0,0,0,0,1,0,0,0,1,0,0,0,1,0
CUST002258,Edhitha,Keer,33.0,Jodhpur,2019-02-18,41900.0,2019,2,18,0,0,1,0,0,0,1,0,0,1,0,0,1,0,0,0,0,0,0,0,0,0,0,1,0,0,0,0,0,0,0,0,0,0,0,1,0,0,0,0,0,0,1,0,0
CUST002259,Ladli,Buch,18.0,Surat,2026-07-11,11600.0,2026,7,11,0,0,0,0,0,0,1,0,1,0,0,0,0,0,0,0,1,0,0,0,0,0,0,0,0,0,0,0,0,0,0,0,0,0,0,0,0,1,0,0,0,0,0,0,0
CUST002260,Jagrati,Ganesan,41.0,Thiruvananthapuram,2021-02-06,187800.0,2021,2,6,1,0,0,0,0,1,0,0,1,0,1,0,0,0,0,0,0,0,1,0,0,0,0,0,0,0,0,0,0,0,0,0,1,0,0,0,0,0,0,1,0,0,0,0,1
CUST002261,Sneha,Chauhan,44.0,Mumbai,2021-05-23,140000.0,2021,5,23,0,0,1,0,0,0,1,0,0,1,0,0,1,0,0,0,0,0,0,0,1,0,0,0,0,0,0,0,0,1,0,0,0,0,0,0,0,0,0,1,0,0,0,0,1
CUST002262,Champak,Bhatt,43.0,Mumbai,2019-07-12,68100.0,2019,7,12,1,0,0,1,0,0,1,0,0,0,1,0,0,0,0,0,0,0,0,0,1,0,0,0,0,0,0,0,0,0,1,0,0,0,0,0,0,0,0,1,0,0,0,1,0
CUST002263,Vritti,Bhagat,54.0,Ahmedabad,2019-01-11,19900.0,2019,1,11,0,0,1,1,0,1,0,0,0,1,0,0,1,0,0,0,1,0,0,0,0,0,0,0,0,0,0,0,0,0,0,0,0,0,0,0,0,1,0,0,1,0,0,0,0
CUST002264,Amara,Ranganathan,24.0,Bengaluru,2020-08-16,62700.0,2020,8,16,0,0,1,0,0,0,1,0,1,0,0,0,1,0,0,0,0,1,0,0,0,0,0,0,0,0,0,0,0,0,0,0,0,0,0,1,0,0,0,0,0,0,1,0,0
CUST002265,Benjamin,Chawla,47.0,Bengaluru,2019-08-29,35000.0,2019,8,29,0,0,1,1,0,1,0,0,1,0,0,0,1,0,0,0,0,1,0,0,0,0,0,0,0,0,0,0,0,0,0,0,0,0,0,0,0,0,0,1,0,0,1,0,0
CUST002266,Lekha,Dugal,54.0,Madurai,2021-03-14,39000.0,2021,3,14,0,0,0,0,0,1,0,0,0,1,0,0,0,0,0,0,0,0,0,0,0,0,0,0,1,0,0,0,0,0,0,0,0,1,0,0,0,0,0,0,1,0,1,0,0
CUST002267,Chaman,Ramakrishnan,18.0,Pune,2026-07-11,14100.0,2026,7,11,0,0,0,0,0,0,1,0,0,0,0,0,0,0,0,0,0,0,0,0,1,0,0,0,0,0,0,0,0,0,0,0,0,0,0,0,0,1,0,0,0,0,0,0,0
CUST002268,Mohammed,Karnik,42.0,Howrah,2020-08-03,158000.0,2020,8,3,1,0,0,1,0,0,0,0,1,0,1,0,0,0,0,0,0,0,0,0,0,0,0,0,0,0,0,1,0,0,0,0,1,0,0,0,0,0,0,1,0,0,0,0,1
CUST002269,Jatin,Mander,31.0,Bengaluru,2019-01-22,13600.0,2019,1,22,0,0,0,1,0,0,1,0,1,0,0,0,0,0,0,0,0,1,0,0,0,0,0,0,0,0,0,0,0,0,0,0,0,0,0,0,0,1,0,0,0,0,0,0,0
CUST002270,Timothy,Date,37.0,Howrah,2018-09-27,34700.0,2018,9,27,0,0,1,1,0,1,0,0,0,1,0,0,1,0,0,0,0,0,0,0,0,0,0,0,0,0,0,1,0,0,0,0,0,1,0,0,0,0,0,1,0,0,1,0,0
CUST002271,Ekaja,Vyas,43.0,Varanasi,2020-11-25,60900.0,2020,11,25,0,0,1,0,0,0,0,1,0,1,0,0,1,0,0,0,0,0,0,0,0,0,0,0,0,0,1,0,0,0,0,0,0,0,0,0,0,0,1,1,0,0,1,0,0
CUST002272,Frederick,Balakrishnan,32.0,Delhi,2019-05-04,125300.0,2019,5,4,1,0,0,1,0,1,0,0,0,0,1,0,0,0,0,1,0,0,0,0,0,0,0,0,0,0,0,0,1,0,0,0,0,0,0,0,0,0,0,0,0,0,0,1,0
CUST002273,Anika,Parikh,29.0,Thiruvananthapuram,2019-11-26,62600.0,2019,11,26,0,0,1,0,0,1,0,0,0,0,0,0,1,0,0,0,0,0,1,0,0,0,0,0,0,0,0,0,0,0,1,0,0,0,0,0,0,0,0,0,0,0,1,0,0
CUST002274,Omaja,Soni,38.0,Coimbatore,2021-07-12,154000.0,2021,7,12,1,0,0,0,0,1,0,0,1,0,1,0,0,0,0,0,0,0,0,0,0,0,0,0,1,0,0,0,0,0,0,0,1,0,0,0,0,0,0,1,0,0,0,0,1
CUST002275,Vivaan,Zachariah,24.0,Kochi,2020-08-16,100400.0,2020,8,16,0,0,1,1,0,0,1,0,0,0,0,0,1,0,0,0,0,0,1,0,0,0,0,0,0,0,0,0,0,1,0,0,0,0,0,0,0,0,0,0,0,0,0,1,0
CUST002276,Madhavi,Saxena,38.0,Delhi,2020-08-16,36500.0,2020,8,16,0,0,1,0,0,0,1,0,0,1,0,0,1,0,0,1,0,0,0,0,0,0,0,0,0,0,0,0,0,0,0,0,0,0,0,1,0,0,0,1,0,0,1,0,0
CUST002277,Krishna,Zacharia,47.0,Kolkata,2020-10-18,74200.0,2020,10,18,0,0,1,0,1,1,0,0,0,0,0,0,1,0,0,0,0,0,0,0,0,0,0,0,0,0,0,1,0,0,0,0,0,0,0,0,0,0,1,1,0,0,0,1,0
CUST002278,Gaurang,Shan,23.0,Hyderabad,2021-08-16,20900.0,2021,8,16,0,0,1,1,0,0,1,0,1,0,0,0,1,0,0,0,0,0,0,0,0,0,0,0,0,1,0,0,0,0,0,0,0,1,0,0,0,0,0,0,0,0,0,0,0
CUST002279,Teerth,Viswanathan,47.0,Udaipur,2020-11-30,183200.0,2020,11,30,1,0,0,1,0,1,0,0,1,0,1,0,0,0,0,0,0,0,0,0,0,0,0,1,0,0,0,0,0,0,0,0,1,0,0,0,0,0,0,1,0,0,0,0,1
CUST002280,Nilima,Palan,44.0,Kolkata,2021-05-24,254700.0,2021,5,24,1,0,0,1,0,0,0,0,1,0,1,0,0,0,0,0,0,0,0,0,0,0,0,0,0,0,0,1,0,0,0,0,0,0,0,0,0,0,0,1,0,0,0,0,1
CUST002281,Warda,Zacharia,18.0,Chennai,2026-07-11,14400.0,2026,7,11,0,0,0,0,0,0,1,0,0,0,0,0,0,0,0,0,0,0,0,0,0,0,0,0,1,0,0,0,0,0,0,0,0,0,0,0,0,1,0,0,0,0,0,0,0
CUST002282,Ishaan,Chakraborty,29.0,Kochi,2019-02-11,134200.0,2019,2,11,1,0,0,1,0,1,0,0,1,0,1,0,0,0,0,0,0,0,1,0,0,0,0,0,0,0,0,0,0,0,0,0,0,0,0,0,0,0,0,0,0,0,0,0,1
CUST002283,Timothy,Morar,54.0,Hyderabad,2020-05-16,17400.0,2020,5,16,0,0,1,1,0,1,0,0,1,0,0,0,1,0,0,0,0,0,0,0,0,0,0,0,0,1,0,0,0,0,0,0,0,0,0,0,0,1,0,0,1,0,0,0,0
CUST002284,Qadim,Sachar,25.0,Delhi,2019-08-17,10900.0,2019,8,17,0,0,0,1,0,1,0,0,0,1,0,0,0,0,0,1,0,0,0,0,0,0,0,0,0,0,0,0,0,0,0,0,0,0,0,0,0,1,0,0,0,0,0,0,0
CUST002285,Abha,Dugal,32.0,Kolkata,2020-01-12,150100.0,2020,1,12,1,0,0,0,1,1,0,0,0,0,1,0,0,0,0,0,0,0,0,0,0,0,0,0,0,0,0,1,0,0,0,0,1,0,0,0,0,0,0,0,0,0,0,0,1
CUST002286,Max,Anne,44.0,Kolkata,2020-03-08,82800.0,2020,3,8,1,0,0,1,0,1,0,0,1,0,1,0,0,0,0,0,0,0,0,0,0,0,0,0,0,0,0,1,0,0,1,0,0,0,0,0,0,0,0,1,0,0,0,1,0
CUST002287,Aachal,Virk,48.0,Warangal,2019-03-16,146300.0,2019,3,16,0,1,0,0,0,1,0,0,1,0,0,1,0,0,0,0,0,0,0,0,0,0,0,0,0,1,0,0,0,0,0,0,0,0,0,0,1,0,0,1,0,0,0,0,1
CUST002288,Ekanta,Padmanabhan,35.0,Chennai,2020-05-09,150400.0,2020,5,9,1,0,0,0,0,0,1,0,0,1,1,0,0,0,0,0,0,0,0,0,0,0,0,0,1,0,0,0,0,1,0,0,0,0,0,0,0,0,0,0,0,0,0,0,1
CUST002289,Luke,Singh,30.0,Bhubaneswar,2019-03-21,154700.0,2019,3,21,0,1,0,1,0,1,0,0,0,0,0,1,0,0,0,0,0,0,0,0,0,1,0,0,0,0,0,0,0,0,0,0,1,0,0,0,0,0,0,0,0,0,0,0,1
CUST002290,Aarna,Swamy,56.0,Surat,2021-04-28,155900.0,2021,4,28,1,0,0,0,0,1,0,0,0,1,1,0,0,0,0,0,1,0,0,0,0,0,0,0,0,0,0,0,0,0,0,0,1,0,0,0,0,0,0,0,1,0,0,0,1
CUST002291,William,Mistry,61.0,Pune,2019-09-19,26100.0,2019,9,19,0,0,1,1,0,0,0,0,0,1,0,0,1,0,0,0,0,0,0,0,1,0,0,0,0,0,0,0,0,0,0,0,0,0,1,0,0,0,0,0,1,0,0,0,0
CUST002292,Aarna,Sani,51.0,Delhi,2019-07-08,17300.0,2019,7,8,0,0,1,0,0,0,0,1,1,0,0,0,1,0,0,1,0,0,0,0,0,0,0,0,0,0,0,0,0,0,0,0,0,0,0,0,0,1,0,0,1,0,0,0,0
CUST002293,Madhav,Kashyap,39.0,Amritsar,2018-12-05,87800.0,2018,12,5,1,0,0,1,0,1,0,0,0,1,1,0,0,0,0,0,0,0,0,0,0,0,1,0,0,0,0,0,0,0,0,0,0,0,0,1,0,0,0,1,0,0,0,1,0
CUST002294,Aarini,Prakash,27.0,Surat,2020-12-13,27100.0,2020,12,13,0,0,0,0,0,1,0,0,1,0,0,0,0,0,0,0,1,0,0,0,0,0,0,0,0,0,0,0,0,0,0,0,0,0,1,0,0,0,0,0,0,0,1,0,0
CUST002295,Ijaya,Sabharwal,27.0,Kochi,2019-10-24,25800.0,2019,10,24,0,0,1,0,0,1,0,0,0,0,0,0,1,0,0,0,0,0,1,0,0,0,0,0,0,0,0,0,0,0,0,0,0,1,0,0,0,0,0,0,0,0,0,0,0
CUST002296,Tejas,Rana,45.0,Bengaluru,2020-04-29,27600.0,2020,4,29,0,0,1,1,0,1,0,0,0,1,0,0,1,0,0,0,0,1,0,0,0,0,0,0,0,0,0,0,0,0,0,0,0,0,0,0,0,0,0,1,0,0,1,0,0
CUST002297,Jeet,Gade,38.0,Vadodara,2020-06-23,29100.0,2020,6,23,0,0,1,1,0,1,0,0,1,0,0,0,1,0,0,0,1,0,0,0,0,0,0,0,0,0,0,0,0,0,0,0,0,1,0,0,0,0,0,1,0,0,1,0,0
CUST002298,Robert,Radhakrishnan,56.0,Ahmedabad,2021-04-21,325600.0,2021,4,21,1,0,0,1,0,1,0,0,0,1,1,0,0,0,0,0,1,0,0,0,0,0,0,0,0,0,0,0,1,0,0,0,0,0,0,0,0,0,0,0,1,0,0,0,1
CUST002299,Imaran,Lall,46.0,Bengaluru,2021-03-22,280000.0,2021,3,22,1,0,0,1,0,0,0,1,0,1,1,0,0,0,0,0,0,1,0,0,0,0,0,0,0,0,0,0,1,0,0,0,0,0,0,0,0,0,0,1,0,0,0,0,1
CUST002300,Chaaya,Sami,38.0,Madurai,2026-07-11,16900.0,2026,7,11,0,0,0,1,0,0,1,0,1,0,0,0,0,0,0,0,0,0,0,0,0,0,0,0,1,0,0,0,0,0,0,0,0,1,0,0,0,0,0,1,0,0,0,0,0
CUST002301,Kashvi,Varughese,52.0,Kolkata,2019-05-18,107400.0,2019,5,18,1,0,0,0,0,0,0,1,1,0,1,0,0,0,0,0,0,0,0,0,0,0,0,0,0,0,0,1,0,0,0,0,0,0,0,0,1,0,0,0,1,0,0,1,0
CUST002302,Laban,Mane,25.0,Chennai,2020-06-23,162800.0,2020,6,23,1,0,0,1,0,1,0,0,1,0,1,0,0,0,0,0,0,0,0,0,0,0,0,0,1,0,0,0,0,0,0,0,1,0,0,0,0,0,0,0,0,0,0,0,1
CUST002303,Zinal,Luthra,33.0,Kanpur,2019-02-20,152800.0,2019,2,20,1,0,0,0,0,0,1,0,1,0,1,0,0,0,0,0,0,0,0,0,0,0,0,0,0,0,1,0,0,1,0,0,0,0,0,0,0,0,0,0,0,0,0,0,1
CUST002304,Triveni,Guha,41.0,Varanasi,2021-05-20,320900.0,2021,5,20,1,0,0,1,0,1,0,0,0,1,1,0,0,0,0,0,0,0,0,0,0,0,0,0,0,0,1,0,1,0,0,0,0,0,0,0,0,0,0,1,0,0,0,0,1
CUST002305,Bhavya,Gopal,64.0,Chandigarh,2019-10-02,49500.0,2019,10,2,0,0,1,0,0,1,0,0,0,0,0,0,1,0,1,0,0,0,0,0,0,0,0,0,0,0,0,0,0,0,0,0,0,0,1,0,0,0,0,0,1,0,1,0,0
CUST002306,Ekansh,Mann,75.0,Lucknow,2019-01-08,57900.0,2019,1,8,0,0,1,1,0,1,0,0,0,0,0,0,1,0,0,0,0,0,0,0,0,0,0,0,0,0,1,0,0,0,0,0,0,0,1,0,0,0,0,0,0,1,1,0,0
CUST002307,Christopher,Shah,46.0,Chennai,2019-02-09,128000.0,2019,2,9,1,0,0,1,0,0,1,0,0,0,1,0,0,0,0,0,0,0,0,0,0,0,0,0,1,0,0,0,0,1,0,0,0,0,0,0,0,0,0,1,0,0,0,1,0
CUST002308,Upkaar,Magar,36.0,Hyderabad,2020-07-04,95100.0,2020,7,4,0,0,1,1,0,1,0,0,0,1,0,0,1,0,0,0,0,0,0,0,0,0,0,0,0,1,0,0,0,1,0,0,0,0,0,0,0,0,0,1,0,0,0,1,0
CUST002309,Xalak,Guha,45.0,Varanasi,2019-05-23,157100.0,2019,5,23,1,0,0,1,0,0,0,1,0,1,1,0,0,0,0,0,0,0,0,0,0,0,0,0,0,0,1,0,0,1,0,0,0,0,0,0,0,0,0,1,0,0,0,0,1
CUST002310,Naveen,Bahl,50.0,Chennai,2020-05-05,186000.0,2020,5,5,1,0,0,1,0,1,0,0,0,1,1,0,0,0,0,0,0,0,0,0,0,0,0,0,1,0,0,0,0,1,0,0,0,0,0,0,0,0,0,1,0,0,0,0,1
CUST002311,Faqid,Bawa,34.0,New Delhi,2019-02-08,382100.0,2019,2,8,0,1,0,1,0,1,0,0,0,0,0,1,0,0,0,1,0,0,0,0,0,0,0,0,0,0,0,0,0,0,0,0,0,0,0,0,0,0,0,0,0,0,0,0,1
CUST002312,Advay,Grewal,61.0,Chennai,2020-01-13,431000.0,2020,1,13,1,0,0,1,0,1,0,0,0,1,1,0,0,0,0,0,0,0,0,0,0,0,0,0,1,0,0,0,0,0,0,0,0,0,0,0,0,0,0,0,1,0,0,0,1
CUST002313,Dalaja,Manda,38.0,Pune,2019-05-01,105300.0,2019,5,1,1,0,0,0,0,1,0,0,1,0,1,0,0,0,0,0,0,0,0,0,1,0,0,0,0,0,0,0,0,0,0,0,0,0,0,0,0,0,0,1,0,0,0,1,0
CUST002314,Krish,Dass,44.0,Ahmedabad,2021-05-22,261500.0,2021,5,22,1,0,0,1,0,1,0,0,0,0,1,0,0,0,0,0,1,0,0,0,0,0,0,0,0,0,0,0,1,0,0,0,0,0,0,0,0,0,0,1,0,0,0,0,1
CUST002315,Theodore,Anand,47.0,Bengaluru,2019-11-09,107600.0,2019,11,9,1,0,0,1,0,0,0,0,0,0,1,0,0,0,0,0,0,1,0,0,0,0,0,0,0,0,0,0,0,0,0,0,1,0,0,0,0,0,0,1,0,0,0,1,0
CUST002316,Jackson,Chana,43.0,New Delhi,2019-12-22,61000.0,2019,12,22,1,0,0,1,0,1,0,0,0,1,1,0,0,0,0,1,0,0,0,0,0,0,0,0,0,0,0,0,0,0,1,0,0,0,0,0,0,0,0,1,0,0,1,0,0
CUST002317,Faqid,Aurora,49.0,Bhubaneswar,2019-10-18,15400.0,2019,10,18,0,0,0,1,0,1,0,0,1,0,0,0,0,0,0,0,0,0,0,0,0,1,0,0,0,0,0,0,0,0,0,0,0,0,0,0,0,1,0,1,0,0,0,0,0
CUST002318,Xiti,Kalla,30.0,Udaipur,2019-07-16,104700.0,2019,7,16,1,0,0,0,0,1,0,0,1,0,1,0,0,0,0,0,0,0,0,0,0,0,0,1,0,0,0,0,0,1,0,0,0,0,0,0,0,0,0,0,0,0,0,1,0
CUST002319,Onveer,Salvi,31.0,Jodhpur,2018-11-14,115700.0,2018,11,14,1,0,0,1,0,1,0,0,1,0,1,0,0,0,0,0,0,0,0,0,0,0,0,1,0,0,0,0,0,1,0,0,0,0,0,0,0,0,0,0,0,0,0,1,0
CUST002320,Nachiket,Tara,24.0,Kolkata,2020-08-16,19300.0,2020,8,16,0,0,0,1,0,0,1,0,0,0,0,0,0,0,0,0,0,0,0,0,0,0,0,0,0,0,0,1,0,0,0,1,0,0,0,0,0,0,0,0,0,0,0,0,0
CUST002321,Ria,Sheth,44.0,Varanasi,2020-12-19,43000.0,2020,12,19,0,0,1,0,0,1,0,0,0,0,0,0,1,0,0,0,0,0,0,0,0,0,0,0,0,0,1,0,0,0,0,0,0,0,0,0,0,0,1,1,0,0,1,0,0
CUST002322,Amol,Narayanan,48.0,Jaipur,2019-02-23,149300.0,2019,2,23,1,0,0,1,0,1,0,0,1,0,1,0,0,0,0,0,0,0,0,0,0,0,0,1,0,0,0,0,0,0,0,0,1,0,0,0,0,0,0,1,0,0,0,0,1
CUST002323,Banjeet,Dhingra,44.0,Kolkata,2021-04-04,37100.0,2021,4,4,0,0,1,1,0,1,0,0,0,1,0,0,1,0,0,0,0,0,0,0,0,0,0,0,0,0,0,1,0,0,0,0,0,1,0,0,0,0,0,1,0,0,1,0,0
CUST002324,Baghyawati,Lata,60.0,Bhubaneswar,2019-10-04,12900.0,2019,10,4,0,0,0,0,0,1,0,0,0,1,0,0,0,0,0,0,0,0,0,0,0,1,0,0,0,0,0,0,0,0,0,0,0,0,1,0,0,0,0,0,1,0,0,0,0
CUST002325,Rohan,Bora,38.0,Delhi,2018-12-23,116700.0,2018,12,23,1,0,0,1,0,1,0,0,1,0,1,0,0,0,0,1,0,0,0,0,0,0,0,0,0,0,0,0,0,0,0,0,0,0,0,0,1,0,0,1,0,0,0,1,0
CUST002326,Wahab,Golla,47.0,Guwahati,2021-04-27,77500.0,2021,4,27,0,0,1,1,0,0,1,0,0,1,0,0,1,0,0,0,0,0,0,0,0,0,0,0,0,0,0,0,0,0,1,0,0,0,0,0,0,0,0,1,0,0,0,1,0
CUST002327,Gopal,Krishna,24.0,Hyderabad,2020-08-16,108900.0,2020,8,16,0,0,1,1,0,0,1,0,0,0,0,0,1,0,0,0,0,0,0,0,0,0,0,0,0,1,0,0,0,1,0,0,0,0,0,0,0,0,0,0,0,0,0,1,0
CUST002328,Sai,Arora,33.0,Coimbatore,2019-03-25,133500.0,2019,3,25,1,0,0,0,0,0,0,0,1,0,1,0,0,0,0,0,0,0,0,0,0,0,0,0,1,0,0,0,1,0,0,0,0,0,0,0,0,0,0,0,0,0,0,0,1
CUST002329,Divya,Kothari,47.0,Pune,2020-02-11,176600.0,2020,2,11,1,0,0,0,0,1,0,0,0,0,1,0,0,0,0,0,0,0,0,0,1,0,0,0,0,0,0,0,0,0,0,0,0,0,0,0,0,0,0,1,0,0,0,0,1
CUST002330,Sanya,Savant,49.0,Madurai,2020-09-12,65800.0,2020,9,12,0,0,1,0,0,0,0,0,0,1,0,0,1,0,0,0,0,0,0,0,0,0,0,0,1,0,0,0,0,0,0,0,0,0,0,1,0,0,0,1,0,0,1,0,0
CUST002331,Krishna,Bandi,34.0,Kolkata,2020-05-29,109800.0,2020,5,29,1,0,0,0,0,1,0,0,1,0,1,0,0,0,0,0,0,0,0,0,0,0,0,0,0,0,0,1,0,0,0,0,1,0,0,0,0,0,0,0,0,0,0,1,0
CUST002332,Hardik,Sharma,37.0,Ludhiana,2018-09-20,67400.0,2018,9,20,1,0,0,1,0,0,1,0,0,0,1,0,0,0,0,0,0,0,0,0,0,0,1,0,0,0,0,0,0,0,1,0,0,0,0,0,0,0,0,1,0,0,0,1,0
CUST002333,Champak,Verma,18.0,Amritsar,2026-07-11,92800.0,2026,7,11,0,0,1,1,0,0,1,0,1,0,0,0,1,0,0,0,0,0,0,0,0,0,1,0,0,0,0,0,0,0,0,0,0,0,0,1,0,0,0,0,0,0,0,1,0
CUST002334,Ishita,Solanki,33.0,Bhubaneswar,2019-11-20,43800.0,2019,11,20,0,0,1,0,0,1,0,0,0,1,0,0,1,0,0,0,0,0,0,0,0,1,0,0,0,0,0,0,0,0,0,0,0,0,0,1,0,0,0,0,0,0,1,0,0
CUST002335,Saumya,Muni,50.0,Mysuru,2021-05-17,36700.0,2021,5,17,0,0,0,0,0,1,0,0,1,0,0,0,0,0,0,0,0,1,0,0,0,0,0,0,0,0,0,0,0,0,0,0,0,1,0,0,0,0,0,1,0,0,1,0,0
CUST002336,Neel,Dutt,45.0,Ludhiana,2020-12-20,13700.0,2020,12,20,0,0,0,1,0,1,0,0,0,0,0,0,0,0,0,0,0,0,0,0,0,0,1,0,0,0,0,0,0,0,0,0,0,0,0,0,0,1,0,1,0,0,0,0,0
CUST002337,Anvi,Verma,45.0,Chennai,2019-05-03,17900.0,2019,5,3,0,0,1,0,0,1,0,0,0,1,0,0,1,0,0,0,0,0,0,0,0,0,0,0,1,0,0,0,0,0,0,0,0,0,0,0,0,1,0,1,0,0,0,0,0
CUST002338,Darsh,Kulkarni,38.0,Chandigarh,2020-09-19,68100.0,2020,9,19,0,0,1,1,0,0,0,0,1,0,0,0,1,0,1,0,0,0,0,0,0,0,0,0,0,0,0,0,0,0,1,0,0,0,0,0,0,0,0,1,0,0,0,1,0
CUST002339,Wridesh,Misra,38.0,Delhi,2018-09-01,4200.0,2018,9,1,0,0,1,1,0,1,0,0,0,1,0,0,1,0,0,1,0,0,0,0,0,0,0,0,0,0,0,0,0,0,0,1,0,0,0,0,0,0,0,1,0,0,0,0,0
CUST002340,Hardik,Patel,29.0,Chennai,2020-02-14,105900.0,2020,2,14,1,0,0,1,0,1,0,0,1,0,1,0,0,0,0,0,0,0,0,0,0,0,0,0,1,0,0,0,0,1,0,0,0,0,0,0,0,0,0,0,0,0,0,1,0
CUST002341,Atharv,Kamdar,47.0,Bhubaneswar,2020-01-28,49300.0,2020,1,28,0,0,1,1,0,1,0,0,1,0,0,0,1,0,0,0,0,0,0,0,0,1,0,0,0,0,0,0,0,0,0,0,0,0,0,0,0,0,1,1,0,0,1,0,0
CUST002342,Dayita,Keer,43.0,Guwahati,2021-07-07,97700.0,2021,7,7,0,0,1,0,0,1,0,0,0,0,0,0,1,0,0,0,0,0,0,0,0,0,0,0,0,0,0,0,0,0,0,0,0,0,0,1,0,0,0,1,0,0,0,1,0
CUST002343,Urishilla,Nair,44.0,Ahmedabad,2018-10-03,194100.0,2018,10,3,0,1,0,0,0,0,0,0,0,0,0,1,0,0,0,0,1,0,0,0,0,0,0,0,0,0,0,0,0,0,0,0,1,0,0,0,0,0,0,1,0,0,0,0,1
CUST002344,Abhimanyu,Ganesh,31.0,Jodhpur,2021-02-06,63400.0,2021,2,6,0,0,1,1,0,0,1,0,0,1,0,0,1,0,0,0,0,0,0,0,0,0,0,1,0,0,0,0,0,0,0,0,0,0,0,0,0,0,1,0,0,0,1,0,0
CUST002345,Lakshit,Dar,38.0,Delhi,2026-07-11,24500.0,2026,7,11,0,0,0,1,0,1,0,0,0,0,0,0,0,0,0,1,0,0,0,0,0,0,0,0,0,0,0,0,0,0,0,0,0,0,0,1,0,0,0,1,0,0,0,0,0
CUST002346,Siya,Kibe,52.0,Ahmedabad,2020-06-09,288100.0,2020,6,9,1,0,0,0,0,0,0,1,0,1,1,0,0,0,0,0,1,0,0,0,0,0,0,0,0,0,0,0,0,0,0,0,0,0,0,0,1,0,0,0,1,0,0,0,1
CUST002347,Aayush,Basak,32.0,Kolkata,2020-05-18,96200.0,2020,5,18,0,0,1,1,0,1,0,0,1,0,0,0,1,0,0,0,0,0,0,0,0,0,0,0,0,0,0,1,0,0,0,0,0,0,0,0,0,0,0,0,0,0,0,1,0
CUST002348,Vyanjana,Dubey,27.0,Pune,2019-09-11,108300.0,2019,9,11,1,0,0,0,0,1,0,0,0,0,1,0,0,0,0,0,0,0,0,0,1,0,0,0,0,0,0,0,0,0,0,0,1,0,0,0,0,0,0,0,0,0,0,1,0
CUST002349,Quincy,Chakraborty,47.0,Pune,2019-08-22,195300.0,2019,8,22,0,1,0,1,0,1,0,0,0,1,0,1,0,0,0,0,0,0,0,0,1,0,0,0,0,0,0,0,0,0,0,0,0,0,0,0,1,0,0,1,0,0,0,0,1
CUST002350,Kritika,Dugar,33.0,Pune,2021-02-28,31100.0,2021,2,28,0,0,1,0,0,0,1,0,0,1,0,0,1,0,0,0,0,0,0,0,1,0,0,0,0,0,0,0,0,0,0,0,0,1,0,0,0,0,0,0,0,0,1,0,0
CUST002351,Zaid,Chand,52.0,Surat,2020-02-16,169700.0,2020,2,16,1,0,0,1,0,0,1,0,1,0,1,0,0,0,0,0,1,0,0,0,0,0,0,0,0,0,0,0,0,1,0,0,0,0,0,0,0,0,0,0,1,0,0,0,1
CUST002352,Omkaar,Bhasin,46.0,Pune,2019-04-03,33000.0,2019,4,3,0,0,1,1,0,1,0,0,0,1,0,0,1,0,0,0,0,0,0,0,1,0,0,0,0,0,0,0,0,0,0,0,0,0,1,0,0,0,0,1,0,0,1,0,0
CUST002353,Ayushman,Parekh,47.0,Chennai,2020-04-18,82700.0,2020,4,18,1,0,0,1,0,0,1,0,0,1,1,0,0,0,0,0,0,0,0,0,0,0,0,0,1,0,0,0,0,0,1,0,0,0,0,0,0,0,0,1,0,0,0,1,0
CUST002354,Faraj,Yadav,20.0,Hyderabad,2024-08-16,23000.0,2024,8,16,0,0,1,1,0,0,1,0,0,0,0,0,1,0,0,0,0,0,0,0,0,0,0,0,0,1,0,0,0,0,0,0,0,1,0,0,0,0,0,0,0,0,0,0,0
CUST002355,Chatresh,Dass,54.0,Madurai,2020-09-07,143100.0,2020,9,7,1,0,0,1,0,1,0,0,0,1,1,0,0,0,0,0,0,0,0,0,0,0,0,0,1,0,0,0,0,0,0,0,1,0,0,0,0,0,0,0,1,0,0,0,1
CUST002356,Widisha,Kaul,41.0,Ahmedabad,2020-12-27,11800.0,2020,12,27,0,0,1,0,0,1,0,0,1,0,0,0,1,0,0,0,1,0,0,0,0,0,0,0,0,0,0,0,0,0,0,0,0,0,0,0,0,1,0,1,0,0,0,0,0
CUST002357,Nathan,Palan,33.0,Ahmedabad,2021-03-31,83100.0,2021,3,31,0,0,1,1,0,1,0,0,1,0,0,0,1,0,0,0,1,0,0,0,0,0,0,0,0,0,0,0,0,0,0,0,0,0,0,0,1,0,0,0,0,0,0,1,0
CUST002358,Theodore,Hans,40.0,Chennai,2020-06-29,29000.0,2020,6,29,0,0,0,1,0,0,0,1,0,0,0,0,0,0,0,0,0,0,0,0,0,0,0,0,1,0,0,0,0,0,0,0,0,1,0,0,0,0,0,1,0,0,1,0,0
CUST002359,Aishani,Purohit,18.0,Chennai,2026-07-11,25200.0,2026,7,11,0,0,0,0,0,0,1,0,1,0,0,0,0,0,0,0,0,0,0,0,0,0,0,0,1,0,0,0,0,0,0,0,0,1,0,0,0,0,0,0,0,0,0,0,0
CUST002360,Rachita,Desai,43.0,Hyderabad,2021-05-29,12000.0,2021,5,29,0,0,0,0,0,1,0,0,0,1,0,0,0,0,0,0,0,0,0,0,0,0,0,0,0,1,0,0,0,0,0,0,0,0,0,0,0,1,0,1,0,0,0,0,0
CUST002361,Ladli,Baral,38.0,Bhopal,2019-10-25,13600.0,2019,10,25,0,0,1,0,0,1,0,0,1,0,0,0,1,0,0,0,0,0,0,1,0,0,0,0,0,0,0,0,0,0,0,1,0,0,0,0,0,0,0,1,0,0,0,0,0
CUST002362,Watika,Sarma,20.0,Bengaluru,2024-08-16,6600.0,2024,8,16,0,0,0,0,0,0,1,0,0,0,0,0,0,0,0,0,0,1,0,0,0,0,0,0,0,0,0,0,0,0,0,0,0,0,0,0,0,1,0,0,0,0,0,0,0
CUST002363,Manan,Suri,18.0,New Delhi,2026-07-11,6400.0,2026,7,11,0,0,0,1,0,1,0,0,1,0,0,0,0,0,0,1,0,0,0,0,0,0,0,0,0,0,0,0,0,0,0,0,0,0,0,0,0,1,0,0,0,0,0,0,0
CUST002364,Ikshita,Grover,52.0,Vadodara,2019-02-20,65800.0,2019,2,20,0,0,1,0,0,1,0,0,1,0,0,0,1,0,0,0,1,0,0,0,0,0,0,0,0,0,0,0,0,0,0,0,0,1,0,0,0,0,0,0,1,0,1,0,0
CUST002365,Priya,Naik,30.0,Hyderabad,2020-10-28,14100.0,2020,10,28,0,0,0,0,0,1,0,0,0,1,0,0,0,0,0,0,0,0,0,0,0,0,0,0,0,1,0,0,0,0,0,0,0,0,0,0,0,0,0,0,0,0,0,0,0
CUST002366,Vinaya,Maharaj,58.0,Chandigarh,2021-07-23,338000.0,2021,7,23,1,0,0,0,0,1,0,0,1,0,1,0,0,0,1,0,0,0,0,0,0,0,0,0,0,0,0,0,0,0,0,0,0,0,0,0,0,0,0,0,1,0,0,0,1
CUST002367,Faris,Biswas,31.0,Bengaluru,2019-02-15,399500.0,2019,2,15,0,1,0,1,0,0,0,0,0,0,0,1,0,0,0,0,0,1,0,0,0,0,0,0,0,0,0,0,0,0,0,0,0,0,0,0,0,0,0,0,0,0,0,0,1
CUST002368,Faras,Sengupta,18.0,Ahmedabad,2026-07-11,9200.0,2026,7,11,0,0,0,1,0,0,1,0,0,1,0,0,0,0,0,0,1,0,0,0,0,0,0,0,0,0,0,0,0,0,0,0,0,0,0,0,0,1,0,0,0,0,0,0,0
CUST002369,Manbir,Lall,23.0,Mumbai,2021-08-16,122500.0,2021,8,16,0,0,1,1,0,1,0,0,0,0,0,0,1,0,0,0,0,0,0,0,1,0,0,0,0,0,0,0,0,0,0,0,1,0,0,0,0,0,0,0,0,0,0,1,0
CUST002370,Rajeshri,Setty,54.0,Hyderabad,2019-12-29,34500.0,2019,12,29,0,0,1,0,0,0,0,1,0,1,0,0,1,0,0,0,0,0,0,0,0,0,0,0,0,1,0,0,0,0,0,0,0,1,0,0,0,0,0,0,1,0,1,0,0
CUST002371,Aachal,Toor,36.0,Mysuru,2021-02-02,133300.0,2021,2,2,0,0,1,0,0,0,1,0,0,1,0,0,1,0,0,0,0,1,0,0,0,0,0,0,0,0,0,0,0,1,0,0,0,0,0,0,0,0,0,1,0,0,0,0,1
CUST002372,Sachi,Goyal,31.0,Kanpur,2019-02-15,74500.0,2019,2,15,0,0,1,0,0,0,0,0,1,0,0,0,1,0,0,0,0,0,0,0,0,0,0,0,0,0,1,0,0,0,1,0,0,0,0,0,0,0,0,0,0,0,0,1,0
CUST002373,Aditya,Patla,40.0,Bhubaneswar,2019-04-18,13400.0,2019,4,18,0,0,0,1,0,0,1,0,1,0,0,0,0,0,0,0,0,0,0,0,0,1,0,0,0,0,0,0,0,0,0,1,0,0,0,0,0,0,0,1,0,0,0,0,0
CUST002374,Kashvi,Nagi,45.0,Chennai,2019-05-11,209300.0,2019,5,11,0,1,0,0,0,1,0,0,1,0,0,1,0,0,0,0,0,0,0,0,0,0,0,0,1,0,0,0,0,0,0,0,0,0,0,0,1,0,0,1,0,0,0,0,1
CUST002375,Bhavika,Yohannan,53.0,Kanpur,2019-03-06,144500.0,2019,3,6,1,0,0,0,0,1,0,0,1,0,1,0,0,0,0,0,0,0,0,0,0,0,0,0,0,0,1,0,0,0,0,0,1,0,0,0,0,0,0,0,1,0,0,0,1
CUST002376,Rishi,Gupta,57.0,Ahmedabad,2020-12-19,35700.0,2020,12,19,0,0,0,1,0,0,0,1,1,0,0,0,0,0,0,0,1,0,0,0,0,0,0,0,0,0,0,0,0,0,0,0,0,0,0,0,0,0,0,0,1,0,1,0,0
CUST002377,Zaitra,Tank,33.0,Bhubaneswar,2019-06-10,87900.0,2019,6,10,1,0,0,0,0,1,0,0,0,1,1,0,0,0,0,0,0,0,0,0,0,1,0,0,0,0,0,0,0,0,0,0,0,0,0,0,1,0,0,0,0,0,0,1,0
CUST002378,Faraj,Mandal,21.0,Lucknow,2023-08-17,8400.0,2023,8,17,0,0,0,1,0,0,1,0,0,0,0,0,0,0,0,0,0,0,0,0,0,0,0,0,0,0,1,0,0,0,0,0,0,0,0,0,0,1,0,0,0,0,0,0,0
CUST002379,Ojasvi,Rout,33.0,Pune,2019-08-17,27300.0,2019,8,17,0,0,1,0,0,1,0,0,1,0,0,0,1,0,0,0,0,0,0,0,1,0,0,0,0,0,0,0,0,0,0,0,0,1,0,0,0,0,0,0,0,0,1,0,0
CUST002380,Oeshi,Choudhry,41.0,Ahmedabad,2021-04-05,27100.0,2021,4,5,0,0,1,0,0,0,0,1,0,1,0,0,1,0,0,0,1,0,0,0,0,0,0,0,0,0,0,0,0,0,0,0,0,1,0,0,0,0,0,1,0,0,1,0,0
CUST002381,Chasmum,Virk,25.0,Coimbatore,2019-08-17,104200.0,2019,8,17,1,0,0,0,0,1,0,0,0,0,1,0,0,0,0,0,0,0,0,0,0,0,0,0,1,0,0,0,0,1,0,0,0,0,0,0,0,0,0,0,0,0,0,1,0
CUST002382,Bhavna,Bassi,26.0,Mumbai,2018-09-16,154900.0,2018,9,16,0,1,0,0,0,0,1,0,0,0,0,1,0,0,0,0,0,0,0,0,1,0,0,0,0,0,0,0,0,0,0,0,0,0,0,0,1,0,0,0,0,0,0,0,1
CUST002383,Eiravati,Gokhale,42.0,New Delhi,2021-06-29,61000.0,2021,6,29,0,0,1,0,0,1,0,0,0,1,0,0,1,0,0,1,0,0,0,0,0,0,0,0,0,0,0,0,0,0,0,0,0,0,0,0,0,0,1,1,0,0,1,0,0
CUST002384,Anamika,Jaggi,37.0,Kochi,2021-05-05,9000.0,2021,5,5,0,0,0,0,0,0,1,0,0,1,0,0,0,0,0,0,0,0,1,0,0,0,0,0,0,0,0,0,0,0,0,0,0,0,0,0,0,1,0,1,0,0,0,0,0
CUST002385,Chatresh,Sunder,38.0,Thiruvananthapuram,2021-04-03,141400.0,2021,4,3,1,0,0,1,0,1,0,0,1,0,1,0,0,0,0,0,0,0,1,0,0,0,0,0,0,0,0,0,0,0,0,0,1,0,0,0,0,0,0,1,0,0,0,0,1
CUST002386,Inaya,Chaudhary,28.0,Jodhpur,2020-05-01,72600.0,2020,5,1,0,0,1,0,0,0,1,0,0,0,0,0,1,0,0,0,0,0,0,0,0,0,0,1,0,0,0,0,0,0,0,0,0,0,0,0,0,0,0,0,0,0,0,1,0
CUST002387,Amol,Rama,35.0,Amritsar,2020-10-02,76200.0,2020,10,2,0,0,1,1,0,0,1,0,0,0,0,0,1,0,0,0,0,0,0,0,0,0,1,0,0,0,0,0,0,0,1,0,0,0,0,0,0,0,0,0,0,0,0,1,0
CUST002388,Yash,Vora,26.0,Lucknow,2019-03-16,30400.0,2019,3,16,0,0,1,1,0,1,0,0,0,1,0,0,1,0,0,0,0,0,0,0,0,0,0,0,0,0,1,0,0,0,0,0,0,1,0,0,0,0,0,0,0,0,1,0,0
CUST002389,Lavanya,Bawa,50.0,Mumbai,2020-03-15,4700.0,2020,3,15,0,0,0,0,0,1,0,0,0,1,0,0,0,0,0,0,0,0,0,0,1,0,0,0,0,0,0,0,0,0,0,1,0,0,0,0,0,0,0,1,0,0,0,0,0
CUST002390,Rajeshri,Kant,51.0,Bengaluru,2020-03-03,17300.0,2020,3,3,0,0,0,0,0,1,0,0,1,0,0,0,0,0,0,0,0,1,0,0,0,0,0,0,0,0,0,0,0,0,0,1,0,0,0,0,0,0,0,0,1,0,0,0,0
CUST002391,Balendra,Arya,18.0,Mumbai,2026-07-11,86800.0,2026,7,11,0,0,1,1,0,0,1,0,0,0,0,0,1,0,0,0,0,0,0,0,1,0,0,0,0,0,0,0,0,0,0,0,0,0,0,1,0,0,0,0,0,0,0,1,0
CUST002392,Hemang,Swamy,26.0,Pune,2020-07-16,166300.0,2020,7,16,1,0,0,1,0,0,1,0,1,0,1,0,0,0,0,0,0,0,0,0,1,0,0,0,0,0,0,0,0,0,0,0,0,0,0,0,1,0,0,0,0,0,0,0,1
CUST002393,Balveer,Sidhu,19.0,Delhi,2025-08-16,7700.0,2025,8,16,0,0,0,1,0,0,1,0,0,0,0,0,0,0,0,1,0,0,0,0,0,0,0,0,0,0,0,0,0,0,0,0,0,0,0,0,0,0,0,0,0,0,0,0,0
CUST002394,Azaan,Patel,30.0,Chennai,2019-05-10,22600.0,2019,5,10,0,0,1,1,0,1,0,0,1,0,0,0,1,0,0,0,0,0,0,0,0,0,0,0,1,0,0,0,0,0,0,0,0,1,0,0,0,0,0,0,0,0,0,0,0
CUST002395,Sarthak,Pillay,37.0,Chandigarh,2019-04-15,49900.0,2019,4,15,0,0,1,1,0,1,0,0,0,0,0,0,1,0,1,0,0,0,0,0,0,0,0,0,0,0,0,0,0,0,0,0,0,0,0,0,0,0,1,1,0,0,1,0,0
CUST002396,Barkha,Lata,19.0,Bhopal,2025-08-16,14000.0,2025,8,16,0,0,0,0,0,0,1,0,0,0,0,0,0,0,0,0,0,0,0,1,0,0,0,0,0,0,0,0,0,0,0,0,0,0,0,0,0,1,0,0,0,0,0,0,0
CUST002397,Anmol,Bobal,26.0,Kolkata,2021-03-12,11800.0,2021,3,12,0,0,0,1,0,1,0,0,0,0,0,0,0,0,0,0,0,0,0,0,0,0,0,0,0,0,0,1,0,0,0,1,0,0,0,0,0,0,0,0,0,0,0,0,0
CUST002398,Max,Brahmbhatt,25.0,Thiruvananthapuram,2020-12-26,45100.0,2020,12,26,0,0,0,1,0,1,0,0,0,0,0,0,0,0,0,0,0,0,1,0,0,0,0,0,0,0,0,0,0,0,0,0,0,0,0,0,1,0,0,0,0,0,1,0,0
CUST002399,Hritik,Venkataraman,41.0,Chennai,2020-07-27,252200.0,2020,7,27,1,0,0,1,0,1,0,0,1,0,1,0,0,0,0,0,0,0,0,0,0,0,0,0,1,0,0,0,0,0,0,0,0,0,0,0,0,0,0,1,0,0,0,0,1
CUST002400,Gunbir,Chaudhuri,39.0,Indore,2020-10-01,26800.0,2020,10,1,0,0,0,0,1,1,0,0,0,1,0,0,0,0,0,0,0,0,0,1,0,0,0,0,0,0,0,0,0,0,0,0,0,1,0,0,0,0,0,1,0,0,1,0,0
CUST002401,Jack,Wali,29.0,Chennai,2019-08-15,39100.0,2019,8,15,0,0,1,1,0,0,0,0,1,0,0,0,1,0,0,0,0,0,0,0,0,0,0,0,1,0,0,0,0,0,0,0,0,0,0,1,0,0,0,0,0,0,1,0,0
CUST002402,Reyansh,Gupta,40.0,Bengaluru,2019-02-21,197400.0,2019,2,21,0,1,0,1,0,1,0,0,1,0,0,1,0,0,0,0,0,1,0,0,0,0,0,0,0,0,0,0,0,0,0,0,0,0,0,0,1,0,0,1,0,0,0,0,1
CUST002403,Gopal,Vora,31.0,Kochi,2021-01-18,22700.0,2021,1,18,0,0,0,1,0,1,0,0,1,0,0,0,0,0,0,0,0,0,1,0,0,0,0,0,0,0,0,0,0,0,0,0,0,1,0,0,0,0,0,0,0,0,0,0,0
CUST002404,Kritika,Gola,34.0,Hyderabad,2019-12-08,65800.0,2019,12,8,0,0,1,0,0,1,0,0,0,1,0,0,1,0,0,0,0,0,0,0,0,0,0,0,0,1,0,0,0,0,0,0,0,0,0,1,0,0,0,0,0,0,1,0,0
CUST002405,Triya,Cherian,60.0,Chennai,2020-07-09,25000.0,2020,7,9,0,0,0,0,0,1,0,0,0,1,0,0,0,0,0,0,0,0,0,0,0,0,0,0,1,0,0,0,0,0,0,0,0,0,1,0,0,0,0,0,1,0,0,0,0
CUST002406,Praneel,Shanker,55.0,Bengaluru,2020-02-09,20500.0,2020,2,9,0,0,0,1,0,1,0,0,0,1,0,0,0,0,0,0,0,1,0,0,0,0,0,0,0,0,0,0,0,0,0,0,0,0,0,0,0,1,0,0,1,0,0,0,0
CUST002407,Tanay,Chawla,21.0,Ahmedabad,2023-08-17,16100.0,2023,8,17,0,0,0,1,0,0,1,0,1,0,0,0,0,0,0,0,1,0,0,0,0,0,0,0,0,0,0,0,0,0,0,0,0,1,0,0,0,0,0,0,0,0,0,0,0
CUST002408,Fiyaz,Gole,49.0,Ludhiana,2018-12-11,238200.0,2018,12,11,0,1,0,1,0,1,0,0,0,0,0,1,0,0,0,0,0,0,0,0,0,0,1,0,0,0,0,0,1,0,0,0,0,0,0,0,0,0,0,1,0,0,0,0,1
CUST002409,Suhani,Thaman,49.0,Mumbai,2021-01-18,17700.0,2021,1,18,0,0,0,0,0,1,0,0,0,1,0,0,0,0,0,0,0,0,0,0,1,0,0,0,0,0,0,0,0,0,0,0,0,0,0,0,0,1,0,1,0,0,0,0,0
CUST002410,Pahal,Dugar,23.0,Patna,2021-08-16,41800.0,2021,8,16,0,0,1,0,0,0,1,0,0,0,0,0,1,1,0,0,0,0,0,0,0,0,0,0,0,0,0,0,0,0,0,0,0,0,0,0,0,0,1,0,0,0,1,0,0
CUST002411,Timothy,Pandey,49.0,Mumbai,2019-09-29,44800.0,2019,9,29,0,0,1,1,0,0,1,0,1,0,0,0,1,0,0,0,0,0,0,0,1,0,0,0,0,0,0,0,0,0,0,0,0,0,1,0,0,0,0,1,0,0,1,0,0
CUST002412,Nakul,Nair,58.0,Hyderabad,2020-06-10,294900.0,2020,6,10,1,0,0,1,0,0,0,0,0,1,1,0,0,0,0,0,0,0,0,0,0,0,0,0,0,1,0,0,1,0,0,0,0,0,0,0,0,0,0,0,1,0,0,0,1
CUST002413,Quincy,Sachar,23.0,Nagpur,2021-08-16,108000.0,2021,8,16,0,0,1,1,0,1,0,0,0,0,0,0,1,0,0,0,0,0,0,0,1,0,0,0,0,0,0,0,0,0,0,0,0,0,0,0,0,0,0,0,0,0,0,1,0
CUST002414,Tanveer,Naik,26.0,Jaipur,2021-04-10,29200.0,2021,4,10,0,0,0,1,0,1,0,0,0,0,0,0,0,0,0,0,0,0,0,0,0,0,0,1,0,0,0,0,0,0,0,0,0,1,0,0,0,0,0,0,0,0,1,0,0
CUST002415,Kavya,Kala,51.0,Mumbai,2019-12-13,18500.0,2019,12,13,0,0,1,0,0,1,0,0,0,1,0,0,1,0,0,0,0,0,0,0,1,0,0,0,0,0,0,0,0,0,0,0,0,0,0,0,0,1,0,0,1,0,0,0,0
CUST002416,Raghav,Kumar,42.0,Madurai,2020-09-21,61200.0,2020,9,21,0,0,1,1,0,1,0,0,0,1,0,0,1,0,0,0,0,0,0,0,0,0,0,0,1,0,0,0,0,0,1,0,0,0,0,0,0,0,0,1,0,0,1,0,0
CUST002417,Pranit,Sethi,45.0,Bengaluru,2018-08-19,50600.0,2018,8,19,0,0,1,1,0,0,0,0,0,0,0,0,1,0,0,0,0,1,0,0,0,0,0,0,0,0,0,0,0,0,1,0,0,0,0,0,0,0,0,1,0,0,1,0,0
CUST002418,Udarsh,Ranganathan,42.0,Pune,2020-05-28,93200.0,2020,5,28,0,0,1,1,0,1,0,0,0,0,0,0,1,0,0,0,0,0,0,0,1,0,0,0,0,0,0,0,0,0,1,0,0,0,0,0,0,0,0,1,0,0,0,1,0
CUST002419,Aachal,Banerjee,43.0,Udaipur,2020-12-27,36000.0,2020,12,27,0,0,1,0,0,0,1,0,1,0,0,0,1,0,0,0,0,0,0,0,0,0,0,1,0,0,0,0,0,0,0,0,0,1,0,0,0,0,0,1,0,0,1,0,0
CUST002420,Meghana,Babu,21.0,Delhi,2023-08-17,11900.0,2023,8,17,0,0,0,0,0,0,1,0,1,0,0,0,0,0,0,1,0,0,0,0,0,0,0,0,0,0,0,0,0,0,0,0,0,0,0,0,0,1,0,0,0,0,0,0,0
CUST002421,Ekansh,Mittal,52.0,Delhi,2020-11-22,45700.0,2020,11,22,0,0,1,1,0,1,0,0,0,1,0,0,1,0,0,1,0,0,0,0,0,0,0,0,0,0,0,0,0,0,0,0,0,0,0,0,0,0,1,0,1,0,1,0,0
CUST002422,Aarush,Mital,53.0,Bengaluru,2020-02-22,260400.0,2020,2,22,0,1,0,1,0,0,1,0,1,0,0,1,0,0,0,0,0,1,0,0,0,0,0,0,0,0,0,0,0,0,0,0,0,0,0,0,1,0,0,0,1,0,0,0,1
CUST002423,Indrajit,Kala,35.0,Kolkata,2020-03-05,22900.0,2020,3,5,0,0,1,1,0,1,0,0,1,0,0,0,1,0,0,0,0,0,0,0,0,0,0,0,0,0,0,1,0,0,0,0,0,1,0,0,0,0,0,0,0,0,0,0,0
CUST002424,Nisha,Bains,37.0,Ahmedabad,2020-04-06,204500.0,2020,4,6,1,0,0,0,0,0,1,0,0,0,1,0,0,0,0,0,1,0,0,0,0,0,0,0,0,0,0,0,0,0,0,0,1,0,0,0,0,0,0,1,0,0,0,0,1
CUST002425,Lakshit,Vaidya,18.0,Mumbai,2026-07-11,5700.0,2026,7,11,0,0,0,1,0,0,1,0,0,1,0,0,0,0,0,0,0,0,0,0,1,0,0,0,0,0,0,0,0,0,0,0,0,0,0,0,0,1,0,0,0,0,0,0,0
CUST002426,Garima,Chandra,45.0,Delhi,2020-12-22,161100.0,2020,12,22,1,0,0,0,0,1,0,0,0,1,1,0,0,0,0,1,0,0,0,0,0,0,0,0,0,0,0,0,0,0,0,0,1,0,0,0,0,0,0,1,0,0,0,0,1
CUST002427,Anjali,Sharma,45.0,Warangal,2018-11-29,19200.0,2018,11,29,0,0,1,0,0,0,0,1,1,0,0,0,1,0,0,0,0,0,0,0,0,0,0,0,0,1,0,0,0,0,0,0,0,0,0,0,0,1,0,1,0,0,0,0,0
CUST002428,Rachana,Dugal,37.0,Bengaluru,2019-04-02,16700.0,2019,4,2,0,0,1,0,0,0,1,0,0,1,0,0,1,0,0,0,0,1,0,0,0,0,0,0,0,0,0,0,0,0,0,1,0,0,0,0,0,0,0,1,0,0,0,0,0
CUST002429,Ekapad,Lanka,53.0,Indore,2020-08-16,118100.0,2020,8,16,1,0,0,1,0,1,0,0,1,0,1,0,0,0,0,0,0,0,0,1,0,0,0,0,0,0,0,0,0,0,0,0,0,0,0,0,1,0,0,0,1,0,0,1,0
CUST002430,Rajeshri,Krish,34.0,Jodhpur,2021-01-30,167300.0,2021,1,30,0,0,1,0,0,1,0,0,0,1,0,0,1,0,0,0,0,0,0,0,0,0,0,1,0,0,0,0,0,0,0,0,1,0,0,0,0,0,0,0,0,0,0,0,1
CUST002431,Kamala,Kunda,45.0,Kolkata,2020-10-14,15700.0,2020,10,14,0,0,0,0,0,0,0,0,0,0,0,0,0,0,0,0,0,0,0,0,0,0,0,0,0,0,0,1,0,0,0,0,0,0,0,0,0,1,0,1,0,0,0,0,0
CUST002432,Mason,Chanda,25.0,Bengaluru,2020-08-17,98600.0,2020,8,17,0,0,1,1,0,1,0,0,0,0,0,0,1,0,0,0,0,1,0,0,0,0,0,0,0,0,0,0,0,1,0,0,0,0,0,0,0,0,0,0,0,0,0,1,0
CUST002433,Ryan,Kalla,38.0,Ahmedabad,2019-12-15,173900.0,2019,12,15,0,1,0,1,0,1,0,0,0,1,0,1,0,0,0,0,1,0,0,0,0,0,0,0,0,0,0,0,0,0,0,0,0,0,0,0,1,0,0,1,0,0,0,0,1
CUST002434,Balvan,Nair,36.0,Varanasi,2021-06-26,25300.0,2021,6,26,0,0,0,1,0,1,0,0,1,0,0,0,0,0,0,0,0,0,0,0,0,0,0,0,0,0,1,0,0,0,0,0,0,1,0,0,0,0,0,1,0,0,0,0,0
CUST002435,Wyatt,Ghose,41.0,Kolkata,2018-11-18,117500.0,2018,11,18,1,0,0,1,0,1,0,0,0,0,1,0,0,0,0,0,0,0,0,0,0,0,0,0,0,0,0,1,0,1,0,0,0,0,0,0,0,0,0,1,0,0,0,1,0
CUST002436,Yagnesh,Chandran,33.0,Udaipur,2021-04-30,56100.0,2021,4,30,0,0,1,1,0,1,0,0,0,1,0,0,1,0,0,0,0,0,0,0,0,0,0,1,0,0,0,0,0,0,0,0,0,0,0,0,1,0,0,0,0,0,1,0,0
CUST002437,Netra,Barad,36.0,Vadodara,2020-10-14,132800.0,2020,10,14,1,0,0,0,0,1,0,0,1,0,1,0,0,0,0,0,1,0,0,0,0,0,0,0,0,0,0,0,0,0,0,0,0,0,0,0,1,0,0,1,0,0,0,1,0
CUST002438,Rayaan,Brar,49.0,Kolkata,2021-04-18,208100.0,2021,4,18,1,0,0,1,0,1,0,0,1,0,1,0,0,0,0,0,0,0,0,0,0,0,0,0,0,0,0,1,0,0,0,0,0,0,0,0,1,0,0,1,0,0,0,0,1
CUST002439,Baghyawati,Natt,32.0,Bengaluru,2020-11-08,98500.0,2020,11,8,0,0,1,0,0,1,0,0,1,0,0,0,1,0,0,0,0,1,0,0,0,0,0,0,0,0,0,0,0,0,0,0,0,0,0,1,0,0,0,0,0,0,0,1,0
CUST002440,Owen,Saraf,18.0,Vadodara,2026-07-11,65800.0,2026,7,11,0,0,1,1,0,0,1,0,1,0,0,0,1,0,0,0,1,0,0,0,0,0,0,0,0,0,0,0,0,0,0,0,0,0,0,1,0,0,0,0,0,0,1,0,0
CUST002441,Turvi,Dara,61.0,Delhi,2019-10-12,48600.0,2019,10,12,0,0,1,0,0,0,0,0,1,0,0,0,1,0,0,1,0,0,0,0,0,0,0,0,0,0,0,0,0,0,0,0,0,0,1,0,0,0,0,0,1,0,1,0,0
CUST002442,Ishaan,Apte,56.0,Udaipur,2020-12-10,192700.0,2020,12,10,1,0,0,1,0,1,0,0,1,0,1,0,0,0,0,0,0,0,0,0,0,0,0,1,0,0,0,0,0,1,0,0,0,0,0,0,0,0,0,0,1,0,0,0,1
CUST002443,Sai,Bhagat,21.0,Lucknow,2023-08-17,28000.0,2023,8,17,0,0,0,0,0,0,1,0,0,1,0,0,0,0,0,0,0,0,0,0,0,0,0,0,0,0,1,0,0,0,0,0,0,1,0,0,0,0,0,0,0,0,1,0,0
CUST002444,Michael,Viswanathan,47.0,Kanpur,2019-03-23,159600.0,2019,3,23,1,0,0,1,0,1,0,0,1,0,1,0,0,0,0,0,0,0,0,0,0,0,0,0,0,0,1,0,0,0,0,0,0,0,0,0,0,0,0,1,0,0,0,0,1
CUST002445,Ansh,Nagar,31.0,Chennai,2019-05-13,47000.0,2019,5,13,0,0,1,1,0,1,0,0,1,0,0,0,1,0,0,0,0,0,0,0,0,0,0,0,1,0,0,0,0,0,0,0,0,0,1,0,0,0,0,0,0,0,1,0,0
CUST002446,Falguni,Narain,41.0,Delhi,2019-01-30,16600.0,2019,1,30,0,0,1,0,0,1,0,0,0,0,0,0,1,0,0,1,0,0,0,0,0,0,0,0,0,0,0,0,0,0,0,0,0,0,0,0,0,1,0,1,0,0,0,0,0
CUST002447,Zayan,Kant,42.0,Pune,2019-10-07,72800.0,2019,10,7,0,0,1,1,0,1,0,0,1,0,0,0,1,0,0,0,0,0,0,0,1,0,0,0,0,0,0,0,0,0,0,0,0,0,0,0,0,0,1,1,0,0,0,1,0
CUST002448,Ganga,Bedi,35.0,Vadodara,2020-02-14,65800.0,2020,2,14,0,1,0,0,0,1,0,0,0,0,0,1,0,0,0,0,1,0,0,0,0,0,0,0,0,0,0,0,0,0,1,0,0,0,0,0,0,0,0,0,0,0,1,0,0
CUST002449,Shravya,Sehgal,28.0,Indore,2020-07-03,47100.0,2020,7,3,0,0,1,0,0,0,1,0,1,0,0,0,1,0,0,0,0,0,0,1,0,0,0,0,0,0,0,0,0,0,1,0,0,0,0,0,0,0,0,0,0,0,1,0,0
CUST002450,Zayyan,Chana,29.0,Ahmedabad,2020-12-14,55400.0,2020,12,14,0,0,1,1,0,0,0,0,0,0,0,0,1,0,0,0,1,0,0,0,0,0,0,0,0,0,0,0,0,0,1,0,0,0,0,0,0,0,0,0,0,0,1,0,0
CUST002451,Janya,Sankaran,26.0,Pune,2019-12-14,195200.0,2019,12,14,1,0,0,0,0,1,0,0,1,0,1,0,0,0,0,0,0,0,0,0,1,0,0,0,0,0,0,0,0,0,0,0,0,0,0,0,0,0,0,0,0,0,0,0,1
CUST002452,Mohini,Ramesh,27.0,Thiruvananthapuram,2018-12-16,14200.0,2018,12,16,0,0,1,0,0,1,0,0,0,0,0,0,1,0,0,0,0,0,1,0,0,0,0,0,0,0,0,0,0,0,0,0,0,0,0,0,0,1,0,0,0,0,0,0,0
CUST002453,Ethan,Deo,37.0,Ludhiana,2019-11-04,431700.0,2019,11,4,1,0,0,1,0,0,1,0,0,1,1,0,0,0,0,0,0,0,0,0,0,0,1,0,0,0,0,0,0,0,0,0,0,0,0,0,0,0,0,1,0,0,0,0,1
CUST002454,Pahal,Butala,29.0,Warangal,2018-11-13,242700.0,2018,11,13,0,1,0,0,0,1,0,0,1,0,0,1,0,0,0,0,0,0,0,0,0,0,0,0,0,1,0,0,0,0,0,0,0,0,0,0,0,0,0,0,0,0,0,0,1
CUST002455,Vyanjana,Bawa,47.0,Kolkata,2020-07-21,79800.0,2020,7,21,0,0,1,0,0,1,0,0,1,0,0,0,1,0,0,0,0,0,0,0,0,0,0,0,0,0,0,1,0,0,1,0,0,0,0,0,0,0,0,1,0,0,0,1,0
CUST002456,Ryan,Lala,57.0,Udaipur,2019-07-17,69700.0,2019,7,17,0,0,1,1,0,1,0,0,0,0,0,0,1,0,0,0,0,0,0,0,0,0,0,1,0,0,0,0,0,0,1,0,0,0,0,0,0,0,0,0,1,0,0,1,0
CUST002457,Brijesh,Rastogi,30.0,Surat,2019-09-05,102100.0,2019,9,5,1,0,0,1,0,1,0,0,1,0,1,0,0,0,0,0,1,0,0,0,0,0,0,0,0,0,0,0,0,1,0,0,0,0,0,0,0,0,0,0,0,0,0,1,0
CUST002458,Yamini,Saraf,41.0,Bhubaneswar,2019-08-13,227900.0,2019,8,13,0,1,0,0,0,1,0,0,1,0,0,1,0,0,0,0,0,0,0,0,0,1,0,0,0,0,0,0,0,0,0,0,0,0,0,0,1,0,0,1,0,0,0,0,1
CUST002459,Dhruv,Deshmukh,44.0,Pune,2019-09-09,74300.0,2019,9,9,1,0,0,1,0,1,0,0,1,0,1,0,0,0,0,0,0,0,0,0,1,0,0,0,0,0,0,0,0,0,0,0,0,0,0,1,0,0,0,1,0,0,0,1,0
CUST002460,Wridesh,Hora,44.0,Kolkata,2020-12-16,77800.0,2020,12,16,0,0,1,1,0,1,0,0,1,0,0,0,1,0,0,0,0,0,0,0,0,0,0,0,0,0,0,1,0,0,0,0,0,0,0,0,0,0,0,1,0,0,0,1,0
CUST002461,Yagnesh,Rana,38.0,Ahmedabad,2021-03-12,7100.0,2021,3,12,0,0,0,1,0,1,0,0,1,0,0,0,0,0,0,0,1,0,0,0,0,0,0,0,0,0,0,0,0,0,0,1,0,0,0,0,0,0,0,1,0,0,0,0,0
CUST002462,Indira,Viswanathan,48.0,Indore,2018-09-09,131400.0,2018,9,9,1,0,0,0,0,1,0,0,0,0,1,0,0,0,0,0,0,0,0,1,0,0,0,0,0,0,0,0,0,1,0,0,0,0,0,0,0,0,0,1,0,0,0,1,0
CUST002463,Jatin,Kibe,44.0,Bhopal,2021-06-28,112300.0,2021,6,28,0,0,1,1,0,1,0,0,0,1,0,0,1,0,0,0,0,0,0,1,0,0,0,0,0,0,0,0,0,0,0,0,0,0,0,1,0,0,0,1,0,0,0,1,0
CUST002464,Balendra,Lata,22.0,Amritsar,2022-08-17,25000.0,2022,8,17,0,0,0,1,0,0,1,0,1,0,0,0,0,0,0,0,0,0,0,0,0,0,1,0,0,0,0,0,0,0,0,0,0,1,0,0,0,0,0,0,0,0,0,0,0
CUST002465,Upasna,Naik,49.0,Chennai,2020-05-07,78700.0,2020,5,7,0,0,1,0,0,1,0,0,0,0,0,0,1,0,0,0,0,0,0,0,0,0,0,0,1,0,0,0,0,0,0,0,0,0,0,1,0,0,0,1,0,0,0,1,0
CUST002466,Chaitanya,Chowdhury,50.0,Kanpur,2020-07-18,15200.0,2020,7,18,0,0,0,1,0,1,0,0,0,1,0,0,0,0,0,0,0,0,0,0,0,0,0,0,0,0,1,0,0,0,0,0,0,0,0,0,0,1,0,1,0,0,0,0,0
CUST002467,Samuel,Sampath,28.0,Hyderabad,2019-04-12,3000.0,2019,4,12,0,0,0,1,0,1,0,0,1,0,0,0,0,0,0,0,0,0,0,0,0,0,0,0,0,1,0,0,0,0,0,1,0,0,0,0,0,0,0,0,0,0,0,0,0
CUST002468,Jasmit,Pall,38.0,Hyderabad,2019-05-23,125900.0,2019,5,23,1,0,0,0,1,1,0,0,1,0,1,0,0,0,0,0,0,0,0,0,0,0,0,0,0,1,0,0,0,0,0,0,1,0,0,0,0,0,0,1,0,0,0,1,0
CUST002469,Ikshita,Nagi,47.0,New Delhi,2018-11-28,115300.0,2018,11,28,1,0,0,0,0,1,0,0,0,0,1,0,0,0,0,1,0,0,0,0,0,0,0,0,0,0,0,0,0,0,0,0,0,0,0,0,1,0,0,1,0,0,0,1,0
CUST002470,Pooja,Bajwa,35.0,Kanpur,2020-06-09,21400.0,2020,6,9,0,0,0,0,0,1,0,0,0,1,0,0,0,0,0,0,0,0,0,0,0,0,0,0,0,0,1,0,0,0,0,0,0,1,0,0,0,0,0,0,0,0,0,0,0
CUST002471,Michael,Gara,52.0,Ludhiana,2019-12-07,185500.0,2019,12,7,0,1,0,1,0,1,0,0,0,1,0,1,0,0,0,0,0,0,0,0,0,0,1,0,0,0,0,0,0,0,0,0,1,0,0,0,0,0,0,0,1,0,0,0,1
CUST002472,Pushti,Sathe,69.0,New Delhi,2018-12-13,12300.0,2018,12,13,0,0,0,0,0,1,0,0,1,0,0,0,0,0,0,1,0,0,0,0,0,0,0,0,0,0,0,0,0,0,0,0,0,0,1,0,0,0,0,0,0,1,0,0,0
CUST002473,Elijah,Sastry,28.0,Mumbai,2018-08-23,201500.0,2018,8,23,0,1,0,1,0,1,0,0,0,0,0,1,0,0,0,0,0,0,0,0,1,0,0,0,0,0,0,0,0,0,1,0,0,0,0,0,0,0,0,0,0,0,0,0,1
CUST002474,Anthony,Kaur,20.0,Kanpur,2024-08-16,9700.0,2024,8,16,0,0,0,1,0,0,1,0,1,0,0,0,0,0,0,0,0,0,0,0,0,0,0,0,0,0,1,0,0,0,0,0,0,0,0,0,0,1,0,0,0,0,0,0,0
CUST002475,Harish,Prakash,42.0,Kolkata,2019-06-22,119800.0,2019,6,22,1,0,0,1,0,1,0,0,0,1,1,0,0,0,0,0,0,0,0,0,0,0,0,0,0,0,0,1,0,0,0,0,0,0,0,0,1,0,0,1,0,0,0,1,0
CUST002476,Faras,Chada,47.0,Bhubaneswar,2021-03-12,17600.0,2021,3,12,0,0,0,1,0,1,0,0,1,0,0,0,0,0,0,0,0,0,0,0,0,1,0,0,0,0,0,0,0,0,0,0,0,0,0,0,0,1,0,1,0,0,0,0,0
CUST002477,Dayita,Bhagat,35.0,New Delhi,2021-07-22,60400.0,2021,7,22,0,0,1,0,0,1,0,0,0,1,0,0,1,0,0,1,0,0,0,0,0,0,0,0,0,0,0,0,0,0,0,0,0,0,0,0,0,0,1,0,0,0,1,0,0
CUST002478,Jairaj,Divan,57.0,Mumbai,2019-02-24,40800.0,2019,2,24,1,0,0,1,0,1,0,0,0,0,1,0,0,0,0,0,0,0,0,0,1,0,0,0,0,0,0,0,0,0,0,0,0,1,0,0,0,0,0,0,1,0,1,0,0
CUST002479,Mitali,Atwal,21.0,Chennai,2023-08-17,16200.0,2023,8,17,0,0,0,0,0,0,1,0,0,0,0,0,0,0,0,0,0,0,0,0,0,0,0,0,1,0,0,0,0,0,0,0,0,0,0,0,0,1,0,0,0,0,0,0,0
CUST002480,Pavani,Choudhry,47.0,Pune,2019-05-21,67400.0,2019,5,21,1,0,0,0,0,0,0,0,1,0,1,0,0,0,0,0,0,0,0,0,1,0,0,0,0,0,0,0,0,0,1,0,0,0,0,0,0,0,0,1,0,0,0,1,0
CUST002481,Niharika,Sengupta,30.0,Bengaluru,2020-10-14,60300.0,2020,10,14,0,0,1,0,0,1,0,0,1,0,0,0,1,0,0,0,0,1,0,0,0,0,0,0,0,0,0,0,0,0,1,0,0,0,0,0,0,0,0,0,0,0,1,0,0
CUST002482,Warinder,Bajaj,60.0,Pune,2019-09-15,15100.0,2019,9,15,0,0,0,1,0,1,0,0,0,1,0,0,0,0,0,0,0,0,0,0,1,0,0,0,0,0,0,0,0,0,0,0,0,0,1,0,0,0,0,0,1,0,0,0,0
CUST002483,Oni,Kadakia,64.0,Delhi,2020-09-04,362400.0,2020,9,4,1,0,0,0,0,1,0,0,0,1,1,0,0,0,0,1,0,0,0,0,0,0,0,0,0,0,0,0,0,0,0,0,0,0,0,0,0,0,0,0,1,0,0,0,1
CUST002484,Hitesh,Jani,38.0,Pune,2020-04-09,20200.0,2020,4,9,0,0,0,1,0,1,0,0,0,0,0,0,0,0,0,0,0,0,0,0,1,0,0,0,0,0,0,0,0,0,0,0,0,1,0,0,0,0,0,1,0,0,0,0,0
CUST002485,Kai,Subramanian,31.0,Bhubaneswar,2020-06-23,29100.0,2020,6,23,0,0,1,1,0,1,0,0,0,0,0,0,1,0,0,0,0,0,0,0,0,1,0,0,0,0,0,0,0,0,0,0,0,1,0,0,0,0,0,0,0,0,1,0,0
CUST002486,Lohit,Badami,49.0,Bengaluru,2018-11-19,64400.0,2018,11,19,1,0,0,0,1,1,0,0,0,0,1,0,0,0,0,0,0,1,0,0,0,0,0,0,0,0,0,0,0,0,1,0,0,0,0,0,0,0,0,1,0,0,1,0,0
CUST002487,Raghav,Vyas,33.0,Warangal,2020-12-03,6100.0,2020,12,3,0,0,0,1,0,1,0,0,0,0,0,0,0,0,0,0,0,0,0,0,0,0,0,0,0,1,0,0,0,0,0,1,0,0,0,0,0,0,0,0,0,0,0,0,0
CUST002488,Anthony,Kumer,37.0,Patna,2019-11-22,92400.0,2019,11,22,1,0,0,1,0,1,0,0,1,0,1,0,0,1,0,0,0,0,0,0,0,0,0,0,0,0,0,0,0,0,0,0,1,0,0,0,0,0,0,1,0,0,0,1,0
CUST002489,Harinakshi,Bhasin,38.0,Ahmedabad,2020-07-17,73700.0,2020,7,17,0,0,1,0,0,0,1,0,0,0,0,0,1,0,0,0,1,0,0,0,0,0,0,0,0,0,0,0,0,1,0,0,0,0,0,0,0,0,0,1,0,0,0,1,0
CUST002490,Lucky,Iyer,18.0,Kolkata,2026-07-11,12900.0,2026,7,11,0,0,0,1,0,0,1,0,0,1,0,0,0,0,0,0,0,0,0,0,0,0,0,0,0,0,0,1,0,0,0,0,0,0,0,0,0,1,0,0,0,0,0,0,0
CUST002491,Lopa,Bera,38.0,Ahmedabad,2019-12-07,87400.0,2019,12,7,1,0,0,0,0,1,0,0,1,0,1,0,0,0,0,0,1,0,0,0,0,0,0,0,0,0,0,0,0,0,0,0,1,0,0,0,0,0,0,1,0,0,0,1,0
CUST002492,Viraj,Anand,29.0,Kanpur,2018-11-08,14100.0,2018,11,8,0,0,1,1,0,1,0,0,1,0,0,0,1,0,0,0,0,0,0,0,0,0,0,0,0,0,1,0,0,0,0,0,0,0,0,0,0,1,0,0,0,0,0,0,0
CUST002493,Bahadurjit,Rama,32.0,Indore,2021-04-27,18100.0,2021,4,27,0,0,0,1,0,1,0,0,0,0,0,0,0,0,0,0,0,0,0,1,0,0,0,0,0,0,0,0,0,0,0,0,0,0,0,0,0,1,0,0,0,0,0,0,0
CUST002494,Krishna,Parsa,38.0,Howrah,2020-12-17,170800.0,2020,12,17,1,0,0,1,0,0,0,1,1,0,1,0,0,0,0,0,0,0,0,0,0,0,0,0,0,0,0,1,0,0,0,0,1,0,0,0,0,0,0,1,0,0,0,0,1
CUST002495,Chatura,Bahl,22.0,Indore,2022-08-17,8000.0,2022,8,17,0,0,0,1,0,0,1,0,0,1,0,0,0,0,0,0,0,0,0,1,0,0,0,0,0,0,0,0,0,0,0,0,0,0,0,0,0,1,0,0,0,0,0,0,0
CUST002496,Madhav,Raju,49.0,Coimbatore,2020-07-08,36900.0,2020,7,8,0,0,1,1,0,0,1,0,1,0,0,0,1,0,0,0,0,0,0,0,0,0,0,0,1,0,0,0,0,0,0,0,0,1,0,0,0,0,0,1,0,0,1,0,0
CUST002497,Kala,Rai,34.0,Bengaluru,2021-02-16,231800.0,2021,2,16,1,0,0,0,0,1,0,0,1,0,1,0,0,0,0,0,0,1,0,0,0,0,0,0,0,0,0,0,1,0,0,0,0,0,0,0,0,0,0,0,0,0,0,0,1
CUST002498,Yashoda,Chaudhary,34.0,Indore,2020-02-12,16600.0,2020,2,12,0,0,1,0,0,0,1,0,0,1,0,0,1,0,0,0,0,0,0,1,0,0,0,0,0,0,0,0,0,0,0,0,0,0,1,0,0,0,0,0,0,0,0,0,0
CUST002499,Nisha,Sundaram,48.0,Madurai,2019-09-02,99700.0,2019,9,2,1,0,0,0,0,1,0,0,0,1,1,0,0,0,0,0,0,0,0,0,0,0,0,0,1,0,0,0,0,0,0,0,1,0,0,0,0,0,0,1,0,0,0,1,0
CUST002500,Chaitanya,Grewal,42.0,Patna,2021-06-28,164900.0,2021,6,28,1,0,0,1,0,1,0,0,0,0,1,0,0,1,0,0,0,0,0,0,0,0,0,0,0,0,0,0,0,1,0,0,0,0,0,0,0,0,0,1,0,0,0,0,1
CUST002501,Ira,Tella,45.0,Mumbai,2020-10-01,11000.0,2020,10,1,0,0,0,0,0,1,0,0,0,1,0,0,0,0,0,0,0,0,0,0,1,0,0,0,0,0,0,0,0,0,0,1,0,0,0,0,0,0,0,1,0,0,0,0,0
CUST002502,Vasudha,Bains,51.0,Hyderabad,2019-03-13,291500.0,2019,3,13,0,1,0,0,0,1,0,0,1,0,0,1,0,0,0,0,0,0,0,0,0,0,0,0,0,1,0,0,0,0,0,0,0,0,0,0,1,0,0,0,1,0,0,0,1
CUST002503,Anusha,Kota,34.0,Guwahati,2020-01-24,171600.0,2020,1,24,1,0,0,0,0,1,0,0,0,1,1,0,0,0,0,0,0,0,0,0,0,0,0,0,0,0,0,0,0,0,0,0,1,0,0,0,0,0,0,0,0,0,0,0,1
CUST002504,Michael,Nath,30.0,New Delhi,2021-07-08,115700.0,2021,7,8,1,0,0,1,0,1,0,0,0,0,1,0,0,0,0,1,0,0,0,0,0,0,0,0,0,0,0,0,0,0,0,0,0,0,0,0,0,0,0,0,0,0,0,1,0
CUST002505,Wishi,Ramaswamy,24.0,Guwahati,2020-10-11,26300.0,2020,10,11,0,0,1,0,0,1,0,0,1,0,0,0,1,0,0,0,0,0,0,0,0,0,0,0,0,0,0,0,0,0,0,0,0,1,0,0,0,0,0,0,0,0,0,0,0
CUST002506,Gaurangi,Badami,27.0,Bhubaneswar,2019-09-16,113400.0,2019,9,16,1,0,0,0,0,0,1,0,1,0,1,0,0,0,0,0,0,0,0,0,0,1,0,0,0,0,0,0,0,0,0,0,1,0,0,0,0,0,0,0,0,0,0,1,0
CUST002507,Oscar,Pandey,75.0,Indore,2021-01-10,41700.0,2021,1,10,0,0,1,1,0,0,0,1,0,1,0,0,1,0,0,0,0,0,0,1,0,0,0,0,0,0,0,0,0,0,0,0,0,0,1,0,0,0,0,0,0,1,1,0,0
CUST002508,Raagini,Mittal,54.0,Kolkata,2019-02-22,35800.0,2019,2,22,0,0,1,0,0,1,0,0,0,1,0,0,1,0,0,0,0,0,0,0,0,0,0,0,0,0,0,1,0,0,0,0,0,1,0,0,0,0,0,0,1,0,1,0,0
CUST002509,Jacob,Thaker,20.0,Ahmedabad,2024-08-16,14200.0,2024,8,16,0,0,0,1,0,0,1,0,1,0,0,0,0,0,0,0,1,0,0,0,0,0,0,0,0,0,0,0,0,0,0,0,0,0,0,0,0,1,0,0,0,0,0,0,0
CUST002510,Manya,Bhatia,21.0,Bhopal,2023-08-17,14400.0,2023,8,17,0,0,0,0,0,0,1,0,0,0,0,0,0,0,0,0,0,0,0,1,0,0,0,0,0,0,0,0,0,0,0,0,0,0,0,0,0,1,0,0,0,0,0,0,0
CUST002511,Lavanya,Ram,44.0,Udaipur,2018-11-17,232100.0,2018,11,17,0,1,0,0,0,1,0,0,1,0,0,1,0,0,0,0,0,0,0,0,0,0,0,1,0,0,0,0,0,0,0,0,0,0,0,0,0,0,0,1,0,0,0,0,1
CUST002512,Amruta,Mammen,45.0,Kolkata,2020-06-13,142500.0,2020,6,13,1,0,0,0,0,1,0,0,0,0,1,0,0,0,0,0,0,0,0,0,0,0,0,0,0,0,0,1,0,0,0,0,1,0,0,0,0,0,0,1,0,0,0,0,1
CUST002513,Isaiah,Doshi,45.0,Amritsar,2020-12-02,177300.0,2020,12,2,1,0,0,1,0,1,0,0,0,0,1,0,0,0,0,0,0,0,0,0,0,0,1,0,0,0,0,0,0,1,0,0,0,0,0,0,0,0,0,1,0,0,0,0,1
CUST002514,Onkar,Ramaswamy,35.0,Ahmedabad,2019-08-23,31000.0,2019,8,23,0,0,1,1,0,1,0,0,1,0,0,0,1,0,0,0,1,0,0,0,0,0,0,0,0,0,0,0,0,0,0,0,0,1,0,0,0,0,0,0,0,0,1,0,0
CUST002515,Ekantika,Chahal,36.0,Amritsar,2019-11-27,115200.0,2019,11,27,1,0,0,0,0,1,0,0,0,1,1,0,0,0,0,0,0,0,0,0,0,0,1,0,0,0,0,0,0,0,0,0,0,1,0,0,0,0,0,1,0,0,0,1,0
CUST002516,Rayaan,Verma,42.0,Mumbai,2020-08-14,155200.0,2020,8,14,1,0,0,1,0,1,0,0,0,0,1,0,0,0,0,0,0,0,0,0,1,0,0,0,0,0,0,0,0,1,0,0,0,0,0,0,0,0,0,1,0,0,0,0,1
CUST002517,Ishaan,Sahni,39.0,Pune,2020-08-05,43400.0,2020,8,5,0,0,1,1,0,1,0,0,0,1,0,0,1,0,0,0,0,0,0,0,1,0,0,0,0,0,0,0,0,0,0,0,0,0,1,0,0,0,0,1,0,0,1,0,0
CUST002518,Kavya,Dua,18.0,Chennai,2026-07-11,10900.0,2026,7,11,0,0,0,0,0,0,0,0,0,0,0,0,0,0,0,0,0,0,0,0,0,0,0,0,1,0,0,0,0,0,0,0,0,0,0,0,0,1,0,0,0,0,0,0,0
CUST002519,Tanay,Muni,35.0,Hyderabad,2020-10-01,47100.0,2020,10,1,0,0,1,1,0,1,0,0,0,0,0,0,1,0,0,0,0,0,0,0,0,0,0,0,0,1,0,0,0,0,1,0,0,0,0,0,0,0,0,0,0,0,1,0,0
CUST002520,Nitesh,Sen,27.0,Udaipur,2019-06-30,46200.0,2019,6,30,0,0,1,1,0,0,0,0,0,0,0,0,1,0,0,0,0,0,0,0,0,0,0,1,0,0,0,0,0,0,0,0,0,0,0,1,0,0,0,0,0,0,1,0,0
CUST002521,Dominic,Jhaveri,40.0,Nagpur,2019-09-03,22500.0,2019,9,3,0,0,1,1,0,1,0,0,1,0,0,0,1,0,0,0,0,0,0,0,1,0,0,0,0,0,0,0,0,0,0,0,0,0,0,0,0,1,0,1,0,0,0,0,0
CUST002522,Ekapad,Jain,75.0,Amritsar,2020-04-20,231700.0,2020,4,20,1,0,0,1,0,1,0,0,0,1,1,0,0,0,0,0,0,0,0,0,0,0,1,0,0,0,0,0,0,0,0,0,0,0,0,0,1,0,0,0,0,1,0,0,1
CUST002523,Ekantika,More,43.0,Bengaluru,2020-06-06,203000.0,2020,6,6,1,0,0,0,0,1,0,0,1,0,1,0,0,0,0,0,0,1,0,0,0,0,0,0,0,0,0,0,0,0,0,0,1,0,0,0,0,0,0,1,0,0,0,0,1
CUST002524,Zaitra,Deshmukh,34.0,Hyderabad,2020-07-12,179200.0,2020,7,12,1,0,0,0,0,0,1,0,1,0,1,0,0,0,0,0,0,0,0,0,0,0,0,0,0,1,0,0,0,0,0,0,1,0,0,0,0,0,0,0,0,0,0,0,1
CUST002525,Upasna,Dhillon,50.0,Bengaluru,2020-10-10,105500.0,2020,10,10,1,0,0,0,0,0,1,0,1,0,1,0,0,0,0,0,0,1,0,0,0,0,0,0,0,0,0,0,0,0,1,0,0,0,0,0,0,0,0,1,0,0,0,1,0
CUST002526,Gaurangi,Nadkarni,44.0,Kolkata,2021-05-14,67500.0,2021,5,14,0,0,1,0,0,1,0,0,1,0,0,0,1,0,0,0,0,0,0,0,0,0,0,0,0,0,0,1,0,0,1,0,0,0,0,0,0,0,0,1,0,0,0,1,0
CUST002527,Bhavna,Walia,43.0,Mumbai,2020-10-26,83100.0,2020,10,26,0,0,1,0,0,1,0,0,0,0,0,0,1,0,0,0,0,0,0,0,1,0,0,0,0,0,0,0,0,0,1,0,0,0,0,0,0,0,0,1,0,0,0,1,0
CUST002528,Dhriti,Gour,46.0,Pune,2020-08-29,88200.0,2020,8,29,0,0,1,0,0,1,0,0,0,1,0,0,1,0,0,0,0,0,0,0,1,0,0,0,0,0,0,0,0,0,0,0,0,0,0,1,0,0,0,1,0,0,0,1,0
CUST002529,Nathan,Dhingra,65.0,Vadodara,2019-12-25,586600.0,2019,12,25,0,1,0,1,0,0,0,0,0,0,0,1,0,0,0,0,1,0,0,0,0,0,0,0,0,0,0,0,0,0,0,0,0,0,0,0,0,0,0,0,1,0,0,0,1
CUST002530,Amruta,Nagar,23.0,Delhi,2021-08-16,164700.0,2021,8,16,0,0,1,0,0,0,1,0,0,0,0,0,1,0,0,1,0,0,0,0,0,0,0,0,0,0,0,0,1,0,0,0,0,0,0,0,0,0,0,0,0,0,0,0,1
CUST002531,Samuel,Sabharwal,44.0,Delhi,2020-06-09,237000.0,2020,6,9,1,0,0,1,0,1,0,0,1,0,1,0,0,0,0,1,0,0,0,0,0,0,0,0,0,0,0,0,0,0,0,0,0,0,0,0,1,0,0,1,0,0,0,0,1
CUST002532,Nidra,Savant,26.0,Jodhpur,2018-10-16,58400.0,2018,10,16,0,0,1,0,0,1,0,0,1,0,0,0,1,0,0,0,0,0,0,0,0,0,0,1,0,0,0,0,0,0,1,0,0,0,0,0,0,0,0,0,0,0,1,0,0
CUST002533,Mahika,Doshi,45.0,Pune,2019-02-22,149500.0,2019,2,22,1,0,0,0,0,0,1,0,1,0,1,0,0,0,0,0,0,0,0,0,1,0,0,0,0,0,0,0,0,1,0,0,0,0,0,0,0,0,0,1,0,0,0,0,1
CUST002534,Girindra,Chhabra,26.0,Warangal,2018-09-02,152300.0,2018,9,2,1,0,0,1,0,0,1,0,0,0,1,0,0,0,0,0,0,0,0,0,0,0,0,0,0,1,0,0,0,0,0,0,1,0,0,0,0,0,0,0,0,0,0,0,1
CUST002535,Ekaja,Goyal,38.0,Mumbai,2018-12-30,209500.0,2018,12,30,0,1,0,0,0,1,0,0,0,0,0,1,0,0,0,0,0,0,0,0,1,0,0,0,0,0,0,0,0,0,0,0,0,0,0,0,1,0,0,1,0,0,0,0,1
CUST002536,Agastya,Loke,34.0,Mysuru,2019-10-10,71900.0,2019,10,10,0,0,1,1,0,1,0,0,0,1,0,0,1,0,0,0,0,1,0,0,0,0,0,0,0,0,0,0,0,0,1,0,0,0,0,0,0,0,0,0,0,0,0,1,0
CUST002537,Kala,Kata,51.0,Ahmedabad,2019-10-30,154400.0,2019,10,30,1,0,0,0,0,1,0,0,0,0,1,0,0,0,0,0,1,0,0,0,0,0,0,0,0,0,0,0,0,1,0,0,0,0,0,0,0,0,0,0,1,0,0,0,1
CUST002538,Jack,Bal,50.0,Pune,2021-03-27,79600.0,2021,3,27,0,0,1,1,0,1,0,0,0,0,0,0,1,0,0,0,0,0,0,0,1,0,0,0,0,0,0,0,0,0,0,0,0,0,0,1,0,0,0,1,0,0,0,1,0
CUST002539,Rachita,Buch,22.0,Indore,2022-08-17,12000.0,2022,8,17,0,0,0,0,0,0,1,0,1,0,0,0,0,0,0,0,0,0,0,1,0,0,0,0,0,0,0,0,0,0,0,0,0,0,0,0,0,1,0,0,0,0,0,0,0
CUST002540,William,Desai,39.0,Kochi,2019-10-29,13200.0,2019,10,29,0,0,0,1,0,1,0,0,0,0,0,0,0,0,0,0,0,0,1,0,0,0,0,0,0,0,0,0,0,0,0,0,0,0,0,0,0,1,0,1,0,0,0,0,0
CUST002541,Zayan,Singh,29.0,Pune,2020-02-08,106100.0,2020,2,8,1,0,0,1,0,1,0,0,0,0,1,0,0,0,0,0,0,0,0,0,1,0,0,0,0,0,0,0,0,0,0,0,1,0,0,0,0,0,0,0,0,0,0,1,0
CUST002542,Rachit,Gour,22.0,Ludhiana,2022-08-17,16800.0,2022,8,17,0,0,0,1,0,0,1,0,0,0,0,0,0,0,0,0,0,0,0,0,0,0,1,0,0,0,0,0,0,0,0,0,0,0,0,0,0,1,0,0,0,0,0,0,0
CUST002543,Rishi,Swamy,35.0,Bengaluru,2020-04-17,196300.0,2020,4,17,1,0,0,1,0,1,0,0,1,0,1,0,0,0,0,0,0,1,0,0,0,0,0,0,0,0,0,0,1,0,0,0,0,0,0,0,0,0,0,0,0,0,0,0,1
CUST002544,Warjas,Devan,34.0,Pune,2020-01-20,10900.0,2020,1,20,0,0,0,1,0,1,0,0,1,0,0,0,0,0,0,0,0,0,0,0,1,0,0,0,0,0,0,0,0,0,0,1,0,0,0,0,0,0,0,0,0,0,0,0,0
CUST002545,Gautami,Hans,70.0,Mumbai,2020-06-06,47500.0,2020,6,6,0,0,1,0,0,1,0,0,1,0,0,0,1,0,0,0,0,0,0,0,1,0,0,0,0,0,0,0,0,0,0,0,0,0,1,0,0,0,0,0,0,1,1,0,0
CUST002546,Isaiah,Bali,44.0,Hyderabad,2019-06-22,144500.0,2019,6,22,1,0,0,1,0,1,0,0,1,0,1,0,0,0,0,0,0,0,0,0,0,0,0,0,0,1,0,0,0,0,0,0,1,0,0,0,0,0,0,1,0,0,0,0,1
CUST002547,Samarth,Aurora,20.0,Kolkata,2024-08-16,21100.0,2024,8,16,0,0,0,1,0,0,1,0,0,0,0,0,0,0,0,0,0,0,0,0,0,0,0,0,0,0,0,1,0,0,0,0,0,1,0,0,0,0,0,0,0,0,0,0,0
CUST002548,Krishna,Sachar,38.0,Bengaluru,2019-02-07,23000.0,2019,2,7,0,0,1,1,0,1,0,0,0,1,0,0,1,0,0,0,0,1,0,0,0,0,0,0,0,0,0,0,0,0,0,0,0,1,0,0,0,0,0,1,0,0,0,0,0
CUST002549,Janya,Jain,51.0,Varanasi,2019-04-08,72500.0,2019,4,8,1,0,0,0,0,1,0,0,0,1,1,0,0,0,0,0,0,0,0,0,0,0,0,0,0,0,1,0,0,0,1,0,0,0,0,0,0,0,0,0,1,0,0,1,0
CUST002550,Ishani,Bhatti,65.0,Ahmedabad,2021-08-01,11200.0,2021,8,1,0,0,0,0,0,0,0,1,0,1,0,0,0,0,0,0,1,0,0,0,0,0,0,0,0,0,0,0,0,0,0,1,0,0,0,0,0,0,0,0,1,0,0,0,0
CUST002551,Hema,Sarna,18.0,Mysuru,2026-07-11,16600.0,2026,7,11,0,0,0,0,0,0,1,0,1,0,0,0,0,0,0,0,0,1,0,0,0,0,0,0,0,0,0,0,0,0,0,0,0,0,0,0,0,0,0,0,0,0,0,0,0
CUST002552,Wishi,Nair,18.0,Surat,2026-07-11,13300.0,2026,7,11,0,0,0,0,0,0,1,0,1,0,0,0,0,0,0,0,1,0,0,0,0,0,0,0,0,0,0,0,0,0,0,0,0,0,0,0,0,1,0,0,0,0,0,0,0
CUST002553,Veer,Koshy,62.0,Guwahati,2018-12-17,17500.0,2018,12,17,0,0,1,1,0,1,0,0,1,0,0,0,1,0,0,0,0,0,0,0,0,0,0,0,0,0,0,0,0,0,0,0,0,0,1,0,0,0,0,0,1,0,0,0,0
CUST002554,Tanay,Ravel,38.0,Pune,2021-01-12,229500.0,2021,1,12,1,0,0,1,0,1,0,0,1,0,1,0,0,0,0,0,0,0,0,0,1,0,0,0,0,0,0,0,1,0,0,0,0,0,0,0,0,0,0,1,0,0,0,0,1
CUST002555,Ansh,Rai,27.0,Bengaluru,2020-04-22,65800.0,2020,4,22,1,0,0,1,0,1,0,0,1,0,1,0,0,0,0,0,0,1,0,0,0,0,0,0,0,0,0,0,0,0,0,0,0,0,0,0,1,0,0,0,0,0,1,0,0
CUST002556,Nirja,Ramesh,45.0,Chennai,2019-05-18,65800.0,2019,5,18,1,0,0,0,0,1,0,0,1,0,1,0,0,0,0,0,0,0,0,0,0,0,0,0,1,0,0,0,0,0,0,0,0,0,0,0,1,0,0,1,0,0,1,0,0
CUST002557,Balvan,Verma,18.0,Chennai,2026-07-11,12300.0,2026,7,11,0,0,0,0,1,0,1,0,0,0,0,0,0,0,0,0,0,0,0,0,0,0,0,0,1,0,0,0,0,0,0,0,0,0,0,0,0,1,0,0,0,0,0,0,0
CUST002558,Darika,Seth,38.0,Madurai,2020-05-18,106100.0,2020,5,18,1,0,0,0,0,1,0,0,0,1,1,0,0,0,0,0,0,0,0,0,0,0,0,0,1,0,0,0,0,0,0,0,0,0,0,1,0,0,0,1,0,0,0,1,0
CUST002559,Vedant,Basak,42.0,Bengaluru,2019-08-04,159100.0,2019,8,4,1,0,0,1,0,1,0,0,0,1,1,0,0,0,0,0,0,1,0,0,0,0,0,0,0,0,0,0,0,1,0,0,0,0,0,0,0,0,0,1,0,0,0,0,1
CUST002560,Jason,Venkataraman,50.0,Ahmedabad,2019-12-24,219900.0,2019,12,24,0,1,0,1,0,1,0,0,0,1,0,1,0,0,0,0,1,0,0,0,0,0,0,0,0,0,0,0,0,0,0,0,0,0,0,0,0,0,0,1,0,0,0,0,1
CUST002561,Rudra,Baral,25.0,Howrah,2020-10-18,146800.0,2020,10,18,1,0,0,1,0,1,0,0,1,0,1,0,0,0,0,0,0,0,0,0,0,0,0,0,0,0,0,1,0,1,0,0,0,0,0,0,0,0,0,0,0,0,0,0,1
CUST002562,Sara,Varty,39.0,Kolkata,2019-09-08,32600.0,2019,9,8,0,0,1,0,0,1,0,0,1,0,0,0,1,0,0,0,0,0,0,0,0,0,0,0,0,0,0,1,0,0,0,0,0,1,0,0,0,0,0,1,0,0,1,0,0
CUST002563,Aryan,Gupta,38.0,Pune,2021-01-04,22700.0,2021,1,4,0,0,0,1,0,1,0,0,0,0,0,0,0,0,0,0,0,0,0,0,1,0,0,0,0,0,0,0,0,0,0,1,0,0,0,0,0,0,0,1,0,0,0,0,0
CUST002564,Mugdha,Sarraf,41.0,Chennai,2019-07-18,25500.0,2019,7,18,0,0,1,0,0,0,0,1,0,1,0,0,1,0,0,0,0,0,0,0,0,0,0,0,1,0,0,0,0,0,0,0,0,1,0,0,0,0,0,1,0,0,0,0,0
CUST002565,Rushil,Modi,26.0,Hyderabad,2021-08-13,45800.0,2021,8,13,0,0,0,1,0,1,0,0,1,0,0,0,0,0,0,0,0,0,0,0,0,0,0,0,0,1,0,0,0,0,1,0,0,0,0,0,0,0,0,0,0,0,1,0,0
CUST002566,Mekhala,Shenoy,33.0,Chennai,2019-12-24,76400.0,2019,12,24,1,0,0,0,0,0,0,0,0,0,1,0,0,0,0,0,0,0,0,0,0,0,0,0,1,0,0,0,0,0,0,0,0,0,0,0,1,0,0,0,0,0,0,1,0
CUST002567,Geetika,Sami,25.0,Kochi,2020-06-03,102500.0,2020,6,3,0,0,1,0,0,0,1,0,0,1,0,0,1,0,0,0,0,0,1,0,0,0,0,0,0,0,0,0,0,1,0,0,0,0,0,0,0,0,0,0,0,0,0,1,0
CUST002568,Nandini,Bhagat,46.0,Chennai,2020-09-18,108100.0,2020,9,18,0,0,1,0,0,0,1,0,0,1,0,0,1,0,0,0,0,0,0,0,0,0,0,0,1,0,0,0,0,0,0,0,0,0,0,0,1,0,0,1,0,0,0,1,0
CUST002569,Yauvani,Dhar,49.0,Mumbai,2020-01-29,182200.0,2020,1,29,0,1,0,0,0,1,0,0,0,1,0,1,0,0,0,0,0,0,0,0,1,0,0,0,0,0,0,0,0,0,0,0,1,0,0,0,0,0,0,1,0,0,0,0,1
CUST002570,Vedika,Seth,35.0,Warangal,2019-09-09,52700.0,2019,9,9,0,0,1,0,0,0,1,0,0,1,0,0,1,0,0,0,0,0,0,0,0,0,0,0,0,1,0,0,0,0,0,0,0,0,0,0,0,0,1,0,0,0,1,0,0
CUST002571,Chandani,Tella,38.0,Kanpur,2018-09-24,93500.0,2018,9,24,1,0,0,0,0,1,0,0,0,1,1,0,0,0,0,0,0,0,0,0,0,0,0,0,0,0,1,0,0,0,0,0,0,0,0,1,0,0,0,1,0,0,0,1,0
CUST002572,Dayita,Gole,19.0,Udaipur,2025-08-16,9600.0,2025,8,16,0,0,0,0,0,0,1,0,0,1,0,0,0,0,0,0,0,0,0,0,0,0,0,1,0,0,0,0,0,0,0,0,0,0,0,0,0,1,0,0,0,0,0,0,0
CUST002573,Ekanta,Ramaswamy,34.0,Chennai,2019-06-22,87700.0,2019,6,22,1,0,0,0,0,1,0,0,0,0,1,0,0,0,0,0,0,0,0,0,0,0,0,0,1,0,0,0,0,0,0,0,0,0,0,1,0,0,0,0,0,0,0,1,0
CUST002574,Odika,Naik,37.0,New Delhi,2020-03-09,55700.0,2020,3,9,0,0,1,0,1,1,0,0,0,1,0,0,1,0,0,1,0,0,0,0,0,0,0,0,0,0,0,0,0,0,1,0,0,0,0,0,0,0,0,1,0,0,1,0,0
CUST002575,Varenya,Bakshi,38.0,Chennai,2020-06-13,255000.0,2020,6,13,1,0,0,0,0,0,0,1,0,1,1,0,0,0,0,0,0,0,0,0,0,0,0,0,1,0,0,0,0,0,0,0,0,0,0,0,1,0,0,1,0,0,0,0,1
CUST002576,Hemal,Setty,24.0,Kolkata,2021-07-12,17000.0,2021,7,12,0,0,0,0,0,1,0,0,0,1,0,0,0,0,0,0,0,0,0,0,0,0,0,0,0,0,0,1,0,0,0,0,0,1,0,0,0,0,0,0,0,0,0,0,0
CUST002577,Isha,Sha,57.0,Ludhiana,2020-07-19,116100.0,2020,7,19,1,0,0,0,0,1,0,0,0,1,1,0,0,0,0,0,0,0,0,0,0,0,1,0,0,0,0,0,0,1,0,0,0,0,0,0,0,0,0,0,1,0,0,1,0
CUST002578,Chakradev,Krishna,51.0,Howrah,2019-01-30,130000.0,2019,1,30,1,0,0,1,0,1,0,0,1,0,1,0,0,0,0,0,0,0,0,0,0,0,0,0,0,0,0,1,0,0,0,0,0,0,0,1,0,0,0,0,1,0,0,1,0
CUST002579,Neel,Gade,42.0,Ahmedabad,2020-06-21,117500.0,2020,6,21,1,0,0,1,0,1,0,0,0,0,1,0,0,0,0,0,1,0,0,0,0,0,0,0,0,0,0,0,0,0,0,0,1,0,0,0,0,0,0,1,0,0,0,1,0
CUST002580,David,Chand,61.0,Chennai,2020-03-28,215000.0,2020,3,28,1,0,0,1,0,1,0,0,0,0,1,0,0,0,0,0,0,0,0,0,0,0,0,0,1,0,0,0,0,0,0,0,0,0,0,0,0,0,0,0,1,0,0,0,1
CUST002581,Deepa,Sengupta,38.0,Hyderabad,2020-10-22,163200.0,2020,10,22,1,0,0,0,0,1,0,0,0,0,1,0,0,0,0,0,0,0,0,0,0,0,0,0,0,1,0,0,0,0,0,0,0,0,0,0,1,0,0,1,0,0,0,0,1
CUST002582,Radhika,Chada,38.0,Lucknow,2020-10-20,65800.0,2020,10,20,1,0,0,0,0,1,0,0,1,0,1,0,0,0,0,0,0,0,0,0,0,0,0,0,0,0,1,0,0,0,0,0,0,0,0,0,0,0,0,1,0,0,1,0,0
CUST002583,Rehaan,Vaidya,37.0,Chennai,2021-06-09,52300.0,2021,6,9,0,0,1,1,0,0,1,0,1,0,0,0,1,0,0,0,0,0,0,0,0,0,0,0,1,0,0,0,0,0,0,0,0,0,0,1,0,0,0,1,0,0,1,0,0
CUST002584,Gauri,Radhakrishnan,54.0,Ludhiana,2019-10-14,65800.0,2019,10,14,1,0,0,0,0,1,0,0,1,0,1,0,0,0,0,0,0,0,0,0,0,0,1,0,0,0,0,0,0,0,0,0,1,0,0,0,0,0,0,0,1,0,1,0,0
CUST002585,Sachi,Bassi,52.0,Chennai,2020-04-12,40700.0,2020,4,12,0,0,1,0,0,1,0,0,0,0,0,0,1,0,0,0,0,0,0,0,0,0,0,0,1,0,0,0,0,0,0,0,0,1,0,0,0,0,0,0,1,0,1,0,0
CUST002586,Frederick,Nayak,30.0,Mumbai,2019-10-22,12200.0,2019,10,22,0,0,1,1,0,0,1,0,1,0,0,0,1,0,0,0,0,0,0,0,1,0,0,0,0,0,0,0,0,0,0,0,0,0,0,0,0,1,0,0,0,0,0,0,0
CUST002587,Falguni,Gaba,21.0,Ahmedabad,2023-08-17,5100.0,2023,8,17,0,0,0,0,0,0,1,0,0,0,0,0,0,0,0,0,1,0,0,0,0,0,0,0,0,0,0,0,0,0,0,0,0,0,0,0,0,1,0,0,0,0,0,0,0
CUST002588,Eta,Gola,35.0,Mumbai,2019-03-25,30600.0,2019,3,25,0,0,1,0,0,1,0,0,1,0,0,0,1,0,0,0,0,0,0,0,1,0,0,0,0,0,0,0,0,0,0,0,0,1,0,0,0,0,0,0,0,0,1,0,0
CUST002589,Atharv,Saini,28.0,New Delhi,2019-05-16,65800.0,2019,5,16,1,0,0,1,0,1,0,0,1,0,1,0,0,0,0,1,0,0,0,0,0,0,0,0,0,0,0,0,0,1,0,0,0,0,0,0,0,0,0,0,0,0,1,0,0
CUST002590,Nikita,More,37.0,Mysuru,2019-04-24,40100.0,2019,4,24,0,0,1,0,0,1,0,0,1,0,0,0,1,0,0,0,0,1,0,0,0,0,0,0,0,0,0,0,0,0,0,0,0,1,0,0,0,0,0,1,0,0,1,0,0
CUST002591,Vansha,Mani,54.0,Vadodara,2020-02-16,12700.0,2020,2,16,0,0,1,0,0,1,0,0,0,0,0,0,1,0,0,0,1,0,0,0,0,0,0,0,0,0,0,0,0,0,0,0,0,0,0,0,0,1,0,0,1,0,0,0,0
CUST002592,Gautam,Dalal,32.0,Chennai,2020-07-24,10500.0,2020,7,24,0,0,0,1,0,0,1,0,0,0,0,0,0,0,0,0,0,0,0,0,0,0,0,0,1,0,0,0,0,0,0,0,0,0,0,0,0,1,0,0,0,0,0,0,0
CUST002593,Dominic,Jain,37.0,Mumbai,2018-10-28,243000.0,2018,10,28,0,1,0,1,0,0,1,0,1,0,0,1,0,0,0,0,0,0,0,0,1,0,0,0,0,0,0,0,0,0,0,0,0,0,0,0,1,0,0,1,0,0,0,0,1
CUST002594,Aarush,Kulkarni,39.0,Kolkata,2021-06-18,182900.0,2021,6,18,1,0,0,0,1,1,0,0,1,0,1,0,0,0,0,0,0,0,0,0,0,0,0,0,0,0,0,1,0,1,0,0,0,0,0,0,0,0,0,1,0,0,0,0,1
CUST002595,Abeer,Shanker,49.0,Hyderabad,2021-03-02,75300.0,2021,3,2,0,0,1,1,0,0,1,0,0,0,0,0,1,0,0,0,0,0,0,0,0,0,0,0,0,1,0,0,0,0,0,0,0,0,0,0,0,0,1,1,0,0,0,1,0
CUST002596,Yuvraj,Tara,18.0,Kochi,2026-07-11,65800.0,2026,7,11,0,0,0,1,0,0,1,0,1,0,0,0,0,0,0,0,0,0,1,0,0,0,0,0,0,0,0,0,0,0,0,0,0,0,0,1,0,0,0,0,0,0,1,0,0
CUST002597,Aarnav,Tak,30.0,Chennai,2019-10-14,9500.0,2019,10,14,0,0,0,1,0,0,1,0,1,0,0,0,0,0,0,0,0,0,0,0,0,0,0,0,1,0,0,0,0,0,0,0,0,0,0,0,0,1,0,0,0,0,0,0,0
CUST002598,Kashish,Kalla,41.0,Ahmedabad,2021-08-07,46800.0,2021,8,7,0,0,0,0,0,1,0,0,0,0,0,0,0,0,0,0,1,0,0,0,0,0,0,0,0,0,0,0,0,0,0,0,0,0,1,0,0,0,0,1,0,0,1,0,0
CUST002599,Vyanjana,Setty,54.0,Delhi,2019-06-20,65800.0,2019,6,20,1,0,0,0,0,0,1,0,0,1,1,0,0,0,0,1,0,0,0,0,0,0,0,0,0,0,0,0,0,1,0,0,0,0,0,0,0,0,0,0,1,0,1,0,0
CUST002600,Tara,Sathe,32.0,Jaipur,2019-12-13,27600.0,2019,12,13,0,0,1,0,0,1,0,0,1,0,0,0,1,0,0,0,0,0,0,0,0,0,0,1,0,0,0,0,0,0,0,0,0,1,0,0,0,0,0,0,0,0,1,0,0
CUST002601,Balveer,Ahuja,18.0,Ahmedabad,2026-07-11,23300.0,2026,7,11,0,0,0,1,0,0,1,0,1,0,0,0,0,0,0,0,1,0,0,0,0,0,0,0,0,0,0,0,0,0,0,0,0,1,0,0,0,0,0,0,0,0,0,0,0
CUST002602,Krisha,Mall,46.0,Patna,2020-05-09,185200.0,2020,5,9,1,0,0,0,0,1,0,0,1,0,1,0,0,1,0,0,0,0,0,0,0,0,0,0,0,0,0,0,0,0,0,0,0,0,0,0,1,0,0,1,0,0,0,0,1
CUST002603,Hemang,Bawa,30.0,Mumbai,2020-01-25,143400.0,2020,1,25,1,0,0,1,0,0,1,0,0,1,1,0,0,0,0,0,0,0,0,0,1,0,0,0,0,0,0,0,0,0,0,0,1,0,0,0,0,0,0,0,0,0,0,0,1
CUST002604,George,Divan,23.0,Chennai,2021-08-16,47600.0,2021,8,16,0,0,0,1,0,0,1,0,0,1,0,0,0,0,0,0,0,0,0,0,0,0,0,0,1,0,0,0,0,0,0,0,0,0,0,1,0,0,0,0,0,0,1,0,0
CUST002605,Ayaan,Palla,38.0,Ahmedabad,2021-04-19,25300.0,2021,4,19,0,0,0,1,0,1,0,0,1,0,0,0,0,0,0,0,1,0,0,0,0,0,0,0,0,0,0,0,0,0,0,0,0,1,0,0,0,0,0,1,0,0,0,0,0
CUST002606,Andrew,Dhillon,36.0,Pune,2020-10-03,66000.0,2020,10,3,0,0,1,1,0,1,0,0,0,0,0,0,1,0,0,0,0,0,0,0,1,0,0,0,0,0,0,0,0,0,1,0,0,0,0,0,0,0,0,1,0,0,0,1,0
CUST002607,Anamika,Misra,30.0,Hyderabad,2019-07-01,65800.0,2019,7,1,0,0,0,0,0,1,0,0,0,1,0,0,0,0,0,0,0,0,0,0,0,0,0,0,0,1,0,0,0,0,0,0,0,0,0,0,0,1,0,0,0,0,1,0,0
CUST002608,Oni,Chahal,18.0,Guwahati,2026-07-11,7600.0,2026,7,11,0,0,0,0,0,0,1,0,0,0,0,0,0,0,0,0,0,0,0,0,0,0,0,0,0,0,0,0,0,0,0,0,0,0,0,0,0,1,0,0,0,0,0,0,0
CUST002609,Aryan,Chopra,50.0,Warangal,2020-03-08,63000.0,2020,3,8,0,0,1,1,0,0,1,0,1,0,0,0,1,0,0,0,0,0,0,0,0,0,0,0,0,1,0,0,0,0,1,0,0,0,0,0,0,0,0,1,0,0,1,0,0
CUST002610,Turvi,Gokhale,55.0,Ludhiana,2019-11-29,87900.0,2019,11,29,1,0,0,0,0,1,0,0,0,0,1,0,0,0,0,0,0,0,0,0,0,0,1,0,0,0,0,0,0,0,0,0,0,0,0,1,0,0,0,0,1,0,0,1,0
CUST002611,Gaurika,Mane,46.0,Mumbai,2019-12-12,11400.0,2019,12,12,0,0,0,0,0,1,0,0,0,0,0,0,0,0,0,0,0,0,0,0,1,0,0,0,0,0,0,0,0,0,0,0,0,0,0,0,0,1,0,1,0,0,0,0,0
CUST002612,Hema,Shah,23.0,Ahmedabad,2021-08-16,62700.0,2021,8,16,0,0,1,0,0,0,1,0,1,0,0,0,1,0,0,0,1,0,0,0,0,0,0,0,0,0,0,0,0,0,0,0,1,0,0,0,0,0,0,0,0,0,1,0,0
CUST002613,Pranit,Banik,35.0,Kolkata,2021-05-01,130700.0,2021,5,1,1,0,0,1,0,1,0,0,1,0,1,0,0,0,0,0,0,0,0,0,0,0,0,0,0,0,0,1,0,1,0,0,0,0,0,0,0,0,0,0,0,0,0,1,0
CUST002614,Charita,Mistry,38.0,Chennai,2018-12-08,47000.0,2018,12,8,0,0,1,0,0,1,0,0,1,0,0,0,1,0,0,0,0,0,0,0,0,0,0,0,1,0,0,0,0,0,0,0,0,0,0,1,0,0,0,1,0,0,1,0,0
CUST002615,Neel,Pillay,46.0,Amritsar,2019-10-29,58300.0,2019,10,29,0,0,1,1,0,0,0,0,0,1,0,0,1,0,0,0,0,0,0,0,0,0,1,0,0,0,0,0,0,0,0,0,0,0,1,0,0,0,0,1,0,0,1,0,0
CUST002616,Sachi,Bir,47.0,Pune,2019-07-14,212100.0,2019,7,14,0,1,0,0,0,1,0,0,1,0,0,1,0,0,0,0,0,0,0,0,1,0,0,0,0,0,0,0,0,0,0,0,0,0,0,0,0,0,0,1,0,0,0,0,1
CUST002617,Tanay,Bhattacharyya,28.0,Patna,2020-03-26,75500.0,2020,3,26,0,0,1,1,0,1,0,0,1,0,0,0,1,1,0,0,0,0,0,0,0,0,0,0,0,0,0,0,0,0,0,1,0,0,0,0,0,0,0,0,0,0,0,1,0
CUST002618,Mugdha,Sinha,39.0,Ahmedabad,2019-05-10,65800.0,2019,5,10,0,1,0,0,0,1,0,0,1,0,0,1,0,0,0,0,1,0,0,0,0,0,0,0,0,0,0,0,0,0,0,0,0,0,0,0,1,0,0,1,0,0,1,0,0
CUST002619,Ekalinga,Dara,44.0,New Delhi,2019-11-15,7000.0,2019,11,15,0,0,0,1,0,1,0,0,0,0,0,0,0,0,0,1,0,0,0,0,0,0,0,0,0,0,0,0,0,0,0,1,0,0,0,0,0,0,0,1,0,0,0,0,0
CUST002620,Laksh,Narayan,57.0,Patna,2021-06-18,425900.0,2021,6,18,1,0,0,1,0,1,0,0,0,1,1,0,0,1,0,0,0,0,0,0,0,0,0,0,0,0,0,0,0,0,0,0,0,0,0,0,0,0,0,0,1,0,0,0,1
CUST002621,Zansi,Sachdev,47.0,Hyderabad,2018-12-15,15300.0,2018,12,15,0,0,1,0,0,1,0,0,1,0,0,0,1,0,0,0,0,0,0,0,0,0,0,0,0,1,0,0,0,0,0,0,0,0,0,0,0,1,0,1,0,0,0,0,0
CUST002622,Zaitra,Kadakia,48.0,Lucknow,2020-09-15,170600.0,2020,9,15,1,0,0,0,0,1,0,0,1,0,1,0,0,0,0,0,0,0,0,0,0,0,0,0,0,0,1,0,0,0,0,0,0,0,0,0,0,0,0,1,0,0,0,0,1
CUST002623,Jagrati,Bhardwaj,39.0,Hyderabad,2021-03-18,81400.0,2021,3,18,0,0,1,0,0,1,0,0,0,1,0,0,1,0,0,0,0,0,0,0,0,0,0,0,0,1,0,0,0,1,0,0,0,0,0,0,0,0,0,1,0,0,0,1,0
CUST002624,Darika,Wadhwa,56.0,Chandigarh,2021-05-12,68500.0,2021,5,12,0,0,1,0,0,1,0,0,0,1,0,0,1,0,1,0,0,0,0,0,0,0,0,0,0,0,0,0,0,0,0,0,0,0,0,0,0,0,1,0,1,0,0,1,0
CUST002625,Caleb,Sule,43.0,Howrah,2019-06-19,78100.0,2019,6,19,1,0,0,1,0,1,0,0,0,1,1,0,0,0,0,0,0,0,0,0,0,0,0,0,0,0,0,1,0,0,0,0,0,0,0,0,0,0,0,1,0,0,0,1,0
CUST002626,Mitali,Sane,27.0,Pune,2019-07-07,77000.0,2019,7,7,1,0,0,0,0,0,1,0,0,0,1,0,0,0,0,0,0,0,0,0,1,0,0,0,0,0,0,0,0,1,0,0,0,0,0,0,0,0,0,0,0,0,0,1,0
CUST002627,Nathan,Lad,56.0,Ahmedabad,2019-07-11,94600.0,2019,7,11,1,0,0,1,0,1,0,0,0,1,1,0,0,0,0,0,1,0,0,0,0,0,0,0,0,0,0,0,0,0,0,0,0,0,0,1,0,0,0,0,1,0,0,1,0
CUST002628,Peter,Dayal,47.0,Delhi,2018-11-17,65800.0,2018,11,17,0,0,1,1,0,1,0,0,1,0,0,0,1,0,0,1,0,0,0,0,0,0,0,0,0,0,0,0,0,0,0,0,0,0,0,0,0,1,0,1,0,0,1,0,0
CUST002629,Yadavi,Venkatesh,32.0,Hyderabad,2020-07-30,213600.0,2020,7,30,1,0,0,0,0,1,0,0,1,0,1,0,0,0,0,0,0,0,0,0,0,0,0,0,0,1,0,0,0,0,0,0,0,0,0,0,1,0,0,0,0,0,0,0,1
CUST002630,Yadavi,Tailor,32.0,Delhi,2019-12-10,393400.0,2019,12,10,0,1,0,0,0,1,0,0,0,0,0,1,0,0,0,1,0,0,0,0,0,0,0,0,0,0,0,0,0,0,0,0,0,0,0,0,0,0,0,0,0,0,0,0,1
CUST002631,Hemangini,Kaul,42.0,Mumbai,2019-10-07,43600.0,2019,10,7,0,0,1,0,0,1,0,0,0,1,0,0,1,0,0,0,0,0,0,0,1,0,0,0,0,0,0,0,0,0,0,1,0,0,0,0,0,0,0,1,0,0,1,0,0
CUST002632,Mohini,Hari,44.0,Delhi,2018-09-08,122100.0,2018,9,8,1,0,0,0,0,0,1,0,0,0,1,0,0,0,0,1,0,0,0,0,0,0,0,0,0,0,0,0,0,0,0,0,0,0,0,1,0,0,0,1,0,0,0,1,0
CUST002633,Aachal,Dani,41.0,Coimbatore,2020-09-08,106500.0,2020,9,8,1,0,0,0,0,1,0,0,1,0,1,0,0,0,0,0,0,0,0,0,0,0,0,0,1,0,0,0,0,0,0,0,0,0,0,0,1,0,0,1,0,0,0,1,0
CUST002634,Advik,Shroff,42.0,Chennai,2018-10-03,196900.0,2018,10,3,0,1,0,1,0,1,0,0,0,0,0,1,0,0,0,0,0,0,0,0,0,0,0,0,1,0,0,0,0,0,0,0,1,0,0,0,0,0,0,1,0,0,0,0,1
CUST002635,Daniel,Johal,60.0,Chennai,2021-03-06,40500.0,2021,3,6,0,0,1,1,0,0,0,1,0,1,0,0,1,0,0,0,0,0,0,0,0,0,0,0,1,0,0,0,0,0,0,0,0,0,1,0,0,0,0,0,1,0,1,0,0
CUST002636,Triya,Sachdev,52.0,New Delhi,2019-05-02,65800.0,2019,5,2,1,0,0,0,0,1,0,0,1,0,1,0,0,0,0,1,0,0,0,0,0,0,0,0,0,0,0,0,0,1,0,0,0,0,0,0,0,0,0,0,1,0,1,0,0
CUST002637,Arin,Nath,40.0,Ahmedabad,2019-09-23,242700.0,2019,9,23,0,1,0,1,0,1,0,0,0,1,0,1,0,0,0,0,1,0,0,0,0,0,0,0,0,0,0,0,0,0,0,0,0,0,0,0,1,0,0,1,0,0,0,0,1
CUST002638,Parth,Kala,50.0,Ahmedabad,2019-03-05,68900.0,2019,3,5,0,0,1,1,0,1,0,0,0,1,0,0,1,0,0,0,1,0,0,0,0,0,0,0,0,0,0,0,0,0,0,0,0,0,0,1,0,0,0,1,0,0,0,1,0
CUST002639,Abdul,Jaggi,25.0,Hyderabad,2021-07-16,65800.0,2021,7,16,0,0,1,1,0,0,1,0,1,0,0,0,1,0,0,0,0,0,0,0,0,0,0,0,0,1,0,0,0,0,0,0,0,0,0,0,1,0,0,0,0,0,1,0,0
CUST002640,Megha,Kumar,43.0,Indore,2021-05-23,38400.0,2021,5,23,0,0,1,0,0,1,0,0,0,0,0,0,1,0,0,0,0,0,0,1,0,0,0,0,0,0,0,0,0,0,0,0,0,1,0,0,0,0,0,1,0,0,1,0,0
CUST002641,Bahadurjit,Morar,62.0,Howrah,2021-06-01,254900.0,2021,6,1,1,0,0,1,0,1,0,0,0,0,1,0,0,0,0,0,0,0,0,0,0,0,0,0,0,0,0,1,0,0,0,0,0,0,0,0,0,0,0,0,1,0,0,0,1
CUST002642,Netra,Toor,35.0,Ahmedabad,2019-11-06,40800.0,2019,11,6,0,0,1,0,0,0,0,0,1,0,0,0,1,0,0,0,1,0,0,0,0,0,0,0,0,0,0,0,0,0,0,0,0,0,0,0,0,0,0,0,0,0,1,0,0
CUST002643,Ojasvi,Ahuja,27.0,Bengaluru,2019-10-26,9800.0,2019,10,26,0,0,0,0,0,1,0,0,0,0,0,0,0,0,0,0,0,1,0,0,0,0,0,0,0,0,0,0,0,0,0,0,0,0,0,0,0,1,0,0,0,0,0,0,0
CUST002644,Dakshesh,Nath,30.0,Mumbai,2018-11-27,28900.0,2018,11,27,0,0,1,1,0,1,0,0,0,1,0,0,1,0,0,0,0,0,0,0,1,0,0,0,0,0,0,0,0,0,0,0,0,1,0,0,0,0,0,0,0,0,1,0,0
CUST002645,Panini,Randhawa,24.0,Bhopal,2020-08-16,17800.0,2020,8,16,0,0,1,0,0,0,1,0,0,0,0,0,1,0,0,0,0,0,0,1,0,0,0,0,0,0,0,0,0,0,0,0,0,1,0,0,0,0,0,0,0,0,0,0,0
CUST002646,Amrita,Gill,28.0,Kanpur,2021-06-03,217500.0,2021,6,3,1,0,0,0,0,1,0,0,0,0,1,0,0,0,0,0,0,0,0,0,0,0,0,0,0,0,1,0,0,0,0,0,0,0,0,0,1,0,0,0,0,0,0,0,1
CUST002647,Indali,Narayanan,33.0,Pune,2020-12-30,45400.0,2020,12,30,0,0,1,0,0,1,0,0,0,1,0,0,1,0,0,0,0,0,0,0,1,0,0,0,0,0,0,0,0,0,1,0,0,0,0,0,0,0,0,0,0,0,1,0,0
CUST002648,Pallavi,Srinivas,20.0,Hyderabad,2024-08-16,17100.0,2024,8,16,0,0,0,0,0,0,1,0,0,1,0,0,0,0,0,0,0,0,0,0,0,0,0,0,0,1,0,0,0,0,0,0,0,0,0,0,0,1,0,0,0,0,0,0,0
CUST002649,Warjas,Banik,38.0,Ahmedabad,2019-04-18,16400.0,2019,4,18,0,0,0,1,0,0,1,0,0,0,0,0,0,0,0,0,1,0,0,0,0,0,0,0,0,0,0,0,0,0,0,1,0,0,0,0,0,0,0,1,0,0,0,0,0
CUST002650,Ekanta,Subramaniam,50.0,Ahmedabad,2019-03-07,43400.0,2019,3,7,0,0,1,0,0,1,0,0,1,0,0,0,1,0,0,0,1,0,0,0,0,0,0,0,0,0,0,0,0,0,0,0,0,0,0,0,0,0,1,1,0,0,1,0,0
CUST002651,Faras,Sharma,26.0,Chandigarh,2018-08-19,7200.0,2018,8,19,0,0,1,1,0,0,1,0,0,0,0,0,1,0,1,0,0,0,0,0,0,0,0,0,0,0,0,0,0,0,0,0,0,0,0,0,0,1,0,0,0,0,0,0,0
CUST002652,Oviya,Shere,58.0,Pune,2020-05-22,70200.0,2020,5,22,0,0,1,0,0,1,0,0,0,1,0,0,1,0,0,0,0,0,0,0,1,0,0,0,0,0,0,0,0,0,1,0,0,0,0,0,0,0,0,0,1,0,0,1,0
CUST002653,Triveni,Bhalla,45.0,Hyderabad,2021-07-26,32400.0,2021,7,26,0,0,0,0,0,1,0,0,1,0,0,0,0,0,0,0,0,0,0,0,0,0,0,0,0,1,0,0,0,0,0,0,0,1,0,0,0,0,0,1,0,0,1,0,0
CUST002654,Yoshita,Mistry,51.0,Pune,2020-12-02,45300.0,2020,12,2,0,0,1,0,0,1,0,0,0,0,0,0,1,0,0,0,0,0,0,0,1,0,0,0,0,0,0,0,0,0,0,0,0,1,0,0,0,0,0,0,1,0,1,0,0
CUST002655,Nakul,Wason,29.0,Hyderabad,2019-11-11,7700.0,2019,11,11,0,0,0,1,0,0,1,0,0,0,0,0,0,0,0,0,0,0,0,0,0,0,0,0,0,1,0,0,0,0,0,0,0,0,0,0,0,1,0,0,0,0,0,0,0
CUST002656,Aditya,Joshi,49.0,Mumbai,2018-09-27,111600.0,2018,9,27,1,0,0,1,0,1,0,0,1,0,1,0,0,0,0,0,0,0,0,0,1,0,0,0,0,0,0,0,0,0,0,0,0,0,0,0,0,0,0,1,0,0,0,1,0
CUST002657,Noah,Pandya,24.0,Patna,2021-04-25,20400.0,2021,4,25,0,0,1,1,0,0,1,0,0,0,0,0,1,1,0,0,0,0,0,0,0,0,0,0,0,0,0,0,0,0,0,0,0,1,0,0,0,0,0,0,0,0,0,0,0
CUST002658,Bachittar,Dixit,50.0,Coimbatore,2021-04-05,55700.0,2021,4,5,0,0,1,1,0,0,0,1,1,0,0,0,1,0,0,0,0,0,0,0,0,0,0,0,1,0,0,0,0,0,0,0,0,0,0,0,0,0,1,1,0,0,1,0,0
CUST002659,Logan,Balasubramanian,40.0,Chandigarh,2019-07-09,63100.0,2019,7,9,1,0,0,1,0,1,0,0,0,1,1,0,0,0,1,0,0,0,0,0,0,0,0,0,0,0,0,0,0,0,0,0,0,0,0,1,0,0,0,1,0,0,1,0,0
CUST002660,Pallavi,Prashad,45.0,Mumbai,2019-08-16,172200.0,2019,8,16,1,0,0,0,0,0,0,0,1,0,1,0,0,0,0,0,0,0,0,0,1,0,0,0,0,0,0,0,0,0,0,0,1,0,0,0,0,0,0,1,0,0,0,0,1
CUST002661,Fitan,Ramachandran,23.0,Delhi,2021-08-16,32800.0,2021,8,16,0,0,1,1,0,0,1,0,0,0,0,0,1,0,0,1,0,0,0,0,0,0,0,0,0,0,0,0,0,0,0,0,0,0,0,1,0,0,0,0,0,0,1,0,0
CUST002662,Idika,Dada,26.0,New Delhi,2019-03-09,173300.0,2019,3,9,0,1,0,0,0,1,0,0,0,0,0,1,0,0,0,1,0,0,0,0,0,0,0,0,0,0,0,0,0,0,0,0,1,0,0,0,0,0,0,0,0,0,0,0,1
CUST002663,Mitesh,Murty,46.0,Hyderabad,2021-03-28,167300.0,2021,3,28,1,0,0,1,0,1,0,0,1,0,1,0,0,0,0,0,0,0,0,0,0,0,0,0,0,1,0,0,0,0,0,0,1,0,0,0,0,0,0,1,0,0,0,0,1
CUST002664,Anamika,Magar,26.0,Lucknow,2018-11-06,157100.0,2018,11,6,0,1,0,0,0,1,0,0,0,1,0,1,0,0,0,0,0,0,0,0,0,0,0,0,0,0,1,0,0,0,0,0,0,0,0,0,1,0,0,0,0,0,0,0,1
CUST002665,Triveni,Chadha,44.0,Hyderabad,2021-01-08,12600.0,2021,1,8,0,0,0,0,0,1,0,0,1,0,0,0,0,0,0,0,0,0,0,0,0,0,0,0,0,1,0,0,0,0,0,0,0,0,0,0,0,1,0,1,0,0,0,0,0
CUST002666,Yadavi,Khanna,20.0,Delhi,2024-08-16,12200.0,2024,8,16,0,0,0,0,0,0,1,0,1,0,0,0,0,0,0,1,0,0,0,0,0,0,0,0,0,0,0,0,0,0,0,0,0,0,0,0,0,1,0,0,0,0,0,0,0
CUST002667,Ria,Seth,49.0,Mumbai,2020-08-09,284300.0,2020,8,9,1,0,0,0,0,0,1,0,1,0,1,0,0,0,0,0,0,0,0,0,1,0,0,0,0,0,0,0,1,0,0,0,0,0,0,0,0,0,0,1,0,0,0,0,1
CUST002668,Matthew,Kalita,22.0,Pune,2022-08-17,11100.0,2022,8,17,0,0,0,1,0,1,0,0,0,0,0,0,0,0,0,0,0,0,0,0,1,0,0,0,0,0,0,0,0,0,0,0,0,0,0,0,0,1,0,0,0,0,0,0,0
CUST002669,Zaitra,Mittal,45.0,Jaipur,2020-01-17,167000.0,2020,1,17,1,0,0,0,0,0,0,1,1,0,1,0,0,0,0,0,0,0,0,0,0,0,0,1,0,0,0,0,0,0,0,0,0,0,0,0,1,0,0,1,0,0,0,0,1
CUST002670,Gagan,Choudhury,46.0,Warangal,2019-07-26,62500.0,2019,7,26,0,0,1,1,0,1,0,0,0,1,0,0,1,0,0,0,0,0,0,0,0,0,0,0,0,1,0,0,0,0,0,0,0,0,0,1,0,0,0,1,0,0,1,0,0
CUST002671,Rachit,Barad,29.0,Surat,2020-02-25,53000.0,2020,2,25,0,0,1,1,0,1,0,0,1,0,0,0,1,0,0,0,1,0,0,0,0,0,0,0,0,0,0,0,0,0,0,0,0,0,0,0,0,0,1,0,0,0,1,0,0
CUST002672,Isha,Chanda,46.0,Ahmedabad,2019-08-23,157300.0,2019,8,23,1,0,0,0,0,1,0,0,0,0,1,0,0,0,0,0,1,0,0,0,0,0,0,0,0,0,0,0,0,1,0,0,0,0,0,0,0,0,0,1,0,0,0,0,1
CUST002673,Vamakshi,Toor,41.0,Pune,2020-07-12,190300.0,2020,7,12,1,0,0,1,0,1,0,0,0,0,1,0,0,0,0,0,0,0,0,0,1,0,0,0,0,0,0,0,0,0,0,0,1,0,0,0,0,0,0,1,0,0,0,0,1
CUST002674,Amaira,Subramanian,31.0,Pune,2021-07-17,65800.0,2021,7,17,0,0,1,0,0,0,1,0,0,1,0,0,1,0,0,0,0,0,0,0,1,0,0,0,0,0,0,0,0,0,0,0,0,0,1,0,0,0,0,0,0,0,1,0,0
CUST002675,Zashil,Dube,25.0,Jaipur,2019-08-17,56900.0,2019,8,17,0,0,1,1,0,1,0,0,1,0,0,0,1,0,0,0,0,0,0,0,0,0,0,1,0,0,0,0,0,0,0,0,0,0,0,0,1,0,0,0,0,0,1,0,0
CUST002676,Girish,Oak,18.0,Ahmedabad,2026-07-11,64700.0,2026,7,11,0,0,1,1,0,0,1,0,0,0,0,0,1,0,0,0,1,0,0,0,0,0,0,0,0,0,0,0,0,0,0,0,0,0,0,1,0,0,0,0,0,0,1,0,0
CUST002677,Wyatt,Viswanathan,43.0,Hyderabad,2021-05-28,85100.0,2021,5,28,0,0,1,1,0,0,1,0,0,1,0,0,1,0,0,0,0,0,0,0,0,0,0,0,0,1,0,0,0,0,1,0,0,0,0,0,0,0,0,1,0,0,0,1,0
CUST002678,Mohammed,Narang,18.0,Pune,2026-07-11,21800.0,2026,7,11,0,0,0,1,0,0,1,0,0,1,0,0,0,0,0,0,0,0,0,0,1,0,0,0,0,0,0,0,0,0,0,0,0,1,0,0,0,0,0,0,0,0,0,0,0
CUST002679,Ekbal,Chaudhari,39.0,Mumbai,2019-09-20,62800.0,2019,9,20,0,0,1,1,0,1,0,0,1,0,0,0,1,0,0,0,0,0,0,0,1,0,0,0,0,0,0,0,0,0,1,0,0,0,0,0,0,0,0,1,0,0,1,0,0
CUST002680,Dominic,Jha,35.0,Bengaluru,2021-01-19,22600.0,2021,1,19,0,0,0,1,0,0,1,0,1,0,0,0,0,0,0,0,0,1,0,0,0,0,0,0,0,0,0,0,0,0,0,0,0,1,0,0,0,0,0,0,0,0,0,0,0
CUST002681,Andrew,Sharaf,47.0,Mumbai,2019-11-22,9700.0,2019,11,22,0,0,0,1,0,1,0,0,0,1,0,0,0,0,0,0,0,0,0,0,1,0,0,0,0,0,0,0,0,0,0,1,0,0,0,0,0,0,0,1,0,0,0,0,0
CUST002682,Sara,Vig,34.0,Delhi,2020-01-10,15700.0,2020,1,10,0,0,0,0,0,1,0,0,0,1,0,0,0,0,0,1,0,0,0,0,0,0,0,0,0,0,0,0,0,0,0,0,0,0,0,0,0,1,0,0,0,0,0,0,0
CUST002683,Dalbir,Agrawal,34.0,Hyderabad,2020-12-31,15400.0,2020,12,31,0,0,1,1,0,0,1,0,0,1,0,0,1,0,0,0,0,0,0,0,0,0,0,0,0,1,0,0,0,0,0,1,0,0,0,0,0,0,0,0,0,0,0,0,0
CUST002684,Nimrat,Basu,48.0,Pune,2021-03-15,33000.0,2021,3,15,0,0,0,0,0,1,0,0,0,1,0,0,0,0,0,0,0,0,0,0,1,0,0,0,0,0,0,0,0,0,0,0,0,1,0,0,0,0,0,1,0,0,1,0,0
CUST002685,Caleb,Nath,42.0,Pune,2019-05-08,247500.0,2019,5,8,0,1,0,1,0,1,0,0,1,0,0,1,0,0,0,0,0,0,0,0,1,0,0,0,0,0,0,0,0,0,0,0,0,0,0,0,1,0,0,1,0,0,0,0,1
CUST002686,Vinaya,Batra,42.0,Patna,2020-08-28,61800.0,2020,8,28,0,0,1,0,0,1,0,0,1,0,0,0,1,1,0,0,0,0,0,0,0,0,0,0,0,0,0,0,0,0,1,0,0,0,0,0,0,0,0,1,0,0,1,0,0
CUST002687,Charan,Verma,44.0,Kolkata,2020-11-22,50600.0,2020,11,22,0,0,1,1,0,0,0,0,0,1,0,0,1,0,0,0,0,0,0,0,0,0,0,0,0,0,0,1,0,0,0,0,0,0,0,0,0,0,1,1,0,0,1,0,0
CUST002688,Nachiket,Bajaj,18.0,Thiruvananthapuram,2026-07-11,9300.0,2026,7,11,0,0,0,1,0,0,1,0,0,0,0,0,0,0,0,0,0,0,1,0,0,0,0,0,0,0,0,0,0,0,0,0,0,0,0,0,0,1,0,0,0,0,0,0,0
CUST002689,Nimrat,Kadakia,48.0,Mysuru,2019-06-02,173200.0,2019,6,2,1,0,0,0,0,1,0,0,0,0,1,0,0,0,0,0,0,1,0,0,0,0,0,0,0,0,0,0,0,1,0,0,0,0,0,0,0,0,0,1,0,0,0,0,1
CUST002690,Naveen,Iyer,46.0,Ahmedabad,2020-10-17,74500.0,2020,10,17,0,0,1,1,0,1,0,0,0,0,0,0,1,0,0,0,1,0,0,0,0,0,0,0,0,0,0,0,0,0,0,0,0,0,0,0,0,0,1,1,0,0,0,1,0
CUST002691,Inaya,Mangat,25.0,Delhi,2019-08-17,127200.0,2019,8,17,1,0,0,0,0,0,0,0,1,0,1,0,0,0,0,1,0,0,0,0,0,0,0,0,0,0,0,0,1,0,0,0,0,0,0,0,0,0,0,0,0,0,0,1,0
CUST002692,Lakshit,Walia,35.0,Kolkata,2019-07-24,19400.0,2019,7,24,0,0,1,1,0,1,0,0,0,1,0,0,1,0,0,0,0,0,0,0,0,0,0,0,0,0,0,1,0,0,0,0,0,0,0,0,0,1,0,0,0,0,0,0,0
CUST002693,Eiravati,Sastry,37.0,Pune,2020-08-02,11800.0,2020,8,2,0,0,0,0,1,0,1,0,1,0,0,0,0,0,0,0,0,0,0,0,1,0,0,0,0,0,0,0,0,0,0,0,0,0,0,0,0,1,0,1,0,0,0,0,0
CUST002694,Daniel,Mahajan,36.0,Mumbai,2020-05-05,17400.0,2020,5,5,0,0,1,1,0,0,0,0,0,1,0,0,1,0,0,0,0,0,0,0,1,0,0,0,0,0,0,0,0,0,0,0,0,0,0,0,0,1,0,1,0,0,0,0,0
CUST002695,Falan,Dugar,42.0,Thiruvananthapuram,2019-06-12,114900.0,2019,6,12,0,0,1,1,0,0,0,1,0,1,0,0,1,0,0,0,0,0,1,0,0,0,0,0,0,0,0,0,0,0,0,0,1,0,0,0,0,0,0,1,0,0,0,1,0
CUST002696,Mahika,Contractor,57.0,Kolkata,2020-12-27,295500.0,2020,12,27,1,0,0,0,0,1,0,0,0,1,1,0,0,0,0,0,0,0,0,0,0,0,0,0,0,0,0,1,0,0,0,0,0,0,0,0,1,0,0,0,1,0,0,0,1
CUST002697,Abhimanyu,Varkey,52.0,Thiruvananthapuram,2020-03-21,73200.0,2020,3,21,0,0,1,1,0,1,0,0,0,1,0,0,1,0,0,0,0,0,1,0,0,0,0,0,0,0,0,0,0,0,0,0,0,0,0,1,0,0,0,0,1,0,0,1,0
CUST002698,Dalaja,Jhaveri,21.0,Bengaluru,2023-08-17,13500.0,2023,8,17,0,0,0,0,0,0,1,0,0,0,0,0,0,0,0,0,0,1,0,0,0,0,0,0,0,0,0,0,0,0,0,0,0,0,0,0,0,1,0,0,0,0,0,0,0
CUST002699,Parth,Nagar,46.0,Bengaluru,2020-01-03,172100.0,2020,1,3,1,0,0,1,0,0,1,0,1,0,1,0,0,0,0,0,0,1,0,0,0,0,0,0,0,0,0,0,0,1,0,0,0,0,0,0,0,0,0,1,0,0,0,0,1
CUST002700,Lopa,Dhaliwal,55.0,Hyderabad,2019-10-20,199500.0,2019,10,20,1,0,0,0,0,1,0,0,0,1,1,0,0,0,0,0,0,0,0,0,0,0,0,0,0,1,0,0,0,0,0,0,0,0,0,0,1,0,0,0,1,0,0,0,1
CUST002701,Lucky,Konda,43.0,Ahmedabad,2019-12-27,63300.0,2019,12,27,0,0,1,1,0,0,1,0,0,1,0,0,1,0,0,0,1,0,0,0,0,0,0,0,0,0,0,0,0,0,1,0,0,0,0,0,0,0,0,1,0,0,1,0,0
CUST002702,Harinakshi,Bobal,52.0,Kolkata,2021-01-10,129200.0,2021,1,10,1,0,0,0,0,0,1,0,1,0,1,0,0,0,0,0,0,0,0,0,0,0,0,0,0,0,0,1,0,0,0,0,1,0,0,0,0,0,0,0,1,0,0,1,0
CUST002703,Nimrat,Nigam,64.0,Thiruvananthapuram,2020-05-24,13800.0,2020,5,24,0,0,0,0,0,1,0,0,0,1,0,0,0,0,0,0,0,0,1,0,0,0,0,0,0,0,0,0,0,0,0,0,0,0,1,0,0,0,0,0,1,0,0,0,0
CUST002704,Tristan,Bedi,51.0,Mumbai,2020-01-11,39600.0,2020,1,11,0,0,1,1,0,0,0,1,1,0,0,0,1,0,0,0,0,0,0,0,1,0,0,0,0,0,0,0,0,0,0,0,0,1,0,0,0,0,0,0,1,0,1,0,0
CUST002705,Dhruv,Balakrishnan,41.0,Ahmedabad,2019-04-14,10700.0,2019,4,14,0,0,1,1,0,1,0,0,0,1,0,0,1,0,0,0,1,0,0,0,0,0,0,0,0,0,0,0,0,0,0,0,0,0,0,0,0,1,0,1,0,0,0,0,0
CUST002706,Warinder,Bedi,52.0,Bengaluru,2019-08-31,32500.0,2019,8,31,0,0,1,1,0,1,0,0,0,1,0,0,1,0,0,0,0,1,0,0,0,0,0,0,0,0,0,0,0,0,0,0,0,0,0,0,0,0,0,0,1,0,1,0,0
CUST002707,Damyanti,Rajagopal,40.0,Delhi,2020-05-06,86500.0,2020,5,6,0,0,1,0,0,0,0,1,1,0,0,0,1,0,0,1,0,0,0,0,0,0,0,0,0,0,0,0,0,1,0,0,0,0,0,0,0,0,0,1,0,0,0,1,0
CUST002708,Avi,Chadha,38.0,Chennai,2018-09-14,11800.0,2018,9,14,0,0,0,1,0,1,0,0,0,0,0,0,0,0,0,0,0,0,0,0,0,0,0,0,1,0,0,0,0,0,0,0,0,0,0,0,0,1,0,1,0,0,0,0,0
CUST002709,Tanay,Ramanathan,33.0,Chennai,2021-04-20,27400.0,2021,4,20,0,0,0,1,0,1,0,0,0,0,0,0,0,0,0,0,0,0,0,0,0,0,0,0,1,0,0,0,0,0,0,0,0,0,0,0,0,0,0,0,0,0,1,0,0
CUST002710,Gaurav,Sehgal,58.0,Pune,2021-01-02,88500.0,2021,1,2,0,0,1,1,0,1,0,0,0,0,0,0,1,0,0,0,0,0,0,0,1,0,0,0,0,0,0,0,0,0,0,0,0,0,0,0,0,0,1,0,1,0,0,1,0
CUST002711,Pranav,Muni,27.0,Delhi,2020-08-07,7500.0,2020,8,7,0,0,0,1,0,0,1,0,0,0,0,0,0,0,0,1,0,0,0,0,0,0,0,0,0,0,0,0,0,0,0,0,0,0,0,0,0,1,0,0,0,0,0,0,0
CUST002712,Osha,Hora,58.0,Hyderabad,2020-12-09,41600.0,2020,12,9,0,0,0,0,0,1,0,0,0,1,0,0,0,0,0,0,0,0,0,0,0,0,0,0,0,1,0,0,0,0,0,0,0,1,0,0,0,0,0,0,1,0,1,0,0
CUST002713,Chaaya,Shroff,44.0,Hyderabad,2019-10-01,113900.0,2019,10,1,1,0,0,0,0,1,0,0,0,1,1,0,0,0,0,0,0,0,0,0,0,0,0,0,0,1,0,0,0,0,0,0,0,0,0,1,0,0,0,1,0,0,0,1,0
CUST002714,Ekaja,Chander,20.0,Bengaluru,2024-08-16,7000.0,2024,8,16,0,0,0,0,0,0,1,0,0,0,0,0,0,0,0,0,0,1,0,0,0,0,0,0,0,0,0,0,0,0,0,0,0,0,0,0,0,1,0,0,0,0,0,0,0
CUST002715,Vinaya,Chatterjee,43.0,Pune,2021-02-03,340800.0,2021,2,3,1,0,0,0,0,1,0,0,0,0,1,0,0,0,0,0,0,0,0,0,1,0,0,0,0,0,0,0,1,0,0,0,0,0,0,0,0,0,0,1,0,0,0,0,1
CUST002716,Vasatika,Mukherjee,18.0,Mumbai,2026-07-11,16000.0,2026,7,11,0,0,0,0,0,0,1,0,0,0,0,0,0,0,0,0,0,0,0,0,1,0,0,0,0,0,0,0,0,0,0,0,0,0,0,0,0,1,0,0,0,0,0,0,0
CUST002717,Viraj,Singhal,46.0,Amritsar,2019-07-29,233800.0,2019,7,29,1,0,0,1,0,1,0,0,1,0,1,0,0,0,0,0,0,0,0,0,0,0,1,0,0,0,0,0,1,0,0,0,0,0,0,0,0,0,0,1,0,0,0,0,1
CUST002718,Jack,Kapur,50.0,Guwahati,2018-12-31,155700.0,2018,12,31,1,0,0,1,0,0,1,0,1,0,1,0,0,0,0,0,0,0,0,0,0,0,0,0,0,0,0,0,0,1,0,0,0,0,0,0,0,0,0,1,0,0,0,0,1
CUST002719,Eshana,Kuruvilla,30.0,Chennai,2019-03-25,47400.0,2019,3,25,0,0,1,0,0,0,1,0,0,0,0,0,1,0,0,0,0,0,0,0,0,0,0,0,1,0,0,0,0,0,1,0,0,0,0,0,0,0,0,0,0,0,1,0,0
CUST002720,Rajata,Ramanathan,40.0,Ludhiana,2021-01-29,140000.0,2021,1,29,0,0,1,0,0,0,0,0,1,0,0,0,1,0,0,0,0,0,0,0,0,0,1,0,0,0,0,0,0,0,0,0,0,0,0,0,1,0,0,1,0,0,0,0,1
CUST002721,Hemani,Narayanan,63.0,Ahmedabad,2019-12-06,32000.0,2019,12,6,0,0,1,0,0,1,0,0,0,1,0,0,1,0,0,0,1,0,0,0,0,0,0,0,0,0,0,0,0,0,0,0,0,0,1,0,0,0,0,0,1,0,1,0,0
CUST002722,Nicholas,Setty,31.0,Mumbai,2021-07-14,112600.0,2021,7,14,0,0,1,1,0,0,1,0,1,0,0,0,1,0,0,0,0,0,0,0,1,0,0,0,0,0,0,0,0,0,0,0,0,0,0,0,1,0,0,0,0,0,0,1,0
CUST002723,Yagnesh,Balan,24.0,Pune,2020-09-10,62200.0,2020,9,10,0,0,1,1,0,0,1,0,0,0,0,0,1,0,0,0,0,0,0,0,1,0,0,0,0,0,0,0,0,0,0,0,1,0,0,0,0,0,0,0,0,0,1,0,0
CUST002724,Bachittar,Soman,57.0,Kochi,2019-03-17,65800.0,2019,3,17,0,0,1,1,0,0,1,0,0,1,0,0,1,0,0,0,0,0,1,0,0,0,0,0,0,0,0,0,0,0,0,0,0,0,1,0,0,0,0,0,1,0,1,0,0
CUST002725,Dayita,Panchal,64.0,Kolkata,2020-04-03,286600.0,2020,4,3,1,0,0,0,0,0,0,0,0,0,1,0,0,0,0,0,0,0,0,0,0,0,0,0,0,0,0,1,0,0,0,0,0,0,0,0,1,0,0,0,1,0,0,0,1
CUST002726,Wakeeta,Shenoy,38.0,Varanasi,2021-03-05,4300.0,2021,3,5,0,0,0,0,0,1,0,0,0,0,0,0,0,0,0,0,0,0,0,0,0,0,0,0,0,0,1,0,0,0,0,1,0,0,0,0,0,0,0,1,0,0,0,0,0
CUST002727,Harinakshi,Mandal,51.0,Patna,2020-04-23,219300.0,2020,4,23,1,0,0,0,0,1,0,0,0,1,1,0,0,1,0,0,0,0,0,0,0,0,0,0,0,0,0,0,0,0,0,0,1,0,0,0,0,0,0,0,1,0,0,0,1
CUST002728,Owen,Datta,55.0,Chennai,2021-01-11,208200.0,2021,1,11,1,0,0,1,0,1,0,0,1,0,1,0,0,0,0,0,0,0,0,0,0,0,0,0,1,0,0,0,0,0,0,0,1,0,0,0,0,0,0,0,1,0,0,0,1
CUST002729,Yashoda,Chauhan,28.0,Mumbai,2020-06-11,161200.0,2020,6,11,1,0,0,0,0,0,1,0,1,0,1,0,0,0,0,0,0,0,0,0,1,0,0,0,0,0,0,0,0,0,0,0,0,0,0,0,1,0,0,0,0,0,0,0,1
CUST002730,Samaksh,Chhabra,32.0,Delhi,2020-02-29,84200.0,2020,2,29,0,0,1,1,0,1,0,0,0,1,0,0,1,0,0,1,0,0,0,0,0,0,0,0,0,0,0,0,0,0,0,0,0,0,0,1,0,0,0,0,0,0,0,1,0
CUST002731,Nicholas,Bobal,54.0,Mumbai,2020-07-29,8100.0,2020,7,29,0,0,0,1,0,1,0,0,0,1,0,0,0,0,0,0,0,0,0,0,1,0,0,0,0,0,0,0,0,0,0,1,0,0,0,0,0,0,0,0,1,0,0,0,0
CUST002732,Nidhi,Walia,60.0,Delhi,2018-10-25,34100.0,2018,10,25,0,0,1,0,0,1,0,0,1,0,0,0,1,0,0,1,0,0,0,0,0,0,0,0,0,0,0,0,0,0,0,0,0,0,1,0,0,0,0,0,1,0,1,0,0
CUST002733,Vihaan,Rattan,45.0,Hyderabad,2019-12-09,209800.0,2019,12,9,1,0,0,1,0,0,0,0,0,1,1,0,0,0,0,0,0,0,0,0,0,0,0,0,0,1,0,0,0,0,0,0,0,0,0,0,1,0,0,1,0,0,0,0,1
CUST002734,Samuel,Khare,27.0,Pune,2019-02-05,32200.0,2019,2,5,0,0,1,1,0,1,0,0,0,0,0,0,1,0,0,0,0,0,0,0,1,0,0,0,0,0,0,0,0,0,0,0,0,1,0,0,0,0,0,0,0,0,1,0,0
CUST002735,Keya,Dutt,64.0,Nagpur,2019-05-06,25200.0,2019,5,6,0,0,1,0,0,0,0,1,0,1,0,0,1,0,0,0,0,0,0,0,1,0,0,0,0,0,0,0,0,0,0,0,0,0,1,0,0,0,0,0,1,0,0,0,0
CUST002736,Warda,Rajagopalan,31.0,Warangal,2019-08-23,21200.0,2019,8,23,0,0,1,0,0,0,1,0,0,1,0,0,1,0,0,0,0,0,0,0,0,0,0,0,0,1,0,0,0,0,0,0,0,1,0,0,0,0,0,0,0,0,0,0,0
CUST002737,Bachittar,Oak,34.0,Mysuru,2020-02-19,56200.0,2020,2,19,0,0,1,1,0,1,0,0,0,1,0,0,1,0,0,0,0,1,0,0,0,0,0,0,0,0,0,0,0,0,0,0,0,0,0,0,0,0,1,0,0,0,1,0,0
CUST002738,Ishita,Sankar,42.0,Chennai,2021-08-14,110600.0,2021,8,14,0,0,1,0,0,0,1,0,0,0,0,0,1,0,0,0,0,0,0,0,0,0,0,0,1,0,0,0,0,0,0,0,0,0,0,1,0,0,0,1,0,0,0,1,0
CUST002739,Teerth,Oommen,38.0,Hyderabad,2019-10-14,30100.0,2019,10,14,0,0,1,1,0,1,0,0,0,1,0,0,1,0,0,0,0,0,0,0,0,0,0,0,0,1,0,0,0,0,0,0,0,1,0,0,0,0,0,1,0,0,1,0,0
CUST002740,Kamya,Ghose,49.0,Howrah,2020-07-22,146500.0,2020,7,22,1,0,0,0,0,0,1,0,1,0,1,0,0,0,0,0,0,0,0,0,0,0,0,0,0,0,0,1,0,1,0,0,0,0,0,0,0,0,0,1,0,0,0,0,1
CUST002741,Brinda,Sur,43.0,Thiruvananthapuram,2021-04-09,176700.0,2021,4,9,1,0,0,0,0,1,0,0,0,1,1,0,0,0,0,0,0,0,1,0,0,0,0,0,0,0,0,0,0,1,0,0,0,0,0,0,0,0,0,1,0,0,0,0,1
CUST002742,Deepa,Sheth,44.0,Pune,2020-04-16,36700.0,2020,4,16,0,0,1,0,0,1,0,0,0,1,0,0,1,0,0,0,0,0,0,0,1,0,0,0,0,0,0,0,0,0,0,0,0,1,0,0,0,0,0,1,0,0,1,0,0
CUST002743,Omaja,Chatterjee,39.0,Pune,2019-06-02,58600.0,2019,6,2,0,0,1,0,0,1,0,0,0,1,0,0,1,0,0,0,0,0,0,0,1,0,0,0,0,0,0,0,0,0,0,0,0,0,0,0,0,0,1,1,0,0,1,0,0
CUST002744,Tristan,Goda,45.0,Chandigarh,2018-09-27,101600.0,2018,9,27,1,0,0,1,0,1,0,0,0,0,1,0,0,0,1,0,0,0,0,0,0,0,0,0,0,0,0,0,0,0,0,0,0,0,0,0,0,0,0,1,0,0,0,1,0
CUST002745,Mitesh,Ravi,18.0,Chennai,2026-07-11,8100.0,2026,7,11,0,0,0,1,0,0,1,0,0,0,0,0,0,0,0,0,0,0,0,0,0,0,0,0,1,0,0,0,0,0,0,0,0,0,0,0,0,1,0,0,0,0,0,0,0
CUST002746,Bakhshi,Chopra,34.0,Jaipur,2019-12-31,133400.0,2019,12,31,1,0,0,1,0,0,1,0,1,0,1,0,0,0,0,0,0,0,0,0,0,0,0,1,0,0,0,0,0,0,0,0,0,0,0,0,0,0,0,0,0,0,0,0,1
CUST002747,Ranveer,Narang,41.0,Delhi,2019-01-26,11700.0,2019,1,26,0,0,1,1,0,0,1,0,0,1,0,0,1,0,0,1,0,0,0,0,0,0,0,0,0,0,0,0,0,0,0,1,0,0,0,0,0,0,0,1,0,0,0,0,0
CUST002748,Yachana,Bhat,23.0,Kanpur,2021-08-16,25200.0,2021,8,16,0,0,0,0,0,0,1,0,0,0,0,0,0,0,0,0,0,0,0,0,0,0,0,0,0,0,1,0,0,0,0,0,0,1,0,0,0,0,0,0,0,0,0,0,0
CUST002749,Chakradev,Kalla,43.0,Thiruvananthapuram,2021-03-13,28200.0,2021,3,13,0,0,1,1,0,0,0,1,0,1,0,0,1,0,0,0,0,0,1,0,0,0,0,0,0,0,0,0,0,0,0,0,0,1,0,0,0,0,0,1,0,0,1,0,0
CUST002750,Ekaraj,Acharya,35.0,Howrah,2020-10-11,196300.0,2020,10,11,1,0,0,1,0,0,1,0,1,0,1,0,0,0,0,0,0,0,0,0,0,0,0,0,0,0,0,1,0,0,0,0,1,0,0,0,0,0,0,0,0,0,0,0,1
CUST002751,Ethan,Dixit,61.0,Pune,2018-12-05,247300.0,2018,12,5,0,1,0,1,0,1,0,0,0,0,0,1,0,0,0,0,0,0,0,0,1,0,0,0,0,0,0,0,0,0,0,0,0,0,0,0,0,0,0,0,1,0,0,0,1
CUST002752,Varsha,Wali,58.0,Patna,2021-02-23,106300.0,2021,2,23,1,0,0,0,0,1,0,0,0,0,1,0,0,1,0,0,0,0,0,0,0,0,0,0,0,0,0,0,0,0,1,0,0,0,0,0,0,0,0,0,1,0,0,1,0
CUST002753,Madhav,Ramakrishnan,32.0,Jodhpur,2020-08-21,67700.0,2020,8,21,0,0,1,1,0,1,0,0,1,0,0,0,1,0,0,0,0,0,0,0,0,0,0,1,0,0,0,0,0,0,0,0,0,0,0,0,0,1,0,0,0,0,0,1,0
CUST002754,Vansha,Hayre,36.0,Vadodara,2020-03-25,91200.0,2020,3,25,0,0,1,0,0,1,0,0,1,0,0,0,1,0,0,0,1,0,0,0,0,0,0,0,0,0,0,0,0,1,0,0,0,0,0,0,0,0,0,1,0,0,0,1,0
CUST002755,Harshil,Nadig,37.0,Mumbai,2019-01-31,11900.0,2019,1,31,0,0,1,1,0,0,1,0,0,0,0,0,1,0,0,0,0,0,0,0,1,0,0,0,0,0,0,0,0,0,0,1,0,0,0,0,0,0,0,1,0,0,0,0,0
CUST002756,Mason,Modi,32.0,Jodhpur,2018-10-24,178800.0,2018,10,24,0,1,0,1,0,1,0,0,0,1,0,1,0,0,0,0,0,0,0,0,0,0,0,1,0,0,0,0,0,0,0,0,1,0,0,0,0,0,0,0,0,0,0,0,1
CUST002757,Teerth,Padmanabhan,41.0,Pune,2020-05-07,117400.0,2020,5,7,1,0,0,1,0,1,0,0,0,1,1,0,0,0,0,0,0,0,0,0,1,0,0,0,0,0,0,0,0,0,0,0,1,0,0,0,0,0,0,1,0,0,0,1,0
CUST002758,Chanchal,Anand,28.0,Delhi,2018-10-30,14800.0,2018,10,30,0,0,1,0,0,1,0,0,0,0,0,0,1,0,0,1,0,0,0,0,0,0,0,0,0,0,0,0,0,0,0,1,0,0,0,0,0,0,0,0,0,0,0,0,0
CUST002759,Yashodhara,Raval,23.0,Kolkata,2021-08-16,132800.0,2021,8,16,0,0,1,0,0,0,1,0,0,0,0,0,1,0,0,0,0,0,0,0,0,0,0,0,0,0,0,1,0,0,0,0,0,0,0,0,0,0,0,0,0,0,0,1,0
CUST002760,Eesha,Menon,46.0,Bengaluru,2021-02-25,563700.0,2021,2,25,1,0,0,1,0,1,0,0,0,0,1,0,0,0,0,0,0,1,0,0,0,0,0,0,0,0,0,0,0,0,0,0,0,0,0,0,0,0,0,1,0,0,0,0,1
CUST002761,Azaan,Pingle,46.0,Ahmedabad,2018-10-11,160100.0,2018,10,11,0,1,0,1,0,1,0,0,1,0,0,1,0,0,0,0,1,0,0,0,0,0,0,0,0,0,0,0,0,1,0,0,0,0,0,0,0,0,0,1,0,0,0,0,1
CUST002762,Avi,Acharya,28.0,Kolkata,2020-02-05,7200.0,2020,2,5,0,0,0,1,0,0,0,0,0,0,0,0,0,0,0,0,0,0,0,0,0,0,0,0,0,0,0,1,0,0,0,1,0,0,0,0,0,0,0,0,0,0,0,0,0
CUST002763,Rachita,Choudhary,50.0,Pune,2021-01-25,401800.0,2021,1,25,1,0,0,0,0,1,0,0,1,0,1,0,0,0,0,0,0,0,0,0,1,0,0,0,0,0,0,0,1,0,0,0,0,0,0,0,0,0,0,1,0,0,0,0,1
CUST002764,Lohit,Balasubramanian,30.0,Ahmedabad,2020-02-29,71600.0,2020,2,29,0,0,1,1,0,0,1,0,1,0,0,0,1,0,0,0,1,0,0,0,0,0,0,0,0,0,0,0,0,0,0,0,0,0,0,1,0,0,0,0,0,0,0,1,0
CUST002765,Kamya,Sankaran,41.0,Thiruvananthapuram,2019-04-11,298700.0,2019,4,11,1,0,0,0,0,1,0,0,0,1,1,0,0,0,0,0,0,0,1,0,0,0,0,0,0,0,0,0,0,0,0,0,0,0,0,0,0,0,0,1,0,0,0,0,1
CUST002766,Shravya,Nadkarni,49.0,Nagpur,2019-02-22,257600.0,2019,2,22,0,1,0,0,0,1,0,0,0,0,0,1,0,0,0,0,0,0,0,0,1,0,0,0,0,0,0,0,0,0,0,0,0,0,0,0,0,0,0,1,0,0,0,0,1
CUST002767,Rayaan,Ravi,38.0,Kolkata,2019-01-13,50900.0,2019,1,13,0,0,1,1,0,0,1,0,0,0,0,0,1,0,0,0,0,0,0,0,0,0,0,0,0,0,0,1,0,0,1,0,0,0,0,0,0,0,0,1,0,0,1,0,0
CUST002768,Sai,Saran,44.0,Mysuru,2019-12-01,80900.0,2019,12,1,0,0,1,0,0,1,0,0,0,0,0,0,1,0,0,0,0,1,0,0,0,0,0,0,0,0,0,0,0,0,1,0,0,0,0,0,0,0,0,1,0,0,0,1,0
CUST002769,Hitesh,Ghose,31.0,Chennai,2019-01-09,134800.0,2019,1,9,1,0,0,1,0,1,0,0,1,0,1,0,0,0,0,0,0,0,0,0,0,0,0,0,1,0,0,0,0,0,0,0,0,0,0,0,1,0,0,0,0,0,0,0,1
CUST002770,Wazir,Dewan,35.0,Bengaluru,2020-02-04,61400.0,2020,2,4,0,0,1,1,0,1,0,0,0,1,0,0,1,0,0,0,0,1,0,0,0,0,0,0,0,0,0,0,0,0,1,0,0,0,0,0,0,0,0,0,0,0,1,0,0
CUST002771,Girindra,Rajagopalan,35.0,Hyderabad,2019-10-21,130900.0,2019,10,21,1,0,0,1,0,1,0,0,1,0,1,0,0,0,0,0,0,0,0,0,0,0,0,0,0,1,0,0,0,1,0,0,0,0,0,0,0,0,0,0,0,0,0,1,0
CUST002772,Radha,Sahni,28.0,Mumbai,2019-05-08,70000.0,2019,5,8,1,0,0,0,0,1,0,0,0,0,1,0,0,0,0,0,0,0,0,0,1,0,0,0,0,0,0,0,0,0,1,0,0,0,0,0,0,0,0,0,0,0,0,1,0
CUST002773,Faraj,Mani,36.0,Amritsar,2020-05-07,121300.0,2020,5,7,1,0,0,1,0,0,1,0,0,1,1,0,0,0,0,0,0,0,0,0,0,0,1,0,0,0,0,0,0,0,0,0,0,0,0,0,1,0,0,1,0,0,0,1,0
CUST002774,Edhitha,Desai,18.0,Kolkata,2026-07-11,12400.0,2026,7,11,0,0,0,1,0,0,1,0,0,0,0,0,0,0,0,0,0,0,0,0,0,0,0,0,0,0,0,1,0,0,0,0,0,0,0,0,0,1,0,0,0,0,0,0,0
CUST002775,Aashi,Bora,32.0,Chennai,2020-07-29,251500.0,2020,7,29,1,0,0,0,0,1,0,0,1,0,1,0,0,0,0,0,0,0,0,0,0,0,0,0,1,0,0,0,0,0,0,0,0,0,0,0,1,0,0,0,0,0,0,0,1
CUST002776,Adweta,Dhawan,34.0,Hyderabad,2019-10-03,160100.0,2019,10,3,1,0,0,0,0,0,1,0,0,0,1,0,0,0,0,0,0,0,0,0,0,0,0,0,0,1,0,0,0,1,0,0,0,0,0,0,0,0,0,0,0,0,0,0,1
CUST002777,Widisha,Sarkar,35.0,Madurai,2021-01-18,29400.0,2021,1,18,0,0,0,0,0,1,0,0,1,0,0,0,0,0,0,0,0,0,0,0,0,0,0,0,1,0,0,0,0,0,0,0,0,1,0,0,0,0,0,0,0,0,1,0,0
CUST002778,Ekansh,Chad,35.0,Hyderabad,2021-03-07,65800.0,2021,3,7,1,0,0,1,0,0,0,0,1,0,1,0,0,0,0,0,0,0,0,0,0,0,0,0,0,1,0,0,0,1,0,0,0,0,0,0,0,0,0,0,0,0,1,0,0
CUST002779,Ekapad,Sagar,37.0,Hyderabad,2020-09-29,71900.0,2020,9,29,0,0,1,1,0,0,1,0,1,0,0,0,1,0,0,0,0,0,0,0,0,0,0,0,0,1,0,0,0,0,1,0,0,0,0,0,0,0,0,1,0,0,0,1,0
CUST002780,Vedant,Sandal,44.0,Chennai,2021-07-12,61400.0,2021,7,12,0,0,1,1,0,1,0,0,0,1,0,0,1,0,0,0,0,0,0,0,0,0,0,0,1,0,0,0,0,0,0,0,0,0,0,0,0,0,1,1,0,0,1,0,0
CUST002781,Hemangini,Sha,49.0,Bengaluru,2019-05-25,65400.0,2019,5,25,1,0,0,0,0,1,0,0,1,0,1,0,0,0,0,0,0,1,0,0,0,0,0,0,0,0,0,0,0,0,0,0,0,0,0,0,0,0,1,1,0,0,1,0,0
CUST002782,Yashodhara,Samra,30.0,Delhi,2020-11-06,8700.0,2020,11,6,0,0,0,0,1,1,0,0,0,1,0,0,0,0,0,1,0,0,0,0,0,0,0,0,0,0,0,0,0,0,0,0,0,0,0,0,0,1,0,0,0,0,0,0,0
CUST002783,Varenya,Rajagopalan,22.0,Kolkata,2022-08-17,41500.0,2022,8,17,0,0,0,0,0,1,0,0,0,0,0,0,0,0,0,0,0,0,0,0,0,0,0,0,0,0,0,1,0,0,0,0,0,0,0,1,0,0,0,0,0,0,1,0,0
CUST002784,Raagini,Kara,24.0,Varanasi,2020-08-16,7700.0,2020,8,16,0,0,0,0,0,0,1,0,1,0,0,0,0,0,0,0,0,0,0,0,0,0,0,0,0,0,1,0,0,0,0,0,0,0,0,0,0,1,0,0,0,0,0,0,0
CUST002785,Idika,Samra,32.0,Pune,2019-02-05,232400.0,2019,2,5,1,0,0,0,0,1,0,0,0,1,1,0,0,0,0,0,0,0,0,0,1,0,0,0,0,0,0,0,1,0,0,0,0,0,0,0,0,0,0,0,0,0,0,0,1
CUST002786,Aarush,Tara,33.0,Mumbai,2021-07-25,32700.0,2021,7,25,0,0,0,1,0,1,0,0,0,1,0,0,0,0,0,0,0,0,0,0,1,0,0,0,0,0,0,0,0,0,0,0,0,0,0,0,0,0,1,0,0,0,1,0,0
CUST002787,Kashish,Thaker,28.0,New Delhi,2020-12-03,175300.0,2020,12,3,1,0,0,0,0,1,0,0,0,0,1,0,0,0,0,1,0,0,0,0,0,0,0,0,0,0,0,0,0,1,0,0,0,0,0,0,0,0,0,0,0,0,0,0,1
CUST002788,Lipika,Roy,21.0,Amritsar,2023-08-17,13500.0,2023,8,17,0,0,0,0,0,0,1,0,1,0,0,0,0,0,0,0,0,0,0,0,0,0,1,0,0,0,0,0,0,0,0,0,0,0,0,0,0,1,0,0,0,0,0,0,0
CUST002789,Qadim,Bandi,32.0,Kanpur,2020-06-20,164400.0,2020,6,20,1,0,0,1,0,0,1,0,1,0,1,0,0,0,0,0,0,0,0,0,0,0,0,0,0,0,1,0,1,0,0,0,0,0,0,0,0,0,0,0,0,0,0,0,1
CUST002790,Anjali,Subramanian,40.0,Kolkata,2018-10-23,470500.0,2018,10,23,0,1,0,0,0,1,0,0,1,0,0,1,0,0,0,0,0,0,0,0,0,0,0,0,0,0,0,1,0,0,0,0,0,0,0,0,0,0,0,1,0,0,0,0,1
CUST002791,Qarin,Chowdhury,46.0,Thiruvananthapuram,2020-10-20,293700.0,2020,10,20,1,0,0,1,0,1,0,0,0,1,1,0,0,0,0,0,0,0,1,0,0,0,0,0,0,0,0,0,0,0,0,0,0,0,0,0,0,0,0,1,0,0,0,0,1
CUST002792,Warda,Buch,31.0,Warangal,2020-12-20,33600.0,2020,12,20,0,0,1,0,0,0,1,0,1,0,0,0,1,0,0,0,0,0,0,0,0,0,0,0,0,1,0,0,0,0,0,0,0,1,0,0,0,0,0,0,0,0,1,0,0
CUST002793,Ekta,Vyas,33.0,Amritsar,2020-12-25,65800.0,2020,12,25,1,0,0,0,0,1,0,0,1,0,1,0,0,0,0,0,0,0,0,0,0,0,1,0,0,0,0,0,1,0,0,0,0,0,0,0,0,0,0,0,0,0,1,0,0
CUST002794,Meera,Shroff,26.0,Bengaluru,2021-05-15,59800.0,2021,5,15,0,0,1,0,0,0,0,0,0,0,0,0,1,0,0,0,0,1,0,0,0,0,0,0,0,0,0,0,0,0,1,0,0,0,0,0,0,0,0,0,0,0,1,0,0
CUST002795,Balveer,Virk,38.0,Delhi,2018-12-08,20700.0,2018,12,8,0,0,1,1,0,1,0,0,1,0,0,0,1,0,0,1,0,0,0,0,0,0,0,0,0,0,0,0,0,0,0,0,0,0,0,0,0,1,0,1,0,0,0,0,0
CUST002796,Chanchal,Korpal,27.0,Howrah,2018-09-08,125000.0,2018,9,8,1,0,0,0,0,0,0,0,0,1,1,0,0,0,0,0,0,0,0,0,0,0,0,0,0,0,0,1,0,0,0,0,0,0,0,0,0,0,0,0,0,0,0,1,0
CUST002797,Vrishti,Brahmbhatt,45.0,Hyderabad,2018-10-05,209000.0,2018,10,5,0,1,0,0,0,0,1,0,0,1,0,1,0,0,0,0,0,0,0,0,0,0,0,0,0,1,0,0,0,0,0,0,1,0,0,0,0,0,0,1,0,0,0,0,1
CUST002798,Nachiket,Bera,18.0,Kolkata,2026-07-11,12800.0,2026,7,11,0,0,0,1,0,0,1,0,0,1,0,0,0,0,0,0,0,0,0,0,0,0,0,0,0,0,0,1,0,0,0,0,0,0,0,0,0,1,0,0,0,0,0,0,0
CUST002799,Pavani,Warrior,38.0,Bengaluru,2019-01-31,491400.0,2019,1,31,0,1,0,0,0,0,1,0,0,1,0,1,0,0,0,0,0,1,0,0,0,0,0,0,0,0,0,0,0,0,0,0,0,0,0,0,0,0,0,1,0,0,0,0,1
CUST002800,Aashi,Singh,42.0,Kolkata,2019-08-23,53200.0,2019,8,23,0,0,1,0,0,1,0,0,0,1,0,0,1,0,0,0,0,0,0,0,0,0,0,0,0,0,0,1,0,0,1,0,0,0,0,0,0,0,0,1,0,0,1,0,0
CUST002801,Vasana,Vala,40.0,Bengaluru,2019-02-23,58900.0,2019,2,23,0,0,1,0,0,1,0,0,1,0,0,0,1,0,0,0,0,1,0,0,0,0,0,0,0,0,0,0,0,0,0,0,0,0,0,0,0,0,1,1,0,0,1,0,0
CUST002802,Wahab,Narula,73.0,Mumbai,2020-12-31,12900.0,2020,12,31,0,0,0,1,0,1,0,0,0,1,0,0,0,0,0,0,0,0,0,0,1,0,0,0,0,0,0,0,0,0,0,0,0,0,1,0,0,0,0,0,0,1,0,0,0
CUST002803,Shivansh,Pandit,43.0,Kochi,2020-06-17,261500.0,2020,6,17,1,0,0,1,0,1,0,0,0,0,1,0,0,0,0,0,0,0,1,0,0,0,0,0,0,0,0,0,1,0,0,0,0,0,0,0,0,0,0,1,0,0,0,0,1
CUST002804,Nandini,Mann,25.0,Indore,2019-09-14,60700.0,2019,9,14,1,0,0,0,0,1,0,0,0,0,1,0,0,0,0,0,0,0,0,1,0,0,0,0,0,0,0,0,0,1,0,0,0,0,0,0,0,0,0,0,0,0,1,0,0
CUST002805,Fiyaz,Banik,37.0,Amritsar,2019-01-01,58000.0,2019,1,1,0,0,1,1,0,1,0,0,1,0,0,0,1,0,0,0,0,0,0,0,0,0,1,0,0,0,0,0,0,0,0,0,0,0,0,0,0,0,1,1,0,0,1,0,0
CUST002806,Max,Lad,18.0,Ahmedabad,2026-07-11,32900.0,2026,7,11,0,0,0,1,0,1,0,0,0,0,0,0,0,0,0,0,1,0,0,0,0,0,0,0,0,0,0,0,0,0,0,0,0,1,0,0,0,0,0,0,0,0,1,0,0
CUST002807,Bhavani,Solanki,37.0,Ahmedabad,2019-02-09,105100.0,2019,2,9,1,0,0,0,0,1,0,0,0,0,1,0,0,0,0,0,1,0,0,0,0,0,0,0,0,0,0,0,0,1,0,0,0,0,0,0,0,0,0,1,0,0,0,1,0
CUST002808,Hamsini,Behl,27.0,Kolkata,2020-03-15,129900.0,2020,3,15,1,0,0,0,0,0,1,0,1,0,1,0,0,0,0,0,0,0,0,0,0,0,0,0,0,0,0,1,0,0,0,0,1,0,0,0,0,0,0,0,0,0,0,1,0
CUST002809,Mugdha,Bala,50.0,Pune,2019-06-22,186600.0,2019,6,22,1,0,0,0,0,1,0,0,1,0,1,0,0,0,0,0,0,0,0,0,1,0,0,0,0,0,0,0,0,0,0,0,1,0,0,0,0,0,0,1,0,0,0,0,1
CUST002810,Luke,Sundaram,31.0,Delhi,2018-09-07,94600.0,2018,9,7,1,0,0,1,0,1,0,0,0,0,1,0,0,0,0,1,0,0,0,0,0,0,0,0,0,0,0,0,0,1,0,0,0,0,0,0,0,0,0,0,0,0,0,1,0
CUST002811,Benjamin,Date,36.0,Bengaluru,2021-03-01,308900.0,2021,3,1,1,0,0,1,0,1,0,0,0,0,1,0,0,0,0,0,0,1,0,0,0,0,0,0,0,0,0,0,1,0,0,0,0,0,0,0,0,0,0,1,0,0,0,0,1
CUST002812,Zayyan,Bose,30.0,Indore,2018-11-05,57200.0,2018,11,5,0,0,1,1,0,0,1,0,1,0,0,0,1,0,0,0,0,0,0,1,0,0,0,0,0,0,0,0,0,0,1,0,0,0,0,0,0,0,0,0,0,0,1,0,0
CUST002813,Liam,Krishnan,61.0,Delhi,2020-01-22,38400.0,2020,1,22,0,0,1,1,0,1,0,0,0,1,0,0,1,0,0,1,0,0,0,0,0,0,0,0,0,0,0,0,0,0,0,0,0,0,1,0,0,0,0,0,1,0,1,0,0
CUST002814,Ekaja,Mand,34.0,Kochi,2019-09-11,25800.0,2019,9,11,0,0,1,0,0,0,1,0,1,0,0,0,1,0,0,0,0,0,1,0,0,0,0,0,0,0,0,0,0,0,0,0,0,1,0,0,0,0,0,0,0,0,0,0,0
CUST002815,Mahika,Kurian,62.0,Chennai,2018-12-28,294400.0,2018,12,28,0,1,0,0,0,1,0,0,0,0,0,1,0,0,0,0,0,0,0,0,0,0,0,0,1,0,0,0,0,0,0,0,0,0,0,0,0,0,0,0,1,0,0,0,1
CUST002816,Advika,Choudhury,49.0,Ahmedabad,2020-05-24,65800.0,2020,5,24,0,0,1,0,0,1,0,0,1,0,0,0,1,0,0,0,1,0,0,0,0,0,0,0,0,0,0,0,0,0,0,0,0,0,0,1,0,0,0,1,0,0,1,0,0
CUST002817,Gagan,Dora,44.0,Pune,2020-05-14,87700.0,2020,5,14,0,0,1,1,0,1,0,0,0,1,0,0,1,0,0,0,0,0,0,0,1,0,0,0,0,0,0,0,0,0,0,0,1,0,0,0,0,0,0,1,0,0,0,1,0
CUST002818,Vansha,Pingle,43.0,Bengaluru,2020-01-17,31700.0,2020,1,17,0,0,1,0,0,1,0,0,0,0,0,0,1,0,0,0,0,1,0,0,0,0,0,0,0,0,0,0,0,0,0,0,0,1,0,0,0,0,0,1,0,0,1,0,0
CUST002819,Gagan,Lal,43.0,Bhubaneswar,2021-07-26,147800.0,2021,7,26,0,0,1,1,0,1,0,0,1,0,0,0,1,0,0,0,0,0,0,0,0,1,0,0,0,0,0,0,0,0,0,0,0,0,0,0,1,0,0,1,0,0,0,0,1
CUST002820,Jacob,Sundaram,18.0,Bengaluru,2026-07-11,19500.0,2026,7,11,0,0,0,1,0,1,0,0,1,0,0,0,0,0,0,0,0,1,0,0,0,0,0,0,0,0,0,0,0,0,0,0,0,1,0,0,0,0,0,0,0,0,0,0,0
CUST002821,Hemangini,Wable,34.0,Bengaluru,2020-10-01,65800.0,2020,10,1,0,0,1,0,0,1,0,0,1,0,0,0,1,0,0,0,0,1,0,0,0,0,0,0,0,0,0,0,0,0,0,0,0,0,0,1,0,0,0,0,0,0,1,0,0
CUST002822,Anamika,Oza,49.0,Delhi,2018-11-03,133500.0,2018,11,3,0,1,0,0,0,0,1,0,1,0,0,1,0,0,0,1,0,0,0,0,0,0,0,0,0,0,0,0,0,1,0,0,0,0,0,0,0,0,0,1,0,0,0,0,1
CUST002823,Chaman,Dhillon,37.0,Pune,2021-05-12,79400.0,2021,5,12,0,0,1,0,0,0,0,0,0,0,0,0,1,0,0,0,0,0,0,0,1,0,0,0,0,0,0,0,0,0,0,0,0,0,0,1,0,0,0,1,0,0,0,1,0
CUST002824,Faraj,Tandon,20.0,Delhi,2024-08-16,13500.0,2024,8,16,0,0,0,1,0,0,1,0,0,1,0,0,0,0,0,1,0,0,0,0,0,0,0,0,0,0,0,0,0,0,0,0,0,0,0,0,0,1,0,0,0,0,0,0,0
CUST002825,Triveni,Rajagopal,37.0,Howrah,2018-10-13,34500.0,2018,10,13,0,0,1,0,0,0,0,1,0,0,0,0,1,0,0,0,0,0,0,0,0,0,0,0,0,0,0,1,0,0,0,0,0,1,0,0,0,0,0,1,0,0,1,0,0
CUST002826,Kashish,Sarraf,60.0,Chennai,2018-12-03,31600.0,2018,12,3,0,0,1,0,0,0,0,1,0,1,0,0,1,0,0,0,0,0,0,0,0,0,0,0,1,0,0,0,0,0,0,0,0,0,1,0,0,0,0,0,1,0,1,0,0
CUST002827,Geetika,Kade,54.0,Madurai,2019-07-10,278000.0,2019,7,10,0,1,0,0,0,1,0,0,0,1,0,1,0,0,0,0,0,0,0,0,0,0,0,0,1,0,0,0,0,0,0,0,0,0,0,0,0,0,0,0,1,0,0,0,1
CUST002828,Orinder,Bhagat,37.0,Pune,2019-11-09,10700.0,2019,11,9,0,0,0,1,0,0,1,0,0,0,0,0,0,0,0,0,0,0,0,0,1,0,0,0,0,0,0,0,0,0,0,0,0,0,0,0,0,1,0,1,0,0,0,0,0
CUST002829,Libni,D’Alia,50.0,Lucknow,2020-10-13,105800.0,2020,10,13,1,0,0,0,0,1,0,0,0,1,1,0,0,0,0,0,0,0,0,0,0,0,0,0,0,0,1,0,0,0,0,0,1,0,0,0,0,0,0,1,0,0,0,1,0
CUST002830,Ati,Ganesh,38.0,Udaipur,2020-07-10,95100.0,2020,7,10,0,0,1,0,0,0,1,0,1,0,0,0,1,0,0,0,0,0,0,0,0,0,0,1,0,0,0,0,0,0,0,0,1,0,0,0,0,0,0,1,0,0,0,1,0
CUST002831,Vedika,Rastogi,18.0,Mumbai,2026-07-11,9600.0,2026,7,11,0,0,0,0,0,1,0,0,0,0,0,0,0,0,0,0,0,0,0,0,1,0,0,0,0,0,0,0,0,0,0,0,0,0,0,0,0,1,0,0,0,0,0,0,0
CUST002832,Wazir,Mitra,26.0,Hyderabad,2019-04-08,46600.0,2019,4,8,0,0,1,1,0,1,0,0,0,0,0,0,1,0,0,0,0,0,0,0,0,0,0,0,0,1,0,0,0,0,0,0,0,0,0,1,0,0,0,0,0,0,1,0,0
CUST002833,Wazir,Walia,58.0,Mumbai,2020-08-26,39600.0,2020,8,26,0,0,1,1,0,1,0,0,1,0,0,0,1,0,0,0,0,0,0,0,1,0,0,0,0,0,0,0,0,0,0,0,0,1,0,0,0,0,0,0,1,0,1,0,0
CUST002834,Jackson,Raghavan,34.0,Jodhpur,2019-08-16,37100.0,2019,8,16,0,0,1,1,0,1,0,0,0,0,0,0,1,0,0,0,0,0,0,0,0,0,0,1,0,0,0,0,0,0,0,0,0,0,0,0,0,0,1,0,0,0,1,0,0
CUST002835,Robert,Som,35.0,Surat,2020-07-20,113500.0,2020,7,20,0,0,1,1,0,1,0,0,0,1,0,0,1,0,0,0,1,0,0,0,0,0,0,0,0,0,0,0,0,0,0,0,0,0,0,0,1,0,0,0,0,0,0,1,0
CUST002836,Lekha,Dhillon,34.0,Patna,2020-03-25,9400.0,2020,3,25,0,0,0,0,0,1,0,0,0,1,0,0,0,1,0,0,0,0,0,0,0,0,0,0,0,0,0,0,0,0,0,0,0,0,0,0,0,1,0,0,0,0,0,0,0
CUST002837,Teerth,Arora,63.0,Delhi,2019-12-17,302000.0,2019,12,17,1,0,0,1,0,1,0,0,0,1,1,0,0,0,0,1,0,0,0,0,0,0,0,0,0,0,0,0,0,0,0,0,0,0,0,0,0,0,0,0,1,0,0,0,1
CUST002838,Maanas,Sen,59.0,Chennai,2019-03-22,162900.0,2019,3,22,0,1,0,1,0,1,0,0,1,0,0,1,0,0,0,0,0,0,0,0,0,0,0,0,1,0,0,0,0,0,0,0,0,0,0,0,1,0,0,0,1,0,0,0,1
CUST002839,Rayaan,Mutti,67.0,Delhi,2020-12-28,13100.0,2020,12,28,0,0,0,1,0,1,0,0,0,0,0,0,0,0,0,1,0,0,0,0,0,0,0,0,0,0,0,0,0,0,0,1,0,0,0,0,0,0,0,0,0,1,0,0,0
CUST002840,Ansh,Chatterjee,36.0,Hyderabad,2020-06-05,70200.0,2020,6,5,0,0,1,1,0,0,0,0,1,0,0,0,1,0,0,0,0,0,0,0,0,0,0,0,0,1,0,0,0,0,0,0,0,0,0,1,0,0,0,1,0,0,0,1,0
CUST002841,Peter,Sankaran,42.0,Chennai,2021-03-27,57800.0,2021,3,27,0,0,1,1,0,1,0,0,0,1,0,0,1,0,0,0,0,0,0,0,0,0,0,0,1,0,0,0,0,0,0,0,0,0,0,0,0,0,1,1,0,0,1,0,0
CUST002842,Madhavi,Nayak,18.0,Mumbai,2026-07-11,5200.0,2026,7,11,0,0,0,0,0,1,0,0,1,0,0,0,0,0,0,0,0,0,0,0,1,0,0,0,0,0,0,0,0,0,0,0,0,0,0,0,0,1,0,0,0,0,0,0,0
CUST002843,Lopa,Loke,57.0,Ahmedabad,2019-10-24,15200.0,2019,10,24,0,0,0,0,0,0,0,0,0,0,0,0,0,0,0,0,1,0,0,0,0,0,0,0,0,0,0,0,0,0,0,0,0,0,0,0,0,1,0,0,1,0,0,0,0
CUST002844,Chandran,Kumer,23.0,Madurai,2021-08-16,38400.0,2021,8,16,0,0,1,1,0,0,1,0,1,0,0,0,1,0,0,0,0,0,0,0,0,0,0,0,1,0,0,0,0,0,1,0,0,0,0,0,0,0,0,0,0,0,1,0,0
CUST002845,Rohan,Shenoy,41.0,Kanpur,2021-06-12,18700.0,2021,6,12,0,0,0,1,0,1,0,0,0,1,0,0,0,0,0,0,0,0,0,0,0,0,0,0,0,0,1,0,0,0,0,0,0,0,0,0,0,1,0,1,0,0,0,0,0
CUST002846,Jai,Hayer,24.0,Bengaluru,2020-08-16,50500.0,2020,8,16,0,0,1,1,0,0,1,0,1,0,0,0,1,0,0,0,0,1,0,0,0,0,0,0,0,0,0,0,0,0,0,0,0,0,0,0,0,0,1,0,0,0,1,0,0
CUST002847,Om,Gole,30.0,Patna,2020-01-09,55900.0,2020,1,9,0,0,1,1,0,1,0,0,0,1,0,0,1,1,0,0,0,0,0,0,0,0,0,0,0,0,0,0,0,0,0,0,0,0,0,1,0,0,0,0,0,0,1,0,0
CUST002848,Nirja,Anne,27.0,Ludhiana,2021-03-22,39400.0,2021,3,22,0,0,1,0,0,0,1,0,1,0,0,0,1,0,0,0,0,0,0,0,0,0,1,0,0,0,0,0,0,0,0,0,0,0,0,0,0,0,1,0,0,0,1,0,0
CUST002849,Aarna,Bir,30.0,Kochi,2021-06-19,120600.0,2021,6,19,0,0,1,0,0,1,0,0,0,1,0,0,1,0,0,0,0,0,1,0,0,0,0,0,0,0,0,0,0,1,0,0,0,0,0,0,0,0,0,0,0,0,0,1,0
CUST002850,Abha,Sabharwal,31.0,Udaipur,2021-04-07,162200.0,2021,4,7,1,0,0,0,0,0,0,1,0,1,1,0,0,0,0,0,0,0,0,0,0,0,0,1,0,0,0,0,0,0,0,0,1,0,0,0,0,0,0,0,0,0,0,0,1
CUST002851,Chavvi,Vohra,31.0,Lucknow,2020-03-18,128600.0,2020,3,18,1,0,0,0,0,0,1,0,1,0,1,0,0,0,0,0,0,0,0,0,0,0,0,0,0,0,1,0,0,0,0,0,1,0,0,0,0,0,0,0,0,0,0,1,0
CUST002852,Charles,Sehgal,49.0,Kolkata,2019-08-15,6500.0,2019,8,15,0,0,0,1,0,1,0,0,0,1,0,0,0,0,0,0,0,0,0,0,0,0,0,0,0,0,0,1,0,0,0,1,0,0,0,0,0,0,0,1,0,0,0,0,0
CUST002853,Pushti,Kanda,24.0,Delhi,2020-08-16,56500.0,2020,8,16,0,0,1,0,0,0,1,0,0,0,0,0,1,0,0,1,0,0,0,0,0,0,0,0,0,0,0,0,0,0,1,0,0,0,0,0,0,0,0,0,0,0,1,0,0
CUST002854,Meghana,Krishnamurthy,38.0,Ahmedabad,2021-03-11,100400.0,2021,3,11,0,0,1,0,0,1,0,0,1,0,0,0,1,0,0,0,1,0,0,0,0,0,0,0,0,0,0,0,0,1,0,0,0,0,0,0,0,0,0,1,0,0,0,1,0
CUST002855,Inaya,Bandi,54.0,Ahmedabad,2019-09-22,187100.0,2019,9,22,1,0,0,0,0,1,0,0,0,1,1,0,0,0,0,0,1,0,0,0,0,0,0,0,0,0,0,0,0,0,0,0,1,0,0,0,0,0,0,0,1,0,0,0,1
CUST002856,Advik,Chanda,31.0,Ludhiana,2020-05-30,8400.0,2020,5,30,0,0,0,1,0,1,0,0,0,0,0,0,0,0,0,0,0,0,0,0,0,0,1,0,0,0,0,0,0,0,0,0,0,0,0,0,0,1,0,0,0,0,0,0,0
CUST002857,Barkha,Kalla,29.0,Madurai,2020-03-25,132100.0,2020,3,25,1,0,0,0,0,1,0,0,0,0,1,0,0,0,0,0,0,0,0,0,0,0,0,0,1,0,0,0,0,0,0,0,1,0,0,0,0,0,0,0,0,0,0,1,0
CUST002858,Divya,Dar,35.0,Bengaluru,2019-03-22,174700.0,2019,3,22,1,0,0,0,0,0,1,0,0,0,1,0,0,0,0,0,0,1,0,0,0,0,0,0,0,0,0,0,0,0,0,0,0,0,0,0,1,0,0,0,0,0,0,0,1
CUST002859,Chameli,De,53.0,Ahmedabad,2020-08-17,13900.0,2020,8,17,0,0,0,0,0,0,0,1,1,0,0,0,0,0,0,0,1,0,0,0,0,0,0,0,0,0,0,0,0,0,0,0,0,0,0,0,0,1,0,0,1,0,0,0,0
CUST002860,Raghav,Goyal,41.0,Amritsar,2021-03-08,12100.0,2021,3,8,0,0,0,1,0,1,0,0,1,0,0,0,0,0,0,0,0,0,0,0,0,0,1,0,0,0,0,0,0,0,0,0,0,0,0,0,0,1,0,1,0,0,0,0,0
CUST002861,Dayamai,Gour,31.0,Delhi,2019-01-02,32500.0,2019,1,2,0,0,1,0,0,1,0,0,0,0,0,0,1,0,0,1,0,0,0,0,0,0,0,0,0,0,0,0,0,0,0,0,0,1,0,0,0,0,0,0,0,0,1,0,0
CUST002862,Lajita,Menon,44.0,Bengaluru,2020-12-27,111900.0,2020,12,27,1,0,0,0,0,1,0,0,1,0,1,0,0,0,0,0,0,1,0,0,0,0,0,0,0,0,0,0,0,0,0,0,0,0,0,0,1,0,0,1,0,0,0,1,0
CUST002863,Vinaya,Borra,24.0,Madurai,2020-09-28,119300.0,2020,9,28,1,0,0,1,0,0,1,0,0,1,1,0,0,0,0,0,0,0,0,0,0,0,0,0,1,0,0,0,0,0,0,0,0,0,0,0,0,0,0,0,0,0,0,1,0
CUST002864,Vasana,Malhotra,47.0,Delhi,2019-07-04,164100.0,2019,7,4,1,0,0,0,0,0,0,1,0,1,1,0,0,0,0,1,0,0,0,0,0,0,0,0,0,0,0,0,0,1,0,0,0,0,0,0,0,0,0,1,0,0,0,0,1
CUST002865,Unni,Naik,43.0,Mumbai,2019-07-29,239100.0,2019,7,29,0,1,0,0,0,1,0,0,0,0,0,1,0,0,0,0,0,0,0,0,1,0,0,0,0,0,0,0,0,0,0,0,1,0,0,0,0,0,0,1,0,0,0,0,1
CUST002866,Kabir,Edwin,34.0,Bengaluru,2019-03-23,61300.0,2019,3,23,1,0,0,1,0,0,1,0,1,0,1,0,0,0,0,0,0,1,0,0,0,0,0,0,0,0,0,0,0,0,0,0,0,0,0,1,0,0,0,0,0,0,1,0,0
CUST002867,Bina,Malhotra,27.0,Bhopal,2021-01-27,90100.0,2021,1,27,0,0,1,0,0,0,0,0,0,0,0,0,1,0,0,0,0,0,0,1,0,0,0,0,0,0,0,0,0,0,0,0,0,0,0,0,1,0,0,0,0,0,0,1,0
CUST002868,Azaan,Raja,26.0,Mumbai,2020-07-26,55900.0,2020,7,26,0,0,1,1,0,1,0,0,0,0,0,0,1,0,0,0,0,0,0,0,1,0,0,0,0,0,0,0,0,0,0,0,0,0,0,0,1,0,0,0,0,0,1,0,0
CUST002869,Sara,Natarajan,45.0,Hyderabad,2021-03-31,113500.0,2021,3,31,0,0,1,0,0,1,0,0,0,1,0,0,1,0,0,0,0,0,0,0,0,0,0,0,0,1,0,0,0,0,0,0,0,0,0,0,1,0,0,1,0,0,0,1,0
CUST002870,Ayushman,Kuruvilla,54.0,Jaipur,2020-01-01,146900.0,2020,1,1,1,0,0,1,0,1,0,0,0,1,1,0,0,0,0,0,0,0,0,0,0,0,0,1,0,0,0,0,0,1,0,0,0,0,0,0,0,0,0,0,1,0,0,0,1
CUST002871,Libni,Gokhale,30.0,Guwahati,2020-09-30,81400.0,2020,9,30,0,0,1,1,0,0,1,0,1,0,0,0,1,0,0,0,0,0,0,0,0,0,0,0,0,0,0,0,0,0,0,0,1,0,0,0,0,0,0,0,0,0,0,1,0
CUST002872,Urvi,Boase,44.0,Ludhiana,2019-07-23,121900.0,2019,7,23,1,0,0,0,0,1,0,0,1,0,1,0,0,0,0,0,0,0,0,0,0,0,1,0,0,0,0,0,0,0,0,0,0,0,0,1,0,0,0,1,0,0,0,1,0
CUST002873,Xalak,Iyer,18.0,Hyderabad,2026-07-11,92400.0,2026,7,11,0,0,1,0,0,0,1,0,0,0,0,0,1,0,0,0,0,0,0,0,0,0,0,0,0,1,0,0,0,0,0,0,0,0,0,1,0,0,0,0,0,0,0,1,0
CUST002874,Shravya,Gokhale,30.0,Guwahati,2021-06-12,12100.0,2021,6,12,0,0,0,0,0,1,0,0,0,1,0,0,0,0,0,0,0,0,0,0,0,0,0,0,0,0,0,0,0,0,0,0,0,0,0,0,0,1,0,0,0,0,0,0,0
CUST002875,Xalak,Chopra,38.0,Mumbai,2020-04-29,65800.0,2020,4,29,0,0,1,0,0,1,0,0,0,0,0,0,1,0,0,0,0,0,0,0,1,0,0,0,0,0,0,0,0,0,0,0,0,0,0,0,0,0,0,1,0,0,1,0,0
CUST002876,Eshana,Zachariah,26.0,Vadodara,2018-10-01,8100.0,2018,10,1,0,0,1,0,0,1,0,0,0,0,0,0,1,0,0,0,1,0,0,0,0,0,0,0,0,0,0,0,0,0,0,1,0,0,0,0,0,0,0,0,0,0,0,0,0
CUST002877,Tanveer,Kamdar,26.0,Howrah,2018-12-14,43800.0,2018,12,14,0,0,1,1,0,1,0,0,0,0,0,0,1,0,0,0,0,0,0,0,0,0,0,0,0,0,0,1,0,0,1,0,0,0,0,0,0,0,0,0,0,0,1,0,0
CUST002878,Chatresh,Sathe,29.0,New Delhi,2018-08-23,43800.0,2018,8,23,0,0,1,1,0,0,1,0,0,1,0,0,1,0,0,1,0,0,0,0,0,0,0,0,0,0,0,0,0,0,0,0,0,0,0,1,0,0,0,0,0,0,1,0,0
CUST002879,Kai,Chauhan,42.0,Chennai,2020-05-17,53200.0,2020,5,17,0,0,1,1,0,0,0,0,0,0,0,0,1,0,0,0,0,0,0,0,0,0,0,0,1,0,0,0,0,0,0,0,0,0,0,0,0,0,1,1,0,0,1,0,0
CUST002880,Anay,Bora,36.0,Pune,2021-06-26,36800.0,2021,6,26,0,0,0,1,0,1,0,0,0,0,0,0,0,0,0,0,0,0,0,0,1,0,0,0,0,0,0,0,0,0,0,0,0,1,0,0,0,0,0,1,0,0,1,0,0
CUST002881,Bimala,Krishna,18.0,Bhopal,2026-07-11,14900.0,2026,7,11,0,0,0,0,0,0,1,0,0,0,0,0,0,0,0,0,0,0,0,1,0,0,0,0,0,0,0,0,0,0,0,0,0,0,0,0,0,1,0,0,0,0,0,0,0
CUST002882,Vansha,Bahl,18.0,Hyderabad,2026-07-11,14700.0,2026,7,11,0,0,0,0,0,0,1,0,1,0,0,0,0,0,0,0,0,0,0,0,0,0,0,0,0,1,0,0,0,0,0,0,0,0,0,0,0,1,0,0,0,0,0,0,0
CUST002883,Yadavi,Dixit,30.0,Kolkata,2021-03-21,58600.0,2021,3,21,0,0,1,0,0,1,0,0,0,1,0,0,1,0,0,0,0,0,0,0,0,0,0,0,0,0,0,1,0,0,1,0,0,0,0,0,0,0,0,0,0,0,1,0,0
CUST002884,Aadi,Barad,44.0,Nagpur,2020-09-22,170300.0,2020,9,22,1,0,0,1,0,0,0,0,1,0,1,0,0,0,0,0,0,0,0,0,1,0,0,0,0,0,0,0,0,0,0,0,0,0,0,0,0,0,0,1,0,0,0,0,1
CUST002885,Robert,Lata,18.0,Delhi,2026-07-11,23000.0,2026,7,11,0,0,0,1,0,0,1,0,0,0,0,0,0,0,0,1,0,0,0,0,0,0,0,0,0,0,0,0,0,0,0,0,0,0,0,0,0,0,0,0,0,0,0,0,0
CUST002886,Forum,Narayan,32.0,Ludhiana,2020-03-14,31600.0,2020,3,14,0,0,1,0,0,0,0,0,1,0,0,0,1,0,0,0,0,0,0,0,0,0,1,0,0,0,0,0,0,0,0,0,0,0,1,0,0,0,0,0,0,0,1,0,0
CUST002887,Shivani,Aggarwal,31.0,Vadodara,2020-12-30,168000.0,2020,12,30,1,0,0,0,0,1,0,0,1,0,1,0,0,0,0,0,1,0,0,0,0,0,0,0,0,0,0,0,0,0,0,0,1,0,0,0,0,0,0,0,0,0,0,0,1
CUST002888,Yatan,Sridhar,56.0,Bhubaneswar,2021-05-08,167400.0,2021,5,8,1,0,0,1,0,0,0,0,0,1,1,0,0,0,0,0,0,0,0,0,0,1,0,0,0,0,0,0,0,0,0,0,1,0,0,0,0,0,0,0,1,0,0,0,1
CUST002889,Urmi,Raval,33.0,Bengaluru,2020-05-23,130100.0,2020,5,23,1,0,0,0,0,1,0,0,1,0,1,0,0,0,0,0,0,1,0,0,0,0,0,0,0,0,0,0,0,0,0,0,1,0,0,0,0,0,0,0,0,0,0,1,0
CUST002890,Bhavya,Zachariah,43.0,Nagpur,2020-07-27,103500.0,2020,7,27,1,0,0,0,0,1,0,0,0,0,1,0,0,0,0,0,0,0,0,0,1,0,0,0,0,0,0,0,0,1,0,0,0,0,0,0,0,0,0,1,0,0,0,1,0
CUST002891,Isaiah,Aggarwal,40.0,Chennai,2020-01-05,137700.0,2020,1,5,1,0,0,1,0,1,0,0,0,1,1,0,0,0,0,0,0,0,0,0,0,0,0,0,1,0,0,0,0,0,0,0,1,0,0,0,0,0,0,1,0,0,0,0,1
CUST002892,Sanaya,Subramaniam,18.0,Chennai,2026-07-11,15700.0,2026,7,11,0,0,0,0,0,0,1,0,1,0,0,0,0,0,0,0,0,0,0,0,0,0,0,0,1,0,0,0,0,0,0,0,0,0,0,0,0,1,0,0,0,0,0,0,0
CUST002893,Darsh,Wason,48.0,Delhi,2021-04-15,12400.0,2021,4,15,0,0,0,1,0,1,0,0,0,0,0,0,0,0,0,1,0,0,0,0,0,0,0,0,0,0,0,0,0,0,0,0,0,0,0,0,0,1,0,1,0,0,0,0,0
CUST002894,Rachita,Nath,41.0,Surat,2019-04-02,13000.0,2019,4,2,0,0,1,0,0,0,1,0,0,0,0,0,1,0,0,0,1,0,0,0,0,0,0,0,0,0,0,0,0,0,0,0,0,0,0,0,0,1,0,1,0,0,0,0,0
CUST002895,Max,Rattan,45.0,Hyderabad,2021-07-18,29400.0,2021,7,18,0,0,0,1,0,1,0,0,0,1,0,0,0,0,0,0,0,0,0,0,0,0,0,0,0,1,0,0,0,0,0,0,0,1,0,0,0,0,0,1,0,0,1,0,0
CUST002896,Ayaan,Chana,75.0,Delhi,2020-04-18,430600.0,2020,4,18,0,1,0,1,0,1,0,0,0,1,0,1,0,0,0,1,0,0,0,0,0,0,0,0,0,0,0,0,0,0,0,0,0,0,0,0,0,0,0,0,0,1,0,0,1
CUST002897,Rajeshri,Warrior,18.0,Bengaluru,2026-07-11,14500.0,2026,7,11,0,0,0,1,0,0,1,0,1,0,0,0,0,0,0,0,0,1,0,0,0,0,0,0,0,0,0,0,0,0,0,0,0,0,0,0,0,1,0,0,0,0,0,0,0
CUST002898,Onkar,Buch,60.0,Kolkata,2018-10-03,152300.0,2018,10,3,1,0,0,1,0,1,0,0,1,0,1,0,0,0,0,0,0,0,0,0,0,0,0,0,0,0,0,1,0,0,0,0,0,0,0,0,1,0,0,0,1,0,0,0,1
CUST002899,Veda,Mann,34.0,Surat,2019-11-26,54800.0,2019,11,26,0,0,1,0,0,1,0,0,0,0,0,0,1,0,0,0,1,0,0,0,0,0,0,0,0,0,0,0,0,0,0,0,0,0,0,1,0,0,0,0,0,0,1,0,0
CUST002900,Harrison,Goda,42.0,Chennai,2021-02-23,11600.0,2021,2,23,0,0,0,1,0,0,0,1,1,0,0,0,0,0,0,0,0,0,0,0,0,0,0,0,1,0,0,0,0,0,0,1,0,0,0,0,0,0,0,1,0,0,0,0,0
CUST002901,Anmol,Rajagopalan,37.0,Coimbatore,2020-01-27,46500.0,2020,1,27,0,0,1,1,0,1,0,0,0,0,0,0,1,0,0,0,0,0,0,0,0,0,0,0,1,0,0,0,0,0,0,0,0,0,0,1,0,0,0,1,0,0,1,0,0
CUST002902,Girish,Mistry,32.0,Pune,2020-06-09,68100.0,2020,6,9,0,0,1,1,0,1,0,0,0,1,0,0,1,0,0,0,0,0,0,0,1,0,0,0,0,0,0,0,0,0,1,0,0,0,0,0,0,0,0,0,0,0,0,1,0
CUST002903,Saumya,Chhabra,31.0,Kochi,2020-03-09,104600.0,2020,3,9,1,0,0,1,0,0,0,0,0,0,1,0,0,0,0,0,0,0,1,0,0,0,0,0,0,0,0,0,0,0,0,0,1,0,0,0,0,0,0,0,0,0,0,1,0
CUST002904,Rachita,Sur,42.0,Thiruvananthapuram,2021-01-12,27700.0,2021,1,12,0,0,0,0,0,1,0,0,1,0,0,0,0,0,0,0,0,0,1,0,0,0,0,0,0,0,0,0,0,0,0,0,0,1,0,0,0,0,0,1,0,0,1,0,0
CUST002905,Brijesh,Sarma,18.0,Ahmedabad,2026-07-11,31200.0,2026,7,11,0,0,0,1,0,0,1,0,0,0,0,0,0,0,0,0,1,0,0,0,0,0,0,0,0,0,0,0,0,0,0,0,0,1,0,0,0,0,0,0,0,0,1,0,0
CUST002906,Ikshita,Dey,48.0,Mumbai,2021-03-05,85100.0,2021,3,5,0,0,1,0,0,1,0,0,1,0,0,0,1,0,0,0,0,0,0,0,1,0,0,0,0,0,0,0,0,0,0,0,0,0,0,1,0,0,0,1,0,0,0,1,0
CUST002907,Anita,Hans,33.0,Coimbatore,2019-05-24,77500.0,2019,5,24,1,0,0,0,0,1,0,0,0,0,1,0,0,0,0,0,0,0,0,0,0,0,0,0,1,0,0,0,0,0,0,0,0,0,0,1,0,0,0,0,0,0,0,1,0
CUST002908,Amaira,Khare,23.0,Kolkata,2021-08-16,140900.0,2021,8,16,0,0,1,0,0,0,1,0,1,0,0,0,1,0,0,0,0,0,0,0,0,0,0,0,0,0,0,1,0,0,0,0,1,0,0,0,0,0,0,0,0,0,0,0,1
CUST002909,Wishi,Ramachandran,32.0,Ludhiana,2021-05-22,103400.0,2021,5,22,0,0,1,0,0,1,0,0,0,1,0,0,1,0,0,0,0,0,0,0,0,0,1,0,0,0,0,0,0,0,0,0,0,0,0,0,1,0,0,0,0,0,0,1,0
CUST002910,Bhavika,Zachariah,54.0,Ludhiana,2018-12-15,21900.0,2018,12,15,0,0,1,0,0,1,0,0,0,1,0,0,1,0,0,0,0,0,0,0,0,0,1,0,0,0,0,0,0,0,0,0,0,0,0,0,0,1,0,0,1,0,0,0,0
CUST002911,Mitesh,Tata,31.0,Chandigarh,2019-10-11,7400.0,2019,10,11,0,0,0,1,0,1,0,0,1,0,0,0,0,0,1,0,0,0,0,0,0,0,0,0,0,0,0,0,0,0,0,0,0,0,0,0,0,1,0,0,0,0,0,0,0
CUST002912,Umang,Babu,43.0,Mumbai,2020-09-04,134000.0,2020,9,4,1,0,0,1,0,1,0,0,1,0,1,0,0,0,0,0,0,0,0,0,1,0,0,0,0,0,0,0,0,0,0,0,0,0,0,0,1,0,0,1,0,0,0,0,1
CUST002913,Andrew,Nori,28.0,Guwahati,2021-06-27,149700.0,2021,6,27,0,0,1,1,0,1,0,0,0,0,0,0,1,0,0,0,0,0,0,0,0,0,0,0,0,0,0,0,0,0,0,0,1,0,0,0,0,0,0,0,0,0,0,0,1
CUST002914,Ayaan,Nazareth,48.0,Kolkata,2019-09-23,11300.0,2019,9,23,0,0,0,1,0,1,0,0,0,1,0,0,0,0,0,0,0,0,0,0,0,0,0,0,0,0,0,1,0,0,0,0,0,0,1,0,0,0,0,1,0,0,0,0,0
CUST002915,Ansh,Ravi,47.0,Lucknow,2020-07-03,13500.0,2020,7,3,0,0,0,1,0,1,0,0,0,0,0,0,0,0,0,0,0,0,0,0,0,0,0,0,0,0,1,0,0,0,0,0,0,0,0,0,0,1,0,1,0,0,0,0,0
CUST002916,Dhriti,Kakar,62.0,Hyderabad,2018-11-26,132800.0,2018,11,26,1,0,0,0,0,0,0,1,0,1,1,0,0,0,0,0,0,0,0,0,0,0,0,0,0,1,0,0,0,0,0,0,0,0,0,0,1,0,0,0,1,0,0,1,0
CUST002917,Veer,Yadav,36.0,Bengaluru,2021-07-09,176000.0,2021,7,9,1,0,0,1,0,1,0,0,1,0,1,0,0,0,0,0,0,1,0,0,0,0,0,0,0,0,0,0,0,0,0,0,1,0,0,0,0,0,0,1,0,0,0,0,1
CUST002918,Falan,Kaul,47.0,Chennai,2021-07-04,131500.0,2021,7,4,0,0,1,1,0,0,0,0,0,1,0,0,1,0,0,0,0,0,0,0,0,0,0,0,1,0,0,0,0,0,0,0,0,0,0,0,1,0,0,1,0,0,0,1,0
CUST002919,Bimala,Bansal,39.0,Pune,2018-10-11,190200.0,2018,10,11,0,1,0,0,0,1,0,0,1,0,0,1,0,0,0,0,0,0,0,0,1,0,0,0,0,0,0,0,0,0,0,0,0,0,0,0,1,0,0,1,0,0,0,0,1
CUST002920,Ekavir,Suresh,55.0,Hyderabad,2018-09-24,85700.0,2018,9,24,1,0,0,1,0,1,0,0,1,0,1,0,0,0,0,0,0,0,0,0,0,0,0,0,0,1,0,0,0,0,0,0,0,0,0,1,0,0,0,0,1,0,0,1,0
CUST002921,Aditya,Sinha,29.0,Chandigarh,2021-07-17,58300.0,2021,7,17,0,0,1,1,0,1,0,0,0,1,0,0,1,0,1,0,0,0,0,0,0,0,0,0,0,0,0,0,0,0,0,0,0,0,0,0,0,0,0,0,0,0,1,0,0
CUST002922,Arin,Kibe,48.0,Mumbai,2019-06-24,6600.0,2019,6,24,0,0,0,1,0,0,1,0,0,0,0,0,0,0,0,0,0,0,0,0,1,0,0,0,0,0,0,0,0,0,0,1,0,0,0,0,0,0,0,1,0,0,0,0,0
CUST002923,Eiravati,Atwal,38.0,Pune,2020-12-17,26800.0,2020,12,17,0,0,0,1,0,0,0,0,0,0,0,0,0,0,0,0,0,0,0,0,1,0,0,0,0,0,0,0,0,0,0,0,0,1,0,0,0,0,0,1,0,0,1,0,0
CUST002924,Gabriel,Bedi,37.0,Pune,2019-07-10,20500.0,2019,7,10,0,0,1,1,0,0,1,0,0,1,0,0,1,0,0,0,0,0,0,0,1,0,0,0,0,0,0,0,0,0,0,0,0,0,0,0,0,1,0,1,0,0,0,0,0
CUST002925,Mitesh,Chatterjee,39.0,Hyderabad,2019-01-07,188700.0,2019,1,7,0,1,0,1,0,1,0,0,0,0,0,1,0,0,0,0,0,0,0,0,0,0,0,0,0,1,0,0,0,0,0,0,1,0,0,0,0,0,0,1,0,0,0,0,1
CUST002926,Vasatika,Garde,41.0,Ludhiana,2021-04-28,67900.0,2021,4,28,0,0,1,0,0,1,0,0,0,1,0,0,1,0,0,0,0,0,0,0,0,0,1,0,0,0,0,0,0,0,0,0,0,0,0,0,1,0,0,1,0,0,0,1,0
CUST002927,Bhavika,Cherian,36.0,Delhi,2020-11-28,68600.0,2020,11,28,0,0,1,0,0,1,0,0,1,0,0,0,1,0,0,1,0,0,0,0,0,0,0,0,0,0,0,0,0,0,0,0,1,0,0,0,0,0,0,1,0,0,0,1,0
CUST002928,Deepa,Tank,41.0,Pune,2021-07-21,151500.0,2021,7,21,0,0,1,0,0,1,0,0,0,1,0,0,1,0,0,0,0,0,0,0,1,0,0,0,0,0,0,0,0,0,0,0,0,0,0,0,1,0,0,1,0,0,0,0,1
CUST002929,Januja,Bhatnagar,59.0,Kochi,2021-06-29,428600.0,2021,6,29,1,0,0,0,0,0,0,0,0,0,1,0,0,0,0,0,0,0,1,0,0,0,0,0,0,0,0,0,0,0,0,0,0,0,0,0,0,0,0,0,1,0,0,0,1
CUST002930,Harrison,Sandhu,51.0,Indore,2021-07-15,30900.0,2021,7,15,0,0,0,1,0,1,0,0,1,0,0,0,0,0,0,0,0,0,0,1,0,0,0,0,0,0,0,0,0,0,0,0,0,1,0,0,0,0,0,0,1,0,1,0,0
CUST002931,Om,Ratti,49.0,Mumbai,2019-03-23,19400.0,2019,3,23,0,0,1,1,0,0,0,1,0,0,0,0,1,0,0,0,0,0,0,0,1,0,0,0,0,0,0,0,0,0,0,1,0,0,0,0,0,0,0,1,0,0,0,0,0
CUST002932,Nicholas,Dara,32.0,Vadodara,2020-09-23,10000.0,2020,9,23,0,0,0,1,0,1,0,0,0,0,0,0,0,0,0,0,1,0,0,0,0,0,0,0,0,0,0,0,0,0,0,0,0,0,0,0,0,1,0,0,0,0,0,0,0
CUST002933,Ekapad,Nagy,26.0,Ahmedabad,2020-02-23,72000.0,2020,2,23,0,0,1,1,0,0,1,0,0,0,0,0,1,0,0,0,1,0,0,0,0,0,0,0,0,0,0,0,0,0,0,0,0,0,0,1,0,0,0,0,0,0,0,1,0
CUST002934,Hredhaan,Bath,50.0,Jaipur,2019-04-06,75300.0,2019,4,6,1,0,0,1,0,1,0,0,0,1,1,0,0,0,0,0,0,0,0,0,0,0,0,1,0,0,0,0,0,0,1,0,0,0,0,0,0,0,0,1,0,0,0,1,0
CUST002935,Gabriel,Nayak,49.0,Chennai,2020-02-21,191400.0,2020,2,21,1,0,0,1,0,1,0,0,1,0,1,0,0,0,0,0,0,0,0,0,0,0,0,0,1,0,0,0,0,0,0,0,0,0,0,0,0,0,0,1,0,0,0,0,1
CUST002936,Bhavika,Dara,57.0,Ludhiana,2020-05-03,206400.0,2020,5,3,1,0,0,0,0,0,1,0,0,0,1,0,0,0,0,0,0,0,0,0,0,0,1,0,0,0,0,0,0,0,0,0,1,0,0,0,0,0,0,0,1,0,0,0,1
CUST002937,Mahika,Dhaliwal,30.0,Mumbai,2021-08-04,30200.0,2021,8,4,0,0,0,0,0,1,0,0,0,0,0,0,0,0,0,0,0,0,0,0,1,0,0,0,0,0,0,0,0,0,0,0,0,1,0,0,0,0,0,0,0,0,1,0,0
CUST002938,Sarthak,Ganguly,38.0,Delhi,2019-12-03,64300.0,2019,12,3,0,0,1,1,0,0,1,0,0,0,0,0,1,0,0,1,0,0,0,0,0,0,0,0,0,0,0,0,0,0,0,0,0,0,0,0,0,0,1,1,0,0,1,0,0
CUST002939,Reva,Gala,18.0,Hyderabad,2026-07-11,6700.0,2026,7,11,0,0,0,0,0,0,1,0,1,0,0,0,0,0,0,0,0,0,0,0,0,0,0,0,0,1,0,0,0,0,0,0,0,0,0,0,0,1,0,0,0,0,0,0,0
CUST002940,Theodore,Kohli,33.0,Chennai,2019-05-01,26000.0,2019,5,1,0,0,1,1,0,1,0,0,0,0,0,0,1,0,0,0,0,0,0,0,0,0,0,0,1,0,0,0,0,0,0,0,0,1,0,0,0,0,0,0,0,0,0,0,0
CUST002941,Anmol,Deol,51.0,Kochi,2020-11-07,42900.0,2020,11,7,0,0,1,1,0,1,0,0,0,1,0,0,1,0,0,0,0,0,1,0,0,0,0,0,0,0,0,0,0,0,0,0,0,1,0,0,0,0,0,0,1,0,1,0,0
CUST002942,Daksha,Puri,38.0,Kolkata,2019-08-09,146000.0,2019,8,9,1,0,0,0,0,0,1,0,0,0,1,0,0,0,0,0,0,0,0,0,0,0,0,0,0,0,0,1,0,0,0,0,1,0,0,0,0,0,0,1,0,0,0,0,1
CUST002943,Farhan,Babu,46.0,Mumbai,2019-09-08,219200.0,2019,9,8,1,0,0,1,0,1,0,0,1,0,1,0,0,0,0,0,0,0,0,0,1,0,0,0,0,0,0,0,0,0,0,0,0,0,0,0,1,0,0,1,0,0,0,0,1
CUST002944,Yagnesh,Buch,36.0,Hyderabad,2019-10-11,95100.0,2019,10,11,0,0,1,1,0,1,0,0,0,0,0,0,1,0,0,0,0,0,0,0,0,0,0,0,0,1,0,0,0,1,0,0,0,0,0,0,0,0,0,1,0,0,0,1,0
CUST002945,Aarush,Amble,42.0,Hyderabad,2020-10-28,65800.0,2020,10,28,0,0,1,1,0,0,1,0,1,0,0,0,1,0,0,0,0,0,0,0,0,0,0,0,0,1,0,0,0,0,0,0,0,0,0,1,0,0,0,1,0,0,1,0,0
CUST002946,Hemal,Chakraborty,23.0,Bhubaneswar,2021-08-16,113300.0,2021,8,16,0,0,1,0,0,0,1,0,1,0,0,0,1,0,0,0,0,0,0,0,0,1,0,0,0,0,0,0,0,0,0,0,0,0,0,0,0,0,0,0,0,0,0,1,0
CUST002947,Meghana,Saha,39.0,Kolkata,2019-01-14,263100.0,2019,1,14,0,1,0,0,0,1,0,0,0,1,0,1,0,0,0,0,0,0,0,0,0,0,0,0,0,0,0,1,1,0,0,0,0,0,0,0,0,0,0,1,0,0,0,0,1
CUST002948,Wazir,Date,18.0,Howrah,2026-07-11,22800.0,2026,7,11,0,0,0,1,0,0,1,0,0,0,0,0,0,0,0,0,0,0,0,0,0,0,0,0,0,0,0,1,0,0,0,0,0,1,0,0,0,0,0,0,0,0,0,0,0
CUST002949,Ishanvi,Dhar,36.0,Ahmedabad,2021-01-29,171100.0,2021,1,29,1,0,0,0,0,1,0,0,1,0,1,0,0,0,0,0,1,0,0,0,0,0,0,0,0,0,0,0,0,0,0,0,1,0,0,0,0,0,0,1,0,0,0,0,1
CUST002950,Lopa,Virk,18.0,Udaipur,2026-07-11,16100.0,2026,7,11,0,0,0,0,0,0,1,0,0,0,0,0,0,0,0,0,0,0,0,0,0,0,0,1,0,0,0,0,0,0,0,0,0,1,0,0,0,0,0,0,0,0,0,0,0
CUST002951,Varenya,Sabharwal,54.0,Howrah,2019-03-05,10700.0,2019,3,5,0,0,0,0,0,1,0,0,0,1,0,0,0,0,0,0,0,0,0,0,0,0,0,0,0,0,0,1,0,0,0,0,0,0,0,0,0,1,0,0,1,0,0,0,0
CUST002952,Kashvi,Ghosh,48.0,Delhi,2020-07-20,69200.0,2020,7,20,0,0,1,0,0,1,0,0,0,0,0,0,1,0,0,1,0,0,0,0,0,0,0,0,0,0,0,0,0,0,0,0,0,0,0,1,0,0,0,1,0,0,0,1,0
CUST002953,Anirudh,Gole,44.0,Bhopal,2019-08-31,158200.0,2019,8,31,0,1,0,1,0,1,0,0,1,0,0,1,0,0,0,0,0,0,0,1,0,0,0,0,0,0,0,0,0,0,0,0,0,0,0,0,1,0,0,1,0,0,0,0,1
CUST002954,Zaid,Chakrabarti,58.0,Surat,2019-12-15,93700.0,2019,12,15,0,0,1,1,0,1,0,0,0,1,0,0,1,0,0,0,1,0,0,0,0,0,0,0,0,0,0,0,0,0,1,0,0,0,0,0,0,0,0,0,1,0,0,1,0
CUST002955,Nidhi,Pall,26.0,Vadodara,2021-06-07,217000.0,2021,6,7,1,0,0,0,0,1,0,0,0,0,1,0,0,0,0,0,1,0,0,0,0,0,0,0,0,0,0,0,0,0,0,0,0,0,0,0,1,0,0,0,0,0,0,0,1
CUST002956,Ubika,Agrawal,38.0,Ludhiana,2019-10-05,51000.0,2019,10,5,0,0,1,0,0,1,0,0,0,0,0,0,1,0,0,0,0,0,0,0,0,0,1,0,0,0,0,0,0,0,0,0,0,0,1,0,0,0,0,1,0,0,1,0,0
CUST002957,Kamya,Handa,50.0,Lucknow,2019-03-08,38900.0,2019,3,8,0,0,1,0,0,1,0,0,0,1,0,0,1,0,0,0,0,0,0,0,0,0,0,0,0,0,1,0,0,0,0,0,0,1,0,0,0,0,0,1,0,0,1,0,0
CUST002958,Dhriti,Wagle,35.0,Kanpur,2018-08-25,15900.0,2018,8,25,0,0,1,0,0,1,0,0,0,0,0,0,1,0,0,0,0,0,0,0,0,0,0,0,0,0,1,0,0,0,0,0,0,0,0,0,0,1,0,0,0,0,0,0,0
CUST002959,Charvi,Pathak,53.0,Guwahati,2021-07-15,214300.0,2021,7,15,1,0,0,0,0,1,0,0,0,1,1,0,0,0,0,0,0,0,0,0,0,0,0,0,0,0,0,0,0,0,0,0,0,0,0,0,1,0,0,0,1,0,0,0,1
CUST002960,Yashica,Kanda,24.0,Pune,2020-08-16,166900.0,2020,8,16,1,0,0,0,0,0,1,0,0,0,1,0,0,0,0,0,0,0,0,0,1,0,0,0,0,0,0,0,0,0,0,0,0,0,0,0,1,0,0,0,0,0,0,0,1
CUST002961,Vedika,Joshi,27.0,Chennai,2020-05-19,138100.0,2020,5,19,1,0,0,0,0,1,0,0,0,1,1,0,0,0,0,0,0,0,0,0,0,0,0,0,1,0,0,0,0,0,0,0,0,0,0,0,1,0,0,0,0,0,0,0,1
CUST002962,Manya,Bera,30.0,Kolkata,2021-08-06,14400.0,2021,8,6,0,0,0,1,0,1,0,0,1,0,0,0,0,0,0,0,0,0,0,0,0,0,0,0,0,0,0,1,0,0,0,0,0,0,0,0,0,1,0,0,0,0,0,0,0
CUST002963,Indali,Chowdhury,31.0,Bengaluru,2019-10-13,171300.0,2019,10,13,0,1,0,0,0,1,0,0,0,1,0,1,0,0,0,0,0,1,0,0,0,0,0,0,0,0,0,0,0,0,0,0,1,0,0,0,0,0,0,0,0,0,0,0,1
CUST002964,Falan,Som,24.0,Varanasi,2021-04-04,2498300.0,2021,4,4,1,0,0,1,0,0,1,0,1,0,1,0,0,0,0,0,0,0,0,0,0,0,0,0,0,0,1,0,0,0,0,0,0,0,0,0,0,0,0,0,0,0,0,0,1
CUST002965,Yuvraj,Goda,54.0,Jaipur,2020-06-27,41700.0,2020,6,27,0,0,1,1,0,0,0,1,0,1,0,0,1,0,0,0,0,0,0,0,0,0,0,1,0,0,0,0,0,0,0,0,0,1,0,0,0,0,0,0,1,0,1,0,0
CUST002966,Gauri,Bassi,35.0,Ahmedabad,2020-11-03,103600.0,2020,11,3,0,0,1,0,0,1,0,0,0,1,0,0,1,0,0,0,1,0,0,0,0,0,0,0,0,0,0,0,0,1,0,0,0,0,0,0,0,0,0,0,0,0,0,1,0
CUST002967,Avni,Patla,43.0,Ludhiana,2020-07-17,18500.0,2020,7,17,0,0,0,0,0,0,0,0,0,1,0,0,0,0,0,0,0,0,0,0,0,0,1,0,0,0,0,0,0,0,0,0,0,0,0,0,0,1,0,1,0,0,0,0,0
CUST002968,Meghana,Kadakia,31.0,New Delhi,2020-02-23,32900.0,2020,2,23,0,0,1,0,0,0,1,0,0,1,0,0,1,0,0,1,0,0,0,0,0,0,0,0,0,0,0,0,0,0,0,0,0,1,0,0,0,0,0,0,0,0,1,0,0
CUST002969,Urishilla,Krishnamurthy,18.0,Surat,2026-07-11,11700.0,2026,7,11,0,0,0,0,0,0,1,0,0,0,0,0,0,0,0,0,1,0,0,0,0,0,0,0,0,0,0,0,0,0,0,0,0,0,0,0,0,1,0,0,0,0,0,0,0
CUST002970,Oliver,Setty,42.0,Madurai,2019-12-20,346500.0,2019,12,20,1,0,0,1,0,1,0,0,1,0,1,0,0,0,0,0,0,0,0,0,0,0,0,0,1,0,0,0,1,0,0,0,0,0,0,0,0,0,0,1,0,0,0,0,1
CUST002971,Anthony,Chawla,18.0,Bengaluru,2026-07-11,14100.0,2026,7,11,0,0,0,1,0,0,1,0,0,1,0,0,0,0,0,0,0,1,0,0,0,0,0,0,0,0,0,0,0,0,0,0,0,0,0,0,0,1,0,0,0,0,0,0,0
CUST002972,Ati,Yogi,37.0,Nagpur,2019-09-20,31200.0,2019,9,20,0,0,1,0,0,1,0,0,1,0,0,0,1,0,0,0,0,0,0,0,1,0,0,0,0,0,0,0,0,0,0,0,0,1,0,0,0,0,0,1,0,0,1,0,0
CUST002973,Gaurang,Dugar,20.0,Patna,2024-08-16,13700.0,2024,8,16,0,0,0,1,0,0,1,0,1,0,0,0,0,1,0,0,0,0,0,0,0,0,0,0,0,0,0,0,0,0,0,0,0,0,0,0,0,1,0,0,0,0,0,0,0
CUST002974,Akshay,Sundaram,64.0,Kolkata,2020-12-14,24300.0,2020,12,14,0,0,0,1,0,1,0,0,1,0,0,0,0,0,0,0,0,0,0,0,0,0,0,0,0,0,0,1,0,0,0,0,0,0,1,0,0,0,0,0,1,0,0,0,0
CUST002975,Dalbir,Bobal,50.0,Kanpur,2020-02-07,91300.0,2020,2,7,1,0,0,1,0,1,0,0,1,0,1,0,0,0,0,0,0,0,0,0,0,0,0,0,0,0,1,0,0,0,1,0,0,0,0,0,0,0,0,1,0,0,0,1,0
CUST002976,Jacob,Saxena,39.0,Madurai,2019-09-05,152300.0,2019,9,5,1,0,0,1,0,1,0,0,0,1,1,0,0,0,0,0,0,0,0,0,0,0,0,0,1,0,0,0,0,0,0,0,1,0,0,0,0,0,0,1,0,0,0,0,1
CUST002977,Omaja,Saini,54.0,Delhi,2019-12-07,181000.0,2019,12,7,1,0,0,0,0,1,0,0,1,0,1,0,0,0,0,1,0,0,0,0,0,0,0,0,0,0,0,0,0,0,0,0,0,0,0,0,0,0,0,0,1,0,0,0,1
CUST002978,Hardik,Nanda,27.0,Bengaluru,2020-07-12,123400.0,2020,7,12,1,0,0,1,0,0,1,0,0,0,1,0,0,0,0,0,0,1,0,0,0,0,0,0,0,0,0,0,0,0,0,0,1,0,0,0,0,0,0,0,0,0,0,1,0
CUST002979,Jyoti,Choudhary,45.0,Hyderabad,2019-09-13,103700.0,2019,9,13,1,0,0,0,0,1,0,0,1,0,1,0,0,0,0,0,0,0,0,0,0,0,0,0,0,1,0,0,0,0,0,0,0,0,0,0,1,0,0,1,0,0,0,1,0
CUST002980,Nicholas,Kari,41.0,Amritsar,2021-07-16,290500.0,2021,7,16,1,0,0,1,0,1,0,0,1,0,1,0,0,0,0,0,0,0,0,0,0,0,1,0,0,0,0,0,0,0,0,0,0,0,0,0,0,0,0,1,0,0,0,0,1
CUST002981,Chavvi,Khalsa,41.0,Mumbai,2020-07-07,32700.0,2020,7,7,0,0,1,0,0,1,0,0,1,0,0,0,1,0,0,0,0,0,0,0,1,0,0,0,0,0,0,0,0,0,0,0,0,1,0,0,0,0,0,1,0,0,1,0,0
CUST002982,Samuel,Iyengar,55.0,Ludhiana,2020-01-11,20400.0,2020,1,11,0,0,1,1,0,1,0,0,1,0,0,0,1,0,0,0,0,0,0,0,0,0,1,0,0,0,0,0,0,0,0,0,0,0,0,0,0,1,0,0,1,0,0,0,0
CUST002983,Riya,Kannan,48.0,Amritsar,2021-07-25,136000.0,2021,7,25,0,0,1,0,0,0,1,0,0,1,0,0,1,0,0,0,0,0,0,0,0,0,1,0,0,0,0,0,0,0,0,0,0,0,0,1,0,0,0,1,0,0,0,0,1
CUST002984,Bina,Sinha,42.0,Ludhiana,2020-02-07,21500.0,2020,2,7,0,0,0,0,0,1,0,0,0,1,0,0,0,0,0,0,0,0,0,0,0,0,1,0,0,0,0,0,0,0,0,0,0,0,0,0,0,1,0,1,0,0,0,0,0
CUST002985,Xavier,Bhagat,18.0,Chennai,2026-07-11,7200.0,2026,7,11,0,0,0,1,0,0,1,0,1,0,0,0,0,0,0,0,0,0,0,0,0,0,0,0,1,0,0,0,0,0,0,0,0,0,0,0,0,1,0,0,0,0,0,0,0
CUST002986,Urmi,Dhillon,26.0,Bhubaneswar,2019-05-07,14900.0,2019,5,7,0,0,1,0,0,1,0,0,1,0,0,0,1,0,0,0,0,0,0,0,0,1,0,0,0,0,0,0,0,0,0,0,0,0,0,0,0,1,0,0,0,0,0,0,0
CUST002987,Janaki,Sha,36.0,Hyderabad,2021-04-14,100000.0,2021,4,14,0,0,1,0,0,0,1,0,1,0,0,0,1,0,0,0,0,0,0,0,0,0,0,0,0,1,0,0,0,1,0,0,0,0,0,0,0,0,0,1,0,0,0,1,0
CUST002988,Gaurav,Ram,39.0,Mumbai,2018-08-27,121600.0,2018,8,27,1,0,0,1,0,1,0,0,0,0,1,0,0,0,0,0,0,0,0,0,1,0,0,0,0,0,0,0,0,1,0,0,0,0,0,0,0,0,0,1,0,0,0,1,0
CUST002989,Rachit,Deshpande,23.0,Delhi,2021-08-16,27100.0,2021,8,16,0,0,1,1,0,1,0,0,0,1,0,0,1,0,0,1,0,0,0,0,0,0,0,0,0,0,0,0,0,0,0,0,0,0,1,0,0,0,0,0,0,0,1,0,0
CUST002990,Vasudha,Hari,38.0,Guwahati,2020-07-14,195300.0,2020,7,14,1,0,0,0,0,0,0,1,0,1,1,0,0,0,0,0,0,0,0,0,0,0,0,0,0,0,0,0,0,0,0,0,0,0,0,0,0,0,0,1,0,0,0,0,1
CUST002991,Rachita,Madan,58.0,Mumbai,2020-11-16,160400.0,2020,11,16,1,0,0,0,0,1,0,0,0,1,1,0,0,0,0,0,0,0,0,0,1,0,0,0,0,0,0,0,0,0,0,0,1,0,0,0,0,0,0,0,1,0,0,0,1
CUST002992,Harrison,Nayak,46.0,Madurai,2019-11-27,53300.0,2019,11,27,0,0,1,1,0,0,1,0,1,0,0,0,1,0,0,0,0,0,0,0,0,0,0,0,1,0,0,0,0,0,0,0,0,0,0,0,0,0,1,1,0,0,1,0,0
CUST002993,Devansh,Balay,39.0,Mumbai,2018-12-24,52300.0,2018,12,24,0,0,1,1,0,1,0,0,1,0,0,0,1,0,0,0,0,0,0,0,1,0,0,0,0,0,0,0,0,0,1,0,0,0,0,0,0,0,0,1,0,0,1,0,0
CUST002994,Bhanumati,Mand,35.0,Bengaluru,2020-01-24,33900.0,2020,1,24,0,0,1,0,0,0,1,0,0,0,0,0,1,0,0,0,0,1,0,0,0,0,0,0,0,0,0,0,0,0,0,0,0,1,0,0,0,0,0,0,0,0,1,0,0
CUST002995,Ekanta,Choudhry,26.0,Pune,2019-08-22,25700.0,2019,8,22,0,0,1,0,0,1,0,0,0,0,0,0,1,0,0,0,0,0,0,0,1,0,0,0,0,0,0,0,0,0,0,0,0,1,0,0,0,0,0,0,0,0,0,0,0
CUST002996,Vidhi,Shanker,39.0,Chandigarh,2020-07-20,27700.0,2020,7,20,0,0,1,0,0,0,1,0,0,1,0,0,1,0,1,0,0,0,0,0,0,0,0,0,0,0,0,0,0,0,0,0,0,1,0,0,0,0,0,1,0,0,1,0,0
CUST002997,Shaurya,Garg,41.0,Kolkata,2020-06-17,24200.0,2020,6,17,0,0,0,1,0,1,0,0,0,1,0,0,0,0,0,0,0,0,0,0,0,0,0,0,0,0,0,1,0,0,0,0,0,1,0,0,0,0,0,1,0,0,0,0,0
CUST002998,Pavani,Kannan,22.0,Patna,2022-08-17,10300.0,2022,8,17,0,0,0,0,0,0,1,0,1,0,0,0,0,1,0,0,0,0,0,0,0,0,0,0,0,0,0,0,0,0,0,0,0,0,0,0,0,1,0,0,0,0,0,0,0
CUST002999,Manbir,Dugar,42.0,Ahmedabad,2019-07-05,87100.0,2019,7,5,1,0,0,1,0,1,0,0,0,1,1,0,0,0,0,0,1,0,0,0,0,0,0,0,0,0,0,0,0,0,1,0,0,0,0,0,0,0,0,1,0,0,0,1,0
CUST003000,Frederick,Karpe,36.0,Amritsar,2020-07-19,11500.0,2020,7,19,0,0,0,1,0,1,0,0,1,0,0,0,0,0,0,0,0,0,0,0,0,0,1,0,0,0,0,0,0,0,0,1,0,0,0,0,0,0,0,1,0,0,0,0,0
CUST003001,Chameli,Sabharwal,18.0,Chennai,2026-07-11,8400.0,2026,7,11,0,0,0,0,0,0,1,0,0,0,0,0,0,0,0,0,0,0,0,0,0,0,0,0,1,0,0,0,0,0,0,0,0,0,0,0,0,1,0,0,0,0,0,0,0
CUST003002,Yutika,Suresh,27.0,Howrah,2020-07-07,22000.0,2020,7,7,0,0,0,0,0,1,0,0,0,0,0,0,0,0,0,0,0,0,0,0,0,0,0,0,0,0,0,1,0,0,0,0,0,0,1,0,0,0,0,0,0,0,0,0,0
CUST003003,Hritik,Solanki,33.0,Kolkata,2019-01-24,58400.0,2019,1,24,1,0,0,1,0,1,0,0,1,0,1,0,0,0,0,0,0,0,0,0,0,0,0,0,0,0,0,1,0,0,0,0,0,0,0,0,0,0,1,0,0,0,1,0,0
CUST003004,Vihaan,Mallick,63.0,Chennai,2019-05-30,37700.0,2019,5,30,0,0,1,1,0,1,0,0,0,1,0,0,1,0,0,0,0,0,0,0,0,0,0,0,1,0,0,0,0,0,0,0,0,0,1,0,0,0,0,0,1,0,1,0,0
CUST003005,Advika,Sangha,45.0,Varanasi,2020-08-15,67300.0,2020,8,15,0,0,1,0,0,1,0,0,0,1,0,0,1,0,0,0,0,0,0,0,0,0,0,0,0,0,1,0,0,0,0,0,0,0,0,0,0,0,1,1,0,0,0,1,0
CUST003006,Krishna,Kota,21.0,Howrah,2023-08-17,9600.0,2023,8,17,0,0,0,0,0,0,1,0,1,0,0,0,0,0,0,0,0,0,0,0,0,0,0,0,0,0,0,1,0,0,0,0,0,0,0,0,0,1,0,0,0,0,0,0,0
CUST003007,Omisha,Saraf,44.0,Lucknow,2021-05-26,27500.0,2021,5,26,0,0,0,0,0,1,0,0,0,0,0,0,0,0,0,0,0,0,0,0,0,0,0,0,0,0,1,0,0,0,0,0,0,1,0,0,0,0,0,1,0,0,1,0,0
CUST003008,Janya,Dixit,18.0,Jodhpur,2026-07-11,59400.0,2026,7,11,0,0,1,0,0,0,1,0,0,0,0,0,1,0,0,0,0,0,0,0,0,0,0,1,0,0,0,0,0,0,0,0,0,0,0,1,0,0,0,0,0,0,1,0,0
CUST003009,Aarnav,Sahni,52.0,Delhi,2021-03-30,19300.0,2021,3,30,0,0,0,1,0,1,0,0,0,0,0,0,0,0,0,1,0,0,0,0,0,0,0,0,0,0,0,0,0,0,0,0,0,0,1,0,0,0,0,0,1,0,0,0,0
CUST003010,Chaitanya,Baria,32.0,Ahmedabad,2021-04-11,8300.0,2021,4,11,0,0,0,0,1,1,0,0,0,0,0,0,0,0,0,0,1,0,0,0,0,0,0,0,0,0,0,0,0,0,0,0,0,0,0,0,0,1,0,0,0,0,0,0,0
CUST003011,Vrinda,Thaman,37.0,Delhi,2021-05-12,24900.0,2021,5,12,0,0,0,0,0,0,0,0,0,0,0,0,0,0,0,1,0,0,0,0,0,0,0,0,0,0,0,0,0,0,0,0,0,1,0,0,0,0,0,1,0,0,0,0,0
CUST003012,Anika,Sandal,55.0,Kolkata,2019-08-23,128100.0,2019,8,23,1,0,0,0,0,1,0,0,1,0,1,0,0,0,0,0,0,0,0,0,0,0,0,0,0,0,0,1,0,0,0,0,1,0,0,0,0,0,0,0,1,0,0,1,0
CUST003013,Zilmil,Ramesh,21.0,Ahmedabad,2023-08-17,9700.0,2023,8,17,0,0,0,0,0,0,1,0,0,0,0,0,0,0,0,0,1,0,0,0,0,0,0,0,0,0,0,0,0,0,0,0,0,0,0,0,0,1,0,0,0,0,0,0,0
CUST003014,Wakeeta,Chaudhari,20.0,Ludhiana,2024-08-16,8200.0,2024,8,16,0,0,0,0,0,0,1,0,0,1,0,0,0,0,0,0,0,0,0,0,0,0,1,0,0,0,0,0,0,0,0,0,0,0,0,0,0,1,0,0,0,0,0,0,0
CUST003015,Upkaar,Tandon,30.0,Mumbai,2019-07-24,30200.0,2019,7,24,0,0,1,1,0,0,1,0,1,0,0,0,1,0,0,0,0,0,0,0,1,0,0,0,0,0,0,0,0,0,0,0,0,1,0,0,0,0,0,0,0,0,1,0,0
CUST003016,Jai,Chacko,51.0,Pune,2019-05-10,178800.0,2019,5,10,0,1,0,1,0,0,1,0,1,0,0,1,0,0,0,0,0,0,0,0,1,0,0,0,0,0,0,0,0,0,0,0,1,0,0,0,0,0,0,0,1,0,0,0,1
CUST003017,Abha,Ray,18.0,Pune,2026-07-11,15100.0,2026,7,11,0,0,0,0,0,0,1,0,0,0,0,0,0,0,0,0,0,0,0,0,1,0,0,0,0,0,0,0,0,0,0,0,0,0,0,0,0,1,0,0,0,0,0,0,0
CUST003018,Ikbal,Deo,18.0,Hyderabad,2026-07-11,10900.0,2026,7,11,0,0,0,1,0,0,1,0,0,0,0,0,0,0,0,0,0,0,0,0,0,0,0,0,0,1,0,0,0,0,0,0,0,0,0,0,0,1,0,0,0,0,0,0,0
CUST003019,Praneel,Merchant,32.0,Kanpur,2019-11-20,16000.0,2019,11,20,0,0,1,1,0,0,1,0,0,1,0,0,1,0,0,0,0,0,0,0,0,0,0,0,0,0,1,0,0,0,0,0,0,0,0,0,0,1,0,0,0,0,0,0,0
CUST003020,Kashvi,Chana,45.0,Varanasi,2018-10-17,95000.0,2018,10,17,1,0,0,0,0,0,0,1,0,0,1,0,0,0,0,0,0,0,0,0,0,0,0,0,0,0,1,0,0,0,0,0,1,0,0,0,0,0,0,1,0,0,0,1,0
CUST003021,Adweta,Srinivasan,54.0,Surat,2020-12-05,15200.0,2020,12,5,0,0,0,0,0,1,0,0,1,0,0,0,0,0,0,0,1,0,0,0,0,0,0,0,0,0,0,0,0,0,0,0,0,0,1,0,0,0,0,0,1,0,0,0,0
CUST003022,Michael,Edwin,38.0,Patna,2021-06-13,45400.0,2021,6,13,0,0,0,1,0,0,1,0,0,1,0,0,0,1,0,0,0,0,0,0,0,0,0,0,0,0,0,0,0,0,0,0,0,0,0,0,0,0,1,1,0,0,1,0,0
CUST003023,Veda,Bajwa,33.0,Bengaluru,2019-08-31,85400.0,2019,8,31,1,0,0,0,0,1,0,0,1,0,1,0,0,0,0,0,0,1,0,0,0,0,0,0,0,0,0,0,0,0,0,0,0,0,0,1,0,0,0,0,0,0,0,1,0
CUST003024,Vasana,Sheth,53.0,Pune,2019-05-28,148200.0,2019,5,28,1,0,0,0,0,1,0,0,0,1,1,0,0,0,0,0,0,0,0,0,1,0,0,0,0,0,0,0,0,0,0,0,0,0,0,0,1,0,0,0,1,0,0,0,1
CUST003025,Ekantika,Ravi,18.0,Mumbai,2026-07-11,31900.0,2026,7,11,0,0,0,0,0,0,1,0,1,0,0,0,0,0,0,0,0,0,0,0,1,0,0,0,0,0,0,0,0,0,0,0,0,0,0,1,0,0,0,0,0,0,1,0,0
CUST003026,Hiral,Prabhakar,33.0,Chandigarh,2019-11-30,92100.0,2019,11,30,1,0,0,0,0,1,0,0,1,0,1,0,0,0,1,0,0,0,0,0,0,0,0,0,0,0,0,0,0,0,0,0,0,0,0,0,1,0,0,0,0,0,0,1,0
CUST003027,Vincent,Agarwal,38.0,Surat,2021-06-12,179900.0,2021,6,12,1,0,0,1,0,1,0,0,1,0,1,0,0,0,0,0,1,0,0,0,0,0,0,0,0,0,0,0,1,0,0,0,0,0,0,0,0,0,0,1,0,0,0,0,1
CUST003028,Balendra,Rajan,44.0,Ahmedabad,2018-09-29,130400.0,2018,9,29,0,1,0,1,0,1,0,0,0,0,0,1,0,0,0,0,1,0,0,0,0,0,0,0,0,0,0,0,0,0,0,0,0,0,0,1,0,0,0,1,0,0,0,1,0
CUST003029,Ojas,Wali,31.0,Mysuru,2021-04-18,14700.0,2021,4,18,0,0,0,1,0,1,0,0,0,0,0,0,0,0,0,0,0,1,0,0,0,0,0,0,0,0,0,0,0,0,0,0,0,0,0,0,0,1,0,0,0,0,0,0,0
CUST003030,Anamika,Minhas,38.0,Hyderabad,2021-06-03,173500.0,2021,6,3,1,0,0,0,0,0,1,0,1,0,1,0,0,0,0,0,0,0,0,0,0,0,0,0,0,1,0,0,0,0,0,0,1,0,0,0,0,0,0,1,0,0,0,0,1
CUST003031,Unni,Madan,18.0,Bhubaneswar,2026-07-11,42600.0,2026,7,11,0,0,1,0,0,0,1,0,0,0,0,0,1,0,0,0,0,0,0,0,0,1,0,0,0,0,0,0,0,0,0,0,0,0,0,1,0,0,0,0,0,0,1,0,0
CUST003032,Ishita,Buch,29.0,Mumbai,2020-05-05,183100.0,2020,5,5,1,0,0,0,0,1,0,0,1,0,1,0,0,0,0,0,0,0,0,0,1,0,0,0,0,0,0,0,0,0,0,0,0,0,0,0,1,0,0,0,0,0,0,0,1
CUST003033,Oviya,Bhakta,44.0,Udaipur,2021-05-02,18300.0,2021,5,2,0,0,0,0,0,0,1,0,0,1,0,0,0,0,0,0,0,0,0,0,0,0,0,1,0,0,0,0,0,0,0,1,0,0,0,0,0,0,0,1,0,0,0,0,0
CUST003034,Yasti,Patla,25.0,Bengaluru,2019-08-17,180100.0,2019,8,17,1,0,0,0,0,1,0,0,0,0,1,0,0,0,0,0,0,1,0,0,0,0,0,0,0,0,0,0,0,0,0,0,0,0,0,0,1,0,0,0,0,0,0,0,1
CUST003035,Ati,Choudhry,39.0,Mumbai,2018-12-05,72400.0,2018,12,5,1,0,0,1,0,1,0,0,0,1,1,0,0,0,0,0,0,0,0,0,1,0,0,0,0,0,0,0,0,0,0,0,0,0,0,1,0,0,0,1,0,0,0,1,0
CUST003036,Rehaan,Pau,44.0,Vadodara,2020-11-04,162900.0,2020,11,4,1,0,0,1,0,1,0,0,1,0,1,0,0,0,0,0,1,0,0,0,0,0,0,0,0,0,0,0,0,0,0,0,0,0,0,0,0,0,0,1,0,0,0,0,1
CUST003037,Viraj,Baria,34.0,Bengaluru,2019-09-27,77400.0,2019,9,27,0,0,1,1,0,0,1,0,1,0,0,0,1,0,0,0,0,1,0,0,0,0,0,0,0,0,0,0,0,0,0,0,0,0,0,0,1,0,0,0,0,0,0,1,0
CUST003038,Rajeshri,Peri,40.0,Ahmedabad,2021-07-01,111600.0,2021,7,1,0,0,1,0,0,1,0,0,0,1,0,0,1,0,0,0,1,0,0,0,0,0,0,0,0,0,0,0,0,0,0,0,1,0,0,0,0,0,0,1,0,0,0,1,0
CUST003039,Gagan,Bhavsar,25.0,Ahmedabad,2020-06-19,97400.0,2020,6,19,0,0,1,1,0,0,0,0,0,1,0,0,1,0,0,0,1,0,0,0,0,0,0,0,0,0,0,0,0,0,0,0,0,0,0,1,0,0,0,0,0,0,0,1,0
CUST003040,Harsh,Devi,35.0,Coimbatore,2020-09-29,241300.0,2020,9,29,0,1,0,1,0,1,0,0,0,1,0,1,0,0,0,0,0,0,0,0,0,0,0,0,1,0,0,0,0,0,0,0,0,0,0,0,1,0,0,0,0,0,0,0,1
CUST003041,Oviya,Khare,46.0,Udaipur,2020-12-09,245900.0,2020,12,9,1,0,0,0,0,1,0,0,0,0,1,0,0,0,0,0,0,0,0,0,0,0,0,1,0,0,0,0,0,0,0,0,0,0,0,0,1,0,0,1,0,0,0,0,1
CUST003042,Dakshesh,Sridhar,40.0,Kolkata,2019-09-10,226200.0,2019,9,10,0,1,0,1,0,1,0,0,0,1,0,1,0,0,0,0,0,0,0,0,0,0,0,0,0,0,0,1,1,0,0,0,0,0,0,0,0,0,0,1,0,0,0,0,1
CUST003043,Jagrati,Kar,30.0,Bengaluru,2021-03-27,81300.0,2021,3,27,0,0,1,0,0,0,1,0,0,1,0,0,1,0,0,0,0,1,0,0,0,0,0,0,0,0,0,0,0,0,1,0,0,0,0,0,0,0,0,0,0,0,0,1,0
CUST003044,Naveen,Pandit,41.0,Surat,2019-01-16,13200.0,2019,1,16,0,0,1,1,0,1,0,0,1,0,0,0,1,0,0,0,1,0,0,0,0,0,0,0,0,0,0,0,0,0,0,0,0,0,0,0,0,1,0,1,0,0,0,0,0
CUST003045,Kiaan,Thakur,47.0,Kolkata,2019-08-19,120400.0,2019,8,19,1,0,0,1,0,1,0,0,1,0,1,0,0,0,0,0,0,0,0,0,0,0,0,0,0,0,0,1,0,0,0,0,0,0,0,1,0,0,0,1,0,0,0,1,0
CUST003046,Siddharth,Malhotra,18.0,Mumbai,2026-07-11,5500.0,2026,7,11,0,0,0,1,0,1,0,0,0,0,0,0,0,0,0,0,0,0,0,0,1,0,0,0,0,0,0,0,0,0,0,0,0,0,0,0,0,1,0,0,0,0,0,0,0
CUST003047,Avni,Bhatnagar,53.0,Patna,2018-10-26,86100.0,2018,10,26,1,0,0,0,0,1,0,0,0,0,1,0,0,1,0,0,0,0,0,0,0,0,0,0,0,0,0,0,0,0,1,0,0,0,0,0,0,0,0,0,1,0,0,1,0
CUST003048,Quincy,Pai,34.0,Madurai,2018-10-19,25000.0,2018,10,19,0,0,1,1,0,1,0,0,1,0,0,0,1,0,0,0,0,0,0,0,0,0,0,0,1,0,0,0,0,0,0,0,0,1,0,0,0,0,0,0,0,0,0,0,0
CUST003049,Varsha,Sunder,44.0,Bhopal,2019-12-21,247700.0,2019,12,21,1,0,0,0,0,1,0,0,1,0,1,0,0,0,0,0,0,0,0,1,0,0,0,0,0,0,0,0,0,0,0,0,0,0,0,0,1,0,0,1,0,0,0,0,1
CUST003050,Yamini,Vyas,54.0,Indore,2020-02-20,111500.0,2020,2,20,1,0,0,0,0,1,0,0,0,1,1,0,0,0,0,0,0,0,0,1,0,0,0,0,0,0,0,0,0,0,0,0,0,0,0,0,1,0,0,0,1,0,0,1,0
CUST003051,Divya,Singhal,20.0,Warangal,2024-08-16,23200.0,2024,8,16,0,0,1,0,0,0,1,0,0,0,0,0,1,0,0,0,0,0,0,0,0,0,0,0,0,1,0,0,0,0,0,0,0,1,0,0,0,0,0,0,0,0,0,0,0
CUST003052,Madhav,Seth,29.0,Chennai,2019-06-24,168700.0,2019,6,24,1,0,0,1,0,0,0,0,0,0,1,0,0,0,0,0,0,0,0,0,0,0,0,0,1,0,0,0,0,1,0,0,0,0,0,0,0,0,0,0,0,0,0,0,1
CUST003053,Qarin,Bhatti,34.0,Hyderabad,2020-01-05,48700.0,2020,1,5,0,0,1,1,0,0,0,0,1,0,0,0,1,0,0,0,0,0,0,0,0,0,0,0,0,1,0,0,0,0,0,0,0,0,0,0,0,0,1,0,0,0,1,0,0
CUST003054,Ijaya,Shankar,28.0,Chennai,2018-10-29,81000.0,2018,10,29,1,0,0,0,0,0,0,0,1,0,1,0,0,0,0,0,0,0,0,0,0,0,0,0,1,0,0,0,0,0,1,0,0,0,0,0,0,0,0,0,0,0,0,1,0
CUST003055,Chameli,Buch,61.0,Patna,2020-11-28,51500.0,2020,11,28,0,0,0,0,0,0,0,1,0,0,0,0,0,1,0,0,0,0,0,0,0,0,0,0,0,0,0,0,0,0,0,0,0,0,1,0,0,0,0,0,1,0,1,0,0
CUST003056,Mahika,Gola,27.0,Jodhpur,2020-09-10,148800.0,2020,9,10,1,0,0,0,1,1,0,0,0,0,1,0,0,0,0,0,0,0,0,0,0,0,0,1,0,0,0,0,0,0,0,0,0,0,0,0,1,0,0,0,0,0,0,0,1
CUST003057,Maanas,Bose,31.0,Pune,2020-09-04,15600.0,2020,9,4,0,0,0,1,0,1,0,0,1,0,0,0,0,0,0,0,0,0,0,0,1,0,0,0,0,0,0,0,0,0,0,0,0,0,0,0,0,1,0,0,0,0,0,0,0
CUST003058,Darika,Gala,41.0,Kolkata,2019-03-17,166000.0,2019,3,17,1,0,0,0,0,1,0,0,0,0,1,0,0,0,0,0,0,0,0,0,0,0,0,0,0,0,0,1,0,1,0,0,0,0,0,0,0,0,0,1,0,0,0,0,1
CUST003059,Lakshit,Choudhury,22.0,Ludhiana,2022-08-17,13800.0,2022,8,17,0,0,0,1,0,0,1,0,0,0,0,0,0,0,0,0,0,0,0,0,0,0,1,0,0,0,0,0,0,0,0,0,0,0,0,0,0,1,0,0,0,0,0,0,0
CUST003060,Ethan,Taneja,33.0,Kolkata,2020-04-04,191500.0,2020,4,4,1,0,0,1,0,0,1,0,0,0,1,0,0,0,0,0,0,0,0,0,0,0,0,0,0,0,0,1,0,0,0,0,1,0,0,0,0,0,0,0,0,0,0,0,1
CUST003061,Faqid,Jayaraman,42.0,Jodhpur,2020-05-05,65800.0,2020,5,5,0,0,1,1,0,1,0,0,0,0,0,0,1,0,0,0,0,0,0,0,0,0,0,1,0,0,0,0,0,0,0,0,0,0,0,1,0,0,0,1,0,0,1,0,0
CUST003062,Advay,Memon,34.0,Jaipur,2021-05-28,16400.0,2021,5,28,0,0,0,1,0,1,0,0,1,0,0,0,0,0,0,0,0,0,0,0,0,0,0,1,0,0,0,0,0,0,0,0,0,0,0,0,0,1,0,0,0,0,0,0,0
CUST003063,Sathvik,Deo,37.0,Mysuru,2020-05-23,234300.0,2020,5,23,1,0,0,1,0,0,1,0,0,0,1,0,0,0,0,0,0,1,0,0,0,0,0,0,0,0,0,0,0,0,0,0,0,0,0,0,1,0,0,1,0,0,0,0,1
CUST003064,Warjas,Palan,31.0,Hyderabad,2020-02-01,11200.0,2020,2,1,0,0,0,1,0,1,0,0,0,0,0,0,0,0,0,0,0,0,0,0,0,0,0,0,0,1,0,0,0,0,0,0,0,0,0,0,0,1,0,0,0,0,0,0,0
CUST003065,Ucchal,Sawhney,18.0,Surat,2026-07-11,9300.0,2026,7,11,0,0,0,0,0,0,1,0,1,0,0,0,0,0,0,0,1,0,0,0,0,0,0,0,0,0,0,0,0,0,0,0,0,0,0,0,0,1,0,0,0,0,0,0,0
CUST003066,Advaith,Manne,42.0,Chennai,2020-02-05,118200.0,2020,2,5,0,0,1,1,0,0,1,0,1,0,0,0,1,0,0,0,0,0,0,0,0,0,0,0,1,0,0,0,0,0,0,0,1,0,0,0,0,0,0,1,0,0,0,1,0
CUST003067,Ijaya,Bhatnagar,61.0,Kolkata,2018-09-30,21100.0,2018,9,30,0,0,1,0,0,1,0,0,0,1,0,0,1,0,0,0,0,0,0,0,0,0,0,0,0,0,0,1,0,0,0,0,0,0,1,0,0,0,0,0,1,0,0,0,0
CUST003068,Advay,Kata,38.0,Ahmedabad,2018-09-09,99000.0,2018,9,9,1,0,0,1,0,1,0,0,1,0,1,0,0,0,0,0,1,0,0,0,0,0,0,0,0,0,0,0,0,0,0,0,0,0,0,0,1,0,0,1,0,0,0,1,0
CUST003069,Oliver,Sabharwal,41.0,Udaipur,2020-01-12,124900.0,2020,1,12,1,0,0,1,0,1,0,0,0,0,1,0,0,0,0,0,0,0,0,0,0,0,0,1,0,0,0,0,0,0,0,0,1,0,0,0,0,0,0,1,0,0,0,1,0
CUST003070,Onveer,Narain,47.0,Bengaluru,2020-01-30,13700.0,2020,1,30,0,0,1,1,0,0,0,0,0,1,0,0,1,0,0,0,0,1,0,0,0,0,0,0,0,0,0,0,0,0,0,0,0,0,0,0,0,1,0,1,0,0,0,0,0
CUST003071,Xavier,Wagle,21.0,Pune,2023-08-17,8400.0,2023,8,17,0,0,0,1,0,1,0,0,0,0,0,0,0,0,0,0,0,0,0,0,1,0,0,0,0,0,0,0,0,0,0,0,0,0,0,0,0,1,0,0,0,0,0,0,0
CUST003072,Vamakshi,Shankar,60.0,Bengaluru,2018-08-20,296300.0,2018,8,20,0,1,0,0,0,0,0,1,0,0,0,1,0,0,0,0,0,1,0,0,0,0,0,0,0,0,0,0,0,0,0,0,0,0,0,0,0,0,0,0,1,0,0,0,1
CUST003073,Max,Deo,41.0,Chennai,2020-10-20,173100.0,2020,10,20,1,0,0,1,0,1,0,0,0,0,1,0,0,0,0,0,0,0,0,0,0,0,0,0,1,0,0,0,0,0,0,0,0,0,0,0,1,0,0,1,0,0,0,0,1
CUST003074,Niharika,Garg,59.0,Mysuru,2020-04-07,142900.0,2020,4,7,1,0,0,0,0,1,0,0,1,0,1,0,0,0,0,0,0,1,0,0,0,0,0,0,0,0,0,0,0,0,0,0,1,0,0,0,0,0,0,0,1,0,0,0,1
CUST003075,Kalpit,Karan,28.0,Kolkata,2021-08-13,64700.0,2021,8,13,0,0,1,1,0,1,0,0,0,1,0,0,1,0,0,0,0,0,0,0,0,0,0,0,0,0,0,1,0,0,0,0,0,0,0,0,0,0,0,0,0,0,1,0,0
CUST003076,Warhi,Prabhu,62.0,Mumbai,2020-07-30,222200.0,2020,7,30,1,0,0,0,0,1,0,0,0,1,1,0,0,0,0,0,0,0,0,0,1,0,0,0,0,0,0,0,0,0,0,0,0,0,0,0,1,0,0,0,1,0,0,0,1
CUST003077,Mitali,Batta,48.0,Chennai,2021-05-30,99400.0,2021,5,30,0,0,1,0,0,1,0,0,1,0,0,0,1,0,0,0,0,0,0,0,0,0,0,0,1,0,0,0,0,1,0,0,0,0,0,0,0,0,0,1,0,0,0,1,0
CUST003078,Ethan,Pandit,45.0,Hyderabad,2019-05-24,67700.0,2019,5,24,1,0,0,1,0,1,0,0,0,1,1,0,0,0,0,0,0,0,0,0,0,0,0,0,0,1,0,0,0,0,1,0,0,0,0,0,0,0,0,1,0,0,0,1,0
CUST003079,Lucky,Shah,41.0,Coimbatore,2019-12-11,171800.0,2019,12,11,1,0,0,1,0,1,0,0,0,0,1,0,0,0,0,0,0,0,0,0,0,0,0,0,1,0,0,0,0,1,0,0,0,0,0,0,0,0,0,1,0,0,0,0,1
CUST003080,Fiyaz,Dyal,35.0,Hyderabad,2019-11-28,120400.0,2019,11,28,1,0,0,1,0,0,1,0,0,1,1,0,0,0,0,0,0,0,0,0,0,0,0,0,0,1,0,0,0,1,0,0,0,0,0,0,0,0,0,0,0,0,0,1,0
CUST003081,Mekhala,Gopal,54.0,Bengaluru,2020-10-06,181400.0,2020,10,6,1,0,0,0,0,1,0,0,0,1,1,0,0,0,0,0,0,1,0,0,0,0,0,0,0,0,0,0,0,0,0,0,0,0,0,0,0,0,0,0,1,0,0,0,1
CUST003082,Gagan,Dube,40.0,Patna,2019-03-07,115900.0,2019,3,7,1,0,0,1,0,1,0,0,0,0,1,0,0,1,0,0,0,0,0,0,0,0,0,0,0,0,0,0,0,1,0,0,0,0,0,0,0,0,0,1,0,0,0,1,0
CUST003083,Gaurika,Khanna,18.0,Delhi,2026-07-11,43600.0,2026,7,11,0,0,0,0,0,1,0,0,1,0,0,0,0,0,0,1,0,0,0,0,0,0,0,0,0,0,0,0,0,0,0,0,0,0,0,1,0,0,0,0,0,0,1,0,0
CUST003084,Devika,Barman,23.0,Ahmedabad,2021-08-16,20600.0,2021,8,16,0,0,0,0,0,0,1,0,1,0,0,0,0,0,0,0,1,0,0,0,0,0,0,0,0,0,0,0,0,0,0,0,0,1,0,0,0,0,0,0,0,0,0,0,0
CUST003085,Nitara,Date,36.0,Thiruvananthapuram,2019-08-25,4500.0,2019,8,25,0,0,0,0,0,0,0,0,1,0,0,0,0,0,0,0,0,0,1,0,0,0,0,0,0,0,0,0,0,0,0,1,0,0,0,0,0,0,0,1,0,0,0,0,0
CUST003086,Urvi,Lad,42.0,Madurai,2018-11-25,124700.0,2018,11,25,1,0,0,0,0,1,0,0,1,0,1,0,0,0,0,0,0,0,0,0,0,0,0,0,1,0,0,0,0,1,0,0,0,0,0,0,0,0,0,1,0,0,0,1,0
CUST003087,Reva,Gour,37.0,Bhopal,2020-12-02,241700.0,2020,12,2,1,0,0,0,0,1,0,0,1,0,1,0,0,0,0,0,0,0,0,1,0,0,0,0,0,0,0,0,1,0,0,0,0,0,0,0,0,0,0,1,0,0,0,0,1
CUST003088,Harshil,Banerjee,54.0,Pune,2020-01-01,12200.0,2020,1,1,0,0,0,1,0,1,0,0,0,1,0,0,0,0,0,0,0,0,0,0,1,0,0,0,0,0,0,0,0,0,0,0,0,0,0,0,0,1,0,0,1,0,0,0,0
CUST003089,Nitara,Padmanabhan,18.0,Chennai,2026-07-11,12200.0,2026,7,11,0,0,0,0,0,0,1,0,1,0,0,0,0,0,0,0,0,0,0,0,0,0,0,0,1,0,0,0,0,0,0,0,0,0,0,0,0,1,0,0,0,0,0,0,0
CUST003090,Falak,Pradhan,40.0,Chennai,2019-01-01,98000.0,2019,1,1,1,0,0,0,0,1,0,0,1,0,1,0,0,0,0,0,0,0,0,0,0,0,0,0,1,0,0,0,0,0,0,0,0,0,0,0,1,0,0,1,0,0,0,1,0
CUST003091,Udarsh,Zacharia,18.0,Mumbai,2026-07-11,27300.0,2026,7,11,0,0,0,1,0,0,1,0,1,0,0,0,0,0,0,0,0,0,0,0,1,0,0,0,0,0,0,0,0,0,0,0,0,0,0,0,0,0,0,0,0,0,1,0,0
CUST003092,Gautami,Walla,48.0,Warangal,2020-05-08,15800.0,2020,5,8,0,0,0,1,0,0,0,0,0,1,0,0,0,0,0,0,0,0,0,0,0,0,0,0,0,1,0,0,0,0,0,0,0,0,0,0,0,1,0,1,0,0,0,0,0
CUST003093,Matthew,Dara,38.0,Hyderabad,2021-01-28,120200.0,2021,1,28,0,0,1,1,0,1,0,0,1,0,0,0,1,0,0,0,0,0,0,0,0,0,0,0,0,1,0,0,0,1,0,0,0,0,0,0,0,0,0,1,0,0,0,1,0
CUST003094,Amaira,Ravel,43.0,Ahmedabad,2021-07-24,17700.0,2021,7,24,0,0,0,0,0,1,0,0,0,0,0,0,0,0,0,0,1,0,0,0,0,0,0,0,0,0,0,0,0,0,0,0,0,0,0,0,0,1,0,1,0,0,0,0,0
CUST003095,Yahvi,Dhillon,27.0,Thiruvananthapuram,2021-03-08,46200.0,2021,3,8,0,0,1,0,0,1,0,0,0,0,0,0,1,0,0,0,0,0,1,0,0,0,0,0,0,0,0,0,0,0,0,0,0,0,1,0,0,0,0,0,0,0,1,0,0
CUST003096,Veer,Nagarajan,55.0,Pune,2018-09-11,113400.0,2018,9,11,1,0,0,1,0,1,0,0,1,0,1,0,0,0,0,0,0,0,0,0,1,0,0,0,0,0,0,0,0,0,0,0,0,0,0,1,0,0,0,0,1,0,0,1,0
CUST003097,Garima,Agrawal,52.0,Bengaluru,2020-12-24,18100.0,2020,12,24,0,0,0,0,0,1,0,0,1,0,0,0,0,0,0,0,0,1,0,0,0,0,0,0,0,0,0,0,0,0,0,0,0,0,0,0,0,1,0,0,1,0,0,0,0
CUST003098,Zehaan,Narula,46.0,Warangal,2018-10-27,58500.0,2018,10,27,1,0,0,1,0,1,0,0,1,0,1,0,0,0,0,0,0,0,0,0,0,0,0,0,0,1,0,0,0,0,0,0,0,0,0,1,0,0,0,1,0,0,1,0,0
CUST003099,Manbir,Som,36.0,Chennai,2021-01-03,80400.0,2021,1,3,0,0,1,1,0,0,1,0,1,0,0,0,1,0,0,0,0,0,0,0,0,0,0,0,1,0,0,0,0,0,0,0,0,0,0,1,0,0,0,1,0,0,0,1,0
CUST003100,Maanav,Din,46.0,Udaipur,2018-10-31,73500.0,2018,10,31,1,0,0,1,0,0,1,0,1,0,1,0,0,0,0,0,0,0,0,0,0,0,0,1,0,0,0,0,0,0,0,0,0,0,0,0,0,0,1,1,0,0,0,1,0
CUST003101,Vaishnavi,Nigam,29.0,Warangal,2019-08-30,334500.0,2019,8,30,0,1,0,0,0,1,0,0,1,0,0,1,0,0,0,0,0,0,0,0,0,0,0,0,0,1,0,0,0,0,0,0,0,0,0,0,0,0,0,0,0,0,0,0,1
CUST003102,Daksh,Srinivas,49.0,Mumbai,2021-04-14,131000.0,2021,4,14,1,0,0,1,0,1,0,0,1,0,1,0,0,0,0,0,0,0,0,0,1,0,0,0,0,0,0,0,0,0,0,0,1,0,0,0,0,0,0,1,0,0,0,1,0
CUST003103,Anmol,Dewan,59.0,Ahmedabad,2019-11-18,278100.0,2019,11,18,0,1,0,1,0,0,1,0,0,1,0,1,0,0,0,0,1,0,0,0,0,0,0,0,0,0,0,0,1,0,0,0,0,0,0,0,0,0,0,0,1,0,0,0,1
CUST003104,Devika,Morar,52.0,Indore,2020-09-01,50900.0,2020,9,1,0,0,1,0,0,1,0,0,0,1,0,0,1,0,0,0,0,0,0,1,0,0,0,0,0,0,0,0,0,0,0,0,0,0,0,0,0,0,1,0,1,0,1,0,0
CUST003105,Advik,Ratti,29.0,Chennai,2020-06-22,41700.0,2020,6,22,0,0,1,1,0,0,1,0,0,0,0,0,1,0,0,0,0,0,0,0,0,0,0,0,1,0,0,0,0,0,0,0,0,0,0,0,0,0,1,0,0,0,1,0,0
CUST003106,Imaran,Sehgal,38.0,Kolkata,2020-04-21,195900.0,2020,4,21,1,0,0,1,0,0,1,0,0,1,1,0,0,0,0,0,0,0,0,0,0,0,0,0,0,0,0,1,0,0,0,0,1,0,0,0,0,0,0,1,0,0,0,0,1
CUST003107,Pranav,Chanda,21.0,Nagpur,2023-08-17,7800.0,2023,8,17,0,0,0,1,0,0,1,0,0,0,0,0,0,0,0,0,0,0,0,0,1,0,0,0,0,0,0,0,0,0,0,0,0,0,0,0,0,1,0,0,0,0,0,0,0
CUST003108,Nihal,Bhakta,45.0,Delhi,2019-08-20,182000.0,2019,8,20,1,0,0,1,0,1,0,0,0,1,1,0,0,0,0,1,0,0,0,0,0,0,0,0,0,0,0,0,0,0,0,0,0,0,0,0,1,0,0,1,0,0,0,0,1
CUST003109,Gunbir,Vyas,44.0,Delhi,2019-04-27,50400.0,2019,4,27,0,0,1,1,0,1,0,0,0,0,0,0,1,0,0,1,0,0,0,0,0,0,0,0,0,0,0,0,0,0,0,0,0,0,0,0,0,0,1,1,0,0,1,0,0
CUST003110,Indrajit,Mall,18.0,Hyderabad,2026-07-11,8700.0,2026,7,11,0,0,0,1,0,0,1,0,0,0,0,0,0,0,0,0,0,0,0,0,0,0,0,0,0,1,0,0,0,0,0,0,0,0,0,0,0,0,0,0,0,0,0,0,0
CUST003111,Indira,Bajaj,23.0,Thiruvananthapuram,2021-08-16,48800.0,2021,8,16,0,0,0,0,0,0,1,0,0,0,0,0,0,0,0,0,0,0,1,0,0,0,0,0,0,0,0,0,0,0,0,0,0,0,0,1,0,0,0,0,0,0,1,0,0
CUST003112,Chakrika,Yohannan,34.0,Chennai,2018-10-23,153400.0,2018,10,23,1,0,0,0,0,0,1,0,0,1,1,0,0,0,0,0,0,0,0,0,0,0,0,0,1,0,0,0,0,0,0,0,1,0,0,0,0,0,0,0,0,0,0,0,1
CUST003113,Udant,Chahal,34.0,Delhi,2021-07-03,78400.0,2021,7,3,0,0,1,1,0,0,1,0,0,1,0,0,1,0,0,1,0,0,0,0,0,0,0,0,0,0,0,0,0,1,0,0,0,0,0,0,0,0,0,0,0,0,0,1,0
CUST003114,Ronith,Hayer,22.0,Bengaluru,2022-08-17,67000.0,2022,8,17,0,0,1,1,0,0,1,0,0,0,0,0,1,0,0,0,0,1,0,0,0,0,0,0,0,0,0,0,0,0,0,0,0,0,0,1,0,0,0,0,0,0,0,1,0
CUST003115,Yatan,Nadkarni,43.0,Hyderabad,2020-05-07,114500.0,2020,5,7,1,0,0,1,0,1,0,0,0,0,1,0,0,0,0,0,0,0,0,0,0,0,0,0,0,1,0,0,0,0,0,0,0,0,0,1,0,0,0,1,0,0,0,1,0
CUST003116,Yashodhara,Bhalla,41.0,Kolkata,2019-11-08,38100.0,2019,11,8,0,0,1,0,0,1,0,0,1,0,0,0,1,0,0,0,0,0,0,0,0,0,0,0,0,0,0,1,0,0,0,0,0,1,0,0,0,0,0,1,0,0,1,0,0
CUST003117,Pranit,Rao,35.0,Warangal,2020-10-16,96100.0,2020,10,16,0,0,1,1,0,0,1,0,1,0,0,0,1,0,0,0,0,0,0,0,0,0,0,0,0,1,0,0,0,0,0,0,1,0,0,0,0,0,0,0,0,0,0,1,0
CUST003118,Ethan,Sane,28.0,Hyderabad,2020-11-05,4900.0,2020,11,5,0,0,0,1,0,1,0,0,1,0,0,0,0,0,0,0,0,0,0,0,0,0,0,0,0,1,0,0,0,0,0,1,0,0,0,0,0,0,0,0,0,0,0,0,0
CUST003119,Reva,Raju,52.0,Kolkata,2019-08-04,54400.0,2019,8,4,0,0,1,0,0,1,0,0,0,0,0,0,1,0,0,0,0,0,0,0,0,0,0,0,0,0,0,1,0,0,0,0,0,0,0,0,0,0,1,0,1,0,1,0,0
CUST003120,Quincy,Arora,60.0,Delhi,2019-10-27,42100.0,2019,10,27,0,0,1,1,0,0,1,0,0,0,0,0,1,0,0,1,0,0,0,0,0,0,0,0,0,0,0,0,0,0,0,0,0,0,1,0,0,0,0,0,1,0,1,0,0
CUST003121,Lucky,Pai,32.0,Pune,2021-02-14,25300.0,2021,2,14,0,0,1,1,0,1,0,0,1,0,0,0,1,0,0,0,0,0,0,0,1,0,0,0,0,0,0,0,0,0,0,0,0,1,0,0,0,0,0,0,0,0,0,0,0
CUST003122,Pushti,Morar,30.0,Mumbai,2018-12-21,25000.0,2018,12,21,0,0,1,0,0,1,0,0,1,0,0,0,1,0,0,0,0,0,0,0,1,0,0,0,0,0,0,0,0,0,0,0,0,1,0,0,0,0,0,0,0,0,0,0,0
CUST003123,Vansha,Chahal,44.0,New Delhi,2019-08-02,65800.0,2019,8,2,0,1,0,0,0,0,1,0,0,0,0,1,0,0,0,1,0,0,0,0,0,0,0,0,0,0,0,0,0,0,0,0,0,0,0,0,0,0,0,1,0,0,1,0,0
CUST003124,Hritik,Sawhney,33.0,Pune,2020-07-15,127400.0,2020,7,15,1,0,0,1,0,1,0,0,0,1,1,0,0,0,0,0,0,0,0,0,1,0,0,0,0,0,0,0,0,0,0,0,0,0,0,0,1,0,0,0,0,0,0,1,0
CUST003125,Triya,Savant,36.0,Bengaluru,2019-07-29,15000.0,2019,7,29,0,0,1,0,0,1,0,0,1,0,0,0,1,0,0,0,0,1,0,0,0,0,0,0,0,0,0,0,0,0,0,1,0,0,0,0,0,0,0,1,0,0,0,0,0
CUST003126,Maanas,Gade,48.0,Udaipur,2021-04-15,65800.0,2021,4,15,1,0,0,1,0,1,0,0,1,0,1,0,0,0,0,0,0,0,0,0,0,0,0,1,0,0,0,0,0,0,0,0,0,0,0,0,1,0,0,1,0,0,1,0,0
CUST003127,Unnati,Sachdeva,38.0,Ahmedabad,2026-07-11,10700.0,2026,7,11,0,0,0,0,0,0,1,0,0,0,0,0,0,0,0,0,1,0,0,0,0,0,0,0,0,0,0,0,0,0,0,0,0,0,0,0,0,1,0,1,0,0,0,0,0
CUST003128,Ekaraj,Chadha,55.0,Kolkata,2021-02-12,21300.0,2021,2,12,0,0,0,1,0,1,0,0,1,0,0,0,0,0,0,0,0,0,0,0,0,0,0,0,0,0,0,1,0,0,0,0,0,0,0,0,0,1,0,0,1,0,0,0,0
CUST003129,Eshana,Johal,39.0,Chandigarh,2021-07-02,47300.0,2021,7,2,0,0,1,0,0,1,0,0,0,1,0,0,1,0,1,0,0,0,0,0,0,0,0,0,0,0,0,0,0,0,0,0,0,0,1,0,0,0,0,1,0,0,1,0,0
CUST003130,Nidra,Soman,33.0,Bengaluru,2020-08-11,42300.0,2020,8,11,0,0,1,0,0,1,0,0,0,1,0,0,1,0,0,0,0,1,0,0,0,0,0,0,0,0,0,0,0,0,0,0,0,0,0,0,0,0,1,0,0,0,1,0,0
CUST003131,Zaitra,Nayak,37.0,Indore,2021-03-04,44300.0,2021,3,4,0,0,1,0,0,1,0,0,0,1,0,0,1,0,0,0,0,0,0,1,0,0,0,0,0,0,0,0,0,0,0,0,0,0,0,0,0,0,1,1,0,0,1,0,0
CUST003132,Bhavini,Prashad,38.0,Hyderabad,2019-09-22,49500.0,2019,9,22,0,0,1,0,0,0,1,0,1,0,0,0,1,0,0,0,0,0,0,0,0,0,0,0,0,1,0,0,0,0,0,0,0,0,0,1,0,0,0,1,0,0,1,0,0
CUST003133,Chanchal,Ahuja,18.0,Hyderabad,2026-07-11,8300.0,2026,7,11,0,0,0,0,0,0,1,0,0,0,0,0,0,0,0,0,0,0,0,0,0,0,0,0,0,1,0,0,0,0,0,0,0,0,0,0,0,1,0,0,0,0,0,0,0
CUST003134,Samarth,Mahajan,57.0,Hyderabad,2021-03-06,32500.0,2021,3,6,0,0,1,1,0,1,0,0,1,0,0,0,1,0,0,0,0,0,0,0,0,0,0,0,0,1,0,0,0,0,0,0,0,1,0,0,0,0,0,0,1,0,1,0,0
CUST003135,Sarthak,Gill,39.0,Pune,2021-07-20,85000.0,2021,7,20,0,0,1,1,0,1,0,0,0,1,0,0,1,0,0,0,0,0,0,0,1,0,0,0,0,0,0,0,0,0,0,0,0,0,0,1,0,0,0,1,0,0,0,1,0
CUST003136,Vedhika,Devan,44.0,Amritsar,2019-04-01,11400.0,2019,4,1,0,0,1,0,0,0,0,0,1,0,0,0,1,0,0,0,0,0,0,0,0,0,1,0,0,0,0,0,0,0,0,0,0,0,1,0,0,0,0,1,0,0,0,0,0
CUST003137,Irya,Grewal,50.0,Pune,2021-08-14,16900.0,2021,8,14,0,0,0,0,0,1,0,0,1,0,0,0,0,0,0,0,0,0,0,0,1,0,0,0,0,0,0,0,0,0,0,0,0,0,0,0,0,1,0,1,0,0,0,0,0
CUST003138,Rayaan,Mann,25.0,Mysuru,2020-08-04,94300.0,2020,8,4,0,0,1,1,0,0,1,0,0,0,0,0,1,0,0,0,0,1,0,0,0,0,0,0,0,0,0,0,0,0,0,0,0,0,0,0,0,0,0,0,0,0,0,1,0
CUST003139,Xalak,Basak,44.0,Bengaluru,2020-02-21,182800.0,2020,2,21,1,0,0,0,0,0,0,0,1,0,1,0,0,0,0,0,0,1,0,0,0,0,0,0,0,0,0,0,0,0,0,0,1,0,0,0,0,0,0,1,0,0,0,0,1
CUST003140,Nidhi,Modi,35.0,Mumbai,2019-03-03,97000.0,2019,3,3,1,0,0,0,0,1,0,0,0,1,1,0,0,0,0,0,0,0,0,0,1,0,0,0,0,0,0,0,0,0,0,0,1,0,0,0,0,0,0,0,0,0,0,1,0
CUST003141,Xiti,Sheth,49.0,Pune,2019-02-09,98600.0,2019,2,9,1,0,0,0,0,1,0,0,1,0,1,0,0,0,0,0,0,0,0,0,1,0,0,0,0,0,0,0,0,0,0,0,0,0,0,1,0,0,0,1,0,0,0,1,0
CUST003142,Jasmit,Bala,18.0,Mumbai,2026-07-11,66100.0,2026,7,11,0,0,1,0,0,0,1,0,0,0,0,0,1,0,0,0,0,0,0,0,1,0,0,0,0,0,0,0,0,0,0,0,0,0,0,0,0,0,0,0,0,0,0,1,0
CUST003143,Aarav,Dube,37.0,Bengaluru,2020-11-18,48800.0,2020,11,18,0,0,1,1,0,1,0,0,1,0,0,0,1,0,0,0,0,1,0,0,0,0,0,0,0,0,0,0,0,0,1,0,0,0,0,0,0,0,0,1,0,0,1,0,0
CUST003144,Karan,Mital,30.0,Bhopal,2019-06-19,65800.0,2019,6,19,0,0,1,1,0,1,0,0,0,0,0,0,1,0,0,0,0,0,0,1,0,0,0,0,0,0,0,0,0,0,0,0,0,1,0,0,0,0,0,0,0,0,1,0,0
CUST003145,Warinder,Dash,44.0,Mysuru,2020-11-19,16700.0,2020,11,19,0,0,0,1,0,0,0,0,0,0,0,0,0,0,0,0,0,1,0,0,0,0,0,0,0,0,0,0,0,0,0,0,0,0,0,0,0,1,0,1,0,0,0,0,0
CUST003146,Maanas,Sahni,44.0,Pune,2020-12-24,183100.0,2020,12,24,1,0,0,1,0,1,0,0,0,0,1,0,0,0,0,0,0,0,0,0,1,0,0,0,0,0,0,0,0,1,0,0,0,0,0,0,0,0,0,1,0,0,0,0,1
CUST003147,Hemal,Swamy,29.0,Howrah,2019-12-26,9200.0,2019,12,26,0,0,0,0,0,0,1,0,0,0,0,0,0,0,0,0,0,0,0,0,0,0,0,0,0,0,0,1,0,0,0,0,0,0,0,0,0,1,0,0,0,0,0,0,0
CUST003148,Krisha,Balakrishnan,29.0,Ludhiana,2019-08-03,89600.0,2019,8,3,1,0,0,0,0,1,0,0,0,0,1,0,0,0,0,0,0,0,0,0,0,0,1,0,0,0,0,0,0,0,0,0,1,0,0,0,0,0,0,0,0,0,0,1,0
CUST003149,Dipta,Malhotra,37.0,Delhi,2021-06-19,13800.0,2021,6,19,0,0,0,0,0,1,0,0,1,0,0,0,0,0,0,1,0,0,0,0,0,0,0,0,0,0,0,0,0,0,0,0,0,0,0,0,0,1,0,1,0,0,0,0,0
CUST003150,Xiti,Bhavsar,26.0,Bengaluru,2021-06-11,65800.0,2021,6,11,0,0,1,0,0,0,0,0,0,0,0,0,1,0,0,0,0,1,0,0,0,0,0,0,0,0,0,0,0,0,0,0,1,0,0,0,0,0,0,0,0,0,1,0,0
CUST003151,Pratyush,Srivastava,49.0,Amritsar,2019-04-10,15000.0,2019,4,10,0,0,0,1,0,1,0,0,0,1,0,0,0,0,0,0,0,0,0,0,0,0,1,0,0,0,0,0,0,0,0,0,0,0,0,0,0,1,0,1,0,0,0,0,0
CUST003152,Tejas,Kuruvilla,33.0,Delhi,2019-01-17,178300.0,2019,1,17,1,0,0,1,0,1,0,0,0,0,1,0,0,0,0,1,0,0,0,0,0,0,0,0,0,0,0,0,0,0,0,0,0,0,0,0,1,0,0,0,0,0,0,0,1
CUST003153,Wazir,Dar,18.0,Chennai,2026-07-11,8600.0,2026,7,11,0,0,0,1,0,0,1,0,0,0,0,0,0,0,0,0,0,0,0,0,0,0,0,0,1,0,0,0,0,0,0,0,0,0,0,0,0,1,0,0,0,0,0,0,0
CUST003154,Rachit,Vala,33.0,Delhi,2020-05-03,51800.0,2020,5,3,0,0,1,1,0,0,0,0,1,0,0,0,1,0,0,1,0,0,0,0,0,0,0,0,0,0,0,0,0,0,0,0,0,0,0,0,0,0,1,0,0,0,1,0,0
CUST003155,Adweta,Lad,24.0,Thiruvananthapuram,2020-08-16,31400.0,2020,8,16,0,0,0,0,0,0,1,0,0,1,0,0,0,0,0,0,0,0,1,0,0,0,0,0,0,0,0,0,0,0,0,0,0,0,0,1,0,0,0,0,0,0,1,0,0
CUST003156,Finn,Bhardwaj,18.0,Amritsar,2026-07-11,23000.0,2026,7,11,0,0,0,1,0,1,0,0,0,1,0,0,0,0,0,0,0,0,0,0,0,0,1,0,0,0,0,0,0,0,0,0,0,1,0,0,0,0,0,0,0,0,0,0,0
CUST003157,Elijah,Nagarajan,22.0,Lucknow,2022-08-17,8000.0,2022,8,17,0,0,0,1,0,0,1,0,1,0,0,0,0,0,0,0,0,0,0,0,0,0,0,0,0,0,1,0,0,0,0,0,0,0,0,0,0,1,0,0,0,0,0,0,0
CUST003158,Vihaan,Deshmukh,39.0,Bengaluru,2020-08-31,20900.0,2020,8,31,0,0,1,1,0,0,1,0,0,1,0,0,1,0,0,0,0,1,0,0,0,0,0,0,0,0,0,0,0,0,0,0,0,0,0,0,0,1,0,1,0,0,0,0,0
CUST003159,Rachana,Gade,55.0,Hyderabad,2021-01-11,349200.0,2021,1,11,1,0,0,0,0,1,0,0,0,1,1,0,0,0,0,0,0,0,0,0,0,0,0,0,0,1,0,0,0,0,0,0,0,0,0,0,0,0,0,0,1,0,0,0,1
CUST003160,Avi,Mahajan,42.0,Delhi,2020-05-14,167300.0,2020,5,14,1,0,0,1,0,1,0,0,1,0,1,0,0,0,0,1,0,0,0,0,0,0,0,0,0,0,0,0,0,0,0,0,1,0,0,0,0,0,0,1,0,0,0,0,1
CUST003161,Radha,Saini,30.0,Indore,2020-10-06,116800.0,2020,10,6,1,0,0,0,0,0,1,0,1,0,1,0,0,0,0,0,0,0,0,1,0,0,0,0,0,0,0,0,0,0,0,0,0,0,0,0,1,0,0,0,0,0,0,1,0
CUST003162,Pranav,Bava,44.0,Kochi,2020-08-10,144000.0,2020,8,10,1,0,0,1,0,0,0,1,0,1,1,0,0,0,0,0,0,0,1,0,0,0,0,0,0,0,0,0,0,0,0,0,1,0,0,0,0,0,0,1,0,0,0,0,1
CUST003163,Mohini,Manne,32.0,Hyderabad,2020-01-29,52200.0,2020,1,29,0,0,1,0,0,1,0,0,1,0,0,0,1,0,0,0,0,0,0,0,0,0,0,0,0,1,0,0,0,0,0,0,0,0,0,0,0,0,1,0,0,0,1,0,0
CUST003164,Balvan,Varkey,29.0,Ahmedabad,2021-02-12,97200.0,2021,2,12,0,0,1,1,0,1,0,0,0,0,0,0,1,0,0,0,1,0,0,0,0,0,0,0,0,0,0,0,0,0,0,0,1,0,0,0,0,0,0,0,0,0,0,1,0
CUST003165,Indali,Goswami,23.0,Nagpur,2021-08-16,351800.0,2021,8,16,1,0,0,0,0,0,1,0,1,0,1,0,0,0,0,0,0,0,0,0,1,0,0,0,0,0,0,0,0,0,0,0,0,0,0,0,0,0,0,0,0,0,0,0,1
CUST003166,Charvi,Ganesh,18.0,Warangal,2026-07-11,40300.0,2026,7,11,0,0,0,0,0,1,0,0,0,0,0,0,0,0,0,0,0,0,0,0,0,0,0,0,0,1,0,0,0,0,0,0,0,0,0,1,0,0,0,0,0,0,1,0,0
CUST003167,Ojasvi,Mutti,33.0,Howrah,2020-03-07,9800.0,2020,3,7,0,0,0,0,0,1,0,0,0,0,0,0,0,0,0,0,0,0,0,0,0,0,0,0,0,0,0,1,0,0,0,0,0,0,0,0,0,1,0,0,0,0,0,0,0
CUST003168,Nidhi,Madan,40.0,Hyderabad,2019-05-22,174700.0,2019,5,22,0,1,0,0,0,0,0,0,0,0,0,1,0,0,0,0,0,0,0,0,0,0,0,0,0,1,0,0,0,0,0,0,1,0,0,0,0,0,0,1,0,0,0,0,1
CUST003169,Pratyush,Char,37.0,Hyderabad,2020-03-03,10300.0,2020,3,3,0,0,0,1,0,0,0,0,1,0,0,0,0,0,0,0,0,0,0,0,0,0,0,0,0,1,0,0,0,0,0,0,0,0,0,0,0,1,0,1,0,0,0,0,0
CUST003170,Patrick,Dhawan,33.0,Mumbai,2020-07-17,116900.0,2020,7,17,1,0,0,1,0,0,1,0,1,0,1,0,0,0,0,0,0,0,0,0,1,0,0,0,0,0,0,0,0,0,0,0,1,0,0,0,0,0,0,0,0,0,0,1,0
CUST003171,Abeer,Devan,26.0,Lucknow,2020-03-14,43000.0,2020,3,14,0,0,1,1,0,0,1,0,1,0,0,0,1,0,0,0,0,0,0,0,0,0,0,0,0,0,1,0,0,0,0,0,0,0,0,1,0,0,0,0,0,0,1,0,0
CUST003172,Yochana,Manda,46.0,Indore,2019-01-29,52300.0,2019,1,29,0,0,1,0,0,1,0,0,0,0,0,0,1,0,0,0,0,0,0,1,0,0,0,0,0,0,0,0,0,0,0,0,0,0,0,0,0,0,1,1,0,0,1,0,0
CUST003173,Quincy,Sundaram,21.0,Amritsar,2023-08-17,80600.0,2023,8,17,0,0,1,1,0,1,0,0,0,0,0,0,1,0,0,0,0,0,0,0,0,0,1,0,0,0,0,0,0,0,0,0,0,0,0,1,0,0,0,0,0,0,0,1,0
CUST003174,Samesh,Oak,48.0,Ahmedabad,2019-09-25,159200.0,2019,9,25,1,0,0,1,0,1,0,0,1,0,1,0,0,0,0,0,1,0,0,0,0,0,0,0,0,0,0,0,0,0,0,0,0,0,0,0,0,0,0,1,0,0,0,0,1
CUST003175,Gautami,Chaudry,25.0,Madurai,2019-08-17,208300.0,2019,8,17,1,0,0,0,0,1,0,0,1,0,1,0,0,0,0,0,0,0,0,0,0,0,0,0,1,0,0,0,0,0,0,0,0,0,0,1,0,0,0,0,0,0,0,0,1
CUST003176,Janani,Dubey,28.0,Bengaluru,2021-07-31,80700.0,2021,7,31,0,0,1,0,0,1,0,0,0,0,0,0,1,0,0,0,0,1,0,0,0,0,0,0,0,0,0,0,0,0,0,0,0,0,0,0,1,0,0,0,0,0,0,1,0
CUST003177,Zayan,Kant,19.0,Ludhiana,2025-08-16,8400.0,2025,8,16,0,0,0,1,0,0,1,0,1,0,0,0,0,0,0,0,0,0,0,0,0,0,1,0,0,0,0,0,0,0,0,0,0,0,0,0,0,1,0,0,0,0,0,0,0
CUST003178,Ijaya,Vora,31.0,Kolkata,2018-10-06,67700.0,2018,10,6,0,0,1,0,0,0,1,0,0,1,0,0,1,0,0,0,0,0,0,0,0,0,0,0,0,0,0,1,0,0,1,0,0,0,0,0,0,0,0,0,0,0,0,1,0
CUST003179,Zinal,Comar,51.0,Ahmedabad,2019-11-25,120000.0,2019,11,25,1,0,0,0,0,1,0,0,0,1,1,0,0,0,0,0,1,0,0,0,0,0,0,0,0,0,0,0,0,0,0,0,1,0,0,0,0,0,0,0,1,0,0,1,0
CUST003180,Sathvik,Sharma,45.0,Ahmedabad,2019-05-13,34100.0,2019,5,13,0,0,1,1,0,1,0,0,0,1,0,0,1,0,0,0,1,0,0,0,0,0,0,0,0,0,0,0,0,0,0,0,0,1,0,0,0,0,0,1,0,0,1,0,0
CUST003181,Balvan,Dada,51.0,Varanasi,2020-02-01,195000.0,2020,2,1,1,0,0,1,0,1,0,0,0,1,1,0,0,0,0,0,0,0,0,0,0,0,0,0,0,0,1,0,0,0,0,0,1,0,0,0,0,0,0,0,1,0,0,0,1
CUST003182,Ekaja,Badal,45.0,Mumbai,2020-10-07,142100.0,2020,10,7,0,0,1,0,0,0,0,1,1,0,0,0,1,0,0,0,0,0,0,0,1,0,0,0,0,0,0,0,0,0,0,0,1,0,0,0,0,0,0,1,0,0,0,0,1
CUST003183,Wakeeta,Pall,24.0,Delhi,2020-08-16,15400.0,2020,8,16,0,0,0,0,0,0,1,0,1,0,0,0,0,0,0,1,0,0,0,0,0,0,0,0,0,0,0,0,0,0,0,1,0,0,0,0,0,0,0,0,0,0,0,0,0
CUST003184,Nachiket,Patil,34.0,Ahmedabad,2019-11-01,162700.0,2019,11,1,1,0,0,1,0,0,0,0,0,1,1,0,0,0,0,0,1,0,0,0,0,0,0,0,0,0,0,0,0,0,0,0,1,0,0,0,0,0,0,0,0,0,0,0,1
CUST003185,Ekaraj,Sathe,28.0,Patna,2019-11-20,90800.0,2019,11,20,1,0,0,1,0,1,0,0,0,0,1,0,0,1,0,0,0,0,0,0,0,0,0,0,0,0,0,0,0,0,0,0,0,0,0,0,1,0,0,0,0,0,0,1,0
CUST003186,Yutika,Oommen,55.0,Ahmedabad,2019-08-25,3600.0,2019,8,25,0,0,0,0,0,1,0,0,0,1,0,0,0,0,0,0,1,0,0,0,0,0,0,0,0,0,0,0,0,0,0,1,0,0,0,0,0,0,0,0,1,0,0,0,0
CUST003187,Harini,Modi,22.0,Hyderabad,2022-08-17,25600.0,2022,8,17,0,0,0,0,0,0,1,0,1,0,0,0,0,0,0,0,0,0,0,0,0,0,0,0,0,1,0,0,0,0,0,0,0,0,0,1,0,0,0,0,0,0,0,0,0
CUST003188,Amrita,Dani,50.0,Hyderabad,2019-06-06,24700.0,2019,6,6,0,0,1,0,0,0,0,0,1,0,0,0,1,0,0,0,0,0,0,0,0,0,0,0,0,1,0,0,0,0,0,0,0,1,0,0,0,0,0,1,0,0,0,0,0
CUST003189,Indrajit,Dave,50.0,Surat,2020-12-28,194200.0,2020,12,28,1,0,0,1,0,0,0,0,0,1,1,0,0,0,0,0,1,0,0,0,0,0,0,0,0,0,0,0,0,0,0,0,1,0,0,0,0,0,0,1,0,0,0,0,1
CUST003190,Ekavir,Karan,62.0,Vadodara,2020-03-23,17200.0,2020,3,23,0,0,0,1,0,1,0,0,1,0,0,0,0,0,0,0,1,0,0,0,0,0,0,0,0,0,0,0,0,0,0,0,0,0,1,0,0,0,0,0,1,0,0,0,0
CUST003191,Nikita,Dass,33.0,Kolkata,2018-09-07,169600.0,2018,9,7,0,1,0,0,0,0,1,0,1,0,0,1,0,0,0,0,0,0,0,0,0,0,0,0,0,0,0,1,0,0,0,0,1,0,0,0,0,0,0,0,0,0,0,0,1
CUST003192,Henry,De,47.0,Bengaluru,2019-12-18,362800.0,2019,12,18,0,1,0,1,0,0,1,0,1,0,0,1,0,0,0,0,0,1,0,0,0,0,0,0,0,0,0,0,0,0,0,0,0,0,0,0,0,0,1,1,0,0,0,0,1
CUST003193,Farhan,Sandal,68.0,Thiruvananthapuram,2018-10-23,235300.0,2018,10,23,0,1,0,0,1,1,0,0,0,1,0,1,0,0,0,0,0,0,1,0,0,0,0,0,0,0,0,0,0,0,0,0,0,0,0,0,1,0,0,0,0,1,0,0,1
CUST003194,Dayita,Brahmbhatt,30.0,Madurai,2019-03-09,130300.0,2019,3,9,1,0,0,0,0,0,0,0,1,0,1,0,0,0,0,0,0,0,0,0,0,0,0,0,1,0,0,0,0,0,0,0,1,0,0,0,0,0,0,0,0,0,0,1,0
CUST003195,Aditya,Sule,18.0,Jodhpur,2026-07-11,8800.0,2026,7,11,0,0,0,1,0,0,1,0,1,0,0,0,0,0,0,0,0,0,0,0,0,0,0,1,0,0,0,0,0,0,0,0,0,0,0,0,0,1,0,0,0,0,0,0,0
CUST003196,Upasna,Basak,18.0,Delhi,2026-07-11,30900.0,2026,7,11,0,0,0,0,0,1,0,0,1,0,0,0,0,0,0,1,0,0,0,0,0,0,0,0,0,0,0,0,0,0,0,0,0,0,0,1,0,0,0,0,0,0,1,0,0
CUST003197,Guneet,Chokshi,47.0,Mysuru,2020-09-17,13200.0,2020,9,17,0,0,0,1,0,1,0,0,1,0,0,0,0,0,0,0,0,1,0,0,0,0,0,0,0,0,0,0,0,0,0,0,0,0,0,0,0,1,0,1,0,0,0,0,0
CUST003198,Anamika,Varghese,18.0,Bhopal,2026-07-11,10000.0,2026,7,11,0,0,0,0,0,1,0,0,0,1,0,0,0,0,0,0,0,0,0,1,0,0,0,0,0,0,0,0,0,0,0,0,0,0,0,0,0,1,0,0,0,0,0,0,0
CUST003199,Ayushman,Singh,33.0,Mumbai,2020-04-29,200400.0,2020,4,29,1,0,0,1,0,0,1,0,0,1,1,0,0,0,0,0,0,0,0,0,1,0,0,0,0,0,0,0,0,0,0,0,0,0,0,0,1,0,0,0,0,0,0,0,1
CUST003200,Daniel,Kulkarni,44.0,Chennai,2019-03-25,29500.0,2019,3,25,0,0,1,1,0,1,0,0,1,0,0,0,1,0,0,0,0,0,0,0,0,0,0,0,1,0,0,0,0,0,0,0,0,1,0,0,0,0,0,1,0,0,1,0,0
CUST003201,Anya,Bhatti,40.0,Chennai,2019-05-06,184600.0,2019,5,6,0,1,0,0,0,1,0,0,0,0,0,1,0,0,0,0,0,0,0,0,0,0,0,0,1,0,0,0,0,1,0,0,0,0,0,0,0,0,0,1,0,0,0,0,1
CUST003202,Nidhi,Anne,38.0,Vadodara,2020-09-08,51400.0,2020,9,8,0,0,1,0,0,1,0,0,0,1,0,0,1,0,0,0,1,0,0,0,0,0,0,0,0,0,0,0,0,0,1,0,0,0,0,0,0,0,0,1,0,0,1,0,0
CUST003203,Chanakya,Dasgupta,41.0,Bengaluru,2019-07-08,80300.0,2019,7,8,0,0,1,1,0,1,0,0,0,1,0,0,1,0,0,0,0,1,0,0,0,0,0,0,0,0,0,0,0,0,0,0,0,0,0,1,0,0,0,1,0,0,0,1,0
CUST003204,Ishanvi,Iyengar,55.0,Delhi,2020-02-21,51500.0,2020,2,21,0,0,1,0,0,1,0,0,0,1,0,0,1,0,0,1,0,0,0,0,0,0,0,0,0,0,0,0,0,0,0,0,0,0,0,0,0,0,1,0,1,0,1,0,0
CUST003205,George,Panchal,38.0,Thiruvananthapuram,2020-08-27,50300.0,2020,8,27,0,0,1,1,0,1,0,0,0,0,0,0,1,0,0,0,0,0,1,0,0,0,0,0,0,0,0,0,0,0,0,0,0,0,0,0,0,0,1,1,0,0,1,0,0
CUST003206,Akshay,Chana,29.0,Kolkata,2020-05-21,142700.0,2020,5,21,1,0,0,1,0,1,0,0,0,0,1,0,0,0,0,0,0,0,0,0,0,0,0,0,0,0,0,1,0,1,0,0,0,0,0,0,0,0,0,0,0,0,0,0,1
CUST003207,Elijah,Mall,28.0,Pune,2018-12-09,23900.0,2018,12,9,0,0,1,1,0,0,1,0,0,0,0,0,1,0,0,0,0,0,0,0,1,0,0,0,0,0,0,0,0,0,0,0,0,1,0,0,0,0,0,0,0,0,0,0,0
CUST003208,Owen,Pandey,49.0,Delhi,2020-07-18,71300.0,2020,7,18,0,0,1,1,0,1,0,0,0,1,0,0,1,0,0,1,0,0,0,0,0,0,0,0,0,0,0,0,0,0,1,0,0,0,0,0,0,0,0,1,0,0,0,1,0
CUST003209,Faris,Tella,50.0,Ludhiana,2020-10-05,156300.0,2020,10,5,1,0,0,1,0,1,0,0,0,1,1,0,0,0,0,0,0,0,0,0,0,0,1,0,0,0,0,0,0,0,0,0,1,0,0,0,0,0,0,1,0,0,0,0,1
CUST003210,Jai,Tiwari,44.0,Delhi,2020-07-27,60600.0,2020,7,27,0,0,1,1,0,1,0,0,0,0,0,0,1,0,0,1,0,0,0,0,0,0,0,0,0,0,0,0,0,0,0,0,0,0,0,0,0,0,1,1,0,0,1,0,0
CUST003211,Bahadurjit,Chaudhary,53.0,Kolkata,2020-12-24,178900.0,2020,12,24,1,0,0,1,0,1,0,0,1,0,1,0,0,0,0,0,0,0,0,0,0,0,0,0,0,0,0,1,0,0,0,0,1,0,0,0,0,0,0,0,1,0,0,0,1
CUST003212,Abhimanyu,Wadhwa,23.0,Hyderabad,2021-08-16,120600.0,2021,8,16,0,0,1,1,0,0,1,0,0,0,0,0,1,0,0,0,0,0,0,0,0,0,0,0,0,1,0,0,0,1,0,0,0,0,0,0,0,0,0,0,0,0,0,1,0
CUST003213,Ikbal,Handa,38.0,Indore,2021-03-08,508500.0,2021,3,8,1,0,0,1,0,0,0,1,0,1,1,0,0,0,0,0,0,0,0,1,0,0,0,0,0,0,0,0,0,0,0,0,0,0,0,0,0,0,0,1,0,0,0,0,1
CUST003214,Megha,Garg,58.0,Jaipur,2019-03-05,339600.0,2019,3,5,0,1,0,0,0,0,1,0,1,0,0,1,0,0,0,0,0,0,0,0,0,0,0,1,0,0,0,0,1,0,0,0,0,0,0,0,0,0,0,0,1,0,0,0,1
CUST003215,Aarnav,Chaudhary,48.0,Kolkata,2020-12-12,85400.0,2020,12,12,0,0,1,1,0,0,1,0,1,0,0,0,1,0,0,0,0,0,0,0,0,0,0,0,0,0,0,1,0,0,1,0,0,0,0,0,0,0,0,1,0,0,0,1,0
CUST003216,Jalsa,Thaman,61.0,Mumbai,2019-10-31,39600.0,2019,10,31,0,0,1,0,0,0,0,0,0,1,0,0,1,0,0,0,0,0,0,0,1,0,0,0,0,0,0,0,0,0,0,0,0,0,1,0,0,0,0,0,1,0,1,0,0
CUST003217,Vyanjana,Peri,18.0,Indore,2026-07-11,27400.0,2026,7,11,0,0,0,0,0,0,1,0,0,0,0,0,0,0,0,0,0,0,0,1,0,0,0,0,0,0,0,0,0,0,0,0,0,1,0,0,0,0,0,0,0,0,1,0,0
CUST003218,Hiral,Sarraf,31.0,Warangal,2018-09-09,99700.0,2018,9,9,1,0,0,0,0,0,1,0,1,0,1,0,0,0,0,0,0,0,0,0,0,0,0,0,0,1,0,0,0,0,0,0,0,0,0,1,0,0,0,0,0,0,0,1,0
CUST003219,Damyanti,Golla,28.0,Thiruvananthapuram,2020-04-05,41700.0,2020,4,5,0,0,1,0,0,1,0,0,0,0,0,0,1,0,0,0,0,0,1,0,0,0,0,0,0,0,0,0,0,0,1,0,0,0,0,0,0,0,0,0,0,0,1,0,0
CUST003220,Raagini,Raghavan,47.0,Chennai,2019-02-27,100300.0,2019,2,27,1,0,0,0,0,0,1,0,0,0,1,0,0,0,0,0,0,0,0,0,0,0,0,0,1,0,0,0,0,0,0,0,1,0,0,0,0,0,0,1,0,0,0,1,0
CUST003221,Simon,Kala,24.0,Ahmedabad,2020-08-16,141700.0,2020,8,16,1,0,0,1,0,0,1,0,0,0,1,0,0,0,0,0,1,0,0,0,0,0,0,0,0,0,0,0,0,0,0,0,1,0,0,0,0,0,0,0,0,0,0,0,1
CUST003222,Yasti,Kari,38.0,Mumbai,2019-06-26,154500.0,2019,6,26,1,0,0,0,0,1,0,0,1,0,1,0,0,0,0,0,0,0,0,0,1,0,0,0,0,0,0,0,0,1,0,0,0,0,0,0,0,0,0,1,0,0,0,0,1
CUST003223,Tanvi,Chowdhury,56.0,Vadodara,2019-02-22,239900.0,2019,2,22,0,1,0,0,0,1,0,0,0,1,0,1,0,0,0,0,1,0,0,0,0,0,0,0,0,0,0,0,1,0,0,0,0,0,0,0,0,0,0,0,1,0,0,0,1
CUST003224,Nirja,Dasgupta,47.0,Bengaluru,2021-04-28,12800.0,2021,4,28,0,0,0,0,0,1,0,0,0,1,0,0,0,0,0,0,0,1,0,0,0,0,0,0,0,0,0,0,0,0,0,0,0,0,0,0,0,1,0,1,0,0,0,0,0
CUST003225,Vidhi,Choudhary,42.0,Mysuru,2019-08-04,170900.0,2019,8,4,1,0,0,0,0,1,0,0,0,1,1,0,0,0,0,0,0,1,0,0,0,0,0,0,0,0,0,0,0,0,0,0,0,0,0,0,0,0,0,1,0,0,0,0,1
CUST003226,Ekansh,Tandon,38.0,Pune,2020-10-29,6500.0,2020,10,29,0,0,0,1,0,1,0,0,0,0,0,0,0,0,0,0,0,0,0,0,1,0,0,0,0,0,0,0,0,0,0,0,0,0,0,0,0,1,0,1,0,0,0,0,0
CUST003227,Radha,Mani,27.0,Pune,2019-04-08,120000.0,2019,4,8,1,0,0,0,0,1,0,0,0,0,1,0,0,0,0,0,0,0,0,0,1,0,0,0,0,0,0,0,0,0,0,0,1,0,0,0,0,0,0,0,0,0,0,1,0
CUST003228,Anusha,Butala,54.0,Delhi,2018-10-03,235100.0,2018,10,3,0,1,0,0,0,1,0,0,1,0,0,1,0,0,0,1,0,0,0,0,0,0,0,0,0,0,0,0,0,0,0,0,0,0,0,0,1,0,0,0,1,0,0,0,1
CUST003229,Nihal,Tak,48.0,Bengaluru,2018-12-02,147700.0,2018,12,2,1,0,0,1,0,0,0,0,1,0,1,0,0,0,0,0,0,1,0,0,0,0,0,0,0,0,0,0,0,0,0,0,1,0,0,0,0,0,0,1,0,0,0,0,1
CUST003230,Dalbir,Rajan,37.0,Indore,2021-04-12,29800.0,2021,4,12,0,0,0,1,0,0,1,0,0,0,0,0,0,0,0,0,0,0,0,1,0,0,0,0,0,0,0,0,0,0,0,0,0,1,0,0,0,0,0,1,0,0,1,0,0
CUST003231,Meghana,Shan,33.0,Hyderabad,2020-07-07,56500.0,2020,7,7,0,0,1,0,0,1,0,0,1,0,0,0,1,0,0,0,0,0,0,0,0,0,0,0,0,1,0,0,0,0,0,0,0,0,1,0,0,0,0,0,0,0,1,0,0
CUST003232,Nimrat,Sawhney,18.0,Surat,2026-07-11,33500.0,2026,7,11,0,0,0,0,0,1,0,0,1,0,0,0,0,0,0,0,1,0,0,0,0,0,0,0,0,0,0,0,0,0,0,0,0,0,0,1,0,0,0,0,0,0,1,0,0
CUST003233,Jeevika,Reddy,24.0,Pune,2021-04-04,157900.0,2021,4,4,0,0,1,0,0,1,0,0,0,1,0,0,1,0,0,0,0,0,0,0,1,0,0,0,0,0,0,0,0,0,0,0,0,0,0,0,1,0,0,0,0,0,0,0,1
CUST003234,Mohini,Sangha,63.0,Kolkata,2021-05-01,31100.0,2021,5,1,0,0,0,0,0,1,0,0,0,1,0,0,0,0,0,0,0,0,0,0,0,0,0,0,0,0,0,1,0,0,0,0,0,0,1,0,0,0,0,0,1,0,1,0,0
CUST003235,Girindra,Boase,21.0,Chennai,2023-08-17,6400.0,2023,8,17,0,0,0,1,0,0,1,0,0,0,0,0,0,0,0,0,0,0,0,0,0,0,0,0,1,0,0,0,0,0,0,0,0,0,0,0,0,1,0,0,0,0,0,0,0
CUST003236,Wazir,Pillai,40.0,Amritsar,2018-08-25,19000.0,2018,8,25,0,0,1,1,0,1,0,0,1,0,0,0,1,0,0,0,0,0,0,0,0,0,1,0,0,0,0,0,0,0,0,1,0,0,0,0,0,0,0,1,0,0,0,0,0
CUST003237,Gaurav,Arya,51.0,Chandigarh,2019-12-02,129900.0,2019,12,2,1,0,0,1,0,1,0,0,0,0,1,0,0,0,1,0,0,0,0,0,0,0,0,0,0,0,0,0,0,0,0,0,0,0,0,0,0,0,0,0,1,0,0,1,0
CUST003238,Yatan,Cheema,22.0,Chennai,2022-08-17,77200.0,2022,8,17,0,0,1,1,0,0,1,0,0,0,0,0,1,0,0,0,0,0,0,0,0,0,0,0,1,0,0,0,0,0,0,0,0,0,0,1,0,0,0,0,0,0,0,1,0
CUST003239,Rudra,Sarma,40.0,Udaipur,2020-03-18,41300.0,2020,3,18,0,0,1,1,0,1,0,0,0,0,0,0,1,0,0,0,0,0,0,0,0,0,0,1,0,0,0,0,0,0,0,0,0,0,0,0,0,0,1,1,0,0,1,0,0
CUST003240,Brijesh,Dar,50.0,Delhi,2019-08-22,73700.0,2019,8,22,1,0,0,1,0,0,0,0,0,1,1,0,0,0,0,1,0,0,0,0,0,0,0,0,0,0,0,0,0,0,0,0,0,0,0,0,0,0,1,1,0,0,0,1,0
CUST003241,Eshana,Rana,38.0,Kolkata,2018-10-03,10300.0,2018,10,3,0,0,0,0,0,1,0,0,1,0,0,0,0,0,0,0,0,0,0,0,0,0,0,0,0,0,0,1,0,0,0,0,0,0,1,0,0,0,0,1,0,0,0,0,0
CUST003242,Suhani,Chaudry,75.0,Mumbai,2019-11-10,16700.0,2019,11,10,0,0,0,0,0,0,0,1,0,1,0,0,0,0,0,0,0,0,0,0,1,0,0,0,0,0,0,0,0,0,0,0,0,0,1,0,0,0,0,0,0,1,0,0,0
CUST003243,Frado,Bhattacharyya,18.0,Mysuru,2026-07-11,11200.0,2026,7,11,0,0,0,1,0,0,1,0,0,0,0,0,0,0,0,0,0,1,0,0,0,0,0,0,0,0,0,0,0,0,0,0,0,0,0,0,0,1,0,0,0,0,0,0,0
CUST003244,Qabil,Issac,52.0,Delhi,2020-02-23,34000.0,2020,2,23,0,0,1,1,0,0,1,0,0,1,0,0,1,0,0,1,0,0,0,0,0,0,0,0,0,0,0,0,0,0,0,0,0,1,0,0,0,0,0,0,1,0,1,0,0
CUST003245,Omkaar,Iyer,36.0,Ahmedabad,2018-08-24,169800.0,2018,8,24,1,0,0,1,0,1,0,0,0,1,1,0,0,0,0,0,1,0,0,0,0,0,0,0,0,0,0,0,0,0,0,0,1,0,0,0,0,0,0,1,0,0,0,0,1
CUST003246,Tamanna,Das,48.0,Chennai,2020-06-18,15500.0,2020,6,18,0,0,0,0,0,0,1,0,1,0,0,0,0,0,0,0,0,0,0,0,0,0,0,0,1,0,0,0,0,0,0,0,0,0,0,0,0,1,0,1,0,0,0,0,0
CUST003247,Jackson,Samra,44.0,Vadodara,2019-11-05,201200.0,2019,11,5,1,0,0,1,0,1,0,0,1,0,1,0,0,0,0,0,1,0,0,0,0,0,0,0,0,0,0,0,0,0,0,0,1,0,0,0,0,0,0,1,0,0,0,0,1
CUST003248,Zaid,Mallick,28.0,Chennai,2021-04-21,121700.0,2021,4,21,1,0,0,1,0,1,0,0,0,0,1,0,0,0,0,0,0,0,0,0,0,0,0,0,1,0,0,0,0,0,0,0,1,0,0,0,0,0,0,0,0,0,0,1,0
CUST003249,Madhavi,Ratta,41.0,Pune,2021-03-15,158700.0,2021,3,15,1,0,0,0,0,1,0,0,0,1,1,0,0,0,0,0,0,0,0,0,1,0,0,0,0,0,0,0,0,0,0,0,0,0,0,0,1,0,0,1,0,0,0,0,1
CUST003250,Rachana,Soni,18.0,Surat,2026-07-11,8100.0,2026,7,11,0,0,0,0,0,0,1,0,1,0,0,0,0,0,0,0,1,0,0,0,0,0,0,0,0,0,0,0,0,0,0,0,0,0,0,0,0,1,0,0,0,0,0,0,0
CUST003251,Samaksh,Sundaram,46.0,Varanasi,2020-09-21,57800.0,2020,9,21,0,0,1,1,0,1,0,0,1,0,0,0,1,0,0,0,0,0,0,0,0,0,0,0,0,0,1,0,0,0,0,0,0,0,1,0,0,0,0,1,0,0,1,0,0
CUST003252,Liam,Din,42.0,Patna,2020-09-16,28100.0,2020,9,16,0,0,0,1,0,0,1,0,0,0,0,0,0,1,0,0,0,0,0,0,0,0,0,0,0,0,0,0,0,0,0,0,0,1,0,0,0,0,0,1,0,0,1,0,0
CUST003253,Utkarsh,Chokshi,46.0,Kolkata,2020-06-18,120600.0,2020,6,18,1,0,0,1,0,1,0,0,0,0,1,0,0,0,0,0,0,0,0,0,0,0,0,0,0,0,0,1,0,1,0,0,0,0,0,0,0,0,0,1,0,0,0,1,0
CUST003254,Divya,Krishna,38.0,Vadodara,2018-09-22,20700.0,2018,9,22,0,0,1,0,0,1,0,0,0,1,0,0,1,0,0,0,1,0,0,0,0,0,0,0,0,0,0,0,0,0,0,0,0,0,0,0,0,1,0,1,0,0,0,0,0
CUST003255,Wishi,Tank,43.0,Vadodara,2021-05-16,371800.0,2021,5,16,1,0,0,0,0,1,0,0,0,0,1,0,0,0,0,0,1,0,0,0,0,0,0,0,0,0,0,0,0,0,0,0,0,0,0,0,0,0,0,1,0,0,0,0,1
CUST003256,Jack,Desai,40.0,Nagpur,2019-03-03,20200.0,2019,3,3,0,0,1,1,0,1,0,0,1,0,0,0,1,0,0,0,0,0,0,0,1,0,0,0,0,0,0,0,0,0,0,0,0,0,1,0,0,0,0,1,0,0,0,0,0
CUST003257,Amruta,Chaudhary,27.0,Nagpur,2020-08-07,83300.0,2020,8,7,0,0,1,0,0,1,0,0,0,0,0,0,1,0,0,0,0,0,0,0,1,0,0,0,0,0,0,0,0,0,0,0,0,0,0,0,1,0,0,0,0,0,0,1,0
CUST003258,Avi,Bir,29.0,Mumbai,2019-01-28,81400.0,2019,1,28,1,0,0,1,0,1,0,0,1,0,1,0,0,0,0,0,0,0,0,0,1,0,0,0,0,0,0,0,0,1,0,0,0,0,0,0,0,0,0,0,0,0,0,1,0
CUST003259,Zaid,Bala,53.0,Bengaluru,2018-08-26,164700.0,2018,8,26,1,0,0,1,0,1,0,0,0,1,1,0,0,0,0,0,0,1,0,0,0,0,0,0,0,0,0,0,0,0,0,0,1,0,0,0,0,0,0,0,1,0,0,0,1
CUST003260,Gaurav,Raja,57.0,Chennai,2020-07-30,168400.0,2020,7,30,0,1,0,1,0,1,0,0,0,1,0,1,0,0,0,0,0,0,0,0,0,0,0,0,1,0,0,0,0,0,0,0,0,0,0,0,1,0,0,0,1,0,0,0,1
CUST003261,Omisha,Dua,35.0,Ludhiana,2021-03-28,86500.0,2021,3,28,0,0,1,0,0,1,0,0,1,0,0,0,1,0,0,0,0,0,0,0,0,0,1,0,0,0,0,0,0,0,0,0,0,0,0,1,0,0,0,0,0,0,0,1,0
CUST003262,Max,Char,39.0,Warangal,2021-03-11,16200.0,2021,3,11,0,0,0,1,0,1,0,0,1,0,0,0,0,0,0,0,0,0,0,0,0,0,0,0,0,1,0,0,0,0,0,0,0,0,1,0,0,0,0,1,0,0,0,0,0
CUST003263,Balvan,Venkatesh,26.0,Surat,2019-05-08,144100.0,2019,5,8,1,0,0,1,0,1,0,0,1,0,1,0,0,0,0,0,1,0,0,0,0,0,0,0,0,0,0,0,0,0,0,0,1,0,0,0,0,0,0,0,0,0,0,0,1
CUST003264,Yatin,Shukla,53.0,Ahmedabad,2021-03-10,47000.0,2021,3,10,0,0,1,1,0,1,0,0,0,1,0,0,1,0,0,0,1,0,0,0,0,0,0,0,0,0,0,0,0,0,0,0,0,0,1,0,0,0,0,0,1,0,1,0,0
CUST003265,Harrison,Memon,47.0,Delhi,2020-11-04,34600.0,2020,11,4,0,0,0,1,0,1,0,0,0,0,0,0,0,0,0,1,0,0,0,0,0,0,0,0,0,0,0,0,0,0,0,0,0,1,0,0,0,0,0,1,0,0,1,0,0
CUST003266,Yadavi,Swaminathan,63.0,Mumbai,2021-01-04,55000.0,2021,1,4,0,0,1,0,0,1,0,0,0,0,0,0,1,0,0,0,0,0,0,0,1,0,0,0,0,0,0,0,0,0,0,0,0,0,1,0,0,0,0,0,1,0,1,0,0
CUST003267,Zayyan,Lal,27.0,Madurai,2020-07-23,16300.0,2020,7,23,0,0,1,1,0,1,0,0,1,0,0,0,1,0,0,0,0,0,0,0,0,0,0,0,1,0,0,0,0,0,0,0,0,0,0,0,0,1,0,0,0,0,0,0,0
CUST003268,Onveer,Zachariah,33.0,Ahmedabad,2021-05-27,63700.0,2021,5,27,0,0,1,1,0,1,0,0,1,0,0,0,1,0,0,0,1,0,0,0,0,0,0,0,0,0,0,0,0,0,1,0,0,0,0,0,0,0,0,0,0,0,1,0,0
CUST003269,Adya,Balay,41.0,Ludhiana,2019-01-20,131700.0,2019,1,20,1,0,0,0,0,0,0,0,1,0,1,0,0,0,0,0,0,0,0,0,0,0,1,0,0,0,0,0,0,0,0,0,0,0,0,0,1,0,0,1,0,0,0,1,0
CUST003270,Upasna,Dani,46.0,Hyderabad,2019-01-17,60900.0,2019,1,17,0,0,1,0,0,1,0,0,0,0,0,0,1,0,0,0,0,0,0,0,0,0,0,0,0,1,0,0,0,0,0,0,0,0,0,1,0,0,0,1,0,0,1,0,0
CUST003271,Sanaya,Sengupta,35.0,Patna,2020-05-21,139000.0,2020,5,21,1,0,0,0,0,1,0,0,1,0,1,0,0,1,0,0,0,0,0,0,0,0,0,0,0,0,0,0,0,0,0,0,0,0,0,0,0,0,0,0,0,0,0,0,1
CUST003272,Nisha,Puri,27.0,Hyderabad,2019-10-16,116800.0,2019,10,16,1,0,0,0,0,1,0,0,0,0,1,0,0,0,0,0,0,0,0,0,0,0,0,0,0,1,0,0,0,1,0,0,0,0,0,0,0,0,0,0,0,0,0,1,0
CUST003273,Timothy,Sharaf,49.0,Ahmedabad,2019-09-13,134600.0,2019,9,13,1,0,0,1,0,1,0,0,1,0,1,0,0,0,0,0,1,0,0,0,0,0,0,0,0,0,0,0,0,0,0,0,1,0,0,0,0,0,0,1,0,0,0,0,1
CUST003274,Anita,Bali,47.0,Kolkata,2019-05-18,422100.0,2019,5,18,0,1,0,0,0,0,0,1,1,0,0,1,0,0,0,0,0,0,0,0,0,0,0,0,0,0,0,1,0,0,0,0,0,0,0,0,0,0,0,1,0,0,0,0,1
CUST003275,Hema,Mitter,26.0,Mumbai,2020-01-24,102300.0,2020,1,24,0,0,1,0,0,1,0,0,0,1,0,0,1,0,0,0,0,0,0,0,1,0,0,0,0,0,0,0,0,0,0,0,1,0,0,0,0,0,0,0,0,0,0,1,0
CUST003276,Fitan,Swamy,56.0,Pune,2020-02-04,229100.0,2020,2,4,1,0,0,1,0,1,0,0,0,1,1,0,0,0,0,0,0,0,0,0,1,0,0,0,0,0,0,0,0,0,0,0,0,0,0,0,1,0,0,0,1,0,0,0,1
CUST003277,Upasna,Desai,53.0,Mumbai,2019-09-24,298900.0,2019,9,24,0,1,0,0,0,1,0,0,0,1,0,1,0,0,0,0,0,0,0,0,1,0,0,0,0,0,0,0,1,0,0,0,0,0,0,0,0,0,0,0,1,0,0,0,1
CUST003278,Nachiket,Ramachandran,40.0,Hyderabad,2019-07-08,415900.0,2019,7,8,0,1,0,1,0,1,0,0,1,0,0,1,0,0,0,0,0,0,0,0,0,0,0,0,0,1,0,0,0,0,0,0,0,0,0,0,0,0,0,1,0,0,0,0,1
CUST003279,Vinaya,Choudhary,39.0,Vadodara,2020-08-01,990800.0,2020,8,1,1,0,0,0,1,1,0,0,0,1,1,0,0,0,0,0,1,0,0,0,0,0,0,0,0,0,0,0,0,1,0,0,0,0,0,0,0,0,0,1,0,0,0,0,1
CUST003280,Xalak,Zacharia,45.0,Delhi,2020-08-19,72700.0,2020,8,19,0,0,1,0,0,1,0,0,1,0,0,0,1,0,0,1,0,0,0,0,0,0,0,0,0,0,0,0,0,0,0,0,0,0,0,1,0,0,0,1,0,0,0,1,0
CUST003281,Vrinda,Soni,27.0,Kolkata,2020-10-25,52100.0,2020,10,25,0,0,1,0,0,0,1,0,0,1,0,0,1,0,0,0,0,0,0,0,0,0,0,0,0,0,0,1,0,0,1,0,0,0,0,0,0,0,0,0,0,0,1,0,0
CUST003282,Gaurangi,Toor,38.0,Bengaluru,2019-12-24,62600.0,2019,12,24,1,0,0,0,0,0,1,0,0,0,1,0,0,0,0,0,0,1,0,0,0,0,0,0,0,0,0,0,0,0,0,0,0,0,0,0,0,0,1,1,0,0,1,0,0
CUST003283,Baghyawati,Raman,18.0,Jodhpur,2026-07-11,22100.0,2026,7,11,0,0,0,0,0,0,1,0,0,1,0,0,0,0,0,0,0,0,0,0,0,0,0,1,0,0,0,0,0,0,0,0,0,1,0,0,0,0,0,0,0,0,0,0,0
CUST003284,Karan,Talwar,49.0,Jodhpur,2020-01-02,186500.0,2020,1,2,1,0,0,1,0,1,0,0,0,0,1,0,0,0,0,0,0,0,0,0,0,0,0,1,0,0,0,0,0,0,0,0,1,0,0,0,0,0,0,1,0,0,0,0,1
CUST003285,Ranbir,Pandit,18.0,Udaipur,2026-07-11,60000.0,2026,7,11,0,0,1,1,0,0,1,0,1,0,0,0,1,0,0,0,0,0,0,0,0,0,0,1,0,0,0,0,0,0,0,0,0,0,0,1,0,0,0,0,0,0,1,0,0
CUST003286,Lucky,Nagi,58.0,Coimbatore,2019-02-11,73800.0,2019,2,11,0,0,1,1,0,1,0,0,0,1,0,0,1,0,0,0,0,0,0,0,0,0,0,0,1,0,0,0,0,0,0,0,0,0,0,0,0,0,1,0,1,0,0,1,0
CUST003287,Azaan,Bala,34.0,Bengaluru,2021-05-28,33600.0,2021,5,28,0,0,0,1,0,1,0,0,0,1,0,0,0,0,0,0,0,1,0,0,0,0,0,0,0,0,0,0,0,0,0,0,0,0,0,0,0,0,1,0,0,0,1,0,0
CUST003288,Aradhana,Dave,35.0,Lucknow,2019-11-28,98300.0,2019,11,28,1,0,0,0,0,1,0,0,0,1,1,0,0,0,0,0,0,0,0,0,0,0,0,0,0,0,1,0,0,0,0,0,0,0,0,1,0,0,0,0,0,0,0,1,0
CUST003289,Qadim,Palla,30.0,Delhi,2019-11-25,87100.0,2019,11,25,0,0,1,1,0,0,1,0,1,0,0,0,1,0,0,1,0,0,0,0,0,0,0,0,0,0,0,0,0,0,0,0,1,0,0,0,0,0,0,0,0,0,0,1,0
CUST003290,Agastya,Om,34.0,Bengaluru,2020-06-22,184500.0,2020,6,22,1,0,0,1,0,0,1,0,1,0,1,0,0,0,0,0,0,1,0,0,0,0,0,0,0,0,0,0,0,0,0,0,1,0,0,0,0,0,0,0,0,0,0,0,1
CUST003291,Sachi,Chatterjee,56.0,Delhi,2020-05-12,588800.0,2020,5,12,1,0,0,0,0,1,0,0,0,1,1,0,0,0,0,1,0,0,0,0,0,0,0,0,0,0,0,0,0,0,0,0,0,0,0,0,0,0,1,0,1,0,0,0,1
CUST003292,Upadhriti,Pai,18.0,Ahmedabad,2026-07-11,15000.0,2026,7,11,0,0,0,0,0,1,0,0,0,0,0,0,0,0,0,0,1,0,0,0,0,0,0,0,0,0,0,0,0,0,0,0,0,0,0,0,0,1,0,0,0,0,0,0,0
CUST003293,Pranav,Sabharwal,55.0,Ahmedabad,2020-10-13,330300.0,2020,10,13,1,0,0,1,0,0,0,0,0,0,1,0,0,0,0,0,1,0,0,0,0,0,0,0,0,0,0,0,1,0,0,0,0,0,0,0,0,0,0,0,1,0,0,0,1
CUST003294,Parth,Bhalla,42.0,Ahmedabad,2019-01-04,38800.0,2019,1,4,0,0,1,1,0,0,1,0,0,0,0,0,1,0,0,0,1,0,0,0,0,0,0,0,0,0,0,0,0,0,0,0,0,1,0,0,0,0,0,1,0,0,1,0,0
CUST003295,Jason,Kota,22.0,Hyderabad,2022-08-17,60300.0,2022,8,17,0,0,1,1,0,1,0,0,1,0,0,0,1,0,0,0,0,0,0,0,0,0,0,0,0,1,0,0,0,0,0,0,0,0,0,1,0,0,0,0,0,0,1,0,0
CUST003296,Kamya,Muni,38.0,Pune,2020-08-16,77000.0,2020,8,16,0,0,1,0,0,1,0,0,1,0,0,0,1,0,0,0,0,0,0,0,1,0,0,0,0,0,0,0,0,0,0,0,0,0,0,0,0,0,0,1,0,0,0,1,0
CUST003297,Brijesh,Bhatti,60.0,Kochi,2019-04-22,25800.0,2019,4,22,0,0,1,1,0,1,0,0,0,1,0,0,1,0,0,0,0,0,1,0,0,0,0,0,0,0,0,0,0,0,0,0,0,0,1,0,0,0,0,0,1,0,0,0,0
CUST003298,Niharika,Contractor,38.0,Chennai,2019-10-15,342900.0,2019,10,15,0,1,0,0,0,0,1,0,0,0,0,1,0,0,0,0,0,0,0,0,0,0,0,0,1,0,0,0,0,0,0,0,0,0,0,0,0,0,0,1,0,0,0,0,1
CUST003299,Om,Gara,23.0,Hyderabad,2021-08-16,110500.0,2021,8,16,0,0,1,1,0,0,1,0,1,0,0,0,1,0,0,0,0,0,0,0,0,0,0,0,0,1,0,0,0,1,0,0,0,0,0,0,0,0,0,0,0,0,0,1,0
CUST003300,Advaith,Yohannan,53.0,Kolkata,2018-09-22,28500.0,2018,9,22,0,0,1,1,0,1,0,0,0,1,0,0,1,0,0,0,0,0,0,0,0,0,0,0,0,0,0,1,0,0,0,0,0,1,0,0,0,0,0,0,1,0,1,0,0
CUST003301,Omaja,Barad,42.0,Delhi,2020-10-11,559300.0,2020,10,11,1,0,0,0,0,1,0,0,0,0,1,0,0,0,0,1,0,0,0,0,0,0,0,0,0,0,0,0,0,0,1,0,0,0,0,0,0,0,0,1,0,0,0,0,1
CUST003302,Victor,Sami,26.0,Pune,2021-02-28,78700.0,2021,2,28,0,0,1,1,0,1,0,0,0,0,0,0,1,0,0,0,0,0,0,0,1,0,0,0,0,0,0,0,0,0,0,0,1,0,0,0,0,0,0,0,0,0,0,1,0
CUST003303,Shivansh,Loke,41.0,Hyderabad,2020-10-05,199700.0,2020,10,5,1,0,0,1,0,1,0,0,0,0,1,0,0,0,0,0,0,0,0,0,0,0,0,0,0,1,0,0,0,0,0,0,0,0,0,0,0,0,0,1,0,0,0,0,1
CUST003304,Advaith,Singh,25.0,Delhi,2019-10-13,65800.0,2019,10,13,0,0,1,1,0,1,0,0,1,0,0,0,1,0,0,1,0,0,0,0,0,0,0,0,0,0,0,0,0,1,0,0,0,0,0,0,0,0,0,0,0,0,1,0,0
CUST003305,Advay,Nadig,52.0,Delhi,2021-01-25,202100.0,2021,1,25,1,0,0,1,0,0,1,0,0,1,1,0,0,0,0,1,0,0,0,0,0,0,0,0,0,0,0,0,0,1,0,0,0,0,0,0,0,0,0,0,1,0,0,0,1
CUST003306,Saanvi,Ramakrishnan,52.0,Patna,2018-11-24,159300.0,2018,11,24,0,1,0,0,0,1,0,0,0,1,0,1,0,1,0,0,0,0,0,0,0,0,0,0,0,0,0,0,0,0,0,0,0,0,0,0,1,0,0,0,1,0,0,0,1
CUST003307,Neel,Chaudhari,45.0,Coimbatore,2020-05-23,120300.0,2020,5,23,1,0,0,1,0,1,0,0,0,1,1,0,0,0,0,0,0,0,0,0,0,0,0,0,1,0,0,0,0,0,0,0,0,0,0,0,1,0,0,1,0,0,0,1,0
CUST003308,Yash,Chaudhry,43.0,Chennai,2019-01-28,124200.0,2019,1,28,1,0,0,1,0,1,0,0,1,0,1,0,0,0,0,0,0,0,0,0,0,0,0,0,1,0,0,0,0,1,0,0,0,0,0,0,0,0,0,1,0,0,0,1,0
CUST003309,Harshil,Nayar,61.0,Ahmedabad,2020-11-16,138400.0,2020,11,16,1,0,0,1,0,1,0,0,0,1,1,0,0,0,0,0,1,0,0,0,0,0,0,0,0,0,0,0,0,0,0,0,0,0,0,0,1,0,0,0,1,0,0,0,1
CUST003310,Yadavi,Thakkar,38.0,Guwahati,2020-09-07,53400.0,2020,9,7,0,0,1,0,0,1,0,0,0,0,0,0,1,0,0,0,0,0,0,0,0,0,0,0,0,0,0,0,0,0,0,0,0,0,0,0,0,0,1,1,0,0,1,0,0
CUST003311,Pallavi,Ganesan,23.0,Pune,2021-08-16,71100.0,2021,8,16,0,0,1,0,0,0,1,0,0,1,0,0,1,0,0,0,0,0,0,0,1,0,0,0,0,0,0,0,0,0,0,0,0,0,0,1,0,0,0,0,0,0,0,1,0
CUST003312,Netra,Patla,44.0,Varanasi,2020-11-07,181500.0,2020,11,7,1,0,0,0,0,1,0,0,0,0,1,0,0,0,0,0,0,0,0,0,0,0,0,0,0,0,1,0,0,1,0,0,0,0,0,0,0,0,0,1,0,0,0,0,1
CUST003313,Urmi,Jaggi,65.0,Kolkata,2020-02-26,146300.0,2020,2,26,1,0,0,0,0,1,0,0,1,0,1,0,0,0,0,0,0,0,0,0,0,0,0,0,0,0,0,1,0,0,0,0,0,0,0,0,1,0,0,0,1,0,0,0,1
CUST003314,Yuvraj,Borra,25.0,Pune,2019-08-17,132200.0,2019,8,17,1,0,0,1,0,0,1,0,0,0,1,0,0,0,0,0,0,0,0,0,1,0,0,0,0,0,0,0,0,1,0,0,0,0,0,0,0,0,0,0,0,0,0,1,0
CUST003315,Hredhaan,Mani,33.0,Bengaluru,2020-06-16,21300.0,2020,6,16,0,0,1,1,0,0,1,0,0,0,0,0,1,0,0,0,0,1,0,0,0,0,0,0,0,0,0,0,0,0,0,0,0,1,0,0,0,0,0,0,0,0,0,0,0
CUST003316,Kevin,Batta,43.0,Chennai,2019-09-15,108100.0,2019,9,15,1,0,0,1,0,1,0,0,0,0,1,0,0,0,0,0,0,0,0,0,0,0,0,0,1,0,0,0,0,1,0,0,0,0,0,0,0,0,0,1,0,0,0,1,0
CUST003317,Manthan,Ratti,37.0,Ahmedabad,2020-05-05,39100.0,2020,5,5,0,0,1,1,0,0,1,0,0,1,0,0,1,0,0,0,1,0,0,0,0,0,0,0,0,0,0,0,0,0,0,0,0,0,0,0,0,0,1,1,0,0,1,0,0
CUST003318,Isaiah,Chanda,25.0,Delhi,2021-06-26,328900.0,2021,6,26,1,0,0,1,0,1,0,0,0,0,1,0,0,0,0,1,0,0,0,0,0,0,0,0,0,0,0,0,0,0,0,0,0,0,0,0,0,0,0,0,0,0,0,0,1
CUST003319,Charvi,Nayar,53.0,Coimbatore,2020-02-12,164000.0,2020,2,12,1,0,0,0,0,1,0,0,1,0,1,0,0,0,0,0,0,0,0,0,0,0,0,0,1,0,0,0,0,0,0,0,1,0,0,0,0,0,0,0,1,0,0,0,1
CUST003320,Madhavi,Bhavsar,68.0,Ahmedabad,2021-06-05,317900.0,2021,6,5,1,0,0,0,0,1,0,0,0,1,1,0,0,0,0,0,1,0,0,0,0,0,0,0,0,0,0,0,0,0,0,0,0,0,0,0,1,0,0,0,0,1,0,0,1
CUST003321,Zilmil,Soman,41.0,Chennai,2018-12-22,292900.0,2018,12,22,0,1,0,0,0,0,0,1,0,0,0,1,0,0,0,0,0,0,0,0,0,0,0,0,1,0,0,0,1,0,0,0,0,0,0,0,0,0,0,1,0,0,0,0,1
CUST003322,Tanay,Kadakia,26.0,Bhopal,2019-05-14,200700.0,2019,5,14,0,1,0,1,0,1,0,0,0,0,0,1,0,0,0,0,0,0,0,1,0,0,0,0,0,0,0,0,1,0,0,0,0,0,0,0,0,0,0,0,0,0,0,0,1
CUST003323,Prisha,Bose,18.0,Bhopal,2026-07-11,12900.0,2026,7,11,0,0,0,0,0,0,1,0,0,0,0,0,0,0,0,0,0,0,0,1,0,0,0,0,0,0,0,0,0,0,0,0,0,0,0,0,0,1,0,0,0,0,0,0,0
CUST003324,Nidhi,Thaman,41.0,Chennai,2019-09-15,18400.0,2019,9,15,0,0,1,0,0,1,0,0,1,0,0,0,1,0,0,0,0,0,0,0,0,0,0,0,1,0,0,0,0,0,0,0,0,0,1,0,0,0,0,1,0,0,0,0,0
CUST003325,Netra,Sant,52.0,Amritsar,2021-04-15,141800.0,2021,4,15,1,0,0,0,0,1,0,0,1,0,1,0,0,0,0,0,0,0,0,0,0,0,1,0,0,0,0,0,0,0,0,0,0,0,0,0,1,0,0,0,1,0,0,0,1
CUST003326,Naksh,Iyengar,44.0,Mumbai,2019-07-08,65800.0,2019,7,8,1,0,0,1,0,0,0,1,0,0,1,0,0,0,0,0,0,0,0,0,1,0,0,0,0,0,0,0,0,0,0,0,0,0,0,0,1,0,0,1,0,0,1,0,0
CUST003327,Sarthak,Ratti,38.0,Mumbai,2019-02-27,62600.0,2019,2,27,0,0,1,1,0,1,0,0,0,0,0,0,1,0,0,0,0,0,0,0,1,0,0,0,0,0,0,0,0,0,0,0,0,0,0,0,0,0,1,1,0,0,1,0,0
CUST003328,Jeremiah,Varma,30.0,Hyderabad,2019-02-28,111900.0,2019,2,28,1,0,0,1,0,0,0,0,1,0,1,0,0,0,0,0,0,0,0,0,0,0,0,0,0,1,0,0,0,1,0,0,0,0,0,0,0,0,0,0,0,0,0,1,0
CUST003329,Utkarsh,Gole,24.0,Kolkata,2020-10-09,26000.0,2020,10,9,0,0,0,1,0,0,1,0,0,0,0,0,0,0,0,0,0,0,0,0,0,0,0,0,0,0,0,1,0,0,0,0,0,1,0,0,0,0,0,0,0,0,0,0,0
CUST003330,Adya,Varty,49.0,Kolkata,2020-10-31,130700.0,2020,10,31,1,0,0,0,0,1,0,0,1,0,1,0,0,0,0,0,0,0,0,0,0,0,0,0,0,0,0,1,0,1,0,0,0,0,0,0,0,0,0,1,0,0,0,1,0
CUST003331,Girik,Tata,50.0,Chennai,2020-01-23,33200.0,2020,1,23,0,0,1,1,0,1,0,0,1,0,0,0,1,0,0,0,0,0,0,0,0,0,0,0,1,0,0,0,0,0,0,0,0,1,0,0,0,0,0,1,0,0,1,0,0
CUST003332,Hredhaan,Sibal,18.0,Pune,2026-07-11,12800.0,2026,7,11,0,0,0,1,0,0,1,0,0,0,0,0,0,0,0,0,0,0,0,0,1,0,0,0,0,0,0,0,0,0,0,0,0,0,0,0,0,1,0,0,0,0,0,0,0
CUST003333,Lipika,Walia,59.0,Delhi,2018-11-12,130700.0,2018,11,12,1,0,0,0,0,1,0,0,1,0,1,0,0,0,0,1,0,0,0,0,0,0,0,0,0,0,0,0,0,1,0,0,0,0,0,0,0,0,0,0,1,0,0,1,0
CUST003334,Urishilla,Bhasin,45.0,Chandigarh,2020-07-18,65800.0,2020,7,18,1,0,0,0,0,0,0,0,0,0,1,0,0,0,1,0,0,0,0,0,0,0,0,0,0,0,0,0,0,0,0,0,1,0,0,0,0,0,0,1,0,0,1,0,0
CUST003335,Harish,Patla,56.0,Bhopal,2019-04-15,198000.0,2019,4,15,1,0,0,1,0,0,1,0,1,0,1,0,0,0,0,0,0,0,0,1,0,0,0,0,0,0,0,0,0,0,0,0,1,0,0,0,0,0,0,0,1,0,0,0,1
CUST003336,Vedhika,Divan,21.0,Ahmedabad,2023-08-17,80700.0,2023,8,17,0,0,1,0,0,0,1,0,1,0,0,0,1,0,0,0,1,0,0,0,0,0,0,0,0,0,0,0,0,0,0,0,0,0,0,1,0,0,0,0,0,0,0,1,0
CUST003337,Jai,Dora,20.0,Ahmedabad,2024-08-16,6800.0,2024,8,16,0,0,0,1,0,0,1,0,0,0,0,0,0,0,0,0,1,0,0,0,0,0,0,0,0,0,0,0,0,0,0,0,0,0,0,0,0,1,0,0,0,0,0,0,0
CUST003338,Mason,Saran,36.0,Kolkata,2019-02-18,202200.0,2019,2,18,0,1,0,1,0,1,0,0,0,0,0,1,0,0,0,0,0,0,0,0,0,0,0,0,0,0,0,1,0,0,0,0,0,0,0,0,1,0,0,1,0,0,0,0,1
CUST003339,Samesh,Nagar,45.0,Delhi,2020-10-27,43900.0,2020,10,27,0,0,1,1,0,1,0,0,1,0,0,0,1,0,0,1,0,0,0,0,0,0,0,0,0,0,0,0,0,0,0,0,0,1,0,0,0,0,0,1,0,0,1,0,0
CUST003340,Bhavika,Jani,61.0,Hyderabad,2020-08-05,25900.0,2020,8,5,0,0,1,0,0,1,0,0,0,1,0,0,1,0,0,0,0,0,0,0,0,0,0,0,0,1,0,0,0,0,0,0,0,0,1,0,0,0,0,0,1,0,0,0,0
CUST003341,Triveni,Loke,47.0,Ahmedabad,2021-01-10,40200.0,2021,1,10,0,0,1,0,0,1,0,0,1,0,0,0,1,0,0,0,1,0,0,0,0,0,0,0,0,0,0,0,0,0,0,0,0,1,0,0,0,0,0,1,0,0,1,0,0
CUST003342,Luke,Dyal,35.0,Coimbatore,2020-02-08,107100.0,2020,2,8,1,0,0,1,0,1,0,0,1,0,1,0,0,0,0,0,0,0,0,0,0,0,0,0,1,0,0,0,0,0,0,0,0,0,0,0,1,0,0,0,0,0,0,1,0
CUST003343,Lavanya,Keer,25.0,Mumbai,2019-08-17,96100.0,2019,8,17,1,0,0,0,0,1,0,0,1,0,1,0,0,0,0,0,0,0,0,0,1,0,0,0,0,0,0,0,0,0,0,0,1,0,0,0,0,0,0,0,0,0,0,1,0
CUST003344,Samaksh,Khare,54.0,Guwahati,2020-01-16,131400.0,2020,1,16,1,0,0,1,0,1,0,0,0,1,1,0,0,0,0,0,0,0,0,0,0,0,0,0,0,0,0,0,0,0,0,0,0,0,0,1,0,0,0,0,1,0,0,1,0
CUST003345,Deepa,Doctor,25.0,Varanasi,2021-04-03,141700.0,2021,4,3,1,0,0,0,0,1,0,0,0,1,1,0,0,0,0,0,0,0,0,0,0,0,0,0,0,0,1,0,0,0,0,0,1,0,0,0,0,0,0,0,0,0,0,0,1
CUST003346,Gopal,Bala,59.0,New Delhi,2020-11-13,19700.0,2020,11,13,0,0,0,1,0,0,0,1,0,1,0,0,0,0,0,1,0,0,0,0,0,0,0,0,0,0,0,0,0,0,0,0,0,0,0,0,0,1,0,0,1,0,0,0,0
CUST003347,Jason,Mukherjee,34.0,Kolkata,2019-12-08,376000.0,2019,12,8,1,0,0,1,0,1,0,0,0,1,1,0,0,0,0,0,0,0,0,0,0,0,0,0,0,0,0,1,0,0,0,0,0,0,0,0,0,0,0,0,0,0,0,0,1
CUST003348,Vedika,Sunder,38.0,Thiruvananthapuram,2019-11-16,258800.0,2019,11,16,0,1,0,0,0,1,0,0,0,1,0,1,0,0,0,0,0,0,1,0,0,0,0,0,0,0,0,0,0,0,0,0,0,1,0,0,0,0,0,1,0,0,0,0,1
CUST003349,Urmi,Sami,47.0,Pune,2019-11-23,266400.0,2019,11,23,0,1,0,0,0,1,0,0,0,1,0,1,0,0,0,0,0,0,0,0,1,0,0,0,0,0,0,0,0,0,0,0,0,0,0,0,1,0,0,1,0,0,0,0,1
CUST003350,Andrew,Jaggi,36.0,Chennai,2021-05-24,32600.0,2021,5,24,0,0,0,1,0,1,0,0,1,0,0,0,0,0,0,0,0,0,0,0,0,0,0,0,1,0,0,0,0,0,0,0,0,1,0,0,0,0,0,1,0,0,1,0,0
CUST003351,Fariq,Mahajan,31.0,Chennai,2019-05-13,56800.0,2019,5,13,0,0,1,1,0,1,0,0,0,0,0,0,1,0,0,0,0,0,0,0,0,0,0,0,1,0,0,0,0,0,0,0,0,0,0,0,0,0,1,0,0,0,1,0,0
CUST003352,Ekansh,Balakrishnan,34.0,Hyderabad,2018-11-24,167200.0,2018,11,24,0,1,0,1,0,1,0,0,1,0,0,1,0,0,0,0,0,0,0,0,0,0,0,0,0,1,0,0,0,0,0,0,0,0,0,0,1,0,0,0,0,0,0,0,1
CUST003353,Kai,Mall,44.0,Varanasi,2020-02-04,14000.0,2020,2,4,0,0,0,1,0,1,0,0,1,0,0,0,0,0,0,0,0,0,0,0,0,0,0,0,0,0,1,0,0,0,0,1,0,0,0,0,0,0,0,1,0,0,0,0,0
CUST003354,Hema,Basak,39.0,Hyderabad,2019-06-21,65400.0,2019,6,21,0,0,1,0,0,1,0,0,1,0,0,0,1,0,0,0,0,0,0,0,0,0,0,0,0,1,0,0,0,0,0,0,0,0,0,0,0,0,1,1,0,0,1,0,0
CUST003355,Watika,Bahri,30.0,Mumbai,2018-11-19,166900.0,2018,11,19,0,1,0,0,0,0,1,0,0,0,0,1,0,0,0,0,0,0,0,0,1,0,0,0,0,0,0,0,0,0,0,0,0,0,0,0,1,0,0,0,0,0,0,0,1
CUST003356,Ayaan,Chacko,38.0,Mumbai,2019-09-12,30000.0,2019,9,12,0,0,1,1,0,1,0,0,0,0,0,0,1,0,0,0,0,0,0,0,1,0,0,0,0,0,0,0,0,0,0,0,0,1,0,0,0,0,0,1,0,0,1,0,0
CUST003357,Naksh,Misra,39.0,Mumbai,2019-08-08,115500.0,2019,8,8,1,0,0,1,0,0,1,0,0,0,1,0,0,0,0,0,0,0,0,0,1,0,0,0,0,0,0,0,0,0,0,0,0,0,0,0,1,0,0,1,0,0,0,1,0
CUST003358,Bhavika,Ray,18.0,Hyderabad,2026-07-11,25000.0,2026,7,11,0,0,0,1,0,0,1,0,0,0,0,0,0,0,0,0,0,0,0,0,0,0,0,0,0,1,0,0,0,0,0,0,0,1,0,0,0,0,0,0,0,0,0,0,0
CUST003359,Qabil,Chana,44.0,Ahmedabad,2020-11-04,33000.0,2020,11,4,0,0,1,1,0,1,0,0,0,1,0,0,1,0,0,0,1,0,0,0,0,0,0,0,0,0,0,0,0,0,0,0,0,1,0,0,0,0,0,1,0,0,1,0,0
CUST003360,Sneha,Dey,25.0,Delhi,2019-11-17,39200.0,2019,11,17,0,0,1,0,0,0,1,0,1,0,0,0,1,0,0,1,0,0,0,0,0,0,0,0,0,0,0,0,0,0,1,0,0,0,0,0,0,0,0,0,0,0,1,0,0
CUST003361,Jacob,Choudhury,23.0,Ahmedabad,2021-08-16,25500.0,2021,8,16,0,0,0,1,0,0,1,0,0,1,0,0,0,0,0,0,1,0,0,0,0,0,0,0,0,0,0,0,0,0,0,0,0,1,0,0,0,0,0,0,0,0,0,0,0
CUST003362,Yamini,Dara,18.0,Ahmedabad,2026-07-11,9900.0,2026,7,11,0,0,0,0,0,0,1,0,0,0,0,0,0,0,0,0,1,0,0,0,0,0,0,0,0,0,0,0,0,0,0,0,0,0,0,0,0,1,0,0,0,0,0,0,0
CUST003363,Yutika,Vohra,18.0,New Delhi,2026-07-11,8100.0,2026,7,11,0,0,0,0,0,1,0,0,1,0,0,0,0,0,0,1,0,0,0,0,0,0,0,0,0,0,0,0,0,0,0,0,0,0,0,0,0,1,0,0,0,0,0,0,0
CUST003364,Ladli,Taneja,20.0,Kolkata,2024-08-16,27800.0,2024,8,16,0,0,0,0,0,0,1,0,0,0,0,0,0,0,0,0,0,0,0,0,0,0,0,0,0,0,0,1,0,0,0,0,0,1,0,0,0,0,0,0,0,0,1,0,0
CUST003365,Chandani,Khanna,29.0,Ahmedabad,2020-05-10,24300.0,2020,5,10,0,0,1,0,0,1,0,0,0,0,0,0,1,0,0,0,1,0,0,0,0,0,0,0,0,0,0,0,0,0,0,0,0,0,1,0,0,0,0,0,0,0,0,0,0
CUST003366,Darsh,Munshi,63.0,Chennai,2019-10-03,55900.0,2019,10,3,0,0,1,1,0,0,0,1,0,0,0,0,1,0,0,0,0,0,0,0,0,0,0,0,1,0,0,0,0,0,0,0,0,0,1,0,0,0,0,0,1,0,1,0,0
CUST003367,Omya,Ramakrishnan,31.0,Bengaluru,2020-06-02,112200.0,2020,6,2,1,0,0,0,0,1,0,0,0,1,1,0,0,0,0,0,0,1,0,0,0,0,0,0,0,0,0,0,0,1,0,0,0,0,0,0,0,0,0,0,0,0,0,1,0
CUST003368,Kamya,Sampath,40.0,Kolkata,2019-02-10,139700.0,2019,2,10,1,0,0,1,0,1,0,0,0,0,1,0,0,0,0,0,0,0,0,0,0,0,0,0,0,0,0,1,0,1,0,0,0,0,0,0,0,0,0,1,0,0,0,0,1
CUST003369,Ikbal,Dhawan,43.0,Amritsar,2020-03-06,90400.0,2020,3,6,1,0,0,1,0,1,0,0,0,0,1,0,0,0,0,0,0,0,0,0,0,0,1,0,0,0,0,0,0,0,0,0,0,0,0,1,0,0,0,1,0,0,0,1,0
CUST003370,Chatresh,Gill,40.0,Hyderabad,2018-12-03,112000.0,2018,12,3,1,0,0,1,0,1,0,0,0,0,1,0,0,0,0,0,0,0,0,0,0,0,0,0,0,1,0,0,0,0,0,0,1,0,0,0,0,0,0,1,0,0,0,1,0
CUST003371,Hredhaan,Maharaj,37.0,Hyderabad,2020-02-05,90800.0,2020,2,5,0,0,1,1,0,1,0,0,0,1,0,0,1,0,0,0,0,0,0,0,0,0,0,0,0,1,0,0,0,1,0,0,0,0,0,0,0,0,0,1,0,0,0,1,0
CUST003372,Thomas,Rege,22.0,Chennai,2022-08-17,6400.0,2022,8,17,0,0,0,1,0,0,1,0,0,1,0,0,0,0,0,0,0,0,0,0,0,0,0,0,1,0,0,0,0,0,0,0,0,0,0,0,0,1,0,0,0,0,0,0,0
CUST003373,Joshua,Bhalla,57.0,Mumbai,2018-08-19,86400.0,2018,8,19,1,0,0,1,0,1,0,0,1,0,1,0,0,0,0,0,0,0,0,0,1,0,0,0,0,0,0,0,0,0,1,0,0,0,0,0,0,0,0,0,1,0,0,1,0
CUST003374,Xalak,Walla,61.0,Madurai,2021-03-08,57600.0,2021,3,8,0,0,1,0,0,1,0,0,1,0,0,0,1,0,0,0,0,0,0,0,0,0,0,0,1,0,0,0,0,0,0,0,0,0,1,0,0,0,0,0,1,0,1,0,0
CUST003375,Rachit,Chowdhury,18.0,Bengaluru,2026-07-11,4600.0,2026,7,11,0,0,0,1,0,0,1,0,0,0,0,0,0,0,0,0,0,1,0,0,0,0,0,0,0,0,0,0,0,0,0,0,0,0,0,0,0,0,0,0,0,0,0,0,0
CUST003376,Nitara,Sampath,25.0,Pune,2021-03-17,16500.0,2021,3,17,0,0,0,0,0,0,1,0,0,0,0,0,0,0,0,0,0,0,0,0,1,0,0,0,0,0,0,0,0,0,0,0,0,0,0,0,0,1,0,0,0,0,0,0,0
CUST003377,Wazir,Koshy,34.0,Chennai,2019-02-09,98800.0,2019,2,9,1,0,0,1,0,1,0,0,0,1,1,0,0,0,0,0,0,0,0,0,0,0,0,0,1,0,0,0,0,1,0,0,0,0,0,0,0,0,0,0,0,0,0,1,0
CUST003378,Liam,Dhillon,25.0,Mumbai,2019-11-02,72000.0,2019,11,2,0,0,1,1,0,0,1,0,0,0,0,0,1,0,0,0,0,0,0,0,1,0,0,0,0,0,0,0,0,0,1,0,0,0,0,0,0,0,0,0,0,0,0,1,0
CUST003379,Pratyush,Soman,45.0,Hyderabad,2018-10-23,191400.0,2018,10,23,0,1,0,1,0,1,0,0,0,0,0,1,0,0,0,0,0,0,0,0,0,0,0,0,0,1,0,0,0,1,0,0,0,0,0,0,0,0,0,1,0,0,0,0,1
CUST003380,Raksha,Morar,29.0,Pune,2019-01-10,19000.0,2019,1,10,0,0,1,0,0,0,1,0,0,0,0,0,1,0,0,0,0,0,0,0,1,0,0,0,0,0,0,0,0,0,0,0,0,1,0,0,0,0,0,0,0,0,0,0,0
CUST003381,Advaith,Banerjee,66.0,Mumbai,2021-05-26,10500.0,2021,5,26,0,0,0,1,0,1,0,0,0,1,0,0,0,0,0,0,0,0,0,0,1,0,0,0,0,0,0,0,0,0,0,1,0,0,0,0,0,0,0,0,0,1,0,0,0
CUST003382,Avi,Khatri,53.0,Kanpur,2021-03-19,64600.0,2021,3,19,0,0,1,1,0,1,0,0,0,1,0,0,1,0,0,0,0,0,0,0,0,0,0,0,0,0,1,0,0,0,0,0,0,0,0,1,0,0,0,0,1,0,1,0,0
CUST003383,Jonathan,Rajagopalan,41.0,Kochi,2019-10-28,32700.0,2019,10,28,0,0,1,1,0,1,0,0,0,0,0,0,1,0,0,0,0,0,1,0,0,0,0,0,0,0,0,0,0,0,0,0,0,1,0,0,0,0,0,1,0,0,1,0,0
CUST003384,Nilima,Patil,51.0,Delhi,2020-01-26,83700.0,2020,1,26,1,0,0,0,0,0,1,0,0,0,1,0,0,0,0,1,0,0,0,0,0,0,0,0,0,0,0,0,0,0,0,0,0,0,0,0,0,0,1,0,1,0,0,1,0
CUST003385,Divya,Warrior,52.0,Madurai,2021-02-13,65800.0,2021,2,13,0,0,1,0,0,1,0,0,0,1,0,0,1,0,0,0,0,0,0,0,0,0,0,0,1,0,0,0,0,1,0,0,0,0,0,0,0,0,0,0,1,0,1,0,0
CUST003386,Jagat,Savant,31.0,Bengaluru,2021-03-28,13300.0,2021,3,28,0,0,0,1,0,0,1,0,1,0,0,0,0,0,0,0,0,1,0,0,0,0,0,0,0,0,0,0,0,0,0,0,0,0,0,0,0,1,0,0,0,0,0,0,0
CUST003387,Sara,Anand,27.0,Chennai,2019-12-07,47000.0,2019,12,7,0,0,1,0,0,1,0,0,0,0,0,0,1,0,0,0,0,0,0,0,0,0,0,0,1,0,0,0,0,0,0,0,0,0,0,0,0,0,1,0,0,0,1,0,0
CUST003388,Shravya,Kumer,39.0,Warangal,2021-06-24,78900.0,2021,6,24,0,0,1,0,0,1,0,0,0,1,0,0,1,0,0,0,0,0,0,0,0,0,0,0,0,1,0,0,0,0,1,0,0,0,0,0,0,0,0,1,0,0,0,1,0
CUST003389,Matthew,Chana,38.0,Bengaluru,2019-01-02,65800.0,2019,1,2,1,0,0,1,0,0,0,0,0,0,1,0,0,0,0,0,0,1,0,0,0,0,0,0,0,0,0,0,0,0,0,0,0,0,0,1,0,0,0,1,0,0,1,0,0
CUST003390,Kamya,Mishra,40.0,Ahmedabad,2019-03-16,64300.0,2019,3,16,1,0,0,0,0,0,1,0,0,0,1,0,0,0,0,0,1,0,0,0,0,0,0,0,0,0,0,0,0,0,0,0,0,0,0,1,0,0,0,1,0,0,1,0,0
CUST003391,Jagrati,Dyal,18.0,Pune,2026-07-11,15300.0,2026,7,11,0,0,0,0,0,0,1,0,0,1,0,0,0,0,0,0,0,0,0,0,1,0,0,0,0,0,0,0,0,0,0,0,0,0,0,0,0,1,0,0,0,0,0,0,0
CUST003392,Theodore,Nadig,28.0,Mumbai,2021-07-30,84600.0,2021,7,30,0,0,1,1,0,1,0,0,0,0,0,0,1,0,0,0,0,0,0,0,1,0,0,0,0,0,0,0,0,0,0,0,0,0,0,0,0,0,0,0,0,0,0,1,0
CUST003393,Samar,Bandi,37.0,Jaipur,2021-06-25,105500.0,2021,6,25,0,0,1,1,0,0,0,0,1,0,0,0,1,0,0,0,0,0,0,0,0,0,0,1,0,0,0,0,0,0,0,0,0,0,0,1,0,0,0,1,0,0,0,1,0
CUST003394,Laksh,Buch,37.0,Ahmedabad,2019-12-23,84800.0,2019,12,23,1,0,0,1,0,0,1,0,1,0,1,0,0,0,0,0,1,0,0,0,0,0,0,0,0,0,0,0,0,0,0,0,0,0,0,1,0,0,0,1,0,0,0,1,0
CUST003395,Yatan,Sinha,64.0,Chennai,2018-08-23,17800.0,2018,8,23,0,0,1,1,0,1,0,0,0,1,0,0,1,0,0,0,0,0,0,0,0,0,0,0,1,0,0,0,0,0,0,1,0,0,0,0,0,0,0,0,1,0,0,0,0
CUST003396,Triveni,Natarajan,20.0,Chennai,2024-08-16,14400.0,2024,8,16,0,0,0,0,0,0,1,0,1,0,0,0,0,0,0,0,0,0,0,0,0,0,0,0,1,0,0,0,0,0,0,0,0,0,0,0,0,1,0,0,0,0,0,0,0
CUST003397,Siddharth,Chaudhry,45.0,Chennai,2020-08-04,27600.0,2020,8,4,0,0,1,1,0,1,0,0,1,0,0,0,1,0,0,0,0,0,0,0,0,0,0,0,1,0,0,0,0,0,0,0,0,1,0,0,0,0,0,1,0,0,1,0,0
CUST003398,Gaurika,Lal,57.0,Warangal,2021-03-22,224600.0,2021,3,22,1,0,0,0,0,1,0,0,0,0,1,0,0,0,0,0,0,0,0,0,0,0,0,0,0,1,0,0,1,0,0,0,0,0,0,0,0,0,0,0,1,0,0,0,1
CUST003399,Yashica,Bhatti,68.0,Hyderabad,2019-08-08,16300.0,2019,8,8,0,0,1,0,0,0,0,1,1,0,0,0,1,0,0,0,0,0,0,0,0,0,0,0,0,1,0,0,0,0,0,0,0,0,1,0,0,0,0,0,0,1,0,0,0
CUST003400,Qushi,Salvi,33.0,Chennai,2019-09-08,11700.0,2019,9,8,0,0,0,0,0,0,1,0,1,0,0,0,0,0,0,0,0,0,0,0,0,0,0,0,1,0,0,0,0,0,0,0,0,0,0,0,0,1,0,0,0,0,0,0,0
CUST003401,Omisha,Setty,44.0,Coimbatore,2021-04-27,12700.0,2021,4,27,0,0,0,0,0,1,0,0,1,0,0,0,0,0,0,0,0,0,0,0,0,0,0,0,1,0,0,0,0,0,0,0,0,0,0,0,0,1,0,1,0,0,0,0,0
CUST003402,Akshay,Ben,45.0,Ahmedabad,2020-03-22,77400.0,2020,3,22,1,0,0,1,0,1,0,0,0,0,1,0,0,0,0,0,1,0,0,0,0,0,0,0,0,0,0,0,0,0,0,0,0,0,0,1,0,0,0,1,0,0,0,1,0
CUST003403,George,Sawhney,41.0,Ahmedabad,2019-08-16,67800.0,2019,8,16,1,0,0,1,0,1,0,0,1,0,1,0,0,0,0,0,1,0,0,0,0,0,0,0,0,0,0,0,0,0,0,0,0,0,0,1,0,0,0,1,0,0,0,1,0
CUST003404,Ekanta,Aggarwal,37.0,Hyderabad,2020-02-22,65300.0,2020,2,22,0,0,1,0,0,1,0,0,0,1,0,0,1,0,0,0,0,0,0,0,0,0,0,0,0,1,0,0,0,0,0,0,0,0,0,0,0,0,1,1,0,0,1,0,0
CUST003405,Sai,Iyengar,44.0,Hyderabad,2019-08-08,120200.0,2019,8,8,0,0,1,1,0,1,0,0,1,0,0,0,1,0,0,0,0,0,0,0,0,0,0,0,0,1,0,0,0,0,0,0,0,0,0,1,0,0,0,1,0,0,0,1,0
CUST003406,Michael,Murthy,38.0,Hyderabad,2026-07-11,5700.0,2026,7,11,0,0,0,1,0,0,1,0,0,1,0,0,0,0,0,0,0,0,0,0,0,0,0,0,0,1,0,0,0,0,0,0,0,0,0,0,0,1,0,1,0,0,0,0,0
CUST003407,Chakrika,Choudhry,47.0,Coimbatore,2019-07-27,214900.0,2019,7,27,0,1,0,0,0,1,0,0,0,0,0,1,0,0,0,0,0,0,0,0,0,0,0,0,1,0,0,0,0,0,0,0,0,0,0,0,1,0,0,1,0,0,0,0,1
CUST003408,Gaurangi,Krish,40.0,Chennai,2019-10-11,87400.0,2019,10,11,0,0,1,0,0,1,0,0,0,0,0,0,1,0,0,0,0,0,0,0,0,0,0,0,1,0,0,0,0,0,0,0,1,0,0,0,0,0,0,1,0,0,0,1,0
CUST003409,Dhruv,Roy,35.0,Indore,2019-01-24,22300.0,2019,1,24,0,0,1,1,0,1,0,0,0,0,0,0,1,0,0,0,0,0,0,1,0,0,0,0,0,0,0,0,0,0,0,0,0,1,0,0,0,0,0,0,0,0,0,0,0
CUST003410,Odika,Seth,65.0,Ahmedabad,2018-12-03,57900.0,2018,12,3,1,0,0,0,0,1,0,0,0,1,1,0,0,0,0,0,1,0,0,0,0,0,0,0,0,0,0,0,0,0,0,0,0,0,1,0,0,0,0,0,1,0,1,0,0
CUST003411,Waida,Deol,29.0,Patna,2020-06-16,160900.0,2020,6,16,1,0,0,0,0,1,0,0,0,0,1,0,0,1,0,0,0,0,0,0,0,0,0,0,0,0,0,0,0,0,0,0,1,0,0,0,0,0,0,0,0,0,0,0,1
CUST003412,Kalpit,Ghose,38.0,Ahmedabad,2021-02-07,105500.0,2021,2,7,0,0,1,1,0,1,0,0,1,0,0,0,1,0,0,0,1,0,0,0,0,0,0,0,0,0,0,0,0,1,0,0,0,0,0,0,0,0,0,1,0,0,0,1,0
CUST003413,Nihal,Manda,64.0,Amritsar,2019-03-04,44500.0,2019,3,4,0,0,1,1,0,1,0,0,1,0,0,0,1,0,0,0,0,0,0,0,0,0,1,0,0,0,0,0,0,0,0,0,0,0,1,0,0,0,0,0,1,0,1,0,0
CUST003414,Ira,Chad,27.0,Howrah,2020-12-25,31200.0,2020,12,25,0,0,0,0,0,0,0,0,0,0,0,0,0,0,0,0,0,0,0,0,0,0,0,0,0,0,0,1,0,0,0,0,0,0,1,0,0,0,0,0,0,0,1,0,0
CUST003415,Sarthak,Pillai,31.0,Bhubaneswar,2018-11-02,59200.0,2018,11,2,0,0,1,1,0,1,0,0,0,1,0,0,1,0,0,0,0,0,0,0,0,1,0,0,0,0,0,0,0,0,1,0,0,0,0,0,0,0,0,0,0,0,1,0,0
CUST003416,Gavin,Ramaswamy,38.0,Nagpur,2021-07-22,26300.0,2021,7,22,0,0,0,1,0,1,0,0,0,0,0,0,0,0,0,0,0,0,0,0,1,0,0,0,0,0,0,0,0,0,0,0,0,1,0,0,0,0,0,1,0,0,0,0,0
CUST003417,Saanvi,Kapur,49.0,Mumbai,2018-11-11,138400.0,2018,11,11,1,0,0,0,0,1,0,0,0,1,1,0,0,0,0,0,0,0,0,0,1,0,0,0,0,0,0,0,0,0,0,0,1,0,0,0,0,0,0,1,0,0,0,0,1
CUST003418,Aishani,Bajaj,41.0,Kolkata,2019-11-10,138700.0,2019,11,10,1,0,0,0,0,1,0,0,0,0,1,0,0,0,0,0,0,0,0,0,0,0,0,0,0,0,0,1,0,1,0,0,0,0,0,0,0,0,0,1,0,0,0,0,1
CUST003419,Ishwar,Chakraborty,21.0,Amritsar,2023-08-17,14600.0,2023,8,17,0,0,0,1,0,0,1,0,0,0,0,0,0,0,0,0,0,0,0,0,0,0,1,0,0,0,0,0,0,0,0,0,0,0,0,0,0,1,0,0,0,0,0,0,0
CUST003420,Vihaan,Issac,31.0,Hyderabad,2020-06-06,227700.0,2020,6,6,1,0,0,1,0,1,0,0,0,0,1,0,0,0,0,0,0,0,0,0,0,0,0,0,0,1,0,0,0,0,0,0,0,0,0,0,1,0,0,0,0,0,0,0,1
CUST003421,Karan,Ganguly,30.0,Delhi,2018-08-26,109000.0,2018,8,26,1,0,0,1,0,0,1,0,1,0,1,0,0,0,0,1,0,0,0,0,0,0,0,0,0,0,0,0,0,0,0,0,1,0,0,0,0,0,0,0,0,0,0,1,0
CUST003422,Chandran,Rattan,37.0,Chennai,2020-12-10,164800.0,2020,12,10,1,0,0,0,1,0,1,0,0,0,1,0,0,0,0,0,0,0,0,0,0,0,0,0,1,0,0,0,0,1,0,0,0,0,0,0,0,0,0,1,0,0,0,0,1
CUST003423,Tanish,Lad,44.0,Ahmedabad,2020-10-31,191900.0,2020,10,31,1,0,0,1,0,0,1,0,0,1,1,0,0,0,0,0,1,0,0,0,0,0,0,0,0,0,0,0,0,0,0,0,0,0,0,0,0,0,0,1,0,0,0,0,1
CUST003424,Falguni,Chakraborty,43.0,Bengaluru,2021-06-21,18500.0,2021,6,21,0,0,0,0,0,0,0,0,1,0,0,0,0,0,0,0,0,1,0,0,0,0,0,0,0,0,0,0,0,0,0,0,0,0,0,0,0,1,0,1,0,0,0,0,0
CUST003425,Raksha,Garde,18.0,Ahmedabad,2026-07-11,6500.0,2026,7,11,0,0,0,0,0,0,1,0,1,0,0,0,0,0,0,0,1,0,0,0,0,0,0,0,0,0,0,0,0,0,0,0,0,0,0,0,0,1,0,0,0,0,0,0,0
CUST003426,Daniel,Atwal,52.0,Amritsar,2020-04-04,94300.0,2020,4,4,0,0,1,1,0,1,0,0,1,0,0,0,1,0,0,0,0,0,0,0,0,0,1,0,0,0,0,0,0,0,0,0,0,0,0,0,0,0,0,0,1,0,0,1,0
CUST003427,Zansi,Saran,41.0,Patna,2019-08-08,13900.0,2019,8,8,0,0,0,0,0,1,0,0,1,0,0,0,0,1,0,0,0,0,0,0,0,0,0,0,0,0,0,0,0,0,0,0,0,0,0,0,0,1,0,1,0,0,0,0,0
CUST003428,Vasana,Talwar,56.0,Bengaluru,2019-07-25,198200.0,2019,7,25,1,0,0,0,0,1,0,0,0,1,1,0,0,0,0,0,0,1,0,0,0,0,0,0,0,0,0,0,0,0,0,0,1,0,0,0,0,0,0,0,1,0,0,0,1
CUST003429,Dhriti,Kapur,44.0,Bengaluru,2019-01-01,73100.0,2019,1,1,1,0,0,0,0,1,0,0,0,0,1,0,0,0,0,0,0,1,0,0,0,0,0,0,0,0,0,0,0,0,0,0,0,0,0,1,0,0,0,1,0,0,0,1,0
CUST003430,Harsh,Halder,52.0,Hyderabad,2019-08-19,70400.0,2019,8,19,1,0,0,1,0,0,0,0,0,1,1,0,0,0,0,0,0,0,0,0,0,0,0,0,0,1,0,0,0,0,0,0,0,0,0,0,0,0,1,0,1,0,0,1,0
CUST003431,Lila,Mani,44.0,Hyderabad,2019-12-09,195200.0,2019,12,9,1,0,0,0,0,1,0,0,0,1,1,0,0,0,0,0,0,0,0,0,0,0,0,0,0,1,0,0,0,0,0,0,1,0,0,0,0,0,0,1,0,0,0,0,1
CUST003432,Yachana,Raja,56.0,Pune,2019-06-30,65800.0,2019,6,30,0,0,1,0,0,1,0,0,0,1,0,0,1,0,0,0,0,0,0,0,1,0,0,0,0,0,0,0,0,0,0,0,0,0,1,0,0,0,0,0,1,0,1,0,0
CUST003433,Kalpit,Sankar,45.0,Jaipur,2019-05-16,23400.0,2019,5,16,0,0,1,0,1,1,0,0,1,0,0,0,1,0,0,0,0,0,0,0,0,0,0,1,0,0,0,0,0,0,0,0,0,0,0,0,0,0,0,1,0,0,0,0,0
CUST003434,Harshil,Kale,37.0,Hyderabad,2021-01-25,11500.0,2021,1,25,0,0,0,1,0,0,0,0,0,0,0,0,0,0,0,0,0,0,0,0,0,0,0,0,0,1,0,0,0,0,0,0,0,0,0,0,0,1,0,1,0,0,0,0,0
CUST003435,Megha,Gulati,38.0,Indore,2021-04-18,272200.0,2021,4,18,1,0,0,0,0,1,0,0,0,1,1,0,0,0,0,0,0,0,0,1,0,0,0,0,0,0,0,0,0,0,0,0,0,0,0,0,1,0,0,1,0,0,0,0,1
CUST003436,Shaurya,Gole,50.0,Thiruvananthapuram,2021-05-26,102200.0,2021,5,26,0,0,1,1,0,0,1,0,0,0,0,0,1,0,0,0,0,0,1,0,0,0,0,0,0,0,0,0,0,0,0,0,0,0,0,1,0,0,0,1,0,0,0,1,0
CUST003437,Samarth,Dhingra,45.0,Mumbai,2020-07-02,186600.0,2020,7,2,1,0,0,1,0,1,0,0,0,0,1,0,0,0,0,0,0,0,0,0,1,0,0,0,0,0,0,0,0,0,0,0,1,0,0,0,0,0,0,1,0,0,0,0,1
CUST003438,Akshay,Mannan,21.0,Ludhiana,2023-08-17,12400.0,2023,8,17,0,0,0,1,0,0,1,0,1,0,0,0,0,0,0,0,0,0,0,0,0,0,1,0,0,0,0,0,0,0,0,0,0,0,0,0,0,1,0,0,0,0,0,0,0
CUST003439,Lekha,Keer,21.0,Ahmedabad,2023-08-17,30500.0,2023,8,17,0,0,0,0,0,0,1,0,0,1,0,0,0,0,0,0,1,0,0,0,0,0,0,0,0,0,0,0,0,0,0,0,0,1,0,0,0,0,0,0,0,0,1,0,0
CUST003440,Umang,Kothari,42.0,Chennai,2018-10-01,505600.0,2018,10,1,0,1,0,1,0,1,0,0,0,1,0,1,0,0,0,0,0,0,0,0,0,0,0,0,1,0,0,0,0,0,0,0,0,0,0,0,0,0,0,1,0,0,0,0,1
CUST003441,Reva,Shanker,38.0,Hyderabad,2020-08-19,73300.0,2020,8,19,0,0,1,0,0,1,0,0,1,0,0,0,1,0,0,0,0,0,0,0,0,0,0,0,0,1,0,0,0,0,1,0,0,0,0,0,0,0,0,1,0,0,0,1,0
CUST003442,Frederick,Anne,30.0,Chennai,2019-05-06,13500.0,2019,5,6,0,0,1,0,1,1,0,0,1,0,0,0,1,0,0,0,0,0,0,0,0,0,0,0,1,0,0,0,0,0,0,0,0,0,0,0,0,1,0,0,0,0,0,0,0
CUST003443,Wahab,Deol,40.0,Bengaluru,2020-01-12,126800.0,2020,1,12,1,0,0,1,0,1,0,0,0,0,1,0,0,0,0,0,0,1,0,0,0,0,0,0,0,0,0,0,0,0,0,0,1,0,0,0,0,0,0,1,0,0,0,1,0
CUST003444,Ojasvi,Rao,59.0,Kolkata,2020-12-18,110400.0,2020,12,18,0,0,1,0,0,1,0,0,1,0,0,0,1,0,0,0,0,0,0,0,0,0,0,0,0,0,0,1,0,0,0,0,0,0,0,1,0,0,0,0,1,0,0,1,0
CUST003445,Hitesh,Rajagopal,47.0,Pune,2019-10-12,133000.0,2019,10,12,1,0,0,1,0,1,0,0,0,1,1,0,0,0,0,0,0,0,0,0,1,0,0,0,0,0,0,0,0,0,0,0,0,0,0,1,0,0,0,1,0,0,0,0,1
CUST003446,Siddharth,Kunda,38.0,Kolkata,2021-08-16,22800.0,2021,8,16,0,0,0,1,0,0,1,0,0,1,0,0,0,0,0,0,0,0,0,0,0,0,0,0,0,0,0,1,0,0,0,0,0,0,0,0,0,0,0,1,0,0,0,0,0
CUST003447,Bina,Chandran,37.0,Bengaluru,2021-04-02,108700.0,2021,4,2,0,0,1,0,0,1,0,0,1,0,0,0,1,0,0,0,0,1,0,0,0,0,0,0,0,0,0,0,0,0,0,0,0,0,0,1,0,0,0,1,0,0,0,1,0
CUST003448,Bhanumati,Ben,28.0,Mumbai,2020-02-07,99600.0,2020,2,7,0,0,1,0,0,0,1,0,0,0,0,0,1,0,0,0,0,0,0,0,1,0,0,0,0,0,0,0,0,1,0,0,0,0,0,0,0,0,0,0,0,0,0,1,0
CUST003449,Osha,Keer,33.0,Madurai,2021-06-21,139400.0,2021,6,21,0,0,1,0,0,0,1,0,0,0,0,0,1,0,0,0,0,0,0,0,0,0,0,0,1,0,0,0,0,0,0,0,1,0,0,0,0,0,0,0,0,0,0,0,1
CUST003450,Vrishti,Pandya,38.0,Kolkata,2020-08-29,216600.0,2020,8,29,1,0,0,0,0,1,0,0,1,0,1,0,0,0,0,0,0,0,0,0,0,0,0,0,0,0,0,1,0,0,0,0,0,0,0,0,1,0,0,1,0,0,0,0,1
CUST003451,Arin,Ahluwalia,32.0,Hyderabad,2019-10-06,457900.0,2019,10,6,0,1,0,1,0,1,0,0,0,0,0,1,0,0,0,0,0,0,0,0,0,0,0,0,0,1,0,0,0,0,0,0,0,0,0,0,0,0,0,0,0,0,0,0,1
CUST003452,Jonathan,Thaman,22.0,Mumbai,2022-08-17,12800.0,2022,8,17,0,0,0,1,0,0,1,0,1,0,0,0,0,0,0,0,0,0,0,0,1,0,0,0,0,0,0,0,0,0,0,0,0,0,0,0,0,1,0,0,0,0,0,0,0
CUST003453,Sai,Mittal,36.0,Patna,2019-06-08,10900.0,2019,6,8,0,0,0,1,0,1,0,0,1,0,0,0,0,1,0,0,0,0,0,0,0,0,0,0,0,0,0,0,0,0,0,0,0,0,0,0,0,1,0,1,0,0,0,0,0
CUST003454,Rudra,Prabhakar,31.0,Kolkata,2020-03-27,105800.0,2020,3,27,0,0,1,1,0,0,1,0,1,0,0,0,1,0,0,0,0,0,0,0,0,0,0,0,0,0,0,1,0,0,0,0,0,0,0,1,0,0,0,0,0,0,0,1,0
CUST003455,Dominic,Barman,18.0,Pune,2026-07-11,9000.0,2026,7,11,0,0,0,1,0,0,1,0,0,1,0,0,0,0,0,0,0,0,0,0,1,0,0,0,0,0,0,0,0,0,0,0,0,0,0,0,0,1,0,0,0,0,0,0,0
CUST003456,Hemal,Lad,65.0,Chennai,2020-09-19,26700.0,2020,9,19,0,0,1,0,0,1,0,0,0,1,0,0,1,0,0,0,0,0,0,0,0,0,0,0,1,0,0,0,0,0,0,0,0,0,1,0,0,0,0,0,1,0,1,0,0
CUST003457,Frado,Thakur,52.0,Chennai,2019-05-13,137400.0,2019,5,13,1,0,0,1,0,1,0,0,1,0,1,0,0,0,0,0,0,0,0,0,0,0,0,0,1,0,0,0,0,1,0,0,0,0,0,0,0,0,0,0,1,0,0,0,1
CUST003458,Yatin,Nori,33.0,Mumbai,2020-03-15,1628600.0,2020,3,15,0,1,0,1,0,1,0,0,1,0,0,1,0,0,0,0,0,0,0,0,1,0,0,0,0,0,0,0,1,0,0,0,0,0,0,0,0,0,0,0,0,0,0,0,1
CUST003459,Vinaya,Deo,38.0,Kolkata,2018-12-06,36800.0,2018,12,6,0,0,1,0,0,1,0,0,1,0,0,0,1,0,0,0,0,0,0,0,0,0,0,0,0,0,0,1,0,0,0,0,0,1,0,0,0,0,0,1,0,0,1,0,0
CUST003460,Chanchal,Nadig,23.0,Lucknow,2021-08-16,146600.0,2021,8,16,0,0,1,0,0,0,1,0,0,0,0,0,1,0,0,0,0,0,0,0,0,0,0,0,0,0,1,0,0,0,0,0,0,0,0,0,1,0,0,0,0,0,0,0,1
CUST003461,Zilmil,Sant,60.0,Vadodara,2018-12-02,45100.0,2018,12,2,1,0,0,0,0,0,0,1,0,1,1,0,0,0,0,0,1,0,0,0,0,0,0,0,0,0,0,0,0,0,0,0,0,0,1,0,0,0,0,0,1,0,1,0,0
CUST003462,Ekta,Lad,63.0,Delhi,2020-12-24,17700.0,2020,12,24,0,0,0,0,0,0,0,1,0,1,0,0,0,0,0,1,0,0,0,0,0,0,0,0,0,0,0,0,0,0,0,0,0,0,1,0,0,0,0,0,1,0,0,0,0
CUST003463,Dalbir,Munshi,40.0,Bhopal,2019-08-15,96900.0,2019,8,15,1,0,0,1,0,1,0,0,1,0,1,0,0,0,0,0,0,0,0,1,0,0,0,0,0,0,0,0,0,0,0,0,1,0,0,0,0,0,0,1,0,0,0,1,0
CUST003464,Anya,Datta,51.0,Mysuru,2019-05-30,150300.0,2019,5,30,1,0,0,0,0,0,0,0,1,0,1,0,0,0,0,0,0,1,0,0,0,0,0,0,0,0,0,0,0,0,0,0,0,0,0,0,0,0,0,0,1,0,0,0,1
CUST003465,Yahvi,Mand,40.0,Guwahati,2019-05-26,8400.0,2019,5,26,0,0,0,0,0,1,0,0,0,0,0,0,0,0,0,0,0,0,0,0,0,0,0,0,0,0,0,0,0,0,0,1,0,0,0,0,0,0,0,1,0,0,0,0,0
CUST003466,Pranit,Sani,21.0,Mumbai,2023-08-17,19600.0,2023,8,17,0,0,0,1,0,1,0,0,0,1,0,0,0,0,0,0,0,0,0,0,1,0,0,0,0,0,0,0,0,0,0,0,0,1,0,0,0,0,0,0,0,0,0,0,0
CUST003467,Lohit,Lall,33.0,Chennai,2021-08-04,6400.0,2021,8,4,0,0,0,1,0,1,0,0,0,0,0,0,0,0,0,0,0,0,0,0,0,0,0,0,1,0,0,0,0,0,0,1,0,0,0,0,0,0,0,0,0,0,0,0,0
CUST003468,Libni,Varughese,40.0,Kolkata,2020-11-03,28200.0,2020,11,3,0,0,1,0,0,0,0,1,1,0,0,0,1,0,0,0,0,0,0,0,0,0,0,0,0,0,0,1,0,0,0,0,0,1,0,0,0,0,0,1,0,0,1,0,0
CUST003469,Nirja,Sarin,32.0,New Delhi,2020-08-27,11200.0,2020,8,27,0,0,0,0,0,1,0,0,0,1,0,0,0,0,0,1,0,0,0,0,0,0,0,0,0,0,0,0,0,0,0,0,0,0,0,0,0,1,0,0,0,0,0,0,0
CUST003470,Gayathri,Mutti,35.0,Udaipur,2019-01-26,108600.0,2019,1,26,1,0,0,0,0,1,0,0,1,0,1,0,0,0,0,0,0,0,0,0,0,0,0,1,0,0,0,0,0,1,0,0,0,0,0,0,0,0,0,0,0,0,0,1,0
CUST003471,Xalak,Dora,37.0,Kolkata,2019-02-07,53100.0,2019,2,7,0,0,1,0,0,1,0,0,0,1,0,0,1,0,0,0,0,0,0,0,0,0,0,0,0,0,0,1,0,0,1,0,0,0,0,0,0,0,0,1,0,0,1,0,0
CUST003472,Urvi,Bera,37.0,Mumbai,2021-04-24,107000.0,2021,4,24,0,0,1,0,0,0,1,0,0,0,0,0,1,0,0,0,0,0,0,0,1,0,0,0,0,0,0,0,0,0,0,0,0,0,0,0,1,0,0,1,0,0,0,1,0
CUST003473,Ranbir,Dixit,39.0,Kolkata,2018-10-10,144200.0,2018,10,10,0,1,0,0,1,1,0,0,0,0,0,1,0,0,0,0,0,0,0,0,0,0,0,0,0,0,0,1,1,0,0,0,0,0,0,0,0,0,0,1,0,0,0,0,1
CUST003474,Avni,Karpe,24.0,Chennai,2021-01-28,4900.0,2021,1,28,0,0,0,0,0,1,0,0,0,0,0,0,0,0,0,0,0,0,0,0,0,0,0,0,1,0,0,0,0,0,0,1,0,0,0,0,0,0,0,0,0,0,0,0,0
CUST003475,Gavin,Banik,29.0,Delhi,2020-05-19,40600.0,2020,5,19,0,0,1,1,0,0,1,0,0,1,0,0,1,0,0,1,0,0,0,0,0,0,0,0,0,0,0,0,0,0,1,0,0,0,0,0,0,0,0,0,0,0,1,0,0
CUST003476,Vrinda,Lad,21.0,Ludhiana,2023-08-17,7600.0,2023,8,17,0,0,0,0,0,0,1,0,0,0,0,0,0,0,0,0,0,0,0,0,0,0,1,0,0,0,0,0,0,0,0,0,0,0,0,0,0,1,0,0,0,0,0,0,0
CUST003477,Finn,Sibal,51.0,Patna,2019-01-17,185500.0,2019,1,17,0,1,0,1,0,1,0,0,0,1,0,1,0,1,0,0,0,0,0,0,0,0,0,0,0,0,0,0,0,0,0,0,1,0,0,0,0,0,0,0,1,0,0,0,1
CUST003478,Urmi,D’Alia,18.0,Bengaluru,2026-07-11,10900.0,2026,7,11,0,0,0,0,0,0,1,0,1,0,0,0,0,0,0,0,0,1,0,0,0,0,0,0,0,0,0,0,0,0,0,0,0,0,0,0,0,1,0,0,0,0,0,0,0
CUST003479,Yachana,Baria,53.0,Madurai,2020-07-25,202800.0,2020,7,25,1,0,0,0,0,0,0,0,1,0,1,0,0,0,0,0,0,0,0,0,0,0,0,0,1,0,0,0,0,1,0,0,0,0,0,0,0,0,0,0,1,0,0,0,1
CUST003480,Vaishnavi,Parikh,56.0,Bengaluru,2019-07-31,214100.0,2019,7,31,0,1,0,0,0,0,0,0,0,1,0,1,0,0,0,0,0,1,0,0,0,0,0,0,0,0,0,0,0,0,0,0,1,0,0,0,0,0,0,0,1,0,0,0,1
CUST003481,Watika,Shankar,34.0,Udaipur,2021-01-26,167600.0,2021,1,26,1,0,0,0,0,1,0,0,0,0,1,0,0,0,0,0,0,0,0,0,0,0,0,1,0,0,0,0,0,0,0,0,1,0,0,0,0,0,0,0,0,0,0,0,1
CUST003482,Yatin,Chowdhury,18.0,Thiruvananthapuram,2026-07-11,9100.0,2026,7,11,0,0,0,1,0,0,1,0,1,0,0,0,0,0,0,0,0,0,1,0,0,0,0,0,0,0,0,0,0,0,0,0,0,0,0,0,0,1,0,0,0,0,0,0,0
CUST003483,Ethan,Dasgupta,33.0,Hyderabad,2020-06-29,15400.0,2020,6,29,0,0,1,1,0,1,0,0,0,0,0,0,1,0,0,0,0,0,0,0,0,0,0,0,0,1,0,0,0,0,0,0,0,0,0,0,0,1,0,0,0,0,0,0,0
CUST003484,Owen,Chander,37.0,Lucknow,2020-11-29,65800.0,2020,11,29,1,0,0,1,0,1,0,0,0,1,1,0,0,0,0,0,0,0,0,0,0,0,0,0,0,0,1,0,0,0,0,0,1,0,0,0,0,0,0,1,0,0,1,0,0
CUST003485,Ishani,Mander,25.0,Chennai,2019-08-17,31300.0,2019,8,17,0,0,1,0,0,1,0,0,0,0,0,0,1,0,0,0,0,0,0,0,0,0,0,0,1,0,0,0,0,0,0,0,0,0,0,0,0,0,1,0,0,0,1,0,0
CUST003486,Hemangini,Ganguly,31.0,Hyderabad,2019-08-03,8700.0,2019,8,3,0,0,0,0,0,0,1,0,0,1,0,0,0,0,0,0,0,0,0,0,0,0,0,0,0,1,0,0,0,0,0,0,0,0,0,0,0,1,0,0,0,0,0,0,0
CUST003487,Yashoda,Mahajan,58.0,Thiruvananthapuram,2020-10-14,64200.0,2020,10,14,0,0,1,0,0,1,0,0,0,1,0,0,1,0,0,0,0,0,1,0,0,0,0,0,0,0,0,0,0,0,1,0,0,0,0,0,0,0,0,0,1,0,1,0,0
CUST003488,Hitesh,Agrawal,47.0,Chennai,2020-11-24,69200.0,2020,11,24,0,0,1,1,0,1,0,0,0,0,0,0,1,0,0,0,0,0,0,0,0,0,0,0,1,0,0,0,0,0,0,0,0,0,0,0,0,0,0,1,0,0,0,1,0
CUST003489,Zansi,Gole,26.0,Chennai,2021-07-28,119400.0,2021,7,28,1,0,0,0,0,1,0,0,1,0,1,0,0,0,0,0,0,0,0,0,0,0,0,0,1,0,0,0,0,0,0,0,1,0,0,0,0,0,0,0,0,0,0,1,0
CUST003490,Turvi,Bose,18.0,Ahmedabad,2026-07-11,10200.0,2026,7,11,0,0,0,0,0,0,1,0,0,0,0,0,0,0,0,0,1,0,0,0,0,0,0,0,0,0,0,0,0,0,0,0,0,0,0,0,0,1,0,0,0,0,0,0,0
CUST003491,Jatin,Tara,34.0,New Delhi,2020-01-17,109300.0,2020,1,17,1,0,0,1,0,1,0,0,0,1,1,0,0,0,0,1,0,0,0,0,0,0,0,0,0,0,0,0,0,0,0,0,1,0,0,0,0,0,0,0,0,0,0,1,0
CUST003492,Charvi,Narasimhan,35.0,Bengaluru,2020-10-16,275000.0,2020,10,16,1,0,0,0,0,0,1,0,0,0,1,0,0,0,0,0,0,1,0,0,0,0,0,0,0,0,0,0,0,0,0,0,0,0,0,0,0,0,0,0,0,0,0,0,1
CUST003493,Amara,Mane,44.0,Thiruvananthapuram,2019-07-11,183400.0,2019,7,11,1,0,0,0,0,0,0,1,1,0,1,0,0,0,0,0,0,0,1,0,0,0,0,0,0,0,0,0,0,1,0,0,0,0,0,0,0,0,0,1,0,0,0,0,1
CUST003494,Divya,Ramesh,31.0,Ahmedabad,2020-05-22,100100.0,2020,5,22,0,0,1,0,0,1,0,0,1,0,0,0,1,0,0,0,1,0,0,0,0,0,0,0,0,0,0,0,0,0,0,0,0,0,0,0,1,0,0,0,0,0,0,1,0
CUST003495,Rachit,Cherian,45.0,Kanpur,2020-09-04,187800.0,2020,9,4,1,0,0,1,0,0,1,0,0,1,1,0,0,0,0,0,0,0,0,0,0,0,0,0,0,0,1,0,0,0,0,0,1,0,0,0,0,0,0,1,0,0,0,0,1
CUST003496,Ojasvi,Dube,63.0,Bengaluru,2018-10-22,47400.0,2018,10,22,0,0,1,0,0,1,0,0,0,1,0,0,1,0,0,0,0,1,0,0,0,0,0,0,0,0,0,0,0,0,0,0,0,0,1,0,0,0,0,0,1,0,1,0,0
CUST003497,Akshay,Bumb,49.0,Madurai,2020-11-01,225100.0,2020,11,1,1,0,0,1,0,1,0,0,0,0,1,0,0,0,0,0,0,0,0,0,0,0,0,0,1,0,0,0,0,0,0,0,0,0,0,0,1,0,0,1,0,0,0,0,1
CUST003498,Triveni,Srinivasan,37.0,Amritsar,2020-06-06,148600.0,2020,6,6,0,0,1,0,1,1,0,0,0,0,0,0,1,0,0,0,0,0,0,0,0,0,1,0,0,0,0,0,0,0,0,0,1,0,0,0,0,0,0,1,0,0,0,0,1
CUST003499,Utkarsh,Luthra,36.0,Bengaluru,2020-06-23,334400.0,2020,6,23,1,0,0,1,0,1,0,0,0,0,1,0,0,0,0,0,0,1,0,0,0,0,0,0,0,0,0,0,0,0,0,0,0,0,0,0,0,0,0,1,0,0,0,0,1
CUST003500,Aarnav,Narayan,33.0,Nagpur,2020-11-25,117600.0,2020,11,25,0,0,1,1,0,0,1,0,0,0,0,0,1,0,0,0,0,0,0,0,1,0,0,0,0,0,0,0,0,0,0,0,1,0,0,0,0,0,0,0,0,0,0,1,0
CUST003501,Anya,Sethi,53.0,Chennai,2020-12-21,243200.0,2020,12,21,1,0,0,0,0,1,0,0,0,0,1,0,0,0,0,0,0,0,0,0,0,0,0,0,1,0,0,0,0,0,0,0,1,0,0,0,0,0,0,0,1,0,0,0,1
CUST003502,Nicholas,Dayal,30.0,Hyderabad,2020-09-19,146900.0,2020,9,19,1,0,0,1,0,1,0,0,0,0,1,0,0,0,0,0,0,0,0,0,0,0,0,0,0,1,0,0,0,0,0,0,0,0,0,0,1,0,0,0,0,0,0,0,1
CUST003503,Jagvi,Bava,39.0,Nagpur,2019-01-12,33200.0,2019,1,12,0,0,1,0,0,1,0,0,0,1,0,0,1,0,0,0,0,0,0,0,1,0,0,0,0,0,0,0,0,0,0,0,0,1,0,0,0,0,0,1,0,0,1,0,0
CUST003504,Megha,Naidu,38.0,Indore,2019-04-29,58800.0,2019,4,29,0,0,1,0,0,1,0,0,0,0,0,0,1,0,0,0,0,0,0,1,0,0,0,0,0,0,0,0,0,0,0,0,0,0,0,0,0,0,1,1,0,0,1,0,0
CUST003505,Baghyawati,Bobal,31.0,Ludhiana,2019-08-01,72600.0,2019,8,1,0,0,1,0,0,0,1,0,1,0,0,0,1,0,0,0,0,0,0,0,0,0,1,0,0,0,0,0,0,0,1,0,0,0,0,0,0,0,0,0,0,0,0,1,0
CUST003506,Lakshmi,Chanda,20.0,Kolkata,2024-08-16,8800.0,2024,8,16,0,0,0,0,1,0,1,0,0,1,0,0,0,0,0,0,0,0,0,0,0,0,0,0,0,0,0,1,0,0,0,0,0,0,0,0,0,1,0,0,0,0,0,0,0
CUST003507,Ryan,Kumer,42.0,Udaipur,2020-02-07,90600.0,2020,2,7,1,0,0,1,0,0,0,0,0,0,1,0,0,0,0,0,0,0,0,0,0,0,0,1,0,0,0,0,0,0,1,0,0,0,0,0,0,0,0,1,0,0,0,1,0
CUST003508,Hemal,Khatri,37.0,Chandigarh,2020-10-28,82300.0,2020,10,28,0,0,1,0,0,1,0,0,0,0,0,0,1,0,1,0,0,0,0,0,0,0,0,0,0,0,0,0,0,1,0,0,0,0,0,0,0,0,0,1,0,0,0,1,0
CUST003509,Ryan,Chakraborty,45.0,Ahmedabad,2021-05-27,137000.0,2021,5,27,0,0,1,1,0,0,1,0,1,0,0,0,1,0,0,0,1,0,0,0,0,0,0,0,0,0,0,0,0,0,0,0,0,0,0,0,1,0,0,1,0,0,0,0,1
CUST003510,Advaith,Joshi,31.0,Mumbai,2020-08-19,141600.0,2020,8,19,1,0,0,1,0,1,0,0,0,1,1,0,0,0,0,0,0,0,0,0,1,0,0,0,0,0,0,0,0,0,0,0,0,0,0,0,1,0,0,0,0,0,0,0,1
CUST003511,Gautami,Rama,54.0,Nagpur,2020-02-20,80200.0,2020,2,20,0,0,1,0,0,0,0,0,0,1,0,0,1,0,0,0,0,0,0,0,1,0,0,0,0,0,0,0,0,0,0,0,0,0,0,0,0,0,1,0,1,0,0,1,0
CUST003512,Saksham,Mane,27.0,Mumbai,2021-06-14,17100.0,2021,6,14,0,0,0,1,0,0,1,0,0,0,0,0,0,0,0,0,0,0,0,0,1,0,0,0,0,0,0,0,0,0,0,0,0,0,1,0,0,0,0,0,0,0,0,0,0
CUST003513,Ganga,Dara,60.0,Mumbai,2021-05-12,429100.0,2021,5,12,1,0,0,0,0,0,1,0,1,0,1,0,0,0,0,0,0,0,0,0,1,0,0,0,0,0,0,0,0,0,0,0,0,0,0,0,0,0,0,0,1,0,0,0,1
CUST003514,Neha,Swaminathan,18.0,Bengaluru,2026-07-11,7000.0,2026,7,11,0,0,0,0,0,0,1,0,1,0,0,0,0,0,0,0,0,1,0,0,0,0,0,0,0,0,0,0,0,0,0,0,0,0,0,0,0,1,0,0,0,0,0,0,0
CUST003515,Upma,Mukherjee,44.0,Hyderabad,2020-07-10,232300.0,2020,7,10,1,0,0,0,0,0,0,0,0,0,1,0,0,0,0,0,0,0,0,0,0,0,0,0,0,1,0,0,0,0,0,0,0,0,0,0,1,0,0,1,0,0,0,0,1
CUST003516,Ekaja,Parmer,44.0,Delhi,2020-06-11,134700.0,2020,6,11,1,0,0,0,0,1,0,0,1,0,1,0,0,0,0,1,0,0,0,0,0,0,0,0,0,0,0,0,0,0,0,0,0,0,0,0,0,0,0,1,0,0,0,0,1
CUST003517,Chanakya,Pillai,28.0,Mumbai,2021-04-09,333200.0,2021,4,9,1,0,0,1,0,1,0,0,1,0,1,0,0,0,0,0,0,0,0,0,1,0,0,0,0,0,0,0,0,0,0,0,0,0,0,0,0,0,0,0,0,0,0,0,1
CUST003518,Yashvi,Iyengar,44.0,Coimbatore,2020-12-12,34300.0,2020,12,12,0,0,1,0,0,1,0,0,0,1,0,0,1,0,0,0,0,0,0,0,0,0,0,0,1,0,0,0,0,0,0,0,0,1,0,0,0,0,0,1,0,0,1,0,0
CUST003519,Wishi,Sehgal,55.0,Bengaluru,2020-11-03,185500.0,2020,11,3,1,0,0,0,0,1,0,0,0,1,1,0,0,0,0,0,0,1,0,0,0,0,0,0,0,0,0,0,0,0,0,0,1,0,0,0,0,0,0,0,1,0,0,0,1
CUST003520,Rishi,Soni,18.0,Jodhpur,2026-07-11,63500.0,2026,7,11,0,0,1,1,0,0,1,0,0,1,0,0,1,0,0,0,0,0,0,0,0,0,0,1,0,0,0,0,0,0,0,0,0,0,0,1,0,0,0,0,0,0,1,0,0
CUST003521,Krish,Sampath,45.0,Mumbai,2020-08-24,193200.0,2020,8,24,1,0,0,1,0,1,0,0,1,0,1,0,0,0,0,0,0,0,0,0,1,0,0,0,0,0,0,0,0,0,0,0,1,0,0,0,0,0,0,1,0,0,0,0,1
CUST003522,Chandani,Sami,18.0,Varanasi,2026-07-11,24000.0,2026,7,11,0,0,0,0,0,0,1,0,0,0,0,0,0,0,0,0,0,0,0,0,0,0,0,0,0,0,1,0,0,0,0,0,0,1,0,0,0,0,0,0,0,0,0,0,0
CUST003523,Qarin,Grewal,25.0,Bhubaneswar,2019-08-17,112700.0,2019,8,17,1,0,0,1,0,1,0,0,1,0,1,0,0,0,0,0,0,0,0,0,0,1,0,0,0,0,0,0,0,1,0,0,0,0,0,0,0,0,0,0,0,0,0,1,0
CUST003524,Teerth,Sandhu,59.0,Ahmedabad,2020-06-19,139200.0,2020,6,19,1,0,0,1,0,1,0,0,1,0,1,0,0,0,0,0,1,0,0,0,0,0,0,0,0,0,0,0,0,0,0,0,0,0,0,0,1,0,0,0,1,0,0,0,1
CUST003525,Charita,Baria,30.0,Surat,2020-08-23,55300.0,2020,8,23,0,0,1,0,0,0,1,0,1,0,0,0,1,0,0,0,1,0,0,0,0,0,0,0,0,0,0,0,0,0,1,0,0,0,0,0,0,0,0,0,0,0,1,0,0
CUST003526,Yashvi,Om,23.0,Thiruvananthapuram,2021-08-16,93000.0,2021,8,16,0,0,1,0,0,0,1,0,0,0,0,0,1,0,0,0,0,0,1,0,0,0,0,0,0,0,0,0,0,1,0,0,0,0,0,0,0,0,0,0,0,0,0,1,0
CUST003527,Vedika,Kapur,35.0,Delhi,2020-12-11,25300.0,2020,12,11,0,0,0,1,0,1,0,0,1,0,0,0,0,0,0,1,0,0,0,0,0,0,0,0,0,0,0,0,0,0,0,0,0,1,0,0,0,0,0,0,0,0,0,0,0
CUST003528,Garima,Tandon,65.0,Ludhiana,2020-12-04,418800.0,2020,12,4,1,0,0,0,0,0,0,0,1,0,1,0,0,0,0,0,0,0,0,0,0,0,1,0,0,0,0,0,0,0,0,0,0,0,0,0,0,0,0,0,1,0,0,0,1
CUST003529,Zansi,Vohra,18.0,Udaipur,2026-07-11,25100.0,2026,7,11,0,0,0,0,0,0,1,0,1,0,0,0,0,0,0,0,0,0,0,0,0,0,0,1,0,0,0,0,0,0,0,0,0,1,0,0,0,0,0,0,0,0,0,0,0
CUST003530,Benjamin,Mannan,24.0,Surat,2020-08-16,16800.0,2020,8,16,0,0,0,1,0,0,1,0,0,0,0,0,0,0,0,0,1,0,0,0,0,0,0,0,0,0,0,0,0,0,0,0,0,0,0,0,0,1,0,0,0,0,0,0,0
CUST003531,Vivaan,Sarkar,57.0,Hyderabad,2021-07-31,333600.0,2021,7,31,1,0,0,1,0,1,0,0,1,0,1,0,0,0,0,0,0,0,0,0,0,0,0,0,0,1,0,0,1,0,0,0,0,0,0,0,0,0,0,0,1,0,0,0,1
CUST003532,Balveer,Sridhar,62.0,Madurai,2019-10-10,14500.0,2019,10,10,0,0,0,1,0,0,0,1,1,0,0,0,0,0,0,0,0,0,0,0,0,0,0,0,1,0,0,0,0,0,0,0,0,0,1,0,0,0,0,0,1,0,0,0,0
CUST003533,Netra,Dixit,37.0,Ahmedabad,2020-11-09,31600.0,2020,11,9,0,0,1,0,0,0,1,0,0,0,0,0,1,0,0,0,1,0,0,0,0,0,0,0,0,0,0,0,0,0,0,0,0,1,0,0,0,0,0,1,0,0,1,0,0
CUST003534,Devansh,Mital,22.0,Kolkata,2022-08-17,10800.0,2022,8,17,0,0,0,1,0,1,0,0,0,0,0,0,0,0,0,0,0,0,0,0,0,0,0,0,0,0,0,1,0,0,0,0,0,0,0,0,0,1,0,0,0,0,0,0,0
CUST003535,Jeet,Virk,65.0,Ahmedabad,2019-07-05,15100.0,2019,7,5,0,0,1,1,0,0,0,0,0,1,0,0,1,0,0,0,1,0,0,0,0,0,0,0,0,0,0,0,0,0,0,0,0,0,1,0,0,0,0,0,1,0,0,0,0
CUST003536,Unni,Merchant,59.0,Pune,2021-03-25,130600.0,2021,3,25,1,0,0,0,0,1,0,0,1,0,1,0,0,0,0,0,0,0,0,0,1,0,0,0,0,0,0,0,0,0,0,0,1,0,0,0,0,0,0,0,1,0,0,1,0
CUST003537,Arjun,Bose,47.0,Hyderabad,2020-04-17,54300.0,2020,4,17,0,0,1,1,0,0,1,0,0,1,0,0,1,0,0,0,0,0,0,0,0,0,0,0,0,1,0,0,0,0,0,0,0,0,0,0,0,0,1,1,0,0,1,0,0
CUST003538,Arin,Varghese,27.0,Warangal,2019-09-24,438800.0,2019,9,24,0,1,0,1,0,1,0,0,1,0,0,1,0,0,0,0,0,0,0,0,0,0,0,0,0,1,0,0,0,0,0,0,0,0,0,0,0,0,0,0,0,0,0,0,1
CUST003539,Darika,Uppal,37.0,New Delhi,2019-12-18,153400.0,2019,12,18,1,0,0,0,0,0,1,0,0,1,1,0,0,0,0,1,0,0,0,0,0,0,0,0,0,0,0,0,0,0,0,0,0,0,0,0,1,0,0,1,0,0,0,0,1
CUST003540,Simon,Sachar,36.0,Delhi,2018-09-10,120000.0,2018,9,10,1,0,0,1,0,1,0,0,0,0,1,0,0,0,0,1,0,0,0,0,0,0,0,0,0,0,0,0,0,1,0,0,0,0,0,0,0,0,0,1,0,0,0,1,0
CUST003541,Champak,Shetty,42.0,Pune,2019-04-08,14300.0,2019,4,8,0,0,1,1,0,0,0,1,1,0,0,0,1,0,0,0,0,0,0,0,1,0,0,0,0,0,0,0,0,0,0,0,0,0,0,0,0,1,0,1,0,0,0,0,0
CUST003542,Jonathan,Pant,57.0,Hyderabad,2019-04-21,78400.0,2019,4,21,0,0,1,1,0,1,0,0,0,1,0,0,1,0,0,0,0,0,0,0,0,0,0,0,0,1,0,0,0,0,0,0,0,0,0,1,0,0,0,0,1,0,0,1,0
CUST003543,Lakshmi,Bumb,49.0,Chennai,2020-07-23,223700.0,2020,7,23,1,0,0,0,0,1,0,0,1,0,1,0,0,0,0,0,0,0,0,0,0,0,0,0,1,0,0,0,1,0,0,0,0,0,0,0,0,0,0,1,0,0,0,0,1
CUST003544,Yashasvi,Babu,24.0,Mumbai,2021-08-07,15600.0,2021,8,7,0,0,0,0,0,0,1,0,0,0,0,0,0,0,0,0,0,0,0,0,1,0,0,0,0,0,0,0,0,0,0,0,0,0,0,0,0,1,0,0,0,0,0,0,0
CUST003545,Dakshesh,Shere,56.0,Guwahati,2019-06-04,145200.0,2019,6,4,1,0,0,1,0,1,0,0,0,1,1,0,0,0,0,0,0,0,0,0,0,0,0,0,0,0,0,0,0,0,0,0,0,0,0,0,1,0,0,0,1,0,0,0,1
CUST003546,Hemal,Gopal,42.0,Jaipur,2018-08-17,26900.0,2018,8,17,0,0,1,0,0,1,0,0,0,1,0,0,1,0,0,0,0,0,0,0,0,0,0,1,0,0,0,0,0,0,0,0,0,1,0,0,0,0,0,1,0,0,1,0,0
CUST003547,Ronith,Bath,47.0,Surat,2020-05-29,114200.0,2020,5,29,0,0,1,1,0,1,0,0,0,0,0,0,1,0,0,0,1,0,0,0,0,0,0,0,0,0,0,0,0,1,0,0,0,0,0,0,0,0,0,1,0,0,0,1,0
CUST003548,Chakrika,Saha,57.0,Delhi,2018-09-01,122500.0,2018,9,1,1,0,0,0,0,1,0,0,0,1,1,0,0,0,0,1,0,0,0,0,0,0,0,0,0,0,0,0,0,0,0,0,1,0,0,0,0,0,0,0,1,0,0,1,0
CUST003549,Manthan,Murthy,24.0,Kolkata,2021-03-14,134600.0,2021,3,14,0,0,1,1,0,0,1,0,1,0,0,0,1,0,0,0,0,0,0,0,0,0,0,0,0,0,0,1,0,0,0,0,1,0,0,0,0,0,0,0,0,0,0,0,1
CUST003550,Vasana,Sengupta,38.0,Coimbatore,2020-09-25,83100.0,2020,9,25,0,0,1,0,0,0,1,0,0,0,0,0,1,0,0,0,0,0,0,0,0,0,0,0,1,0,0,0,0,0,0,0,0,0,0,1,0,0,0,1,0,0,0,1,0
CUST003551,Libni,Om,31.0,Amritsar,2021-02-10,78300.0,2021,2,10,0,0,1,0,0,0,1,0,0,1,0,0,1,0,0,0,0,0,0,0,0,0,1,0,0,0,0,0,0,0,0,0,1,0,0,0,0,0,0,0,0,0,0,1,0
CUST003552,Idika,Kakar,18.0,Vadodara,2026-07-11,4700.0,2026,7,11,0,0,0,0,0,0,1,0,0,0,0,0,0,0,0,0,1,0,0,0,0,0,0,0,0,0,0,0,0,0,0,0,0,0,0,0,0,1,0,0,0,0,0,0,0
CUST003553,George,Brar,38.0,Kolkata,2019-03-27,13600.0,2019,3,27,0,0,1,1,0,0,0,1,1,0,0,0,1,0,0,0,0,0,0,0,0,0,0,0,0,0,0,1,0,0,0,1,0,0,0,0,0,0,0,1,0,0,0,0,0
CUST003554,Kai,Cherian,71.0,Chandigarh,2020-08-08,26700.0,2020,8,8,0,0,0,1,0,1,0,0,0,1,0,0,0,0,1,0,0,0,0,0,0,0,0,0,0,0,0,0,0,0,0,1,0,0,0,0,0,0,0,0,0,1,1,0,0
CUST003555,Urishilla,Warrior,38.0,Nagpur,2026-07-11,28400.0,2026,7,11,0,0,0,0,0,0,1,0,0,0,0,0,0,0,0,0,0,0,0,0,1,0,0,0,0,0,0,0,0,0,0,0,0,1,0,0,0,0,0,1,0,0,1,0,0
CUST003556,Aditya,Ahluwalia,38.0,Mumbai,2019-12-28,123900.0,2019,12,28,1,0,0,1,0,1,0,0,0,1,1,0,0,0,0,0,0,0,0,0,1,0,0,0,0,0,0,0,0,0,0,0,1,0,0,0,0,0,0,1,0,0,0,1,0
CUST003557,Siya,Dada,46.0,Ahmedabad,2020-03-24,14200.0,2020,3,24,0,0,0,0,0,1,0,0,0,0,0,0,0,0,0,0,1,0,0,0,0,0,0,0,0,0,0,0,0,0,0,0,0,0,0,0,0,1,0,1,0,0,0,0,0
CUST003558,Abha,Garg,40.0,Pune,2019-04-07,135000.0,2019,4,7,1,0,0,0,0,1,0,0,0,0,1,0,0,0,0,0,0,0,0,0,1,0,0,0,0,0,0,0,0,0,0,0,0,0,0,0,1,0,0,1,0,0,0,0,1
CUST003559,Waida,Sharma,37.0,Pune,2021-04-27,10400.0,2021,4,27,0,0,0,0,0,0,1,0,1,0,0,0,0,0,0,0,0,0,0,0,1,0,0,0,0,0,0,0,0,0,0,0,0,0,0,0,0,1,0,1,0,0,0,0,0
CUST003560,Samaksh,Sur,21.0,Vadodara,2023-08-17,10200.0,2023,8,17,0,0,0,1,0,0,1,0,0,0,0,0,0,0,0,0,1,0,0,0,0,0,0,0,0,0,0,0,0,0,0,0,0,0,0,0,0,1,0,0,0,0,0,0,0
CUST003561,Nidra,Patel,41.0,Bengaluru,2020-11-23,132800.0,2020,11,23,1,0,0,0,0,1,0,0,0,0,1,0,0,0,0,0,0,1,0,0,0,0,0,0,0,0,0,0,0,1,0,0,0,0,0,0,0,0,0,1,0,0,0,1,0
CUST003562,Siya,Mittal,28.0,Kolkata,2020-10-13,28300.0,2020,10,13,0,0,1,0,0,1,0,0,1,0,0,0,1,0,0,0,0,0,0,0,0,0,0,0,0,0,0,1,0,0,0,0,0,0,0,0,0,0,0,0,0,0,1,0,0
CUST003563,Chameli,Dass,18.0,Kochi,2026-07-11,10400.0,2026,7,11,0,0,0,0,0,0,1,0,0,0,0,0,0,0,0,0,0,0,1,0,0,0,0,0,0,0,0,0,0,0,0,0,0,0,0,0,0,1,0,0,0,0,0,0,0
CUST003564,Ekansh,Atwal,54.0,Bengaluru,2018-12-02,135900.0,2018,12,2,1,0,0,1,0,0,1,0,1,0,1,0,0,0,0,0,0,1,0,0,0,0,0,0,0,0,0,0,0,0,0,0,1,0,0,0,0,0,0,0,1,0,0,0,1
CUST003565,Girish,Choudhury,50.0,Delhi,2019-11-21,32200.0,2019,11,21,0,0,1,1,0,1,0,0,0,1,0,0,1,0,0,1,0,0,0,0,0,0,0,0,0,0,0,0,0,0,0,0,0,1,0,0,0,0,0,1,0,0,1,0,0
CUST003566,Abhiram,Guha,39.0,Pune,2019-09-05,29900.0,2019,9,5,0,0,1,1,0,1,0,0,1,0,0,0,1,0,0,0,0,0,0,0,1,0,0,0,0,0,0,0,0,0,0,0,0,1,0,0,0,0,0,1,0,0,1,0,0
CUST003567,Agastya,Kadakia,41.0,Pune,2019-04-18,21200.0,2019,4,18,0,0,1,1,0,0,1,0,0,1,0,0,1,0,0,0,0,0,0,0,1,0,0,0,0,0,0,0,0,0,0,0,0,0,0,0,0,1,0,1,0,0,0,0,0
CUST003568,Warda,Dhillon,52.0,Mumbai,2020-11-05,31900.0,2020,11,5,0,0,1,0,0,1,0,0,0,1,0,0,1,0,0,0,0,0,0,0,1,0,0,0,0,0,0,0,0,0,0,0,0,1,0,0,0,0,0,0,1,0,1,0,0
CUST003569,Kavya,Sarin,41.0,Pune,2019-02-22,242600.0,2019,2,22,0,1,0,0,0,0,0,0,0,0,0,1,0,0,0,0,0,0,0,0,1,0,0,0,0,0,0,0,0,0,0,0,0,0,0,0,0,0,0,1,0,0,0,0,1
CUST003570,Girish,Chadha,50.0,Warangal,2020-05-15,90600.0,2020,5,15,0,0,1,1,0,1,0,0,0,0,0,0,1,0,0,0,0,0,0,0,0,0,0,0,0,1,0,0,0,0,0,0,0,0,0,0,1,0,0,1,0,0,0,1,0
CUST003571,Nidhi,Sheth,34.0,Bengaluru,2021-02-05,117600.0,2021,2,5,0,0,1,0,0,0,0,1,0,0,0,0,1,0,0,0,0,1,0,0,0,0,0,0,0,0,0,0,0,0,0,0,1,0,0,0,0,0,0,0,0,0,0,1,0
CUST003572,Ethan,Som,55.0,Ahmedabad,2020-07-29,158000.0,2020,7,29,1,0,0,1,0,1,0,0,1,0,1,0,0,0,0,0,1,0,0,0,0,0,0,0,0,0,0,0,0,0,0,0,1,0,0,0,0,0,0,0,1,0,0,0,1
CUST003573,Siddharth,Bains,42.0,Bhopal,2020-11-20,19700.0,2020,11,20,0,0,0,1,0,1,0,0,1,0,0,0,0,0,0,0,0,0,0,1,0,0,0,0,0,0,0,0,0,0,0,0,0,0,0,0,0,1,0,1,0,0,0,0,0
CUST003574,Dalbir,Ganesan,41.0,Jodhpur,2020-12-09,17000.0,2020,12,9,0,0,0,1,0,1,0,0,0,0,0,0,0,0,0,0,0,0,0,0,0,0,0,1,0,0,0,0,0,0,0,0,0,0,0,0,0,1,0,1,0,0,0,0,0
CUST003575,Faraj,Saxena,21.0,Coimbatore,2023-08-17,12300.0,2023,8,17,0,0,0,1,0,0,1,0,0,0,0,0,0,0,0,0,0,0,0,0,0,0,0,0,1,0,0,0,0,0,0,0,0,0,0,0,0,1,0,0,0,0,0,0,0
CUST003576,Watika,Sinha,42.0,Pune,2021-01-30,65800.0,2021,1,30,0,0,1,0,0,1,0,0,1,0,0,0,1,0,0,0,0,0,0,0,1,0,0,0,0,0,0,0,0,1,0,0,0,0,0,0,0,0,0,1,0,0,1,0,0
CUST003577,Advaith,Sengupta,38.0,Ahmedabad,2019-08-16,99300.0,2019,8,16,1,0,0,1,0,0,1,0,1,0,1,0,0,0,0,0,1,0,0,0,0,0,0,0,0,0,0,0,0,0,0,0,0,0,0,0,0,0,0,1,0,0,0,1,0
CUST003578,Keya,Jaggi,30.0,Hyderabad,2019-11-20,114600.0,2019,11,20,0,0,1,0,0,0,1,0,0,1,0,0,1,0,0,0,0,0,0,0,0,0,0,0,0,1,0,0,0,1,0,0,0,0,0,0,0,0,0,0,0,0,0,1,0
CUST003579,Manan,Ramanathan,27.0,Pune,2019-09-06,118000.0,2019,9,6,1,0,0,1,0,1,0,0,0,0,1,0,0,0,0,0,0,0,0,0,1,0,0,0,0,0,0,0,0,0,0,0,1,0,0,0,0,0,0,0,0,0,0,1,0
CUST003580,Ati,Nath,24.0,Varanasi,2020-08-16,24800.0,2020,8,16,0,0,1,0,0,0,1,0,0,0,0,0,1,0,0,0,0,0,0,0,0,0,0,0,0,0,1,0,0,0,0,0,0,1,0,0,0,0,0,0,0,0,0,0,0
CUST003581,Aayush,Chauhan,66.0,Bengaluru,2019-04-26,154900.0,2019,4,26,1,0,0,1,0,1,0,0,1,0,1,0,0,0,0,0,0,1,0,0,0,0,0,0,0,0,0,0,0,0,0,0,0,0,0,0,1,0,0,0,0,1,0,0,1
CUST003582,Tarak,Sagar,55.0,Delhi,2021-03-27,49500.0,2021,3,27,0,0,1,1,0,0,0,0,1,0,0,0,1,0,0,1,0,0,0,0,0,0,0,0,0,0,0,0,0,0,0,0,0,0,0,0,0,0,1,0,1,0,1,0,0
CUST003583,Yug,Mannan,63.0,Bhopal,2019-11-29,506000.0,2019,11,29,1,0,0,1,0,0,0,0,0,1,1,0,0,0,0,0,0,0,0,1,0,0,0,0,0,0,0,0,0,0,0,0,0,0,0,0,0,0,0,0,1,0,0,0,1
CUST003584,Andrew,Sura,22.0,Patna,2022-08-17,5900.0,2022,8,17,0,0,0,1,0,0,1,0,1,0,0,0,0,1,0,0,0,0,0,0,0,0,0,0,0,0,0,0,0,0,0,0,0,0,0,0,0,1,0,0,0,0,0,0,0
CUST003585,Ryan,Sunder,39.0,Mysuru,2020-01-16,461700.0,2020,1,16,0,1,0,1,0,0,0,0,0,0,0,1,0,0,0,0,0,1,0,0,0,0,0,0,0,0,0,0,0,0,0,0,0,0,0,0,0,0,0,1,0,0,0,0,1
CUST003586,Yashvi,Sura,21.0,Hyderabad,2023-08-17,53600.0,2023,8,17,0,0,1,0,0,0,1,0,0,0,0,0,1,0,0,0,0,0,0,0,0,0,0,0,0,1,0,0,0,0,0,0,0,0,0,1,0,0,0,0,0,0,1,0,0
CUST003587,Kala,Bhat,29.0,Kolkata,2019-04-03,55400.0,2019,4,3,1,0,0,0,0,0,1,0,1,0,1,0,0,0,0,0,0,0,0,0,0,0,0,0,0,0,0,1,0,0,0,0,0,0,0,1,0,0,0,0,0,0,1,0,0
CUST003588,Zarna,Bahl,26.0,Surat,2018-12-14,117900.0,2018,12,14,1,0,0,0,0,0,0,1,1,0,1,0,0,0,0,0,1,0,0,0,0,0,0,0,0,0,0,0,0,1,0,0,0,0,0,0,0,0,0,0,0,0,0,1,0
CUST003589,Udyati,Mutti,54.0,Mumbai,2019-05-26,199000.0,2019,5,26,0,1,0,0,0,0,1,0,1,0,0,1,0,0,0,0,0,0,0,0,1,0,0,0,0,0,0,0,0,0,0,0,1,0,0,0,0,0,0,0,1,0,0,0,1
CUST003590,Azad,Loyal,33.0,Kolkata,2021-02-05,66000.0,2021,2,5,0,0,1,1,0,1,0,0,1,0,0,0,1,0,0,0,0,0,0,0,0,0,0,0,0,0,0,1,0,0,1,0,0,0,0,0,0,0,0,0,0,0,0,1,0
CUST003591,Sathvik,Solanki,52.0,Guwahati,2020-10-19,60100.0,2020,10,19,0,0,1,1,0,1,0,0,0,0,0,0,1,0,0,0,0,0,0,0,0,0,0,0,0,0,0,0,0,0,0,0,0,0,0,1,0,0,0,0,1,0,1,0,0
CUST003592,Jackson,Talwar,46.0,Bengaluru,2018-11-13,182100.0,2018,11,13,0,1,0,0,1,1,0,0,1,0,0,1,0,0,0,0,0,1,0,0,0,0,0,0,0,0,0,0,0,0,0,0,1,0,0,0,0,0,0,1,0,0,0,0,1
CUST003593,Prisha,Sen,68.0,Kochi,2020-04-24,20500.0,2020,4,24,0,0,0,0,0,1,0,0,0,1,0,0,0,0,0,0,0,0,1,0,0,0,0,0,0,0,0,0,0,0,0,0,0,0,1,0,0,0,0,0,0,1,0,0,0
CUST003594,Urmi,Bail,19.0,Guwahati,2025-08-16,9000.0,2025,8,16,0,0,0,0,0,0,1,0,0,1,0,0,0,0,0,0,0,0,0,0,0,0,0,0,0,0,0,0,0,0,0,0,0,0,0,0,0,0,0,0,0,0,0,0,0
CUST003595,Gaurika,Mani,54.0,Bengaluru,2020-06-12,37400.0,2020,6,12,0,0,1,1,0,1,0,0,1,0,0,0,1,0,0,0,0,1,0,0,0,0,0,0,0,0,0,0,0,0,0,0,0,1,0,0,0,0,0,0,1,0,1,0,0
CUST003596,Gopal,Singh,53.0,Jaipur,2018-10-08,186500.0,2018,10,8,0,1,0,1,0,1,0,0,0,1,0,1,0,0,0,0,0,0,0,0,0,0,0,1,0,0,0,0,0,0,0,0,1,0,0,0,0,0,0,0,1,0,0,0,1
CUST003597,Orinder,Sarma,25.0,Delhi,2019-08-17,70400.0,2019,8,17,1,0,0,1,0,0,1,0,0,0,1,0,0,0,0,1,0,0,0,0,0,0,0,0,0,0,0,0,0,1,0,0,0,0,0,0,0,0,0,0,0,0,0,1,0
CUST003598,Jack,Tripathi,51.0,Surat,2019-08-23,81000.0,2019,8,23,0,0,1,1,0,1,0,0,1,0,0,0,1,0,0,0,1,0,0,0,0,0,0,0,0,0,0,0,0,0,0,0,0,0,0,0,0,0,1,0,1,0,0,1,0
CUST003599,Imaran,Nori,42.0,Jodhpur,2021-08-07,11700.0,2021,8,7,0,0,0,1,0,1,0,0,0,0,0,0,0,0,0,0,0,0,0,0,0,0,0,1,0,0,0,0,0,0,0,0,0,0,0,0,0,1,0,1,0,0,0,0,0
CUST003600,Vivaan,Deep,35.0,New Delhi,2020-06-04,11000.0,2020,6,4,0,0,0,1,0,1,0,0,0,0,0,0,0,0,0,1,0,0,0,0,0,0,0,0,0,0,0,0,0,0,0,1,0,0,0,0,0,0,0,0,0,0,0,0,0
CUST003601,Manan,Ramakrishnan,27.0,Ahmedabad,2018-11-22,211800.0,2018,11,22,0,1,0,1,0,1,0,0,0,0,0,1,0,0,0,0,1,0,0,0,0,0,0,0,0,0,0,0,0,0,0,0,0,0,0,0,1,0,0,0,0,0,0,0,1
CUST003602,Turvi,Parsa,38.0,Lucknow,2018-12-20,195800.0,2018,12,20,0,1,0,0,0,1,0,0,0,0,0,1,0,0,0,0,0,0,0,0,0,0,0,0,0,0,1,0,0,0,0,0,0,0,0,0,1,0,0,1,0,0,0,0,1
CUST003603,Vrishti,Edwin,65.0,Hyderabad,2021-01-23,40000.0,2021,1,23,0,0,1,0,0,1,0,0,0,1,0,0,1,0,0,0,0,0,0,0,0,0,0,0,0,1,0,0,0,0,0,0,0,0,1,0,0,0,0,0,1,0,1,0,0
CUST003604,Ishita,Mandal,38.0,Nagpur,2020-06-05,164800.0,2020,6,5,1,0,0,0,0,0,1,0,0,0,1,0,0,0,0,0,0,0,0,0,1,0,0,0,0,0,0,0,0,0,0,0,0,0,0,0,1,0,0,1,0,0,0,0,1
CUST003605,Chameli,Subramanian,48.0,Pune,2019-02-13,127400.0,2019,2,13,1,0,0,0,0,1,0,0,0,0,1,0,0,0,0,0,0,0,0,0,1,0,0,0,0,0,0,0,0,0,0,0,1,0,0,0,0,0,0,1,0,0,0,1,0
CUST003606,Dhruv,Ghose,28.0,Kolkata,2019-11-22,35400.0,2019,11,22,0,0,1,1,0,0,1,0,1,0,0,0,1,0,0,0,0,0,0,0,0,0,0,0,0,0,0,1,0,0,0,0,0,1,0,0,0,0,0,0,0,0,1,0,0
CUST003607,Harish,Dugar,28.0,Amritsar,2019-01-31,27700.0,2019,1,31,0,0,1,1,0,1,0,0,0,0,0,0,1,0,0,0,0,0,0,0,0,0,1,0,0,0,0,0,0,0,0,0,0,1,0,0,0,0,0,0,0,0,1,0,0
CUST003608,Xalak,Chaudhuri,52.0,Kanpur,2019-02-23,83800.0,2019,2,23,1,0,0,0,0,0,0,1,1,0,1,0,0,0,0,0,0,0,0,0,0,0,0,0,0,0,1,0,0,0,0,0,0,0,0,0,0,0,1,0,1,0,0,1,0
CUST003609,Sarthak,Tak,20.0,Warangal,2024-08-16,6200.0,2024,8,16,0,0,0,1,0,0,1,0,1,0,0,0,0,0,0,0,0,0,0,0,0,0,0,0,0,1,0,0,0,0,0,0,0,0,0,0,0,1,0,0,0,0,0,0,0
CUST003610,Max,Keer,33.0,Coimbatore,2021-04-10,29900.0,2021,4,10,0,0,0,1,0,0,0,0,1,0,0,0,0,0,0,0,0,0,0,0,0,0,0,0,1,0,0,0,0,0,0,0,0,0,1,0,0,0,0,0,0,0,1,0,0
CUST003611,Henry,Batta,38.0,Bengaluru,2021-03-10,12300.0,2021,3,10,0,0,0,1,0,0,1,0,0,0,0,0,0,0,0,0,0,1,0,0,0,0,0,0,0,0,0,0,0,0,0,0,0,0,0,0,0,1,0,1,0,0,0,0,0
CUST003612,Aditya,Parmer,39.0,Nagpur,2021-05-18,172900.0,2021,5,18,1,0,0,1,0,0,0,0,1,0,1,0,0,0,0,0,0,0,0,0,1,0,0,0,0,0,0,0,0,0,0,0,1,0,0,0,0,0,0,1,0,0,0,0,1
CUST003613,Leena,Parikh,36.0,Chennai,2018-10-26,173800.0,2018,10,26,0,1,0,0,0,0,1,0,0,1,0,1,0,0,0,0,0,0,0,0,0,0,0,0,1,0,0,0,0,0,0,0,1,0,0,0,0,0,0,1,0,0,0,0,1
CUST003614,Fariq,Ghosh,43.0,Chennai,2020-03-14,93200.0,2020,3,14,1,0,0,1,0,0,0,0,0,1,1,0,0,0,0,0,0,0,0,0,0,0,0,0,1,0,0,0,0,0,1,0,0,0,0,0,0,0,0,1,0,0,0,1,0
CUST003615,Yashasvi,Balay,47.0,Chennai,2021-06-07,115900.0,2021,6,7,0,0,1,0,0,0,1,0,1,0,0,0,1,0,0,0,0,0,0,0,0,0,0,0,1,0,0,0,0,0,0,0,0,0,0,0,0,0,0,1,0,0,0,1,0
CUST003616,Bhavika,Nazareth,48.0,Guwahati,2020-08-29,30500.0,2020,8,29,0,0,1,0,0,0,0,0,1,0,0,0,1,0,0,0,0,0,0,0,0,0,0,0,0,0,0,0,0,0,0,0,0,1,0,0,0,0,0,1,0,0,1,0,0
CUST003617,Tanveer,Comar,25.0,Kolkata,2020-07-27,87500.0,2020,7,27,0,0,1,1,0,0,1,0,0,0,0,0,1,0,0,0,0,0,0,0,0,0,0,0,0,0,0,1,0,0,0,0,0,0,0,0,1,0,0,0,0,0,0,1,0
CUST003618,Ishaan,Dara,34.0,Kolkata,2019-03-13,44500.0,2019,3,13,0,0,1,1,0,1,0,0,1,0,0,0,1,0,0,0,0,0,0,0,0,0,0,0,0,0,0,1,0,0,0,0,0,0,0,0,0,0,1,0,0,0,1,0,0
CUST003619,Isaac,Sur,38.0,Pune,2019-06-02,187100.0,2019,6,2,1,0,0,1,0,1,0,0,0,1,1,0,0,0,0,0,0,0,0,0,1,0,0,0,0,0,0,0,0,1,0,0,0,0,0,0,0,0,0,1,0,0,0,0,1
CUST003620,Kai,Oak,50.0,Ludhiana,2019-07-23,382700.0,2019,7,23,0,1,0,1,0,1,0,0,1,0,0,1,0,0,0,0,0,0,0,0,0,0,1,0,0,0,0,0,0,0,0,0,0,0,0,0,0,0,0,1,0,0,0,0,1
CUST003621,Raagini,Batra,20.0,Udaipur,2024-08-16,70600.0,2024,8,16,0,0,1,0,0,0,1,0,1,0,0,0,1,0,0,0,0,0,0,0,0,0,0,1,0,0,0,0,0,0,0,0,0,0,0,1,0,0,0,0,0,0,0,1,0
CUST003622,Lila,Dora,43.0,Indore,2018-11-22,213600.0,2018,11,22,0,1,0,0,0,1,0,0,1,0,0,1,0,0,0,0,0,0,0,1,0,0,0,0,0,0,0,0,0,0,0,0,0,0,0,0,0,0,0,1,0,0,0,0,1
CUST003623,Yasti,Chawla,18.0,Hyderabad,2026-07-11,22400.0,2026,7,11,0,0,0,1,0,0,1,0,1,0,0,0,0,0,0,0,0,0,0,0,0,0,0,0,0,1,0,0,0,0,0,0,0,1,0,0,0,0,0,0,0,0,0,0,0
CUST003624,Aryan,Sarma,39.0,Chennai,2019-09-27,63800.0,2019,9,27,1,0,0,1,0,1,0,0,1,0,1,0,0,0,0,0,0,0,0,0,0,0,0,0,1,0,0,0,0,0,0,0,0,0,0,0,0,0,1,1,0,0,1,0,0
CUST003625,Vasudha,Choudhry,63.0,Chennai,2021-06-10,39600.0,2021,6,10,0,0,0,0,0,1,0,0,0,1,0,0,0,0,0,0,0,0,0,0,0,0,0,0,1,0,0,0,0,0,0,0,0,0,1,0,0,0,0,0,1,0,1,0,0
CUST003626,Damyanti,Chaudry,26.0,Delhi,2021-05-19,124900.0,2021,5,19,1,0,0,0,0,1,0,0,1,0,1,0,0,0,0,1,0,0,0,0,0,0,0,0,0,0,0,0,0,0,0,0,0,0,0,0,1,0,0,0,0,0,0,1,0
CUST003627,Ansh,Tripathi,27.0,Ahmedabad,2021-08-06,52800.0,2021,8,6,0,0,1,1,0,1,0,0,0,0,0,0,1,0,0,0,1,0,0,0,0,0,0,0,0,0,0,0,0,0,0,0,0,0,0,1,0,0,0,0,0,0,1,0,0
CUST003628,Damini,Ganesh,48.0,Patna,2019-12-05,25300.0,2019,12,5,0,0,1,0,0,0,0,0,0,1,0,0,1,1,0,0,0,0,0,0,0,0,0,0,0,0,0,0,0,0,0,0,0,1,0,0,0,0,0,1,0,0,0,0,0
CUST003629,Dhriti,Jha,18.0,Nagpur,2026-07-11,11500.0,2026,7,11,0,0,0,0,0,0,1,0,0,1,0,0,0,0,0,0,0,0,0,0,1,0,0,0,0,0,0,0,0,0,0,0,0,0,0,0,0,1,0,0,0,0,0,0,0
CUST003630,Radhika,Dugar,30.0,Pune,2021-06-22,84100.0,2021,6,22,0,0,1,0,0,1,0,0,1,0,0,0,1,0,0,0,0,0,0,0,1,0,0,0,0,0,0,0,0,0,0,0,0,0,0,0,1,0,0,0,0,0,0,1,0
CUST003631,Mugdha,Sathe,46.0,Surat,2020-10-02,188700.0,2020,10,2,1,0,0,0,0,1,0,0,1,0,1,0,0,0,0,0,1,0,0,0,0,0,0,0,0,0,0,0,0,0,0,0,1,0,0,0,0,0,0,1,0,0,0,0,1
CUST003632,Zehaan,Tara,30.0,Bengaluru,2019-01-26,51600.0,2019,1,26,1,0,0,1,0,0,1,0,1,0,1,0,0,0,0,0,0,1,0,0,0,0,0,0,0,0,0,0,0,0,0,0,0,0,0,0,0,0,1,0,0,0,1,0,0
CUST003633,Chavvi,Dube,35.0,Kolkata,2021-04-27,186700.0,2021,4,27,1,0,0,0,0,1,0,0,0,0,1,0,0,0,0,0,0,0,0,0,0,0,0,0,0,0,0,1,0,0,0,0,1,0,0,0,0,0,0,0,0,0,0,0,1
CUST003634,Qabil,Natt,48.0,Ahmedabad,2020-12-22,131600.0,2020,12,22,0,0,1,1,0,1,0,0,0,0,0,0,1,0,0,0,1,0,0,0,0,0,0,0,0,0,0,0,0,1,0,0,0,0,0,0,0,0,0,1,0,0,0,1,0
CUST003635,Ekapad,Das,43.0,Bengaluru,2020-05-08,17400.0,2020,5,8,0,0,0,1,0,1,0,0,1,0,0,0,0,0,0,0,0,1,0,0,0,0,0,0,0,0,0,0,0,0,0,0,0,0,1,0,0,0,0,1,0,0,0,0,0
CUST003636,Isha,Sarna,41.0,Lucknow,2019-02-05,129000.0,2019,2,5,1,0,0,0,0,0,1,0,0,1,1,0,0,0,0,0,0,0,0,0,0,0,0,0,0,0,1,0,0,0,0,0,1,0,0,0,0,0,0,1,0,0,0,1,0
CUST003637,Triya,Ahuja,34.0,Madurai,2020-11-10,36100.0,2020,11,10,0,0,0,0,0,1,0,0,1,0,0,0,0,0,0,0,0,0,0,0,0,0,0,0,1,0,0,0,0,0,0,0,0,1,0,0,0,0,0,0,0,0,1,0,0
CUST003638,Jason,Som,43.0,Bhopal,2018-08-20,65800.0,2018,8,20,0,0,1,1,0,0,1,0,1,0,0,0,1,0,0,0,0,0,0,1,0,0,0,0,0,0,0,0,0,0,0,0,0,1,0,0,0,0,0,1,0,0,1,0,0
CUST003639,Onkar,Mangat,36.0,Jaipur,2020-07-23,9200.0,2020,7,23,0,0,0,1,0,1,0,0,0,0,0,0,0,0,0,0,0,0,0,0,0,0,0,1,0,0,0,0,0,0,0,0,0,0,0,0,0,1,0,1,0,0,0,0,0
CUST003640,Zayyan,Garg,44.0,Bhopal,2020-06-19,132700.0,2020,6,19,1,0,0,1,0,1,0,0,0,0,1,0,0,0,0,0,0,0,0,1,0,0,0,0,0,0,0,0,0,1,0,0,0,0,0,0,0,0,0,1,0,0,0,1,0
CUST003641,Brijesh,Lata,38.0,Mumbai,2021-04-04,96100.0,2021,4,4,0,0,1,1,0,0,1,0,1,0,0,0,1,0,0,0,0,0,0,0,1,0,0,0,0,0,0,0,0,1,0,0,0,0,0,0,0,0,0,1,0,0,0,1,0
CUST003642,Ria,Sachdeva,36.0,Delhi,2019-08-02,22200.0,2019,8,2,0,0,1,0,0,1,0,0,0,0,0,0,1,0,0,1,0,0,0,0,0,0,0,0,0,0,0,0,0,0,0,0,0,1,0,0,0,0,0,1,0,0,0,0,0
CUST003643,Radha,Korpal,25.0,Pune,2020-11-22,335400.0,2020,11,22,0,1,0,0,0,1,0,0,1,0,0,1,0,0,0,0,0,0,0,0,1,0,0,0,0,0,0,0,0,0,0,0,0,0,0,0,0,0,0,0,0,0,0,0,1
CUST003644,Forum,Wagle,38.0,Warangal,2019-09-27,159200.0,2019,9,27,1,0,0,0,0,1,0,0,0,0,1,0,0,0,0,0,0,0,0,0,0,0,0,0,0,1,0,0,0,0,0,0,0,0,0,0,0,0,0,1,0,0,0,0,1
CUST003645,Shivansh,Kari,27.0,Indore,2020-12-15,52600.0,2020,12,15,0,0,1,1,0,1,0,0,1,0,0,0,1,0,0,0,0,0,0,1,0,0,0,0,0,0,0,0,0,0,1,0,0,0,0,0,0,0,0,0,0,0,1,0,0
CUST003646,Ekantika,Sanghvi,24.0,Chennai,2020-08-16,36300.0,2020,8,16,0,0,1,0,0,0,1,0,1,0,0,0,1,0,0,0,0,0,0,0,0,0,0,0,1,0,0,0,0,0,0,0,0,0,0,0,0,0,0,0,0,0,1,0,0
CUST003647,Samuel,Rout,41.0,Chandigarh,2019-01-21,49800.0,2019,1,21,0,0,1,1,0,1,0,0,1,0,0,0,1,0,1,0,0,0,0,0,0,0,0,0,0,0,0,0,0,0,0,0,0,0,1,0,0,0,0,1,0,0,1,0,0
CUST003648,Vasudha,Varty,41.0,Bengaluru,2019-05-30,43400.0,2019,5,30,0,0,1,0,0,1,0,0,0,0,0,0,1,0,0,0,0,1,0,0,0,0,0,0,0,0,0,0,0,0,0,0,0,0,0,0,0,0,1,1,0,0,1,0,0
CUST003649,Radhika,Balan,48.0,Mysuru,2021-02-28,294700.0,2021,2,28,1,0,0,0,0,1,0,0,1,0,1,0,0,0,0,0,0,1,0,0,0,0,0,0,0,0,0,0,0,0,0,0,0,0,0,0,1,0,0,1,0,0,0,0,1
CUST003650,Vaishnavi,Dhingra,38.0,Patna,2019-10-20,113400.0,2019,10,20,1,0,0,0,0,1,0,0,0,1,1,0,0,1,0,0,0,0,0,0,0,0,0,0,0,0,0,0,0,0,0,0,1,0,0,0,0,0,0,1,0,0,0,1,0
CUST003651,Abdul,Varughese,43.0,Hyderabad,2019-09-27,127600.0,2019,9,27,1,0,0,1,0,1,0,0,1,0,1,0,0,0,0,0,0,0,0,0,0,0,0,0,0,1,0,0,0,0,0,0,0,0,0,0,1,0,0,1,0,0,0,1,0
CUST003652,Bakhshi,Chad,45.0,Jodhpur,2021-05-09,236000.0,2021,5,9,1,0,0,1,0,1,0,0,0,0,1,0,0,0,0,0,0,0,0,0,0,0,0,1,0,0,0,0,0,0,0,0,0,0,0,0,1,0,0,1,0,0,0,0,1
CUST003653,Omkaar,Murty,44.0,Delhi,2020-03-24,285900.0,2020,3,24,0,1,0,1,0,1,0,0,1,0,0,1,0,0,0,1,0,0,0,0,0,0,0,0,0,0,0,0,1,0,0,0,0,0,0,0,0,0,0,1,0,0,0,0,1
CUST003654,Suhani,Gala,27.0,Guwahati,2020-11-04,46000.0,2020,11,4,0,0,1,0,0,0,0,0,0,0,0,0,1,0,0,0,0,0,0,0,0,0,0,0,0,0,0,0,0,0,0,0,0,0,0,1,0,0,0,0,0,0,1,0,0
CUST003655,Teerth,Bhat,40.0,Kolkata,2020-03-22,82500.0,2020,3,22,0,0,1,1,0,1,0,0,0,0,0,0,1,0,0,0,0,0,0,0,0,0,0,0,0,0,0,1,0,0,0,0,0,0,0,1,0,0,0,1,0,0,0,1,0
CUST003656,Ronith,Bansal,43.0,Jaipur,2019-04-18,194600.0,2019,4,18,0,1,0,1,0,1,0,0,0,0,0,1,0,0,0,0,0,0,0,0,0,0,0,1,0,0,0,0,0,1,0,0,0,0,0,0,0,0,0,1,0,0,0,0,1
CUST003657,Faqid,Bhardwaj,38.0,Pune,2021-02-24,53800.0,2021,2,24,0,0,1,1,0,1,0,0,1,0,0,0,1,0,0,0,0,0,0,0,1,0,0,0,0,0,0,0,0,0,1,0,0,0,0,0,0,0,0,1,0,0,1,0,0
CUST003658,Yoshita,Merchant,18.0,Chennai,2026-07-11,8700.0,2026,7,11,0,0,0,0,0,0,1,0,1,0,0,0,0,0,0,0,0,0,0,0,0,0,0,0,1,0,0,0,0,0,0,0,0,0,0,0,0,1,0,0,0,0,0,0,0
CUST003659,Shaurya,Ratti,40.0,Patna,2020-10-25,211300.0,2020,10,25,1,0,0,1,0,0,1,0,0,0,1,0,0,1,0,0,0,0,0,0,0,0,0,0,0,0,0,0,0,0,0,0,0,0,0,0,1,0,0,1,0,0,0,0,1
CUST003660,Nidra,Murthy,67.0,Indore,2018-10-08,479600.0,2018,10,8,0,1,0,0,0,1,0,0,1,0,0,1,0,0,0,0,0,0,0,1,0,0,0,0,0,0,0,0,0,0,0,0,0,0,0,0,0,0,0,0,0,1,0,0,1
CUST003661,Pooja,Anand,33.0,Mumbai,2019-05-20,32300.0,2019,5,20,0,0,1,0,0,1,0,0,0,0,0,0,1,0,0,0,0,0,0,0,1,0,0,0,0,0,0,0,0,0,0,0,0,1,0,0,0,0,0,0,0,0,1,0,0
CUST003662,Meera,Wable,29.0,Bengaluru,2021-07-26,8200.0,2021,7,26,0,0,0,0,0,0,0,0,0,0,0,0,0,0,0,0,0,1,0,0,0,0,0,0,0,0,0,0,0,0,0,0,0,0,0,0,0,1,0,0,0,0,0,0,0
CUST003663,Ethan,Raval,43.0,Warangal,2020-06-03,292700.0,2020,6,3,1,0,0,1,0,1,0,0,0,1,1,0,0,0,0,0,0,0,0,0,0,0,0,0,0,1,0,0,1,0,0,0,0,0,0,0,0,0,0,1,0,0,0,0,1
CUST003664,Udant,Jha,42.0,Delhi,2020-11-07,49600.0,2020,11,7,0,0,1,1,0,0,0,1,0,0,0,0,1,0,0,1,0,0,0,0,0,0,0,0,0,0,0,0,0,0,1,0,0,0,0,0,0,0,0,1,0,0,1,0,0
CUST003665,Timothy,Pai,54.0,Surat,2019-09-17,65800.0,2019,9,17,0,1,0,1,0,0,1,0,0,1,0,1,0,0,0,0,1,0,0,0,0,0,0,0,0,0,0,0,0,0,0,0,1,0,0,0,0,0,0,0,1,0,1,0,0
CUST003666,Samaksh,Hora,22.0,Delhi,2022-08-17,32800.0,2022,8,17,0,0,0,1,0,0,1,0,1,0,0,0,0,0,0,1,0,0,0,0,0,0,0,0,0,0,0,0,0,0,0,0,0,0,0,0,0,0,0,0,0,0,1,0,0
CUST003667,Matthew,Chad,48.0,Mysuru,2018-09-24,89700.0,2018,9,24,1,0,0,1,0,1,0,0,0,0,1,0,0,0,0,0,0,1,0,0,0,0,0,0,0,0,0,0,0,1,0,0,0,0,0,0,0,0,0,1,0,0,0,1,0
CUST003668,Anita,Yogi,46.0,Ahmedabad,2020-12-19,16500.0,2020,12,19,0,0,0,0,0,0,0,1,1,0,0,0,0,0,0,0,1,0,0,0,0,0,0,0,0,0,0,0,0,0,0,0,0,0,0,0,0,1,0,1,0,0,0,0,0
CUST003669,Oliver,Ramakrishnan,36.0,Chennai,2019-11-11,25000.0,2019,11,11,0,0,1,1,0,1,0,0,0,1,0,0,1,0,0,0,0,0,0,0,0,0,0,0,1,0,0,0,0,0,0,0,0,1,0,0,0,0,0,1,0,0,0,0,0
CUST003670,Edhitha,Venkatesh,42.0,Vadodara,2019-07-11,34000.0,2019,7,11,0,0,1,0,0,0,1,0,1,0,0,0,1,0,0,0,1,0,0,0,0,0,0,0,0,0,0,0,0,0,0,0,0,1,0,0,0,0,0,1,0,0,1,0,0
CUST003671,Lucky,Kala,51.0,Bhubaneswar,2019-02-24,88800.0,2019,2,24,1,0,0,1,0,1,0,0,0,1,1,0,0,0,0,0,0,0,0,0,0,1,0,0,0,0,0,0,0,0,1,0,0,0,0,0,0,0,0,0,1,0,0,1,0
CUST003672,Charita,Vaidya,49.0,Pune,2020-05-27,152300.0,2020,5,27,1,0,0,0,0,1,0,0,0,0,1,0,0,0,0,0,0,0,0,0,1,0,0,0,0,0,0,0,0,1,0,0,0,0,0,0,0,0,0,1,0,0,0,0,1
CUST003673,Nimrat,Verma,23.0,Ahmedabad,2021-08-16,95300.0,2021,8,16,0,0,1,0,0,0,1,0,1,0,0,0,1,0,0,0,1,0,0,0,0,0,0,0,0,0,0,0,0,0,0,0,1,0,0,0,0,0,0,0,0,0,0,1,0
CUST003674,Panini,Dutta,49.0,Delhi,2020-09-18,43500.0,2020,9,18,0,0,1,0,0,0,1,0,1,0,0,0,1,0,0,1,0,0,0,0,0,0,0,0,0,0,0,0,0,0,0,0,0,1,0,0,0,0,0,1,0,0,1,0,0
CUST003675,Alka,Bala,37.0,Hyderabad,2020-04-26,19500.0,2020,4,26,0,0,0,0,0,1,0,0,1,0,0,0,0,0,0,0,0,0,0,0,0,0,0,0,0,1,0,0,0,0,0,0,0,0,0,0,0,1,0,1,0,0,0,0,0
CUST003676,Leela,Khurana,39.0,Mumbai,2018-12-09,27400.0,2018,12,9,0,0,1,1,0,1,0,0,0,0,0,0,1,0,0,0,0,0,0,0,1,0,0,0,0,0,0,0,0,0,0,0,0,1,0,0,0,0,0,1,0,0,1,0,0
CUST003677,Nidra,Sami,39.0,Pune,2018-10-10,39200.0,2018,10,10,0,0,1,0,0,1,0,0,1,0,0,0,1,0,0,0,0,0,0,0,1,0,0,0,0,0,0,0,0,0,0,0,0,0,1,0,0,0,0,1,0,0,1,0,0
CUST003678,Zayyan,Choudhry,36.0,Bengaluru,2019-06-21,87000.0,2019,6,21,1,0,0,1,0,0,1,0,0,0,1,0,0,0,0,0,0,1,0,0,0,0,0,0,0,0,0,0,0,0,0,0,1,0,0,0,0,0,0,1,0,0,0,1,0
CUST003679,Bhanumati,Pradhan,53.0,Mysuru,2020-07-02,102900.0,2020,7,2,0,0,1,0,0,0,1,0,0,1,0,0,1,0,0,0,0,1,0,0,0,0,0,0,0,0,0,0,0,0,0,0,0,0,0,1,0,0,0,0,1,0,0,1,0
CUST003680,Kai,Tripathi,37.0,Patna,2019-03-02,146000.0,2019,3,2,1,0,0,1,0,1,0,0,0,1,1,0,0,1,0,0,0,0,0,0,0,0,0,0,0,0,0,0,0,0,0,0,0,0,0,0,1,0,0,1,0,0,0,0,1
CUST003681,Peter,Dasgupta,23.0,Vadodara,2021-08-16,122600.0,2021,8,16,0,0,1,1,0,1,0,0,1,0,0,0,1,0,0,0,1,0,0,0,0,0,0,0,0,0,0,0,0,0,0,0,1,0,0,0,0,0,0,0,0,0,0,1,0
CUST003682,Arjun,Dash,33.0,Amritsar,2021-04-26,297600.0,2021,4,26,1,0,0,1,0,1,0,0,1,0,1,0,0,0,0,0,0,0,0,0,0,0,1,0,0,0,0,0,0,0,0,0,0,0,0,0,0,0,0,0,0,0,0,0,1
CUST003683,Udarsh,Misra,40.0,Kolkata,2019-08-23,34200.0,2019,8,23,0,0,1,1,0,0,0,0,1,0,0,0,1,0,0,0,0,0,0,0,0,0,0,0,0,0,0,1,0,0,0,0,0,1,0,0,0,0,0,1,0,0,1,0,0
CUST003684,Aarnav,Setty,54.0,Delhi,2020-10-01,379600.0,2020,10,1,1,0,0,1,0,1,0,0,1,0,1,0,0,0,0,1,0,0,0,0,0,0,0,0,0,0,0,0,1,0,0,0,0,0,0,0,0,0,0,0,1,0,0,0,1
CUST003685,Omkaar,Keer,46.0,Bengaluru,2018-10-09,69600.0,2018,10,9,1,0,0,1,0,0,1,0,1,0,1,0,0,0,0,0,0,1,0,0,0,0,0,0,0,0,0,0,0,0,1,0,0,0,0,0,0,0,0,1,0,0,0,1,0
CUST003686,Jackson,Palla,27.0,Bengaluru,2020-04-25,225300.0,2020,4,25,1,0,0,1,0,0,1,0,1,0,1,0,0,0,0,0,0,1,0,0,0,0,0,0,0,0,0,0,0,0,0,0,0,0,0,0,1,0,0,0,0,0,0,0,1
CUST003687,Netra,Mane,70.0,Bengaluru,2020-05-03,52500.0,2020,5,3,0,0,1,0,0,1,0,0,0,1,0,0,1,0,0,0,0,1,0,0,0,0,0,0,0,0,0,0,0,0,0,0,0,0,1,0,0,0,0,0,0,1,1,0,0
CUST003688,Ekaraj,Purohit,41.0,Ahmedabad,2019-08-04,156500.0,2019,8,4,1,0,0,1,0,1,0,0,1,0,1,0,0,0,0,0,1,0,0,0,0,0,0,0,0,0,0,0,0,0,0,0,0,0,0,0,1,0,0,1,0,0,0,0,1
CUST003689,Yoshita,Kota,55.0,Coimbatore,2019-04-28,17900.0,2019,4,28,0,0,1,0,0,1,0,0,0,1,0,0,1,0,0,0,0,0,0,0,0,0,0,0,1,0,0,0,0,0,0,0,0,0,0,0,0,1,0,0,1,0,0,0,0
CUST003690,Charles,Narang,36.0,Hyderabad,2020-03-13,48700.0,2020,3,13,0,0,1,1,0,1,0,0,1,0,0,0,1,0,0,0,0,0,0,0,0,0,0,0,0,1,0,0,0,0,0,0,0,0,0,1,0,0,0,1,0,0,1,0,0
CUST003691,Yauvani,Hans,45.0,Pune,2020-12-25,60000.0,2020,12,25,0,0,1,0,0,1,0,0,1,0,0,0,1,0,0,0,0,0,0,0,1,0,0,0,0,0,0,0,0,0,1,0,0,0,0,0,0,0,0,1,0,0,1,0,0
CUST003692,Radha,Sha,49.0,Mumbai,2019-04-22,230300.0,2019,4,22,0,1,0,0,0,0,0,0,0,0,0,1,0,0,0,0,0,0,0,0,1,0,0,0,0,0,0,0,1,0,0,0,0,0,0,0,0,0,0,1,0,0,0,0,1
CUST003693,Chavvi,Din,54.0,Delhi,2020-08-30,169800.0,2020,8,30,1,0,0,0,0,1,0,0,0,1,1,0,0,0,0,1,0,0,0,0,0,0,0,0,0,0,0,0,0,0,0,0,1,0,0,0,0,0,0,0,1,0,0,0,1
CUST003694,Unnati,Sabharwal,52.0,Pune,2021-02-05,71100.0,2021,2,5,0,0,1,0,0,1,0,0,1,0,0,0,1,0,0,0,0,0,0,0,1,0,0,0,0,0,0,0,0,0,0,0,0,0,0,0,0,0,1,0,1,0,0,1,0
CUST003695,Banjeet,Chanda,49.0,Jodhpur,2019-09-24,131300.0,2019,9,24,1,0,0,1,0,1,0,0,0,0,1,0,0,0,0,0,0,0,0,0,0,0,0,1,0,0,0,0,0,1,0,0,0,0,0,0,0,0,0,1,0,0,0,1,0
CUST003696,David,Sandal,34.0,Pune,2021-05-09,11600.0,2021,5,9,0,0,0,0,1,1,0,0,0,0,0,0,0,0,0,0,0,0,0,0,1,0,0,0,0,0,0,0,0,0,0,1,0,0,0,0,0,0,0,0,0,0,0,0,0
CUST003697,Eiravati,Soni,38.0,Surat,2018-09-17,19000.0,2018,9,17,0,0,1,0,0,1,0,0,0,1,0,0,1,0,0,0,1,0,0,0,0,0,0,0,0,0,0,0,0,0,0,0,0,0,0,0,0,1,0,1,0,0,0,0,0
CUST003698,Jalsa,Sehgal,42.0,Hyderabad,2019-09-23,76200.0,2019,9,23,0,0,1,0,0,0,0,0,1,0,0,0,1,0,0,0,0,0,0,0,0,0,0,0,0,1,0,0,0,0,0,0,0,0,0,1,0,0,0,1,0,0,0,1,0
CUST003699,Brinda,Pingle,38.0,Mumbai,2018-09-01,152000.0,2018,9,1,0,1,0,0,0,1,0,0,1,0,0,1,0,0,0,0,0,0,0,0,1,0,0,0,0,0,0,0,0,0,0,0,0,0,0,0,0,0,0,1,0,0,0,0,1
CUST003700,Saksham,Venkataraman,38.0,Lucknow,2020-08-10,115000.0,2020,8,10,0,0,1,1,0,1,0,0,1,0,0,0,1,0,0,0,0,0,0,0,0,0,0,0,0,0,1,0,0,0,0,0,0,0,0,0,1,0,0,1,0,0,0,1,0
CUST003701,Siya,Lalla,52.0,Kolkata,2018-09-17,70500.0,2018,9,17,1,0,0,0,0,1,0,0,1,0,1,0,0,0,0,0,0,0,0,0,0,0,0,0,0,0,0,1,0,0,0,0,0,0,0,0,0,0,1,0,1,0,0,1,0
CUST003702,Zaid,Sampath,57.0,Delhi,2021-03-10,203000.0,2021,3,10,1,0,0,1,0,1,0,0,1,0,1,0,0,0,0,1,0,0,0,0,0,0,0,0,0,0,0,0,0,0,0,0,1,0,0,0,0,0,0,0,1,0,0,0,1
CUST003703,Urvi,Suri,26.0,Patna,2021-07-03,50700.0,2021,7,3,0,0,1,0,0,1,0,0,0,0,0,0,1,1,0,0,0,0,0,0,0,0,0,0,0,0,0,0,0,0,0,0,0,0,0,1,0,0,0,0,0,0,1,0,0
CUST003704,Sathvik,Gaba,27.0,Mumbai,2021-07-11,150000.0,2021,7,11,1,0,0,1,0,1,0,0,0,1,1,0,0,0,0,0,0,0,0,0,1,0,0,0,0,0,0,0,0,0,0,0,1,0,0,0,0,0,0,0,0,0,0,0,1
CUST003705,Eshana,Tiwari,36.0,Delhi,2020-03-25,140000.0,2020,3,25,1,0,0,0,0,0,0,0,0,0,1,0,0,0,0,1,0,0,0,0,0,0,0,0,0,0,0,0,0,1,0,0,0,0,0,0,0,0,0,1,0,0,0,0,1
CUST003706,Devansh,Sundaram,42.0,Vadodara,2021-05-17,16200.0,2021,5,17,0,0,0,1,0,1,0,0,1,0,0,0,0,0,0,0,1,0,0,0,0,0,0,0,0,0,0,0,0,0,0,0,0,0,0,0,0,1,0,1,0,0,0,0,0
CUST003707,Veer,Dayal,31.0,Ahmedabad,2020-02-02,37400.0,2020,2,2,0,0,1,1,0,1,0,0,1,0,0,0,1,0,0,0,1,0,0,0,0,0,0,0,0,0,0,0,0,0,0,0,0,1,0,0,0,0,0,0,0,0,1,0,0
CUST003708,Yashvi,Wadhwa,56.0,Bengaluru,2020-08-22,142600.0,2020,8,22,1,0,0,0,0,0,1,0,1,0,1,0,0,0,0,0,0,1,0,0,0,0,0,0,0,0,0,0,0,1,0,0,0,0,0,0,0,0,0,0,1,0,0,0,1
CUST003709,Dhriti,Kala,44.0,Mumbai,2020-08-13,359200.0,2020,8,13,1,0,0,0,0,0,1,0,0,0,1,0,0,0,0,0,0,0,0,0,1,0,0,0,0,0,0,0,0,0,0,0,0,0,0,0,0,0,0,1,0,0,0,0,1
CUST003710,Vasatika,Solanki,39.0,Chandigarh,2019-09-20,118700.0,2019,9,20,1,0,0,0,0,0,1,0,0,1,1,0,0,0,1,0,0,0,0,0,0,0,0,0,0,0,0,0,0,1,0,0,0,0,0,0,0,0,0,1,0,0,0,1,0
CUST003711,Amol,Dugar,19.0,Bengaluru,2025-08-16,7900.0,2025,8,16,0,0,0,1,0,0,1,0,1,0,0,0,0,0,0,0,0,1,0,0,0,0,0,0,0,0,0,0,0,0,0,0,0,0,0,0,0,1,0,0,0,0,0,0,0
CUST003712,Qasim,Dani,21.0,Delhi,2023-08-17,7000.0,2023,8,17,0,0,0,1,0,0,1,0,0,1,0,0,0,0,0,1,0,0,0,0,0,0,0,0,0,0,0,0,0,0,0,0,0,0,0,0,0,1,0,0,0,0,0,0,0
CUST003713,Tara,Choudhary,42.0,Chennai,2019-11-17,67600.0,2019,11,17,1,0,0,0,0,1,0,0,0,0,1,0,0,0,0,0,0,0,0,0,0,0,0,0,1,0,0,0,0,0,0,0,0,0,0,0,0,0,1,1,0,0,0,1,0
CUST003714,Jai,Pingle,18.0,Kochi,2026-07-11,13000.0,2026,7,11,0,0,0,0,1,0,1,0,0,0,0,0,0,0,0,0,0,0,1,0,0,0,0,0,0,0,0,0,0,0,0,0,0,0,0,0,0,1,0,0,0,0,0,0,0
CUST003715,Mohini,Baria,51.0,Mumbai,2020-07-12,93500.0,2020,7,12,0,0,1,0,0,1,0,0,1,0,0,0,1,0,0,0,0,0,0,0,1,0,0,0,0,0,0,0,0,0,0,0,0,0,0,1,0,0,0,0,1,0,0,1,0
CUST003716,Faraj,Dalal,36.0,Jaipur,2018-09-04,105000.0,2018,9,4,1,0,0,1,0,1,0,0,1,0,1,0,0,0,0,0,0,0,0,0,0,0,0,1,0,0,0,0,0,0,0,0,0,0,0,0,1,0,0,1,0,0,0,1,0
CUST003717,Ria,Mody,75.0,Kolkata,2019-11-24,23300.0,2019,11,24,0,0,1,0,0,1,0,0,1,0,0,0,1,0,0,0,0,0,0,0,0,0,0,0,0,0,0,1,0,0,0,0,0,0,1,0,0,0,0,0,0,1,0,0,0
CUST003718,Rachit,Mitter,38.0,Hyderabad,2018-09-15,218200.0,2018,9,15,0,1,0,1,0,1,0,0,0,1,0,1,0,0,0,0,0,0,0,0,0,0,0,0,0,1,0,0,0,0,0,0,0,0,0,0,1,0,0,1,0,0,0,0,1
CUST003719,Nandini,Sunder,36.0,Vadodara,2021-07-18,174800.0,2021,7,18,1,0,0,0,0,0,0,0,1,0,1,0,0,0,0,0,1,0,0,0,0,0,0,0,0,0,0,0,0,0,0,0,1,0,0,0,0,0,0,1,0,0,0,0,1
CUST003720,Akshay,Dhar,37.0,Bhubaneswar,2019-06-11,155800.0,2019,6,11,0,1,0,1,0,0,1,0,0,0,0,1,0,0,0,0,0,0,0,0,0,1,0,0,0,0,0,0,0,0,0,0,0,0,0,0,0,0,0,1,0,0,0,0,1
CUST003721,Ekavir,Sama,51.0,Delhi,2019-03-05,39400.0,2019,3,5,0,0,1,1,0,0,0,0,0,1,0,0,1,0,0,1,0,0,0,0,0,0,0,0,0,0,0,0,0,0,0,0,0,1,0,0,0,0,0,0,1,0,1,0,0
CUST003722,Arunima,Mody,60.0,Pune,2021-06-19,456000.0,2021,6,19,1,0,0,0,0,1,0,0,0,1,1,0,0,0,0,0,0,0,0,0,1,0,0,0,0,0,0,0,0,0,0,0,0,0,0,0,0,0,0,0,1,0,0,0,1
CUST003723,Meghana,Kale,18.0,Kochi,2026-07-11,11900.0,2026,7,11,0,0,0,0,0,0,1,0,0,1,0,0,0,0,0,0,0,0,1,0,0,0,0,0,0,0,0,0,0,0,0,0,0,0,0,0,0,1,0,0,0,0,0,0,0
CUST003724,Gavin,Suresh,18.0,Ahmedabad,2026-07-11,11200.0,2026,7,11,0,0,0,1,0,0,1,0,0,1,0,0,0,0,0,0,1,0,0,0,0,0,0,0,0,0,0,0,0,0,0,0,0,0,0,0,0,1,0,0,0,0,0,0,0
CUST003725,Aarav,Das,30.0,Warangal,2019-12-10,12600.0,2019,12,10,0,0,0,1,0,0,1,0,1,0,0,0,0,0,0,0,0,0,0,0,0,0,0,0,0,1,0,0,0,0,0,0,0,0,0,0,0,1,0,0,0,0,0,0,0
CUST003726,Owen,Bir,38.0,Kolkata,2021-06-07,40200.0,2021,6,7,0,0,0,1,0,1,0,0,0,1,0,0,0,0,0,0,0,0,0,0,0,0,0,0,0,0,0,1,0,0,0,0,0,1,0,0,0,0,0,1,0,0,1,0,0
CUST003727,Anya,Sahni,44.0,Vadodara,2019-07-18,9800.0,2019,7,18,0,0,1,0,0,1,0,0,1,0,0,0,1,0,0,0,1,0,0,0,0,0,0,0,0,0,0,0,0,0,0,0,0,0,0,0,0,1,0,1,0,0,0,0,0
CUST003728,Wridesh,Mukherjee,52.0,Udaipur,2021-06-11,77200.0,2021,6,11,0,0,1,1,0,1,0,0,1,0,0,0,1,0,0,0,0,0,0,0,0,0,0,1,0,0,0,0,0,0,1,0,0,0,0,0,0,0,0,0,1,0,0,1,0
CUST003729,Upkaar,Nazareth,22.0,Kochi,2022-08-17,15700.0,2022,8,17,0,0,0,1,0,0,1,0,1,0,0,0,0,0,0,0,0,0,1,0,0,0,0,0,0,0,0,0,0,0,0,0,0,0,0,0,0,1,0,0,0,0,0,0,0
CUST003730,Saanvi,Soman,18.0,Hyderabad,2026-07-11,23300.0,2026,7,11,0,0,0,0,0,0,1,0,0,1,0,0,0,0,0,0,0,0,0,0,0,0,0,0,0,1,0,0,0,0,0,0,0,1,0,0,0,0,0,0,0,0,0,0,0
CUST003731,Ekaja,Devi,49.0,Bengaluru,2021-03-19,13300.0,2021,3,19,0,0,0,0,0,1,0,0,1,0,0,0,0,0,0,0,0,1,0,0,0,0,0,0,0,0,0,0,0,0,0,0,0,0,0,0,0,1,0,1,0,0,0,0,0
CUST003732,Yashawini,Sharma,27.0,Howrah,2020-10-19,71800.0,2020,10,19,0,0,1,0,0,1,0,0,1,0,0,0,1,0,0,0,0,0,0,0,0,0,0,0,0,0,0,1,0,0,0,0,0,0,0,0,0,0,0,0,0,0,0,1,0
CUST003733,Varenya,Sen,18.0,Hyderabad,2026-07-11,13200.0,2026,7,11,0,0,0,0,0,1,0,0,0,0,0,0,0,0,0,0,0,0,0,0,0,0,0,0,0,1,0,0,0,0,0,0,0,0,0,0,0,1,0,0,0,0,0,0,0
CUST003734,Falguni,Nanda,40.0,Kolkata,2018-09-11,6900.0,2018,9,11,0,0,1,0,0,1,0,0,1,0,0,0,1,0,0,0,0,0,0,0,0,0,0,0,0,0,0,1,0,0,0,1,0,0,0,0,0,0,0,1,0,0,0,0,0
CUST003735,Chanchal,Rout,48.0,Hyderabad,2021-04-09,90400.0,2021,4,9,0,0,1,0,0,1,0,0,1,0,0,0,1,0,0,0,0,0,0,0,0,0,0,0,0,1,0,0,0,0,0,0,0,0,0,1,0,0,0,1,0,0,0,1,0
CUST003736,Sara,Kaul,36.0,Pune,2021-03-13,57400.0,2021,3,13,0,0,1,0,0,0,1,0,1,0,0,0,1,0,0,0,0,0,0,0,1,0,0,0,0,0,0,0,0,0,1,0,0,0,0,0,0,0,0,1,0,0,1,0,0
CUST003737,Siya,Nori,32.0,Chennai,2020-07-08,95400.0,2020,7,8,0,0,1,0,0,0,0,0,1,0,0,0,1,0,0,0,0,0,0,0,0,0,0,0,1,0,0,0,0,1,0,0,0,0,0,0,0,0,0,0,0,0,0,1,0
CUST003738,Arin,Savant,36.0,Ahmedabad,2019-02-12,14400.0,2019,2,12,0,0,1,1,0,0,1,0,0,0,0,0,1,0,0,0,1,0,0,0,0,0,0,0,0,0,0,0,0,0,0,0,0,0,0,0,0,1,0,1,0,0,0,0,0
CUST003739,Arunima,Chakrabarti,33.0,Jodhpur,2020-03-22,51500.0,2020,3,22,0,0,1,0,1,1,0,0,1,0,0,0,1,0,0,0,0,0,0,0,0,0,0,1,0,0,0,0,0,0,0,0,0,0,0,1,0,0,0,0,0,0,1,0,0
CUST003740,Fitan,Bakshi,20.0,Chennai,2024-08-16,65800.0,2024,8,16,0,0,0,1,0,0,1,0,0,0,0,0,0,0,0,0,0,0,0,0,0,0,0,0,1,0,0,0,0,0,0,0,0,0,0,0,0,1,0,0,0,0,1,0,0
CUST003741,Mohammed,Dasgupta,29.0,Nagpur,2019-12-10,7900.0,2019,12,10,0,0,0,1,0,0,0,0,0,0,0,0,0,0,0,0,0,0,0,0,1,0,0,0,0,0,0,0,0,0,0,0,0,0,0,0,0,1,0,0,0,0,0,0,0
CUST003742,Brijesh,Hans,45.0,Hyderabad,2020-11-04,73600.0,2020,11,4,0,0,1,1,0,1,0,0,0,1,0,0,1,0,0,0,0,0,0,0,0,0,0,0,0,1,0,0,0,0,0,0,0,0,0,0,0,0,0,1,0,0,0,1,0
CUST003743,Avi,Vig,42.0,Jodhpur,2020-06-03,11600.0,2020,6,3,0,0,0,1,0,1,0,0,0,0,0,0,0,0,0,0,0,0,0,0,0,0,0,1,0,0,0,0,0,0,0,0,0,0,0,0,0,1,0,1,0,0,0,0,0
CUST003744,Ijaya,Soni,40.0,Hyderabad,2020-08-17,144800.0,2020,8,17,1,0,0,0,0,1,0,0,0,0,1,0,0,0,0,0,0,0,0,0,0,0,0,0,0,1,0,0,0,0,0,0,1,0,0,0,0,0,0,1,0,0,0,0,1
CUST003745,Yashasvi,Bahl,25.0,Ahmedabad,2019-08-17,271000.0,2019,8,17,0,1,0,0,0,0,0,0,0,1,0,1,0,0,0,0,1,0,0,0,0,0,0,0,0,0,0,0,1,0,0,0,0,0,0,0,0,0,0,0,0,0,0,0,1
CUST003746,Dipta,Wali,36.0,Chennai,2018-11-07,109600.0,2018,11,7,1,0,0,0,0,0,0,0,1,0,1,0,0,0,0,0,0,0,0,0,0,0,0,0,1,0,0,0,0,0,0,0,1,0,0,0,0,0,0,1,0,0,0,1,0
CUST003747,Hemangini,Bahl,18.0,Delhi,2026-07-11,12000.0,2026,7,11,0,0,0,0,0,0,1,0,0,0,0,0,0,0,0,1,0,0,0,0,0,0,0,0,0,0,0,0,0,0,0,0,0,0,0,0,0,1,0,0,0,0,0,0,0
CUST003748,Mahika,Jha,40.0,Jodhpur,2020-04-22,27400.0,2020,4,22,0,0,1,1,0,1,0,0,1,0,0,0,1,0,0,0,0,0,0,0,0,0,0,1,0,0,0,0,0,0,0,0,0,1,0,0,0,0,0,1,0,0,1,0,0
CUST003749,Jason,Sawhney,57.0,Pune,2020-02-11,95100.0,2020,2,11,1,0,0,1,0,1,0,0,1,0,1,0,0,0,0,0,0,0,0,0,1,0,0,0,0,0,0,0,0,0,1,0,0,0,0,0,0,0,0,0,1,0,0,1,0
CUST003750,Chaman,Walla,19.0,Coimbatore,2025-08-16,8400.0,2025,8,16,0,0,0,0,0,0,1,0,0,0,0,0,0,0,0,0,0,0,0,0,0,0,0,0,1,0,0,0,0,0,0,0,0,0,0,0,0,1,0,0,0,0,0,0,0
CUST003751,Oeshi,Ratti,30.0,Delhi,2019-05-21,53700.0,2019,5,21,0,0,1,0,0,1,0,0,1,0,0,0,1,0,0,1,0,0,0,0,0,0,0,0,0,0,0,0,0,0,0,0,0,0,0,0,1,0,0,0,0,0,1,0,0
CUST003752,Arin,Swamy,42.0,Mumbai,2019-11-02,27700.0,2019,11,2,0,0,1,1,0,1,0,0,0,1,0,0,1,0,0,0,0,0,0,0,1,0,0,0,0,0,0,0,0,0,0,0,0,1,0,0,0,0,0,1,0,0,1,0,0
CUST003753,Alka,Oak,54.0,Chennai,2018-12-01,147400.0,2018,12,1,0,1,0,0,0,1,0,0,0,1,0,1,0,0,0,0,0,0,0,0,0,0,0,0,1,0,0,0,0,1,0,0,0,0,0,0,0,0,0,0,1,0,0,0,1
CUST003754,Tejas,Gole,32.0,Chennai,2021-01-08,65800.0,2021,1,8,0,0,1,1,0,1,0,0,1,0,0,0,1,0,0,0,0,0,0,0,0,0,0,0,1,0,0,0,0,0,0,0,0,0,0,0,0,0,1,0,0,0,1,0,0
CUST003755,Sarthak,Bajwa,29.0,Ahmedabad,2019-05-07,47500.0,2019,5,7,0,0,1,1,0,1,0,0,0,0,0,0,1,0,0,0,1,0,0,0,0,0,0,0,0,0,0,0,0,0,1,0,0,0,0,0,0,0,0,0,0,0,1,0,0
CUST003756,Nathan,Raja,18.0,Vadodara,2026-07-11,16700.0,2026,7,11,0,0,0,1,0,1,0,0,0,1,0,0,0,0,0,0,1,0,0,0,0,0,0,0,0,0,0,0,0,0,0,0,0,1,0,0,0,0,0,0,0,0,0,0,0
CUST003757,Kabir,Chand,39.0,Surat,2020-10-29,111600.0,2020,10,29,1,0,0,1,0,1,0,0,1,0,1,0,0,0,0,0,1,0,0,0,0,0,0,0,0,0,0,0,0,0,0,0,1,0,0,0,0,0,0,1,0,0,0,1,0
CUST003758,Deepa,Chaudhary,65.0,Hyderabad,2019-08-16,37600.0,2019,8,16,0,0,1,0,0,1,0,0,1,0,0,0,1,0,0,0,0,0,0,0,0,0,0,0,0,1,0,0,0,0,0,0,0,0,1,0,0,0,0,0,1,0,1,0,0
CUST003759,Hamsini,Mangal,42.0,Howrah,2018-11-07,95300.0,2018,11,7,1,0,0,0,0,1,0,0,0,0,1,0,0,0,0,0,0,0,0,0,0,0,0,0,0,0,0,1,0,1,0,0,0,0,0,0,0,0,0,1,0,0,0,1,0
CUST003760,Ekbal,Goswami,38.0,Kolkata,2018-11-14,141900.0,2018,11,14,1,0,0,1,0,0,1,0,0,0,1,0,0,0,0,0,0,0,0,0,0,0,0,0,0,0,0,1,0,0,0,0,1,0,0,0,0,0,0,1,0,0,0,0,1
CUST003761,Lakshmi,Chakraborty,42.0,Hyderabad,2019-06-20,48400.0,2019,6,20,0,0,1,0,0,1,0,0,1,0,0,0,1,0,0,0,0,0,0,0,0,0,0,0,0,1,0,0,0,0,1,0,0,0,0,0,0,0,0,1,0,0,1,0,0
CUST003762,Ganga,Mohanty,38.0,Kolkata,2021-06-25,149600.0,2021,6,25,0,0,1,0,0,1,0,0,1,0,0,0,1,0,0,0,0,0,0,0,0,0,0,0,0,0,0,1,0,1,0,0,0,0,0,0,0,0,0,1,0,0,0,0,1
CUST003763,Samar,Gara,27.0,Guwahati,2019-01-03,237600.0,2019,1,3,0,1,0,1,0,1,0,0,0,0,0,1,0,0,0,0,0,0,0,0,0,0,0,0,0,0,0,0,1,0,0,0,0,0,0,0,0,0,0,0,0,0,0,0,1
CUST003764,Ayushman,Nanda,49.0,Delhi,2019-08-26,14800.0,2019,8,26,0,0,0,1,0,1,0,0,0,0,0,0,0,0,0,1,0,0,0,0,0,0,0,0,0,0,0,0,0,0,0,0,0,0,0,0,0,1,0,1,0,0,0,0,0
CUST003765,Hemangini,Bala,41.0,Patna,2020-09-10,194100.0,2020,9,10,1,0,0,0,0,1,0,0,0,1,1,0,0,1,0,0,0,0,0,0,0,0,0,0,0,0,0,0,0,0,0,0,1,0,0,0,0,0,0,1,0,0,0,0,1
CUST003766,Barkha,Misra,38.0,Mumbai,2021-01-23,13700.0,2021,1,23,0,0,0,0,0,1,0,0,0,0,0,0,0,0,0,0,0,0,0,0,1,0,0,0,0,0,0,0,0,0,0,0,0,0,0,0,0,1,0,1,0,0,0,0,0
CUST003767,Madhavi,Chaudhary,25.0,Bengaluru,2021-04-11,30000.0,2021,4,11,0,0,0,0,1,1,0,0,0,0,0,0,0,0,0,0,0,1,0,0,0,0,0,0,0,0,0,0,0,0,0,0,0,1,0,0,0,0,0,0,0,0,1,0,0
CUST003768,Nathaniel,Dhar,55.0,Bengaluru,2021-06-22,140700.0,2021,6,22,0,0,1,1,0,0,1,0,0,1,0,0,1,0,0,0,0,1,0,0,0,0,0,0,0,0,0,0,0,1,0,0,0,0,0,0,0,0,0,0,1,0,0,0,1
CUST003769,Triveni,Naik,47.0,Kolkata,2019-05-13,57400.0,2019,5,13,0,0,1,0,0,1,0,0,1,0,0,0,1,0,0,0,0,0,0,0,0,0,0,0,0,0,0,1,0,0,0,0,0,0,0,1,0,0,0,1,0,0,1,0,0
CUST003770,Kai,Prashad,31.0,Pune,2020-12-01,67400.0,2020,12,1,0,0,1,1,0,0,0,0,0,0,0,0,1,0,0,0,0,0,0,0,1,0,0,0,0,0,0,0,0,0,0,0,0,0,0,1,0,0,0,0,0,0,0,1,0
CUST003771,Darpan,Ben,51.0,Indore,2021-07-21,16900.0,2021,7,21,0,0,0,1,0,0,1,0,1,0,0,0,0,0,0,0,0,0,0,1,0,0,0,0,0,0,0,0,0,0,0,0,0,0,0,0,0,1,0,0,1,0,0,0,0
CUST003772,Isha,Khatri,32.0,Kanpur,2020-06-07,92400.0,2020,6,7,1,0,0,0,0,1,0,0,1,0,1,0,0,0,0,0,0,0,0,0,0,0,0,0,0,0,1,0,0,0,0,0,1,0,0,0,0,0,0,0,0,0,0,1,0
CUST003773,Jagat,Tailor,28.0,Ahmedabad,2020-03-05,95900.0,2020,3,5,0,0,1,1,0,1,0,0,0,1,0,0,1,0,0,0,1,0,0,0,0,0,0,0,0,0,0,0,0,1,0,0,0,0,0,0,0,0,0,0,0,0,0,1,0
CUST003774,Zayyan,Rajan,28.0,Chennai,2021-02-12,24600.0,2021,2,12,0,0,0,1,0,0,1,0,0,1,0,0,0,0,0,0,0,0,0,0,0,0,0,0,1,0,0,0,0,0,0,0,0,1,0,0,0,0,0,0,0,0,0,0,0
CUST003775,Dakshesh,Luthra,18.0,Thiruvananthapuram,2026-07-11,21700.0,2026,7,11,0,0,0,1,0,0,1,0,0,0,0,0,0,0,0,0,0,0,1,0,0,0,0,0,0,0,0,0,0,0,0,0,0,1,0,0,0,0,0,0,0,0,0,0,0
CUST003776,Azaan,Nadkarni,44.0,Kanpur,2021-01-21,152400.0,2021,1,21,1,0,0,1,0,1,0,0,0,1,1,0,0,0,0,0,0,0,0,0,0,0,0,0,0,0,1,0,0,0,0,0,0,0,0,0,0,0,0,1,0,0,0,0,1
CUST003777,Vedika,Ray,18.0,Chennai,2026-07-11,67100.0,2026,7,11,0,0,1,1,0,0,1,0,0,0,0,0,1,0,0,0,0,0,0,0,0,0,0,0,1,0,0,0,0,0,0,0,0,0,0,1,0,0,0,0,0,0,0,1,0
CUST003778,Bhavini,Sule,22.0,Ahmedabad,2022-08-17,8000.0,2022,8,17,0,0,0,0,0,0,1,0,1,0,0,0,0,0,0,0,1,0,0,0,0,0,0,0,0,0,0,0,0,0,0,0,0,0,0,0,0,1,0,0,0,0,0,0,0
CUST003779,Akshay,Reddy,18.0,Kolkata,2026-07-11,9100.0,2026,7,11,0,0,0,1,0,0,1,0,0,0,0,0,0,0,0,0,0,0,0,0,0,0,0,0,0,0,0,1,0,0,0,0,0,0,0,0,0,1,0,0,0,0,0,0,0
CUST003780,Jackson,Bahl,37.0,Kolkata,2021-03-09,123000.0,2021,3,9,0,0,1,1,0,1,0,0,1,0,0,0,1,0,0,0,0,0,0,0,0,0,0,0,0,0,0,1,0,0,0,0,0,0,0,0,1,0,0,1,0,0,0,1,0
CUST003781,Krish,Chaudhuri,36.0,Bengaluru,2021-01-14,183000.0,2021,1,14,1,0,0,1,0,0,1,0,0,1,1,0,0,0,0,0,0,1,0,0,0,0,0,0,0,0,0,0,1,0,0,0,0,0,0,0,0,0,0,1,0,0,0,0,1
CUST003782,Krishna,Dass,34.0,Chennai,2020-06-12,56500.0,2020,6,12,0,0,1,0,0,1,0,0,1,0,0,0,1,0,0,0,0,0,0,0,0,0,0,0,1,0,0,0,0,0,0,0,0,0,0,1,0,0,0,0,0,0,1,0,0
CUST003783,Max,Ray,24.0,Pune,2021-04-28,15400.0,2021,4,28,0,0,0,1,0,0,1,0,0,1,0,0,0,0,0,0,0,0,0,0,1,0,0,0,0,0,0,0,0,0,0,0,0,0,0,0,0,1,0,0,0,0,0,0,0
CUST003784,Vansha,Chacko,23.0,Hyderabad,2021-08-16,96800.0,2021,8,16,0,0,1,0,0,0,1,0,0,0,0,0,1,0,0,0,0,0,0,0,0,0,0,0,0,1,0,0,0,1,0,0,0,0,0,0,0,0,0,0,0,0,0,1,0
CUST003785,Zashil,Jani,44.0,Ahmedabad,2020-07-30,106900.0,2020,7,30,0,0,1,1,0,1,0,0,1,0,0,0,1,0,0,0,1,0,0,0,0,0,0,0,0,0,0,0,0,1,0,0,0,0,0,0,0,0,0,1,0,0,0,1,0
CUST003786,Ekavir,Prakash,31.0,Guwahati,2020-08-20,10700.0,2020,8,20,0,0,0,1,0,1,0,0,1,0,0,0,0,0,0,0,0,0,0,0,0,0,0,0,0,0,0,0,0,0,0,0,0,0,0,0,0,1,0,0,0,0,0,0,0
CUST003787,Hamsini,Korpal,42.0,Bhubaneswar,2019-05-18,99300.0,2019,5,18,1,0,0,0,0,0,0,0,0,0,1,0,0,0,0,0,0,0,0,0,0,1,0,0,0,0,0,0,0,0,0,0,1,0,0,0,0,0,0,1,0,0,0,1,0
CUST003788,Udyati,Seth,26.0,Kolkata,2021-05-26,84000.0,2021,5,26,0,0,1,0,0,1,0,0,1,0,0,0,1,0,0,0,0,0,0,0,0,0,0,0,0,0,0,1,0,1,0,0,0,0,0,0,0,0,0,0,0,0,0,1,0
CUST003789,Ansh,Agarwal,40.0,Kolkata,2019-01-16,35300.0,2019,1,16,0,0,1,1,0,1,0,0,1,0,0,0,1,0,0,0,0,0,0,0,0,0,0,0,0,0,0,1,0,0,0,0,0,0,0,0,0,0,0,1,0,0,1,0,0
CUST003790,Vedika,Mann,55.0,Delhi,2019-03-06,62900.0,2019,3,6,0,0,1,0,0,0,0,0,0,1,0,0,1,0,0,1,0,0,0,0,0,0,0,0,0,0,0,0,0,0,1,0,0,0,0,0,0,0,0,0,1,0,1,0,0
CUST003791,Geetika,Acharya,46.0,Ahmedabad,2019-04-30,134300.0,2019,4,30,1,0,0,0,0,0,0,0,1,0,1,0,0,0,0,0,1,0,0,0,0,0,0,0,0,0,0,0,0,1,0,0,0,0,0,0,0,0,0,1,0,0,0,0,1
CUST003792,Bhanumati,Subramaniam,33.0,Mumbai,2020-09-11,121800.0,2020,9,11,1,0,0,0,0,1,0,0,0,1,1,0,0,0,0,0,0,0,0,0,1,0,0,0,0,0,0,0,0,0,0,0,1,0,0,0,0,0,0,0,0,0,0,1,0
CUST003793,Madhavi,Krishna,41.0,Bengaluru,2019-02-27,95000.0,2019,2,27,1,0,0,0,0,1,0,0,0,1,1,0,0,0,0,0,0,1,0,0,0,0,0,0,0,0,0,0,0,0,0,0,0,0,0,1,0,0,0,1,0,0,0,1,0
CUST003794,Sachi,Panchal,35.0,Ahmedabad,2021-01-28,66400.0,2021,1,28,0,0,1,0,0,0,1,0,0,1,0,0,1,0,0,0,1,0,0,0,0,0,0,0,0,0,0,0,0,0,0,0,0,0,0,0,0,0,1,0,0,0,0,1,0
CUST003795,Simon,Uppal,38.0,Bengaluru,2021-04-02,54600.0,2021,4,2,0,0,1,0,1,1,0,0,0,1,0,0,1,0,0,0,0,1,0,0,0,0,0,0,0,0,0,0,0,0,1,0,0,0,0,0,0,0,0,1,0,0,1,0,0
CUST003796,Lohit,Bath,34.0,Mumbai,2021-06-28,15000.0,2021,6,28,0,0,0,1,0,0,0,0,0,0,0,0,0,0,0,0,0,0,0,0,1,0,0,0,0,0,0,0,0,0,0,0,0,0,1,0,0,0,0,0,0,0,0,0,0
CUST003797,Gaurika,Walla,36.0,Varanasi,2018-10-22,44200.0,2018,10,22,0,0,1,0,0,1,0,0,1,0,0,0,1,0,0,0,0,0,0,0,0,0,0,0,0,0,1,0,0,0,0,0,0,0,0,1,0,0,0,1,0,0,1,0,0
CUST003798,Bakhshi,Mital,41.0,Bengaluru,2020-09-13,10600.0,2020,9,13,0,0,0,1,0,1,0,0,0,1,0,0,0,0,0,0,0,1,0,0,0,0,0,0,0,0,0,0,0,0,0,0,0,0,0,0,0,1,0,1,0,0,0,0,0
CUST003799,Chaitanya,Rana,25.0,Mumbai,2019-08-17,233300.0,2019,8,17,1,0,0,1,0,0,1,0,0,0,1,0,0,0,0,0,0,0,0,0,1,0,0,0,0,0,0,0,0,0,0,0,0,0,0,0,1,0,0,0,0,0,0,0,1
CUST003800,Darsh,Dey,25.0,Mumbai,2020-10-22,30800.0,2020,10,22,0,0,1,1,0,0,1,0,1,0,0,0,1,0,0,0,0,0,0,0,1,0,0,0,0,0,0,0,0,0,0,0,0,1,0,0,0,0,0,0,0,0,1,0,0
CUST003801,Logan,Sankaran,20.0,New Delhi,2024-08-16,13800.0,2024,8,16,0,0,0,1,0,0,1,0,0,0,0,0,0,0,0,1,0,0,0,0,0,0,0,0,0,0,0,0,0,0,0,0,0,0,0,0,0,1,0,0,0,0,0,0,0
CUST003802,Jagrati,Thaman,18.0,Delhi,2026-07-11,9700.0,2026,7,11,0,0,0,1,0,1,0,0,0,0,0,0,0,0,0,1,0,0,0,0,0,0,0,0,0,0,0,0,0,0,0,0,0,0,0,0,0,1,0,0,0,0,0,0,0
CUST003803,Nitara,Oommen,22.0,Udaipur,2022-08-17,14600.0,2022,8,17,0,0,0,0,0,1,0,0,1,0,0,0,0,0,0,0,0,0,0,0,0,0,0,1,0,0,0,0,0,0,0,0,0,0,0,0,0,1,0,0,0,0,0,0,0
CUST003804,Leena,Sethi,40.0,Bengaluru,2020-02-20,122300.0,2020,2,20,1,0,0,0,0,0,0,0,1,0,1,0,0,0,0,0,0,1,0,0,0,0,0,0,0,0,0,0,0,0,0,0,0,0,0,0,1,0,0,1,0,0,0,1,0
CUST003805,Laban,Korpal,26.0,Lucknow,2019-01-10,365100.0,2019,1,10,0,1,0,1,0,0,1,0,0,0,0,1,0,0,0,0,0,0,0,0,0,0,0,0,0,0,1,0,0,0,0,0,0,0,0,0,0,0,0,0,0,0,0,0,1
CUST003806,Naveen,Om,45.0,Delhi,2018-10-09,38900.0,2018,10,9,0,0,1,1,0,1,0,0,1,0,0,0,1,0,0,1,0,0,0,0,0,0,0,0,0,0,0,0,0,0,0,0,0,0,1,0,0,0,0,1,0,0,1,0,0
CUST003807,Jagrati,Sharaf,38.0,Chennai,2020-08-26,210900.0,2020,8,26,1,0,0,0,0,1,0,0,1,0,1,0,0,0,0,0,0,0,0,0,0,0,0,0,1,0,0,0,0,0,0,0,0,0,0,0,0,0,0,1,0,0,0,0,1
CUST003808,Nitesh,Babu,18.0,Ahmedabad,2026-07-11,11900.0,2026,7,11,0,0,0,1,0,1,0,0,0,0,0,0,0,0,0,0,1,0,0,0,0,0,0,0,0,0,0,0,0,0,0,0,0,0,0,0,0,1,0,0,0,0,0,0,0
CUST003809,Ekani,Agate,47.0,Ahmedabad,2019-06-20,403600.0,2019,6,20,0,1,0,0,0,0,1,0,0,0,0,1,0,0,0,0,1,0,0,0,0,0,0,0,0,0,0,0,0,0,0,0,0,0,0,0,0,0,0,1,0,0,0,0,1
CUST003810,Vyanjana,Agrawal,49.0,Kolkata,2020-09-21,53400.0,2020,9,21,0,0,1,1,0,1,0,0,1,0,0,0,1,0,0,0,0,0,0,0,0,0,0,0,0,0,0,1,0,0,0,0,0,0,1,0,0,0,0,1,0,0,1,0,0
CUST003811,Aarna,Ghose,25.0,Thiruvananthapuram,2019-08-17,197500.0,2019,8,17,1,0,0,0,0,0,1,0,0,0,1,0,0,0,0,0,0,0,1,0,0,0,0,0,0,0,0,0,0,0,0,0,0,0,0,0,0,0,0,0,0,0,0,0,1
CUST003812,Triveni,Suresh,43.0,Delhi,2021-05-27,65800.0,2021,5,27,1,0,0,0,0,0,0,0,1,0,1,0,0,0,0,1,0,0,0,0,0,0,0,0,0,0,0,0,0,0,0,0,0,0,0,0,1,0,0,1,0,0,1,0,0
CUST003813,Shravya,Yohannan,27.0,Chennai,2020-01-21,63100.0,2020,1,21,0,0,1,0,0,0,1,0,0,1,0,0,1,0,0,0,0,0,0,0,0,0,0,0,1,0,0,0,0,0,0,0,0,0,0,1,0,0,0,0,0,0,1,0,0
CUST003814,Banjeet,Brahmbhatt,39.0,Indore,2021-04-04,22100.0,2021,4,4,0,0,0,1,0,0,1,0,0,0,0,0,0,0,0,0,0,0,0,1,0,0,0,0,0,0,0,0,0,0,0,0,0,1,0,0,0,0,0,1,0,0,0,0,0
CUST003815,Amruta,Saxena,22.0,Pune,2022-08-17,19600.0,2022,8,17,0,0,0,0,0,0,1,0,0,0,0,0,0,0,0,0,0,0,0,0,1,0,0,0,0,0,0,0,0,0,0,0,0,1,0,0,0,0,0,0,0,0,0,0,0
CUST003816,David,Pandit,18.0,Mumbai,2026-07-11,39500.0,2026,7,11,0,0,0,1,0,0,1,0,1,0,0,0,0,0,0,0,0,0,0,0,1,0,0,0,0,0,0,0,0,0,0,0,0,0,0,1,0,0,0,0,0,0,1,0,0
CUST003817,Raghav,Parmar,33.0,Delhi,2019-02-09,11300.0,2019,2,9,0,0,1,1,0,1,0,0,1,0,0,0,1,0,0,1,0,0,0,0,0,0,0,0,0,0,0,0,0,0,0,1,0,0,0,0,0,0,0,0,0,0,0,0,0
CUST003818,Rishi,Goel,36.0,Howrah,2021-01-16,22200.0,2021,1,16,0,0,0,1,0,0,0,0,1,0,0,0,0,0,0,0,0,0,0,0,0,0,0,0,0,0,0,1,0,0,0,0,0,1,0,0,0,0,0,1,0,0,0,0,0
CUST003819,Aarna,Dash,33.0,New Delhi,2019-03-14,137500.0,2019,3,14,1,0,0,0,0,1,0,0,0,1,1,0,0,0,0,1,0,0,0,0,0,0,0,0,0,0,0,0,0,0,0,0,1,0,0,0,0,0,0,0,0,0,0,0,1
CUST003820,Vihaan,Prabhakar,23.0,Delhi,2021-08-16,274900.0,2021,8,16,1,0,0,1,0,1,0,0,0,1,1,0,0,0,0,1,0,0,0,0,0,0,0,0,0,0,0,0,1,0,0,0,0,0,0,0,0,0,0,0,0,0,0,0,1
CUST003821,Gopal,Saxena,33.0,Chennai,2020-02-17,65800.0,2020,2,17,0,0,1,1,0,1,0,0,1,0,0,0,1,0,0,0,0,0,0,0,0,0,0,0,1,0,0,0,0,0,1,0,0,0,0,0,0,0,0,0,0,0,1,0,0
CUST003822,Aayush,Kant,42.0,Kolkata,2020-12-03,173300.0,2020,12,3,1,0,0,1,0,1,0,0,0,1,1,0,0,0,0,0,0,0,0,0,0,0,0,0,0,0,0,1,0,1,0,0,0,0,0,0,0,0,0,1,0,0,0,0,1
CUST003823,Aishani,Mand,37.0,New Delhi,2020-12-11,65800.0,2020,12,11,0,0,1,0,0,0,0,0,0,0,0,0,1,0,0,1,0,0,0,0,0,0,0,0,0,0,0,0,0,0,1,0,0,0,0,0,0,0,0,1,0,0,1,0,0
CUST003824,Rachita,Handa,40.0,Bengaluru,2020-03-25,54700.0,2020,3,25,0,0,1,0,0,1,0,0,1,0,0,0,1,0,0,0,0,1,0,0,0,0,0,0,0,0,0,0,0,0,0,0,0,0,0,0,0,0,1,1,0,0,1,0,0
CUST003825,Chandani,Mitter,29.0,Kolkata,2021-08-07,98400.0,2021,8,7,0,0,1,0,0,1,0,0,0,1,0,0,1,0,0,0,0,0,0,0,0,0,0,0,0,0,0,1,0,0,0,0,1,0,0,0,0,0,0,0,0,0,0,1,0
CUST003826,Janya,Kaur,53.0,Guwahati,2020-01-12,254600.0,2020,1,12,0,1,0,0,0,1,0,0,1,0,0,1,0,0,0,0,0,0,0,0,0,0,0,0,0,0,0,0,0,0,0,0,1,0,0,0,0,0,0,0,1,0,0,0,1
CUST003827,Yatin,Patil,23.0,Ahmedabad,2021-08-16,69000.0,2021,8,16,0,0,1,1,0,0,1,0,0,0,0,0,1,0,0,0,1,0,0,0,0,0,0,0,0,0,0,0,0,0,0,0,1,0,0,0,0,0,0,0,0,0,0,1,0
CUST003828,Andrew,Mand,44.0,Udaipur,2021-02-28,169100.0,2021,2,28,1,0,0,1,0,1,0,0,1,0,1,0,0,0,0,0,0,0,0,0,0,0,0,1,0,0,0,0,0,0,0,0,1,0,0,0,0,0,0,1,0,0,0,0,1
CUST003829,Xiti,Kadakia,53.0,Hyderabad,2019-11-27,77300.0,2019,11,27,0,0,1,0,0,1,0,0,0,1,0,0,1,0,0,0,0,0,0,0,0,0,0,0,0,1,0,0,0,0,1,0,0,0,0,0,0,0,0,0,1,0,0,1,0
CUST003830,Aarush,Hayre,44.0,Bengaluru,2018-09-27,39100.0,2018,9,27,0,0,1,1,0,1,0,0,0,0,0,0,1,0,0,0,0,1,0,0,0,0,0,0,0,0,0,0,0,0,0,0,0,1,0,0,0,0,0,1,0,0,1,0,0
CUST003831,Rudra,Choudhry,35.0,Chennai,2019-01-16,10300.0,2019,1,16,0,0,1,1,0,1,0,0,0,0,0,0,1,0,0,0,0,0,0,0,0,0,0,0,1,0,0,0,0,0,0,0,0,0,0,0,0,1,0,0,0,0,0,0,0
CUST003832,Liam,Tella,31.0,Lucknow,2019-01-27,26800.0,2019,1,27,0,0,1,1,0,0,1,0,1,0,0,0,1,0,0,0,0,0,0,0,0,0,0,0,0,0,1,0,0,0,0,0,0,1,0,0,0,0,0,0,0,0,1,0,0
CUST003833,Xiti,Garde,51.0,Chennai,2019-02-28,134800.0,2019,2,28,0,1,0,0,0,0,0,1,0,0,0,1,0,0,0,0,0,0,0,0,0,0,0,0,1,0,0,0,0,1,0,0,0,0,0,0,0,0,0,0,1,0,0,0,1
CUST003834,Gunbir,Gill,20.0,Chandigarh,2024-08-16,21500.0,2024,8,16,0,0,0,1,0,0,1,0,0,1,0,0,0,0,1,0,0,0,0,0,0,0,0,0,0,0,0,0,0,0,0,0,0,1,0,0,0,0,0,0,0,0,0,0,0
CUST003835,Bhavini,Dave,25.0,Ludhiana,2019-08-17,26100.0,2019,8,17,0,0,1,1,0,1,0,0,0,0,0,0,1,0,0,0,0,0,0,0,0,0,1,0,0,0,0,0,0,0,0,0,0,1,0,0,0,0,0,0,0,0,0,0,0
CUST003836,Bachittar,Datta,33.0,Mumbai,2018-10-20,19400.0,2018,10,20,0,0,1,1,0,0,1,0,1,0,0,0,1,0,0,0,0,0,0,0,1,0,0,0,0,0,0,0,0,0,0,0,0,1,0,0,0,0,0,0,0,0,0,0,0
CUST003837,Leela,Kari,54.0,Mumbai,2020-02-20,281100.0,2020,2,20,0,1,0,0,0,0,1,0,0,1,0,1,0,0,0,0,0,0,0,0,1,0,0,0,0,0,0,0,0,0,0,0,0,0,0,0,0,0,0,0,1,0,0,0,1
CUST003838,Laksh,Handa,43.0,Pune,2020-07-24,96400.0,2020,7,24,0,0,1,1,0,1,0,0,1,0,0,0,1,0,0,0,0,0,0,0,1,0,0,0,0,0,0,0,0,0,1,0,0,0,0,0,0,0,0,1,0,0,0,1,0
CUST003839,Advay,Walia,25.0,Hyderabad,2020-05-19,5700.0,2020,5,19,0,0,0,1,0,1,0,0,0,0,0,0,0,0,0,0,0,0,0,0,0,0,0,0,0,1,0,0,0,0,0,1,0,0,0,0,0,0,0,0,0,0,0,0,0
CUST003840,Jonathan,Setty,34.0,Pune,2020-08-15,151300.0,2020,8,15,1,0,0,1,0,1,0,0,1,0,1,0,0,0,0,0,0,0,0,0,1,0,0,0,0,0,0,0,0,0,0,0,0,0,0,0,0,0,0,0,0,0,0,0,1
CUST003841,Aadhya,Sane,30.0,Bhopal,2020-12-26,46500.0,2020,12,26,0,0,1,0,0,0,0,0,0,1,0,0,1,0,0,0,0,0,0,1,0,0,0,0,0,0,0,0,0,0,0,0,0,0,0,0,0,0,1,0,0,0,1,0,0
CUST003842,Atharv,Naidu,29.0,Mumbai,2019-10-09,62900.0,2019,10,9,0,0,1,1,0,1,0,0,0,0,0,0,1,0,0,0,0,0,0,0,1,0,0,0,0,0,0,0,0,0,1,0,0,0,0,0,0,0,0,0,0,0,1,0,0
CUST003843,Upma,Ray,51.0,Bengaluru,2019-12-09,134300.0,2019,12,9,1,0,0,0,0,1,0,0,1,0,1,0,0,0,0,0,0,1,0,0,0,0,0,0,0,0,0,0,0,0,0,0,1,0,0,0,0,0,0,0,1,0,0,0,1
CUST003844,Mahika,Dara,20.0,Delhi,2024-08-16,14700.0,2024,8,16,0,0,0,0,0,0,1,0,0,0,0,0,0,0,0,1,0,0,0,0,0,0,0,0,0,0,0,0,0,0,0,0,0,0,0,0,0,1,0,0,0,0,0,0,0
CUST003845,Yochana,Shukla,59.0,Thiruvananthapuram,2021-05-03,29500.0,2021,5,3,0,0,0,0,0,1,0,0,1,0,0,0,0,0,0,0,0,0,1,0,0,0,0,0,0,0,0,0,0,0,0,0,0,1,0,0,0,0,0,0,1,0,1,0,0
CUST003846,Yug,Pathak,38.0,Ahmedabad,2019-03-27,36300.0,2019,3,27,0,0,1,1,0,1,0,0,1,0,0,0,1,0,0,0,1,0,0,0,0,0,0,0,0,0,0,0,0,0,0,0,0,1,0,0,0,0,0,1,0,0,1,0,0
CUST003847,Anthony,Kapur,52.0,Kochi,2021-02-06,207300.0,2021,2,6,1,0,0,1,0,1,0,0,1,0,1,0,0,0,0,0,0,0,1,0,0,0,0,0,0,0,0,0,0,0,0,0,0,0,0,0,1,0,0,0,1,0,0,0,1
CUST003848,Arjun,Mall,32.0,Amritsar,2021-04-13,104700.0,2021,4,13,0,0,1,1,0,1,0,0,0,1,0,0,1,0,0,0,0,0,0,0,0,0,1,0,0,0,0,0,0,0,0,0,1,0,0,0,0,0,0,0,0,0,0,1,0
CUST003849,Ucchal,Walia,36.0,Chennai,2019-10-04,10700.0,2019,10,4,0,0,0,0,0,1,0,0,0,0,0,0,0,0,0,0,0,0,0,0,0,0,0,0,1,0,0,0,0,0,0,0,0,0,0,0,0,1,0,1,0,0,0,0,0
CUST003850,Vanya,Mutti,38.0,Delhi,2025-08-16,19000.0,2025,8,16,0,0,0,0,0,0,1,0,0,0,0,0,0,0,0,1,0,0,0,0,0,0,0,0,0,0,0,0,0,0,0,0,0,1,0,0,0,0,0,1,0,0,0,0,0
CUST003851,Aahana,Ramanathan,31.0,Delhi,2021-06-12,81100.0,2021,6,12,0,0,1,0,0,1,0,0,1,0,0,0,1,0,0,1,0,0,0,0,0,0,0,0,0,0,0,0,0,0,0,0,1,0,0,0,0,0,0,0,0,0,0,1,0
CUST003852,Indali,Natt,44.0,Delhi,2020-07-23,181200.0,2020,7,23,1,0,0,0,0,1,0,0,0,0,1,0,0,0,0,1,0,0,0,0,0,0,0,0,0,0,0,0,0,0,0,0,1,0,0,0,0,0,0,1,0,0,0,0,1
CUST003853,Banjeet,Bakshi,55.0,Ahmedabad,2019-04-24,41000.0,2019,4,24,0,0,1,1,0,1,0,0,1,0,0,0,1,0,0,0,1,0,0,0,0,0,0,0,0,0,0,0,0,0,0,0,0,1,0,0,0,0,0,0,1,0,1,0,0
CUST003854,Isaiah,Sampath,24.0,Mumbai,2020-08-16,92100.0,2020,8,16,0,0,1,1,0,0,1,0,1,0,0,0,1,0,0,0,0,0,0,0,1,0,0,0,0,0,0,0,0,0,0,0,0,0,0,0,0,0,0,0,0,0,0,1,0
CUST003855,Bishakha,Krish,33.0,Mumbai,2020-07-15,3000.0,2020,7,15,0,0,0,0,0,1,0,0,0,1,0,0,0,0,0,0,0,0,0,0,1,0,0,0,0,0,0,0,0,0,0,1,0,0,0,0,0,0,0,0,0,0,0,0,0
CUST003856,Guneet,Gala,36.0,Kolkata,2021-01-18,11700.0,2021,1,18,0,0,0,1,0,0,0,0,0,0,0,0,0,0,0,0,0,0,0,0,0,0,0,0,0,0,0,1,0,0,0,0,0,0,0,0,0,1,0,1,0,0,0,0,0
CUST003857,Nitesh,Mukhopadhyay,20.0,Howrah,2024-08-16,12500.0,2024,8,16,0,0,0,1,0,0,1,0,1,0,0,0,0,0,0,0,0,0,0,0,0,0,0,0,0,0,0,1,0,0,0,0,0,0,0,0,0,1,0,0,0,0,0,0,0
CUST003858,Bhavika,Chatterjee,46.0,Ahmedabad,2018-12-18,63400.0,2018,12,18,0,0,1,0,0,1,0,0,0,1,0,0,1,0,0,0,1,0,0,0,0,0,0,0,0,0,0,0,0,0,1,0,0,0,0,0,0,0,0,1,0,0,1,0,0
CUST003859,Akshay,Srinivasan,29.0,Hyderabad,2019-09-08,43300.0,2019,9,8,0,0,1,1,0,1,0,0,0,1,0,0,1,0,0,0,0,0,0,0,0,0,0,0,0,1,0,0,0,0,1,0,0,0,0,0,0,0,0,0,0,0,1,0,0
CUST003860,Upma,Bajwa,35.0,Lucknow,2019-03-10,73300.0,2019,3,10,1,0,0,0,0,1,0,0,0,1,1,0,0,0,0,0,0,0,0,0,0,0,0,0,0,0,1,0,0,0,0,0,0,0,0,0,0,0,1,0,0,0,0,1,0
CUST003861,Oviya,Krishna,32.0,Coimbatore,2020-01-23,246300.0,2020,1,23,1,0,0,0,0,0,1,0,1,0,1,0,0,0,0,0,0,0,0,0,0,0,0,0,1,0,0,0,0,0,0,0,0,0,0,0,1,0,0,0,0,0,0,0,1
CUST003862,Krishna,Chokshi,28.0,Pune,2019-06-22,38400.0,2019,6,22,0,0,1,0,0,1,0,0,0,0,0,0,1,0,0,0,0,0,0,0,1,0,0,0,0,0,0,0,0,0,0,0,0,0,0,1,0,0,0,0,0,0,1,0,0
CUST003863,Warjas,Khare,38.0,Jodhpur,2018-12-08,34600.0,2018,12,8,0,0,1,1,0,1,0,0,1,0,0,0,1,0,0,0,0,0,0,0,0,0,0,1,0,0,0,0,0,0,0,0,0,1,0,0,0,0,0,1,0,0,1,0,0
CUST003864,Onkar,Bhagat,35.0,Guwahati,2019-04-22,120400.0,2019,4,22,1,0,0,1,0,1,0,0,1,0,1,0,0,0,0,0,0,0,0,0,0,0,0,0,0,0,0,0,0,1,0,0,0,0,0,0,0,0,0,0,0,0,0,1,0
CUST003865,Osha,Venkatesh,33.0,Mumbai,2018-11-23,65800.0,2018,11,23,0,1,0,0,0,1,0,0,1,0,0,1,0,0,0,0,0,0,0,0,1,0,0,0,0,0,0,0,0,1,0,0,0,0,0,0,0,0,0,0,0,0,1,0,0
CUST003866,Jagat,Bora,29.0,Hyderabad,2020-05-01,153500.0,2020,5,1,1,0,0,1,0,1,0,0,0,0,1,0,0,0,0,0,0,0,0,0,0,0,0,0,0,1,0,0,0,0,0,0,1,0,0,0,0,0,0,0,0,0,0,0,1
CUST003867,Theodore,Chandran,42.0,Chennai,2018-11-29,122400.0,2018,11,29,1,0,0,1,0,1,0,0,1,0,1,0,0,0,0,0,0,0,0,0,0,0,0,0,1,0,0,0,0,0,0,0,1,0,0,0,0,0,0,1,0,0,0,1,0
CUST003868,Udant,Dash,59.0,Pune,2019-10-05,33400.0,2019,10,5,0,0,1,1,0,1,0,0,1,0,0,0,1,0,0,0,0,0,0,0,1,0,0,0,0,0,0,0,0,0,0,0,0,1,0,0,0,0,0,0,1,0,1,0,0
CUST003869,Brijesh,Bhat,40.0,Bhopal,2019-01-06,186700.0,2019,1,6,0,1,0,1,0,1,0,0,1,0,0,1,0,0,0,0,0,0,0,1,0,0,0,0,0,0,0,0,0,0,0,0,1,0,0,0,0,0,0,1,0,0,0,0,1
CUST003870,Anay,Purohit,51.0,Bengaluru,2021-07-04,215200.0,2021,7,4,1,0,0,1,0,0,1,0,0,1,1,0,0,0,0,0,0,1,0,0,0,0,0,0,0,0,0,0,0,0,0,0,1,0,0,0,0,0,0,0,1,0,0,0,1
CUST003871,Nirja,Bhattacharyya,20.0,Udaipur,2024-08-16,22000.0,2024,8,16,0,0,0,0,0,0,1,0,0,0,0,0,0,0,0,0,0,0,0,0,0,0,0,1,0,0,0,0,0,0,0,0,0,1,0,0,0,0,0,0,0,0,0,0,0
CUST003872,Devansh,Bhatia,40.0,Ahmedabad,2019-01-30,138600.0,2019,1,30,1,0,0,1,0,1,0,0,0,0,1,0,0,0,0,0,1,0,0,0,0,0,0,0,0,0,0,0,0,0,0,0,0,0,0,0,1,0,0,1,0,0,0,0,1
CUST003873,Timothy,Bhakta,24.0,Kolkata,2021-02-06,16900.0,2021,2,6,0,0,0,1,0,0,1,0,0,0,0,0,0,0,0,0,0,0,0,0,0,0,0,0,0,0,0,1,0,0,0,0,0,1,0,0,0,0,0,0,0,0,0,0,0
CUST003874,Nidhi,Sankaran,19.0,Delhi,2025-08-16,8700.0,2025,8,16,0,0,0,0,0,0,1,0,0,0,0,0,0,0,0,1,0,0,0,0,0,0,0,0,0,0,0,0,0,0,0,0,0,0,0,0,0,1,0,0,0,0,0,0,0
CUST003875,Bhavini,Chaudry,28.0,Delhi,2019-02-24,92800.0,2019,2,24,1,0,0,0,0,1,0,0,0,1,1,0,0,0,0,1,0,0,0,0,0,0,0,0,0,0,0,0,0,0,0,0,0,0,0,1,0,0,0,0,0,0,0,1,0
CUST003876,Ayaan,Ben,53.0,Mumbai,2020-10-05,167500.0,2020,10,5,1,0,0,1,0,0,1,0,0,1,1,0,0,0,0,0,0,0,0,0,1,0,0,0,0,0,0,0,0,1,0,0,0,0,0,0,0,0,0,0,1,0,0,0,1
CUST003877,Manan,Raj,50.0,Delhi,2020-05-29,112900.0,2020,5,29,1,0,0,1,0,1,0,0,0,1,1,0,0,0,0,1,0,0,0,0,0,0,0,0,0,0,0,0,0,0,0,0,0,0,0,1,0,0,0,1,0,0,0,1,0
CUST003878,Suhani,Char,41.0,Mysuru,2019-12-01,9900.0,2019,12,1,0,0,0,0,0,1,0,0,1,0,0,0,0,0,0,0,0,1,0,0,0,0,0,0,0,0,0,0,0,0,0,0,0,0,0,0,0,1,0,1,0,0,0,0,0
CUST003879,Tripti,Kaul,18.0,Varanasi,2026-07-11,9200.0,2026,7,11,0,0,0,0,0,0,1,0,1,0,0,0,0,0,0,0,0,0,0,0,0,0,0,0,0,0,1,0,0,0,0,0,0,0,0,0,0,0,0,0,0,0,0,0,0
CUST003880,Aashi,Setty,35.0,Hyderabad,2021-07-04,101300.0,2021,7,4,0,0,1,0,0,0,1,0,0,1,0,0,1,0,0,0,0,0,0,0,0,0,0,0,0,1,0,0,0,1,0,0,0,0,0,0,0,0,0,0,0,0,0,1,0
CUST003881,Sanaya,Shetty,42.0,Jaipur,2021-04-30,65100.0,2021,4,30,0,0,1,0,0,1,0,0,0,0,0,0,1,0,0,0,0,0,0,0,0,0,0,1,0,0,0,0,0,0,0,0,0,0,0,1,0,0,0,1,0,0,1,0,0
CUST003882,Tanish,Chaudhuri,40.0,Warangal,2021-04-28,9900.0,2021,4,28,0,0,0,1,0,1,0,0,1,0,0,0,0,0,0,0,0,0,0,0,0,0,0,0,0,1,0,0,0,0,0,0,0,0,0,0,0,1,0,1,0,0,0,0,0
CUST003883,Pallavi,Bal,18.0,Jodhpur,2026-07-11,9500.0,2026,7,11,0,0,0,0,0,0,1,0,0,0,0,0,0,0,0,0,0,0,0,0,0,0,0,1,0,0,0,0,0,0,0,0,0,0,0,0,0,1,0,0,0,0,0,0,0
CUST003884,Utkarsh,Varughese,26.0,Amritsar,2020-11-20,119500.0,2020,11,20,1,0,0,1,0,1,0,0,1,0,1,0,0,0,0,0,0,0,0,0,0,0,1,0,0,0,0,0,0,0,0,0,1,0,0,0,0,0,0,0,0,0,0,1,0
CUST003885,Omya,Hans,37.0,Delhi,2019-05-26,86100.0,2019,5,26,1,0,0,0,0,0,0,0,0,1,1,0,0,0,0,1,0,0,0,0,0,0,0,0,0,0,0,0,0,0,0,0,0,0,0,1,0,0,0,1,0,0,0,1,0
CUST003886,Darika,Chauhan,45.0,Bhopal,2019-11-28,107200.0,2019,11,28,0,0,1,0,0,0,0,0,1,0,0,0,1,0,0,0,0,0,0,1,0,0,0,0,0,0,0,0,0,0,0,0,0,0,0,1,0,0,0,1,0,0,0,1,0
CUST003887,Abha,Bir,18.0,Kolkata,2026-07-11,77200.0,2026,7,11,0,0,0,0,0,0,1,0,0,1,0,0,0,0,0,0,0,0,0,0,0,0,0,0,0,0,0,1,0,0,0,0,0,0,0,1,0,0,0,0,0,0,0,1,0
CUST003888,Gunbir,Date,36.0,Kanpur,2021-06-01,3200.0,2021,6,1,0,0,0,1,0,1,0,0,0,0,0,0,0,0,0,0,0,0,0,0,0,0,0,0,0,0,1,0,0,0,0,1,0,0,0,0,0,0,0,1,0,0,0,0,0
CUST003889,Kabir,Pant,40.0,Ahmedabad,2020-03-03,11500.0,2020,3,3,0,0,0,1,0,1,0,0,0,1,0,0,0,0,0,0,1,0,0,0,0,0,0,0,0,0,0,0,0,0,0,0,0,0,0,0,0,1,0,1,0,0,0,0,0
CUST003890,Ucchal,Srivastava,49.0,Hyderabad,2020-08-26,13500.0,2020,8,26,0,0,0,0,0,0,0,1,1,0,0,0,0,0,0,0,0,0,0,0,0,0,0,0,0,1,0,0,0,0,0,0,0,0,0,0,0,1,0,1,0,0,0,0,0
CUST003891,Vamakshi,Grewal,47.0,Delhi,2019-01-28,28600.0,2019,1,28,0,0,1,0,0,1,0,0,0,1,0,0,1,0,0,1,0,0,0,0,0,0,0,0,0,0,0,0,0,0,0,0,0,1,0,0,0,0,0,1,0,0,1,0,0
CUST003892,Keya,Devan,46.0,Mumbai,2019-07-03,54300.0,2019,7,3,0,0,1,0,0,1,0,0,0,1,0,0,1,0,0,0,0,0,0,0,1,0,0,0,0,0,0,0,0,0,0,0,0,0,0,0,0,0,1,1,0,0,1,0,0
CUST003893,Anthony,Bhasin,28.0,Coimbatore,2019-01-07,82500.0,2019,1,7,1,0,0,1,0,1,0,0,0,0,1,0,0,0,0,0,0,0,0,0,0,0,0,0,1,0,0,0,0,0,0,0,0,0,0,0,1,0,0,0,0,0,0,1,0
CUST003894,Devansh,Muni,18.0,Ludhiana,2026-07-11,72600.0,2026,7,11,0,0,1,1,0,0,1,0,0,1,0,0,1,0,0,0,0,0,0,0,0,0,1,0,0,0,0,0,0,0,0,0,0,0,0,1,0,0,0,0,0,0,0,1,0
CUST003895,Urmi,Varghese,33.0,Surat,2019-06-18,30200.0,2019,6,18,0,0,1,0,0,1,0,0,0,1,0,0,1,0,0,0,1,0,0,0,0,0,0,0,0,0,0,0,0,0,0,0,0,1,0,0,0,0,0,0,0,0,1,0,0
CUST003896,Praneel,Mukhopadhyay,51.0,Bengaluru,2020-01-03,129800.0,2020,1,3,1,0,0,1,0,1,0,0,0,1,1,0,0,0,0,0,0,1,0,0,0,0,0,0,0,0,0,0,0,1,0,0,0,0,0,0,0,0,0,0,1,0,0,1,0
CUST003897,Eta,Din,56.0,Kanpur,2019-02-24,118700.0,2019,2,24,1,0,0,0,0,1,0,0,0,0,1,0,0,0,0,0,0,0,0,0,0,0,0,0,0,0,1,0,0,0,0,0,0,0,0,1,0,0,0,0,1,0,0,1,0
CUST003898,Wahab,More,47.0,Jaipur,2020-02-08,166500.0,2020,2,8,1,0,0,1,0,1,0,0,0,0,1,0,0,0,0,0,0,0,0,0,0,0,0,1,0,0,0,0,0,0,0,0,1,0,0,0,0,0,0,1,0,0,0,0,1
CUST003899,Pavani,Manne,44.0,Bengaluru,2020-01-02,36500.0,2020,1,2,0,0,1,0,0,0,0,0,0,0,0,0,1,0,0,0,0,1,0,0,0,0,0,0,0,0,0,0,0,0,0,0,0,1,0,0,0,0,0,1,0,0,1,0,0
CUST003900,Raksha,Anand,43.0,Mumbai,2021-06-21,151900.0,2021,6,21,1,0,0,0,0,1,0,0,0,1,1,0,0,0,0,0,0,0,0,0,1,0,0,0,0,0,0,0,0,0,0,0,1,0,0,0,0,0,0,1,0,0,0,0,1
CUST003901,Yochana,Dhillon,31.0,Pune,2019-08-15,67400.0,2019,8,15,0,0,1,0,0,1,0,0,0,0,0,0,1,0,0,0,0,0,0,0,1,0,0,0,0,0,0,0,0,0,0,0,0,0,0,0,0,0,1,0,0,0,0,1,0
CUST003902,Ayush,Khanna,36.0,Indore,2020-10-21,123800.0,2020,10,21,0,0,1,1,0,1,0,0,1,0,0,0,1,0,0,0,0,0,0,1,0,0,0,0,0,0,0,0,0,1,0,0,0,0,0,0,0,0,0,1,0,0,0,1,0
CUST003903,Yashica,Bhagat,60.0,Varanasi,2021-07-26,69100.0,2021,7,26,0,0,1,0,0,1,0,0,0,1,0,0,1,0,0,0,0,0,0,0,0,0,0,0,0,0,1,0,0,0,0,0,0,0,1,0,0,0,0,0,1,0,0,1,0
CUST003904,Siddharth,Padmanabhan,26.0,Bengaluru,2021-06-04,13100.0,2021,6,4,0,0,0,1,0,1,0,0,1,0,0,0,0,0,0,0,0,1,0,0,0,0,0,0,0,0,0,0,0,0,0,0,0,0,0,0,0,1,0,0,0,0,0,0,0
CUST003905,Indira,Iyer,59.0,Bengaluru,2018-10-02,60400.0,2018,10,2,0,0,1,0,0,1,0,0,1,0,0,0,1,0,0,0,0,1,0,0,0,0,0,0,0,0,0,0,0,0,0,0,0,0,1,0,0,0,0,0,1,0,1,0,0
CUST003906,Harrison,Biswas,34.0,Jodhpur,2020-08-02,95500.0,2020,8,2,0,0,1,1,0,0,0,0,0,1,0,0,1,0,0,0,0,0,0,0,0,0,0,1,0,0,0,0,0,1,0,0,0,0,0,0,0,0,0,0,0,0,0,1,0
CUST003907,Onkar,Gulati,55.0,Thiruvananthapuram,2019-01-08,249700.0,2019,1,8,0,1,0,1,0,1,0,0,1,0,0,1,0,0,0,0,0,0,1,0,0,0,0,0,0,0,0,0,0,0,0,0,1,0,0,0,0,0,0,0,1,0,0,0,1
CUST003908,Wazir,Sibal,20.0,Udaipur,2024-08-16,73800.0,2024,8,16,0,0,1,1,0,0,1,0,1,0,0,0,1,0,0,0,0,0,0,0,0,0,0,1,0,0,0,0,0,0,0,0,0,0,0,1,0,0,0,0,0,0,0,1,0
CUST003909,Noah,Nayak,46.0,Kolkata,2018-10-18,38100.0,2018,10,18,0,0,1,1,0,0,1,0,1,0,0,0,1,0,0,0,0,0,0,0,0,0,0,0,0,0,0,1,0,0,0,0,0,1,0,0,0,0,0,1,0,0,1,0,0
CUST003910,Netra,Sahota,28.0,Delhi,2018-12-24,28500.0,2018,12,24,0,0,1,0,0,0,1,0,0,0,0,0,1,0,0,1,0,0,0,0,0,0,0,0,0,0,0,0,0,0,0,0,0,1,0,0,0,0,0,0,0,0,1,0,0
CUST003911,Nitesh,Gaba,20.0,Coimbatore,2024-08-16,16300.0,2024,8,16,0,0,0,1,0,0,1,0,0,1,0,0,0,0,0,0,0,0,0,0,0,0,0,0,1,0,0,0,0,0,0,0,0,1,0,0,0,0,0,0,0,0,0,0,0
CUST003912,Damini,Sha,41.0,Delhi,2020-10-04,65900.0,2020,10,4,0,0,1,0,0,1,0,0,0,0,0,0,1,0,0,1,0,0,0,0,0,0,0,0,0,0,0,0,0,0,1,0,0,0,0,0,0,0,0,1,0,0,0,1,0
CUST003913,Brijesh,Tandon,51.0,Lucknow,2021-03-03,185300.0,2021,3,3,1,0,0,1,0,1,0,0,0,1,1,0,0,0,0,0,0,0,0,0,0,0,0,0,0,0,1,0,0,0,0,0,0,0,0,0,1,0,0,0,1,0,0,0,1
CUST003914,Imaran,Aggarwal,27.0,Hyderabad,2019-09-16,68900.0,2019,9,16,0,0,1,1,0,0,1,0,0,1,0,0,1,0,0,0,0,0,0,0,0,0,0,0,0,1,0,0,0,0,1,0,0,0,0,0,0,0,0,0,0,0,0,1,0
CUST003915,Jasmit,Karpe,19.0,Varanasi,2025-08-16,9000.0,2025,8,16,0,0,0,0,0,0,1,0,0,0,0,0,0,0,0,0,0,0,0,0,0,0,0,0,0,0,1,0,0,0,0,0,0,0,0,0,0,1,0,0,0,0,0,0,0
CUST003916,Viraj,Kala,37.0,Hyderabad,2021-04-30,111600.0,2021,4,30,0,0,1,1,0,0,0,0,0,0,0,0,1,0,0,0,0,0,0,0,0,0,0,0,0,1,0,0,0,0,0,0,1,0,0,0,0,0,0,1,0,0,0,1,0
CUST003917,Jagdish,Srivastava,37.0,Kanpur,2019-08-05,35100.0,2019,8,5,0,0,1,1,0,1,0,0,1,0,0,0,1,0,0,0,0,0,0,0,0,0,0,0,0,0,1,0,0,0,0,0,0,1,0,0,0,0,0,1,0,0,1,0,0
CUST003918,Noah,Prashad,45.0,Bengaluru,2019-12-08,89200.0,2019,12,8,1,0,0,1,0,1,0,0,1,0,1,0,0,0,0,0,0,1,0,0,0,0,0,0,0,0,0,0,0,0,0,0,0,0,0,0,1,0,0,1,0,0,0,1,0
CUST003919,Ishanvi,Ratta,50.0,Warangal,2019-01-14,127900.0,2019,1,14,1,0,0,0,0,1,0,0,0,1,1,0,0,0,0,0,0,0,0,0,0,0,0,0,0,1,0,0,0,1,0,0,0,0,0,0,0,0,0,1,0,0,0,1,0
CUST003920,George,Ahuja,37.0,Kolkata,2019-10-19,111100.0,2019,10,19,0,0,1,1,0,0,0,0,0,0,0,0,1,0,0,0,0,0,0,0,0,0,0,0,0,0,0,1,0,0,0,0,0,0,0,1,0,0,0,1,0,0,0,1,0
CUST003921,Radhika,Anne,62.0,Mumbai,2019-11-26,192500.0,2019,11,26,1,0,0,0,0,1,0,0,0,1,1,0,0,0,0,0,0,0,0,0,1,0,0,0,0,0,0,0,0,0,0,0,0,0,0,0,1,0,0,0,1,0,0,0,1
CUST003922,Bina,Parmar,41.0,Guwahati,2020-04-20,65800.0,2020,4,20,0,0,1,0,0,1,0,0,1,0,0,0,1,0,0,0,0,0,0,0,0,0,0,0,0,0,0,0,0,0,0,0,0,0,0,0,0,0,0,1,0,0,1,0,0
CUST003923,Amruta,Contractor,33.0,Kolkata,2020-03-27,163900.0,2020,3,27,1,0,0,0,0,0,1,0,0,1,1,0,0,0,0,0,0,0,0,0,0,0,0,0,0,0,0,1,0,0,0,0,0,0,0,0,1,0,0,0,0,0,0,0,1
CUST003924,Ekavir,Mannan,18.0,Chennai,2026-07-11,28100.0,2026,7,11,0,0,0,1,0,0,1,0,0,0,0,0,0,0,0,0,0,0,0,0,0,0,0,0,1,0,0,0,0,0,0,0,0,1,0,0,0,0,0,0,0,0,1,0,0
CUST003925,Urvi,Hayer,35.0,Varanasi,2021-03-18,225600.0,2021,3,18,1,0,0,0,0,1,0,0,0,1,1,0,0,0,0,0,0,0,0,0,0,0,0,0,0,0,1,0,1,0,0,0,0,0,0,0,0,0,0,0,0,0,0,0,1
CUST003926,Radha,Bassi,34.0,Bhopal,2020-04-14,99800.0,2020,4,14,0,0,1,0,0,0,1,0,1,0,0,0,1,0,0,0,0,0,0,1,0,0,0,0,0,0,0,0,0,0,0,0,0,0,0,0,1,0,0,0,0,0,0,1,0
CUST003927,Amruta,Issac,50.0,Chennai,2019-08-29,178700.0,2019,8,29,1,0,0,0,0,1,0,0,1,0,1,0,0,0,0,0,0,0,0,0,0,0,0,0,1,0,0,0,0,1,0,0,0,0,0,0,0,0,0,1,0,0,0,0,1
CUST003928,Ira,Mander,44.0,Thiruvananthapuram,2020-04-29,143300.0,2020,4,29,1,0,0,0,0,1,0,0,0,0,1,0,0,0,0,0,0,0,1,0,0,0,0,0,0,0,0,0,0,0,0,0,1,0,0,0,0,0,0,1,0,0,0,0,1
CUST003929,Harita,Kanda,23.0,Mumbai,2021-08-16,100000.0,2021,8,16,0,0,1,0,0,0,1,0,0,0,0,0,1,0,0,0,0,0,0,0,1,0,0,0,0,0,0,0,0,1,0,0,0,0,0,0,0,0,0,0,0,0,0,1,0
CUST003930,Karan,Ghosh,40.0,Pune,2020-10-05,56700.0,2020,10,5,0,0,1,1,0,0,1,0,1,0,0,0,1,0,0,0,0,0,0,0,1,0,0,0,0,0,0,0,0,0,1,0,0,0,0,0,0,0,0,1,0,0,1,0,0
CUST003931,Omkaar,Korpal,47.0,Kolkata,2020-12-03,31900.0,2020,12,3,0,0,1,1,0,1,0,0,1,0,0,0,1,0,0,0,0,0,0,0,0,0,0,0,0,0,0,1,0,0,0,0,0,1,0,0,0,0,0,1,0,0,1,0,0
CUST003932,Gaurav,Hayre,58.0,Hyderabad,2020-08-04,146600.0,2020,8,4,1,0,0,1,0,1,0,0,0,1,1,0,0,0,0,0,0,0,0,0,0,0,0,0,0,1,0,0,0,1,0,0,0,0,0,0,0,0,0,0,1,0,0,0,1
CUST003933,Advay,Goda,50.0,Chennai,2019-01-04,66400.0,2019,1,4,1,0,0,1,0,1,0,0,0,0,1,0,0,0,0,0,0,0,0,0,0,0,0,0,1,0,0,0,0,0,1,0,0,0,0,0,0,0,0,1,0,0,0,1,0
CUST003934,Karan,Chaudhuri,48.0,Bengaluru,2020-02-10,11900.0,2020,2,10,0,0,0,1,0,1,0,0,1,0,0,0,0,0,0,0,0,1,0,0,0,0,0,0,0,0,0,0,0,0,0,0,0,0,0,0,0,1,0,1,0,0,0,0,0
CUST003935,Advaith,Devan,39.0,Hyderabad,2020-11-26,65800.0,2020,11,26,0,0,0,1,0,1,0,0,1,0,0,0,0,0,0,0,0,0,0,0,0,0,0,0,0,1,0,0,0,0,0,0,0,0,0,0,0,0,0,1,0,0,1,0,0
CUST003936,Ranveer,Choudhry,43.0,Kanpur,2020-06-21,94400.0,2020,6,21,1,0,0,1,0,1,0,0,1,0,1,0,0,0,0,0,0,0,0,0,0,0,0,0,0,0,1,0,0,1,0,0,0,0,0,0,0,0,0,1,0,0,0,1,0
CUST003937,Pallavi,Kade,54.0,Kolkata,2021-04-22,62700.0,2021,4,22,0,0,1,0,0,1,0,0,0,1,0,0,1,0,0,0,0,0,0,0,0,0,0,0,0,0,0,1,0,0,0,0,0,0,0,0,0,0,1,0,1,0,1,0,0
CUST003938,Michael,Shan,21.0,Ludhiana,2023-08-17,24000.0,2023,8,17,0,0,0,1,0,0,1,0,0,0,0,0,0,0,0,0,0,0,0,0,0,0,1,0,0,0,0,0,0,0,0,0,0,1,0,0,0,0,0,0,0,0,0,0,0
CUST003939,Kashvi,Pingle,33.0,Jodhpur,2020-05-26,64000.0,2020,5,26,0,0,1,0,0,1,0,0,0,1,0,0,1,0,0,0,0,0,0,0,0,0,0,1,0,0,0,0,0,0,0,0,0,0,0,0,0,0,1,0,0,0,1,0,0
CUST003940,Quincy,Garg,28.0,Bengaluru,2018-09-07,108300.0,2018,9,7,1,0,0,1,0,0,0,0,1,0,1,0,0,0,0,0,0,1,0,0,0,0,0,0,0,0,0,0,0,0,0,0,1,0,0,0,0,0,0,0,0,0,0,1,0
CUST003941,Zansi,Saraf,43.0,Bengaluru,2020-07-31,148800.0,2020,7,31,1,0,0,0,0,1,0,0,1,0,1,0,0,0,0,0,0,1,0,0,0,0,0,0,0,0,0,0,0,0,0,0,1,0,0,0,0,0,0,1,0,0,0,0,1
CUST003942,Bhavini,Dani,54.0,Bengaluru,2019-02-12,319000.0,2019,2,12,0,1,0,0,0,1,0,0,1,0,0,1,0,0,0,0,0,1,0,0,0,0,0,0,0,0,0,0,1,0,0,0,0,0,0,0,0,0,0,0,1,0,0,0,1
CUST003943,Ekbal,De,30.0,Varanasi,2020-11-08,57100.0,2020,11,8,0,0,1,1,0,0,1,0,0,0,0,0,1,0,0,0,0,0,0,0,0,0,0,0,0,0,1,0,0,0,0,0,0,0,0,0,0,0,1,0,0,0,1,0,0
CUST003944,Girish,Handa,18.0,Mumbai,2026-07-11,60500.0,2026,7,11,0,0,1,1,0,0,1,0,0,1,0,0,1,0,0,0,0,0,0,0,1,0,0,0,0,0,0,0,0,0,0,0,0,0,0,1,0,0,0,0,0,0,1,0,0
CUST003945,Ranbir,Prasad,33.0,Delhi,2021-07-12,89000.0,2021,7,12,0,0,1,1,0,1,0,0,0,0,0,0,1,0,0,1,0,0,0,0,0,0,0,0,0,0,0,0,0,0,0,0,0,0,0,1,0,0,0,0,0,0,0,1,0
CUST003946,Nathan,Sanghvi,50.0,Patna,2019-10-22,255500.0,2019,10,22,1,0,0,1,0,1,0,0,0,0,1,0,0,1,0,0,0,0,0,0,0,0,0,0,0,0,0,0,0,0,0,0,0,0,0,0,1,0,0,1,0,0,0,0,1
CUST003947,Krisha,Batra,45.0,Howrah,2020-09-09,96500.0,2020,9,9,0,0,1,0,0,1,0,0,0,1,0,0,1,0,0,0,0,0,0,0,0,0,0,0,0,0,0,1,0,0,0,0,0,0,0,1,0,0,0,1,0,0,0,1,0
CUST003948,Ijaya,Wason,44.0,Delhi,2020-04-17,115500.0,2020,4,17,1,0,0,0,0,1,0,0,0,1,1,0,0,0,0,1,0,0,0,0,0,0,0,0,0,0,0,0,0,0,0,0,1,0,0,0,0,0,0,1,0,0,0,1,0
CUST003949,Manan,Dixit,34.0,Delhi,2019-03-03,140600.0,2019,3,3,1,0,0,1,0,0,1,0,1,0,1,0,0,0,0,1,0,0,0,0,0,0,0,0,0,0,0,0,0,1,0,0,0,0,0,0,0,0,0,0,0,0,0,0,1
CUST003950,Nihal,Kota,21.0,Bhopal,2023-08-17,16100.0,2023,8,17,0,0,0,1,0,0,1,0,0,1,0,0,0,0,0,0,0,0,0,1,0,0,0,0,0,0,0,0,0,0,0,0,0,1,0,0,0,0,0,0,0,0,0,0,0
CUST003951,Avi,Mammen,45.0,Patna,2020-09-12,222900.0,2020,9,12,0,1,0,1,0,1,0,0,1,0,0,1,0,1,0,0,0,0,0,0,0,0,0,0,0,0,0,0,0,0,0,0,0,0,0,0,0,0,0,1,0,0,0,0,1
CUST003952,Dev,Trivedi,27.0,New Delhi,2019-02-02,89400.0,2019,2,2,1,0,0,1,0,1,0,0,0,0,1,0,0,0,0,1,0,0,0,0,0,0,0,0,0,0,0,0,0,0,0,0,0,0,0,1,0,0,0,0,0,0,0,1,0
CUST003953,Wishi,Kadakia,66.0,Hyderabad,2020-02-23,558500.0,2020,2,23,0,1,0,0,0,1,0,0,0,1,0,1,0,0,0,0,0,0,0,0,0,0,0,0,0,1,0,0,0,0,0,0,0,0,0,0,0,0,0,0,0,1,0,0,1
CUST003954,Banjeet,Singhal,45.0,Varanasi,2019-02-21,44600.0,2019,2,21,0,0,1,1,0,1,0,0,0,0,0,0,1,0,0,0,0,0,0,0,0,0,0,0,0,0,1,0,0,0,0,0,0,0,1,0,0,0,0,1,0,0,1,0,0
CUST003955,Bhavini,Ganesh,30.0,Udaipur,2020-07-02,61300.0,2020,7,2,0,0,1,0,0,0,1,0,0,0,0,0,1,0,0,0,0,0,0,0,0,0,0,1,0,0,0,0,0,0,0,0,0,0,0,0,0,0,1,0,0,0,1,0,0
CUST003956,Rishi,Upadhyay,30.0,Lucknow,2020-06-06,96900.0,2020,6,6,1,0,0,1,0,0,1,0,1,0,1,0,0,0,0,0,0,0,0,0,0,0,0,0,0,0,1,0,0,0,0,0,0,0,0,0,1,0,0,0,0,0,0,1,0
CUST003957,Rachit,Tara,37.0,Chennai,2021-02-14,283300.0,2021,2,14,1,0,0,1,0,1,0,0,0,1,1,0,0,0,0,0,0,0,0,0,0,0,0,0,1,0,0,0,0,0,0,0,0,0,0,0,0,0,0,1,0,0,0,0,1
CUST003958,Yochana,Shetty,35.0,Kochi,2018-11-16,163200.0,2018,11,16,1,0,0,0,0,1,0,0,1,0,1,0,0,0,0,0,0,0,1,0,0,0,0,0,0,0,0,0,0,0,0,0,0,0,0,0,0,0,0,0,0,0,0,0,1
CUST003959,Gaurav,Nagy,53.0,Bengaluru,2018-12-08,61000.0,2018,12,8,0,0,1,1,0,1,0,0,0,0,0,0,1,0,0,0,0,1,0,0,0,0,0,0,0,0,0,0,0,0,0,0,0,0,0,0,0,0,1,0,1,0,1,0,0
CUST003960,Ridhi,Vora,40.0,Nagpur,2018-09-03,138700.0,2018,9,3,1,0,0,0,0,1,0,0,0,1,1,0,0,0,0,0,0,0,0,0,1,0,0,0,0,0,0,0,0,0,0,0,0,0,0,0,1,0,0,1,0,0,0,0,1
CUST003961,Warhi,Talwar,28.0,Ahmedabad,2020-06-01,36300.0,2020,6,1,0,0,1,0,0,1,0,0,0,0,0,0,1,0,0,0,1,0,0,0,0,0,0,0,0,0,0,0,0,0,0,0,0,0,0,1,0,0,0,0,0,0,1,0,0
CUST003962,Warjas,Loyal,63.0,Madurai,2019-03-03,55700.0,2019,3,3,0,0,1,1,0,1,0,0,0,1,0,0,1,0,0,0,0,0,0,0,0,0,0,0,1,0,0,0,0,0,0,0,0,0,1,0,0,0,0,0,1,0,1,0,0
CUST003963,Sai,Bansal,39.0,Chandigarh,2020-05-19,149700.0,2020,5,19,1,0,0,1,0,1,0,0,1,0,1,0,0,0,1,0,0,0,0,0,0,0,0,0,0,0,0,0,0,1,0,0,0,0,0,0,0,0,0,1,0,0,0,0,1
CUST003964,Ishita,Kanda,48.0,Pune,2020-04-05,197800.0,2020,4,5,1,0,0,0,0,1,0,0,0,1,1,0,0,0,0,0,0,0,0,0,1,0,0,0,0,0,0,0,0,0,0,0,1,0,0,0,0,0,0,1,0,0,0,0,1
CUST003965,Isha,Seth,30.0,Varanasi,2019-02-19,25200.0,2019,2,19,0,0,1,0,0,1,0,0,0,0,0,0,1,0,0,0,0,0,0,0,0,0,0,0,0,0,1,0,0,0,0,0,0,0,1,0,0,0,0,0,0,0,0,0,0
CUST003966,Kamya,Randhawa,43.0,Bengaluru,2021-02-03,175500.0,2021,2,3,0,0,1,0,0,1,0,0,1,0,0,0,1,0,0,0,0,1,0,0,0,0,0,0,0,0,0,0,0,0,0,0,1,0,0,0,0,0,0,1,0,0,0,0,1
CUST003967,Ikbal,Mohan,42.0,Ahmedabad,2020-12-18,58800.0,2020,12,18,0,0,1,1,0,0,0,0,0,0,0,0,1,0,0,0,1,0,0,0,0,0,0,0,0,0,0,0,0,0,1,0,0,0,0,0,0,0,0,1,0,0,1,0,0
CUST003968,Pavani,Purohit,18.0,Mumbai,2026-07-11,8100.0,2026,7,11,0,0,0,0,1,0,1,0,0,1,0,0,0,0,0,0,0,0,0,0,1,0,0,0,0,0,0,0,0,0,0,0,0,0,0,0,0,1,0,0,0,0,0,0,0
CUST003969,Farhan,Prasad,64.0,Kolkata,2019-04-06,427200.0,2019,4,6,0,1,0,1,0,0,0,0,1,0,0,1,0,0,0,0,0,0,0,0,0,0,0,0,0,0,0,1,0,0,0,0,0,0,0,0,0,0,0,0,1,0,0,0,1
CUST003970,Lakshmi,Chad,55.0,Ahmedabad,2020-07-04,17000.0,2020,7,4,0,0,0,0,0,1,0,0,0,1,0,0,0,0,0,0,1,0,0,0,0,0,0,0,0,0,0,0,0,0,0,0,0,0,0,0,0,1,0,0,1,0,0,0,0
CUST003971,Ekani,Chad,33.0,Hyderabad,2020-07-20,115200.0,2020,7,20,1,0,0,0,0,1,0,0,1,0,1,0,0,0,0,0,0,0,0,0,0,0,0,0,0,1,0,0,0,1,0,0,0,0,0,0,0,0,0,0,0,0,0,1,0
CUST003972,Manbir,Saxena,24.0,Delhi,2020-08-16,50100.0,2020,8,16,0,0,1,1,0,1,0,0,0,0,0,0,1,0,0,1,0,0,0,0,0,0,0,0,0,0,0,0,0,0,0,0,0,0,0,1,0,0,0,0,0,0,1,0,0
CUST003973,Yochana,Pandey,43.0,Coimbatore,2020-06-22,115100.0,2020,6,22,0,0,1,0,0,1,0,0,0,1,0,0,1,0,0,0,0,0,0,0,0,0,0,0,1,0,0,0,0,0,0,0,0,0,0,0,0,0,0,1,0,0,0,1,0
CUST003974,Ishwar,Barman,39.0,Varanasi,2020-11-18,9100.0,2020,11,18,0,0,0,1,0,1,0,0,1,0,0,0,0,0,0,0,0,0,0,0,0,0,0,0,0,0,1,0,0,0,0,0,0,0,0,0,0,1,0,1,0,0,0,0,0
CUST003975,Vidhi,Vala,43.0,Bengaluru,2019-10-03,12500.0,2019,10,3,0,0,0,0,0,1,0,0,1,0,0,0,0,0,0,0,0,1,0,0,0,0,0,0,0,0,0,0,0,0,0,0,0,0,1,0,0,0,0,1,0,0,0,0,0
CUST003976,Om,Sandhu,40.0,New Delhi,2019-03-22,342400.0,2019,3,22,0,1,0,1,0,1,0,0,0,0,0,1,0,0,0,1,0,0,0,0,0,0,0,0,0,0,0,0,0,0,0,0,0,0,0,0,0,0,0,1,0,0,0,0,1
CUST003977,Varenya,Sibal,45.0,Bengaluru,2021-06-01,33300.0,2021,6,1,0,0,0,0,0,1,0,0,0,0,0,0,0,0,0,0,0,1,0,0,0,0,0,0,0,0,0,0,0,0,0,0,0,1,0,0,0,0,0,1,0,0,1,0,0
CUST003978,Tarak,Rege,38.0,Guwahati,2019-10-08,21200.0,2019,10,8,0,0,1,1,0,0,0,0,0,1,0,0,1,0,0,0,0,0,0,0,0,0,0,0,0,0,0,0,0,0,0,0,0,0,0,0,0,1,0,1,0,0,0,0,0
CUST003979,Raksha,Tank,45.0,Hyderabad,2021-07-08,27100.0,2021,7,8,0,0,0,0,0,1,0,0,0,0,0,0,0,0,0,0,0,0,0,0,0,0,0,0,0,1,0,0,0,0,0,0,0,1,0,0,0,0,0,1,0,0,1,0,0
CUST003980,Nitara,Mahajan,24.0,Mumbai,2020-08-16,67700.0,2020,8,16,0,0,1,0,0,0,1,0,0,0,0,0,1,0,0,0,0,0,0,0,1,0,0,0,0,0,0,0,0,0,0,0,0,0,0,0,1,0,0,0,0,0,0,1,0
CUST003981,Rayaan,Bakshi,38.0,Udaipur,2020-11-08,19000.0,2020,11,8,0,0,0,1,0,1,0,0,0,1,0,0,0,0,0,0,0,0,0,0,0,0,0,1,0,0,0,0,0,0,0,0,0,0,0,0,0,1,0,1,0,0,0,0,0
CUST003982,Gaurav,Sathe,59.0,Ahmedabad,2020-09-14,81100.0,2020,9,14,0,0,1,1,0,1,0,0,1,0,0,0,1,0,0,0,1,0,0,0,0,0,0,0,0,0,0,0,0,0,1,0,0,0,0,0,0,0,0,0,1,0,0,1,0
CUST003983,Kamala,Lanka,75.0,Pune,2020-03-22,260100.0,2020,3,22,0,1,0,0,0,1,0,0,0,1,0,1,0,0,0,0,0,0,0,0,1,0,0,0,0,0,0,0,0,0,0,0,0,0,0,0,1,0,0,0,0,1,0,0,1
CUST003984,Baljiwan,Parmer,23.0,Ludhiana,2021-08-16,140500.0,2021,8,16,0,0,1,1,0,0,1,0,0,0,0,0,1,0,0,0,0,0,0,0,0,0,1,0,0,0,0,0,0,1,0,0,0,0,0,0,0,0,0,0,0,0,0,0,1
CUST003985,Chakrika,Menon,41.0,Kolkata,2019-06-30,174900.0,2019,6,30,1,0,0,0,0,0,1,0,0,1,1,0,0,0,0,0,0,0,0,0,0,0,0,0,0,0,0,1,0,0,0,0,0,0,0,0,1,0,0,1,0,0,0,0,1
CUST003986,Zashil,Varghese,18.0,Chennai,2026-07-11,23200.0,2026,7,11,0,0,0,1,0,0,1,0,0,0,0,0,0,0,0,0,0,0,0,0,0,0,0,0,1,0,0,0,0,0,0,0,0,0,0,0,0,0,0,0,0,0,0,0,0
CUST003987,Chaaya,Malhotra,45.0,Hyderabad,2019-08-24,22000.0,2019,8,24,0,0,1,0,0,1,0,0,0,0,0,0,1,0,0,0,0,0,0,0,0,0,0,0,0,1,0,0,0,0,0,0,0,0,0,0,0,1,0,1,0,0,0,0,0
CUST003988,Ishaan,Chaudhari,31.0,Patna,2021-08-08,82800.0,2021,8,8,0,0,1,1,0,1,0,0,0,0,0,0,1,1,0,0,0,0,0,0,0,0,0,0,0,0,0,0,0,0,0,0,0,0,0,1,0,0,0,0,0,0,0,1,0
CUST003989,Daniel,Bora,63.0,Delhi,2020-10-29,39100.0,2020,10,29,0,0,1,1,0,1,0,0,1,0,0,0,1,0,0,1,0,0,0,0,0,0,0,0,0,0,0,0,0,0,0,0,0,0,1,0,0,0,0,0,1,0,1,0,0
CUST003990,Pranit,Barad,28.0,Bengaluru,2018-11-28,121400.0,2018,11,28,1,0,0,1,0,1,0,0,0,1,1,0,0,0,0,0,0,1,0,0,0,0,0,0,0,0,0,0,0,1,0,0,0,0,0,0,0,0,0,0,0,0,0,1,0
CUST003991,Harish,Nath,18.0,Pune,2026-07-11,14000.0,2026,7,11,0,0,0,1,0,0,1,0,0,0,0,0,0,0,0,0,0,0,0,0,1,0,0,0,0,0,0,0,0,0,0,0,0,1,0,0,0,0,0,0,0,0,0,0,0
CUST003992,Guneet,Narayan,32.0,Jaipur,2018-09-06,31200.0,2018,9,6,0,0,1,1,0,0,1,0,0,1,0,0,1,0,0,0,0,0,0,0,0,0,0,1,0,0,0,0,0,0,0,0,0,1,0,0,0,0,0,0,0,0,1,0,0
CUST003993,Ladli,Mittal,18.0,Kolkata,2026-07-11,65800.0,2026,7,11,0,0,0,1,0,0,1,0,0,0,0,0,0,0,0,0,0,0,0,0,0,0,0,0,0,0,0,1,0,0,0,0,0,0,0,1,0,0,0,0,0,0,1,0,0
CUST003994,Mahika,Halder,48.0,Kolkata,2020-09-25,149300.0,2020,9,25,1,0,0,0,0,1,0,0,1,0,1,0,0,0,0,0,0,0,0,0,0,0,0,0,0,0,0,1,0,0,0,0,1,0,0,0,0,0,0,1,0,0,0,0,1
CUST003995,Ekantika,Lal,18.0,Delhi,2026-07-11,11400.0,2026,7,11,0,0,0,0,0,0,1,0,0,0,0,0,0,0,0,1,0,0,0,0,0,0,0,0,0,0,0,0,0,0,0,0,0,0,0,0,0,1,0,0,0,0,0,0,0
CUST003996,Aarna,Mistry,38.0,Ahmedabad,2020-08-23,65500.0,2020,8,23,0,0,1,0,0,1,0,0,1,0,0,0,1,0,0,0,1,0,0,0,0,0,0,0,0,0,0,0,0,0,0,0,0,0,0,1,0,0,0,1,0,0,1,0,0
CUST003997,Lohit,Pal,18.0,Jaipur,2026-07-11,8400.0,2026,7,11,0,0,0,1,0,0,1,0,1,0,0,0,0,0,0,0,0,0,0,0,0,0,0,1,0,0,0,0,0,0,0,0,0,0,0,0,0,1,0,0,0,0,0,0,0
CUST003998,Tamanna,Ravi,34.0,Hyderabad,2020-04-17,155200.0,2020,4,17,1,0,0,1,0,0,0,0,0,1,1,0,0,0,0,0,0,0,0,0,0,0,0,0,0,1,0,0,0,0,0,0,0,0,0,0,0,0,0,0,0,0,0,0,1
CUST003999,Abeer,Sodhi,59.0,Lucknow,2019-09-12,151900.0,2019,9,12,1,0,0,1,0,1,0,0,0,0,1,0,0,0,0,0,0,0,0,0,0,0,0,0,0,0,1,0,0,0,0,0,1,0,0,0,0,0,0,0,1,0,0,0,1
CUST004000,Yashvi,Dixit,43.0,Mysuru,2020-09-09,201000.0,2020,9,9,1,0,0,0,0,1,0,0,0,0,1,0,0,0,0,0,0,1,0,0,0,0,0,0,0,0,0,0,0,0,0,0,0,0,0,0,1,0,0,1,0,0,0,0,1
CUST004001,Rushil,Kari,27.0,Jaipur,2021-05-21,7500.0,2021,5,21,0,0,0,1,0,1,0,0,0,1,0,0,0,0,0,0,0,0,0,0,0,0,0,1,0,0,0,0,0,0,0,0,0,0,0,0,0,1,0,0,0,0,0,0,0
CUST004002,Ishaan,Kadakia,38.0,Mumbai,2019-07-02,87600.0,2019,7,2,0,0,1,1,0,1,0,0,0,0,0,0,1,0,0,0,0,0,0,0,1,0,0,0,0,0,0,0,0,0,0,0,0,0,0,0,0,0,0,1,0,0,0,1,0
CUST004003,Warjas,Kaur,38.0,Madurai,2020-03-31,163300.0,2020,3,31,1,0,0,1,0,1,0,0,0,1,1,0,0,0,0,0,0,0,0,0,0,0,0,0,1,0,0,0,0,0,0,0,1,0,0,0,0,0,0,1,0,0,0,0,1
CUST004004,Yauvani,Sidhu,44.0,Amritsar,2019-12-15,20200.0,2019,12,15,0,0,1,0,0,0,0,0,0,0,0,0,1,0,0,0,0,0,0,0,0,0,1,0,0,0,0,0,0,0,0,0,0,0,0,0,0,1,0,1,0,0,0,0,0
CUST004005,Vihaan,Oak,20.0,Amritsar,2024-08-16,18100.0,2024,8,16,0,0,0,1,0,0,1,0,0,0,0,0,0,0,0,0,0,0,0,0,0,0,1,0,0,0,0,0,0,0,0,0,0,0,0,0,0,0,0,0,0,0,0,0,0
CUST004006,Chaman,Munshi,38.0,Bengaluru,2018-12-15,104300.0,2018,12,15,1,0,0,0,0,1,0,0,0,1,1,0,0,0,0,0,0,1,0,0,0,0,0,0,0,0,0,0,0,0,0,0,1,0,0,0,0,0,0,1,0,0,0,1,0
CUST004007,Girindra,Sanghvi,18.0,Warangal,2026-07-11,10700.0,2026,7,11,0,0,0,1,0,0,1,0,0,0,0,0,0,0,0,0,0,0,0,0,0,0,0,0,0,1,0,0,0,0,0,0,0,0,0,0,0,1,0,0,0,0,0,0,0
CUST004008,Turvi,Kadakia,30.0,Mumbai,2018-11-09,8200.0,2018,11,9,0,0,0,0,0,1,0,0,0,1,0,0,0,0,0,0,0,0,0,0,1,0,0,0,0,0,0,0,0,0,0,0,0,0,0,0,0,1,0,0,0,0,0,0,0
CUST004009,Urvashi,Sengupta,32.0,Bhopal,2020-02-04,157800.0,2020,2,4,1,0,0,0,0,0,1,0,1,0,1,0,0,0,0,0,0,0,0,1,0,0,0,0,0,0,0,0,0,0,0,0,0,0,0,0,0,0,0,0,0,0,0,0,1
CUST004010,Alexander,Prasad,38.0,Kolkata,2020-09-30,150600.0,2020,9,30,1,0,0,1,0,1,0,0,0,0,1,0,0,0,0,0,0,0,0,0,0,0,0,0,0,0,0,1,0,0,0,0,0,0,0,0,1,0,0,1,0,0,0,0,1
CUST004011,Ekaraj,Dave,38.0,Hyderabad,2020-07-23,120100.0,2020,7,23,1,0,0,1,0,1,0,0,1,0,1,0,0,0,0,0,0,0,0,0,0,0,0,0,0,1,0,0,0,0,0,0,1,0,0,0,0,0,0,1,0,0,0,1,0
CUST004012,Niharika,Andra,20.0,Pune,2024-08-16,8900.0,2024,8,16,0,0,0,0,0,0,1,0,0,0,0,0,0,0,0,0,0,0,0,0,1,0,0,0,0,0,0,0,0,0,0,0,0,0,0,0,0,1,0,0,0,0,0,0,0
CUST004013,Yahvi,Pant,25.0,Guwahati,2020-01-14,50600.0,2020,1,14,0,0,1,0,0,0,1,0,1,0,0,0,1,0,0,0,0,0,0,0,0,0,0,0,0,0,0,0,0,0,1,0,0,0,0,0,0,0,0,0,0,0,1,0,0
CUST004014,Omkaar,Kar,41.0,Coimbatore,2019-07-25,127700.0,2019,7,25,1,0,0,1,0,1,0,0,0,0,1,0,0,0,0,0,0,0,0,0,0,0,0,0,1,0,0,0,0,1,0,0,0,0,0,0,0,0,0,1,0,0,0,1,0
CUST004015,Ubika,Sandal,37.0,Bengaluru,2020-12-13,12900.0,2020,12,13,0,0,0,0,0,1,0,0,0,1,0,0,0,0,0,0,0,1,0,0,0,0,0,0,0,0,0,0,0,0,0,0,0,0,0,0,0,1,0,1,0,0,0,0,0
CUST004016,Tamanna,Yogi,30.0,Mysuru,2019-08-25,123100.0,2019,8,25,1,0,0,0,0,1,0,0,1,0,1,0,0,0,0,0,0,1,0,0,0,0,0,0,0,0,0,0,0,0,0,0,1,0,0,0,0,0,0,0,0,0,0,1,0
CUST004017,Mason,Nanda,32.0,Bengaluru,2019-04-16,86600.0,2019,4,16,1,0,0,1,0,1,0,0,0,0,1,0,0,0,0,0,0,1,0,0,0,0,0,0,0,0,0,0,0,1,0,0,0,0,0,0,0,0,0,0,0,0,0,1,0
CUST004018,Alka,Balay,47.0,Kolkata,2019-08-06,77700.0,2019,8,6,1,0,0,0,0,1,0,0,0,1,1,0,0,0,0,0,0,0,0,0,0,0,0,0,0,0,0,1,0,0,0,0,0,0,0,1,0,0,0,1,0,0,0,1,0
CUST004019,Ekaraj,Dube,31.0,Thiruvananthapuram,2020-03-06,55100.0,2020,3,6,0,0,1,1,0,1,0,0,0,0,0,0,1,0,0,0,0,0,1,0,0,0,0,0,0,0,0,0,0,0,0,0,0,0,0,0,0,0,1,0,0,0,1,0,0
CUST004020,Noah,Raman,37.0,Chandigarh,2018-08-26,184200.0,2018,8,26,0,1,0,1,0,0,1,0,0,0,0,1,0,0,1,0,0,0,0,0,0,0,0,0,0,0,0,0,0,0,0,0,0,0,0,0,1,0,0,1,0,0,0,0,1
CUST004021,Sai,Jayaraman,66.0,Chennai,2020-05-30,383100.0,2020,5,30,0,1,0,0,0,1,0,0,1,0,0,1,0,0,0,0,0,0,0,0,0,0,0,0,1,0,0,0,0,0,0,0,0,0,0,0,0,0,0,0,0,1,0,0,1
CUST004022,Rohan,Bhatt,19.0,Kanpur,2025-08-16,32200.0,2025,8,16,0,0,0,1,0,0,1,0,1,0,0,0,0,0,0,0,0,0,0,0,0,0,0,0,0,0,1,0,0,0,0,0,0,0,0,1,0,0,0,0,0,0,1,0,0
CUST004023,Reyansh,Guha,18.0,Hyderabad,2026-07-11,10400.0,2026,7,11,0,0,0,1,0,1,0,0,0,0,0,0,0,0,0,0,0,0,0,0,0,0,0,0,0,1,0,0,0,0,0,0,0,0,0,0,0,1,0,0,0,0,0,0,0
CUST004024,Vyanjana,Chopra,48.0,New Delhi,2020-12-27,72000.0,2020,12,27,0,0,1,0,0,1,0,0,0,0,0,0,1,0,0,1,0,0,0,0,0,0,0,0,0,0,0,0,0,0,0,0,0,0,0,0,0,0,1,1,0,0,0,1,0
CUST004025,Omya,Seth,29.0,Amritsar,2019-06-27,67500.0,2019,6,27,0,0,1,0,0,1,0,0,1,0,0,0,1,0,0,0,0,0,0,0,0,0,1,0,0,0,0,0,0,0,0,0,0,0,0,0,0,0,0,0,0,0,0,1,0
CUST004026,Nidra,Chander,34.0,Bengaluru,2021-02-01,9400.0,2021,2,1,0,0,0,0,0,1,0,0,1,0,0,0,0,0,0,0,0,1,0,0,0,0,0,0,0,0,0,0,0,0,0,0,0,0,0,0,0,1,0,0,0,0,0,0,0
CUST004027,Harinakshi,Chawla,28.0,Bengaluru,2021-07-29,19600.0,2021,7,29,0,0,1,0,0,1,0,0,0,0,0,0,1,0,0,0,0,1,0,0,0,0,0,0,0,0,0,0,0,0,0,0,0,1,0,0,0,0,0,0,0,0,0,0,0
CUST004028,Hema,Balay,35.0,Ludhiana,2021-02-22,18700.0,2021,2,22,0,0,0,0,0,1,0,0,0,1,0,0,0,0,0,0,0,0,0,0,0,0,1,0,0,0,0,0,0,0,0,0,0,0,0,0,0,1,0,0,0,0,0,0,0
CUST004029,Yash,Bala,59.0,Pune,2020-06-29,292500.0,2020,6,29,0,1,0,1,0,1,0,0,1,0,0,1,0,0,0,0,0,0,0,0,1,0,0,0,0,0,0,0,0,0,0,0,0,0,0,0,1,0,0,0,1,0,0,0,1
CUST004030,Girik,Issac,38.0,Jaipur,2021-04-21,15900.0,2021,4,21,0,0,0,1,0,1,0,0,0,0,0,0,0,0,0,0,0,0,0,0,0,0,0,1,0,0,0,0,0,0,0,0,0,0,0,0,0,1,0,1,0,0,0,0,0
CUST004031,Bhavya,Raju,49.0,Thiruvananthapuram,2021-01-12,124100.0,2021,1,12,0,0,1,0,0,0,0,1,1,0,0,0,1,0,0,0,0,0,1,0,0,0,0,0,0,0,0,0,0,0,0,0,0,0,0,1,0,0,0,1,0,0,0,1,0
CUST004032,Lucky,Jha,20.0,Chennai,2024-08-16,5500.0,2024,8,16,0,0,0,1,0,0,1,0,1,0,0,0,0,0,0,0,0,0,0,0,0,0,0,0,1,0,0,0,0,0,0,0,0,0,0,0,0,1,0,0,0,0,0,0,0
CUST004033,Kamala,Manne,23.0,Mumbai,2021-08-16,14100.0,2021,8,16,0,0,0,0,0,0,1,0,0,0,0,0,0,0,0,0,0,0,0,0,1,0,0,0,0,0,0,0,0,0,0,0,0,0,0,0,0,1,0,0,0,0,0,0,0
CUST004034,Zaitra,Boase,18.0,Hyderabad,2026-07-11,10900.0,2026,7,11,0,0,0,0,0,1,0,0,0,1,0,0,0,0,0,0,0,0,0,0,0,0,0,0,0,1,0,0,0,0,0,0,0,0,0,0,0,1,0,0,0,0,0,0,0
CUST004035,Utkarsh,Bhandari,27.0,Pune,2019-02-07,19700.0,2019,2,7,0,0,1,1,0,1,0,0,1,0,0,0,1,0,0,0,0,0,0,0,1,0,0,0,0,0,0,0,0,0,0,0,0,1,0,0,0,0,0,0,0,0,0,0,0
CUST004036,Raksha,Vasa,50.0,Hyderabad,2020-05-13,154400.0,2020,5,13,1,0,0,1,0,1,0,0,0,0,1,0,0,0,0,0,0,0,0,0,0,0,0,0,0,1,0,0,0,1,0,0,0,0,0,0,0,0,0,1,0,0,0,0,1
CUST004037,Aashi,Garg,45.0,Jodhpur,2019-01-09,65800.0,2019,1,9,0,1,0,0,0,1,0,0,1,0,0,1,0,0,0,0,0,0,0,0,0,0,0,1,0,0,0,0,1,0,0,0,0,0,0,0,0,0,0,1,0,0,1,0,0
CUST004038,Nihal,Roy,35.0,Warangal,2020-01-18,144800.0,2020,1,18,1,0,0,1,0,1,0,0,1,0,1,0,0,0,0,0,0,0,0,0,0,0,0,0,0,1,0,0,0,0,0,0,1,0,0,0,0,0,0,0,0,0,0,0,1
CUST004039,Mahika,Dugar,38.0,Warangal,2020-03-19,15100.0,2020,3,19,0,0,0,0,1,0,1,0,0,0,0,0,0,0,0,0,0,0,0,0,0,0,0,0,0,1,0,0,0,0,0,0,0,0,0,0,0,1,0,1,0,0,0,0,0
CUST004040,Dayamai,Dayal,29.0,Kolkata,2019-06-21,154300.0,2019,6,21,1,0,0,0,0,0,0,0,1,0,1,0,0,0,0,0,0,0,0,0,0,0,0,0,0,0,0,1,1,0,0,0,0,0,0,0,0,0,0,0,0,0,0,0,1
CUST004041,Shaurya,Sridhar,41.0,Kolkata,2020-12-25,207900.0,2020,12,25,0,1,0,1,0,1,0,0,0,0,0,1,0,0,0,0,0,0,0,0,0,0,0,0,0,0,0,1,0,0,0,0,0,0,0,0,1,0,0,1,0,0,0,0,1
CUST004042,Bhavya,Ramachandran,48.0,Chandigarh,2019-04-04,289500.0,2019,4,4,0,1,0,1,0,0,0,0,1,0,0,1,0,0,1,0,0,0,0,0,0,0,0,0,0,0,0,0,0,0,0,0,0,0,0,0,0,0,0,1,0,0,0,0,1
CUST004043,Ishanvi,De,18.0,Bengaluru,2026-07-11,19500.0,2026,7,11,0,0,0,0,0,0,1,0,1,0,0,0,0,0,0,0,0,1,0,0,0,0,0,0,0,0,0,0,0,0,0,0,0,1,0,0,0,0,0,0,0,0,0,0,0
CUST004044,Ishanvi,Mukherjee,42.0,Kanpur,2021-03-30,33700.0,2021,3,30,0,0,1,0,0,1,0,0,1,0,0,0,1,0,0,0,0,0,0,0,0,0,0,0,0,0,1,0,0,0,0,0,0,1,0,0,0,0,0,1,0,0,1,0,0
CUST004045,Upma,Soman,50.0,Kolkata,2021-04-08,73000.0,2021,4,8,0,0,1,0,0,0,1,0,0,1,0,0,1,0,0,0,0,0,0,0,0,0,0,0,0,0,0,1,0,0,0,0,0,0,0,0,0,0,0,1,0,0,0,1,0
CUST004046,Gauri,Mukherjee,33.0,Bengaluru,2021-02-17,40800.0,2021,2,17,0,0,1,0,0,1,0,0,0,1,0,0,1,0,0,0,0,1,0,0,0,0,0,0,0,0,0,0,0,0,0,0,0,0,0,0,0,0,1,0,0,0,1,0,0
CUST004047,Harrison,Thakkar,47.0,Bengaluru,2018-12-14,22500.0,2018,12,14,0,0,1,1,0,1,0,0,1,0,0,0,1,0,0,0,0,1,0,0,0,0,0,0,0,0,0,0,0,0,0,0,0,0,0,0,0,1,0,1,0,0,0,0,0
CUST004048,Vasudha,Majumdar,75.0,Hyderabad,2018-08-26,119100.0,2018,8,26,1,0,0,0,0,1,0,0,0,1,1,0,0,0,0,0,0,0,0,0,0,0,0,0,0,1,0,0,0,0,0,0,0,0,0,0,1,0,0,0,0,1,0,1,0
CUST004049,Isha,Amble,37.0,Kolkata,2020-07-21,3300.0,2020,7,21,0,0,0,0,0,1,0,0,0,1,0,0,0,0,0,0,0,0,0,0,0,0,0,0,0,0,0,1,0,0,0,1,0,0,0,0,0,0,0,1,0,0,0,0,0
CUST004050,Ekbal,Sehgal,43.0,Delhi,2020-09-30,340200.0,2020,9,30,1,0,0,1,0,1,0,0,0,1,1,0,0,0,0,1,0,0,0,0,0,0,0,0,0,0,0,0,1,0,0,0,0,0,0,0,0,0,0,1,0,0,0,0,1
CUST004051,Azad,Rastogi,28.0,Kochi,2020-12-20,54700.0,2020,12,20,0,0,1,1,0,1,0,0,0,0,0,0,1,0,0,0,0,0,1,0,0,0,0,0,0,0,0,0,0,0,1,0,0,0,0,0,0,0,0,0,0,0,1,0,0
CUST004052,Krishna,Vora,40.0,Kolkata,2019-02-26,63900.0,2019,2,26,1,0,0,0,0,1,0,0,0,0,1,0,0,0,0,0,0,0,0,0,0,0,0,0,0,0,0,1,0,0,1,0,0,0,0,0,0,0,0,1,0,0,1,0,0
CUST004053,Omya,Swaminathan,44.0,Kochi,2020-12-30,209400.0,2020,12,30,1,0,0,0,0,1,0,0,0,0,1,0,0,0,0,0,0,0,1,0,0,0,0,0,0,0,0,0,0,0,0,0,1,0,0,0,0,0,0,1,0,0,0,0,1
CUST004054,Veda,Shere,41.0,Mumbai,2018-11-08,61200.0,2018,11,8,0,0,1,0,0,0,0,0,0,1,0,0,1,0,0,0,0,0,0,0,1,0,0,0,0,0,0,0,0,0,0,0,0,0,0,1,0,0,0,1,0,0,1,0,0
CUST004055,Anusha,Chand,25.0,Mysuru,2019-08-17,27600.0,2019,8,17,0,0,1,0,0,0,1,0,0,0,0,0,1,0,0,0,0,1,0,0,0,0,0,0,0,0,0,0,0,0,0,0,0,1,0,0,0,0,0,0,0,0,1,0,0
CUST004056,Mitali,Shan,41.0,Mumbai,2018-12-07,106100.0,2018,12,7,1,0,0,0,0,1,0,0,1,0,1,0,0,0,0,0,0,0,0,0,1,0,0,0,0,0,0,0,0,0,0,0,0,0,0,0,1,0,0,1,0,0,0,1,0
CUST004057,Prisha,Mishra,57.0,Bengaluru,2019-12-18,77700.0,2019,12,18,0,0,1,0,0,1,0,0,1,0,0,0,1,0,0,0,0,1,0,0,0,0,0,0,0,0,0,0,0,0,1,0,0,0,0,0,0,0,0,0,1,0,0,1,0
CUST004058,Shivani,Gill,44.0,Bhopal,2019-07-21,79200.0,2019,7,21,1,0,0,0,0,0,0,1,0,1,1,0,0,0,0,0,0,0,0,1,0,0,0,0,0,0,0,0,0,0,0,0,0,0,0,0,1,0,0,1,0,0,0,1,0
CUST004059,Sarthak,Krish,51.0,Mumbai,2019-10-07,114200.0,2019,10,7,1,0,0,1,0,1,0,0,0,1,1,0,0,0,0,0,0,0,0,0,1,0,0,0,0,0,0,0,0,0,0,0,0,0,0,1,0,0,0,0,1,0,0,1,0
CUST004060,Hemal,Sankaran,35.0,Warangal,2019-02-17,95500.0,2019,2,17,1,0,0,0,0,1,0,0,1,0,1,0,0,0,0,0,0,0,0,0,0,0,0,0,0,1,0,0,0,0,0,0,1,0,0,0,0,0,0,0,0,0,0,1,0
CUST004061,Vasudha,Rajagopalan,48.0,Pune,2019-02-12,64800.0,2019,2,12,0,0,1,0,0,1,0,0,0,1,0,0,1,0,0,0,0,0,0,0,1,0,0,0,0,0,0,0,0,0,0,0,0,0,0,0,0,0,1,1,0,0,1,0,0
CUST004062,Hemani,Chandran,42.0,Hyderabad,2019-11-09,227800.0,2019,11,9,1,0,0,0,0,1,0,0,0,0,1,0,0,0,0,0,0,0,0,0,0,0,0,0,0,1,0,0,0,0,0,0,0,0,0,0,1,0,0,1,0,0,0,0,1
CUST004063,Shravya,Bassi,26.0,Varanasi,2019-09-23,134200.0,2019,9,23,1,0,0,0,0,0,0,0,1,0,1,0,0,0,0,0,0,0,0,0,0,0,0,0,0,0,1,0,0,0,0,0,1,0,0,0,0,0,0,0,0,0,0,0,1
CUST004064,Kashvi,Dugar,38.0,Kolkata,2018-11-10,132400.0,2018,11,10,1,0,0,0,0,0,0,0,0,1,1,0,0,0,0,0,0,0,0,0,0,0,0,0,0,0,0,1,1,0,0,0,0,0,0,0,0,0,0,1,0,0,0,1,0
CUST004065,Laksh,Yogi,25.0,Surat,2019-08-17,146200.0,2019,8,17,0,1,0,1,0,1,0,0,1,0,0,1,0,0,0,0,1,0,0,0,0,0,0,0,0,0,0,0,0,1,0,0,0,0,0,0,0,0,0,0,0,0,0,0,1
CUST004066,Madhav,Bhavsar,30.0,Mysuru,2019-08-19,31800.0,2019,8,19,0,0,1,1,0,1,0,0,0,1,0,0,1,0,0,0,0,1,0,0,0,0,0,0,0,0,0,0,0,0,0,0,0,1,0,0,0,0,0,0,0,0,1,0,0
CUST004067,Ikbal,Tak,40.0,Guwahati,2021-08-08,159800.0,2021,8,8,0,0,1,1,0,0,1,0,1,0,0,0,1,0,0,0,0,0,0,0,0,0,0,0,0,0,0,0,0,0,0,0,0,0,0,0,1,0,0,1,0,0,0,0,1
CUST004068,Samesh,Dara,42.0,Ahmedabad,2021-04-24,28000.0,2021,4,24,0,0,0,1,0,1,0,0,1,0,0,0,0,0,0,0,1,0,0,0,0,0,0,0,0,0,0,0,0,0,0,0,0,1,0,0,0,0,0,1,0,0,1,0,0
CUST004069,Raksha,Bose,23.0,Hyderabad,2021-08-16,94600.0,2021,8,16,0,0,1,0,0,0,1,0,0,0,0,0,1,0,0,0,0,0,0,0,0,0,0,0,0,1,0,0,0,0,0,0,0,0,0,1,0,0,0,0,0,0,0,1,0
CUST004070,Charles,Thaman,52.0,Hyderabad,2021-05-15,77900.0,2021,5,15,0,0,1,1,0,1,0,0,0,1,0,0,1,0,0,0,0,0,0,0,0,0,0,0,0,1,0,0,0,0,1,0,0,0,0,0,0,0,0,0,1,0,0,1,0
CUST004071,Nicholas,Rout,45.0,Kochi,2020-12-25,400100.0,2020,12,25,1,0,0,1,0,1,0,0,1,0,1,0,0,0,0,0,0,0,1,0,0,0,0,0,0,0,0,0,0,0,0,0,0,0,0,0,0,0,0,1,0,0,0,0,1
CUST004072,Varenya,Gala,29.0,Kolkata,2020-12-07,62800.0,2020,12,7,0,0,1,0,0,1,0,0,0,0,0,0,1,0,0,0,0,0,0,0,0,0,0,0,0,0,0,1,0,0,1,0,0,0,0,0,0,0,0,0,0,0,1,0,0
CUST004073,Lajita,Johal,38.0,Ahmedabad,2026-07-11,7300.0,2026,7,11,0,0,0,0,0,0,1,0,1,0,0,0,0,0,0,0,1,0,0,0,0,0,0,0,0,0,0,0,0,0,0,0,0,0,0,0,0,1,0,1,0,0,0,0,0
CUST004074,Zehaan,Basu,36.0,Hyderabad,2019-11-23,56200.0,2019,11,23,0,0,1,1,0,1,0,0,0,1,0,0,1,0,0,0,0,0,0,0,0,0,0,0,0,1,0,0,0,0,0,0,0,0,0,0,0,0,1,1,0,0,1,0,0
CUST004075,Vedhika,Bala,32.0,Delhi,2020-10-03,396300.0,2020,10,3,1,0,0,0,0,0,1,0,0,0,1,0,0,0,0,1,0,0,0,0,0,0,0,0,0,0,0,0,0,0,0,0,0,0,0,0,0,0,0,0,0,0,0,0,1
CUST004076,Bina,Shenoy,39.0,Surat,2021-01-01,95700.0,2021,1,1,0,0,1,0,0,1,0,0,1,0,0,0,1,0,0,0,1,0,0,0,0,0,0,0,0,0,0,0,0,1,0,0,0,0,0,0,0,0,0,1,0,0,0,1,0
CUST004077,Rayaan,Oza,33.0,Kolkata,2019-05-02,64800.0,2019,5,2,0,0,1,1,0,1,0,0,0,0,0,0,1,0,0,0,0,0,0,0,0,0,0,0,0,0,0,1,0,0,0,0,0,0,0,1,0,0,0,0,0,0,1,0,0
CUST004078,Ryan,Hayer,18.0,Chennai,2026-07-11,6000.0,2026,7,11,0,0,0,1,0,0,1,0,0,1,0,0,0,0,0,0,0,0,0,0,0,0,0,0,1,0,0,0,0,0,0,0,0,0,0,0,0,1,0,0,0,0,0,0,0
CUST004079,Sneha,Barad,33.0,Kolkata,2021-06-19,330300.0,2021,6,19,1,0,0,0,0,1,0,0,1,0,1,0,0,0,0,0,0,0,0,0,0,0,0,0,0,0,0,1,0,0,0,0,0,0,0,0,0,0,0,0,0,0,0,0,1
CUST004080,Aashi,Krishna,34.0,Delhi,2021-03-23,227700.0,2021,3,23,1,0,0,0,0,0,1,0,1,0,1,0,0,0,0,1,0,0,0,0,0,0,0,0,0,0,0,0,0,0,0,0,0,0,0,0,1,0,0,0,0,0,0,0,1
CUST004081,Deepa,Deshpande,38.0,Jodhpur,2019-09-13,32100.0,2019,9,13,0,0,1,0,0,1,0,0,0,1,0,0,1,0,0,0,0,0,0,0,0,0,0,1,0,0,0,0,0,0,0,0,0,0,0,0,0,0,0,1,0,0,1,0,0
CUST004082,Nihal,Shetty,29.0,Guwahati,2019-03-19,142400.0,2019,3,19,1,0,0,1,0,0,0,0,0,1,1,0,0,0,0,0,0,0,0,0,0,0,0,0,0,0,0,0,0,0,0,0,1,0,0,0,0,0,0,0,0,0,0,0,1
CUST004083,Xavier,Shenoy,60.0,Indore,2019-04-02,16700.0,2019,4,2,0,0,1,1,0,1,0,0,0,0,0,0,1,0,0,0,0,0,0,1,0,0,0,0,0,0,0,0,0,0,0,0,0,0,1,0,0,0,0,0,1,0,0,0,0
CUST004084,Bhavna,Butala,18.0,Bengaluru,2026-07-11,9000.0,2026,7,11,0,0,0,0,0,1,0,0,0,0,0,0,0,0,0,0,0,1,0,0,0,0,0,0,0,0,0,0,0,0,0,0,0,0,0,0,0,1,0,0,0,0,0,0,0
CUST004085,Jairaj,Sarma,55.0,Hyderabad,2018-12-18,59700.0,2018,12,18,0,0,1,1,0,0,0,0,1,0,0,0,1,0,0,0,0,0,0,0,0,0,0,0,0,1,0,0,0,0,0,0,0,0,0,0,0,0,1,0,1,0,1,0,0
CUST004086,Ekaraj,Sinha,35.0,Lucknow,2020-12-21,133900.0,2020,12,21,1,0,0,1,0,0,0,0,0,1,1,0,0,0,0,0,0,0,0,0,0,0,0,0,0,0,1,0,1,0,0,0,0,0,0,0,0,0,0,0,0,0,0,0,1
CUST004087,Maya,Edwin,49.0,Kolkata,2021-04-21,65800.0,2021,4,21,0,0,1,0,0,0,0,0,0,0,0,0,1,0,0,0,0,0,0,0,0,0,0,0,0,0,0,1,0,0,0,0,0,1,0,0,0,0,0,1,0,0,1,0,0
CUST004088,Frederick,Badami,39.0,Madurai,2019-10-12,471900.0,2019,10,12,0,1,0,1,0,0,1,0,1,0,0,1,0,0,0,0,0,0,0,0,0,0,0,0,1,0,0,0,0,0,0,0,0,0,0,0,0,0,0,1,0,0,0,0,1
CUST004089,Daksha,Goel,53.0,Thiruvananthapuram,2019-02-27,138200.0,2019,2,27,1,0,0,0,0,0,0,0,0,1,1,0,0,0,0,0,0,0,1,0,0,0,0,0,0,0,0,0,0,0,0,0,0,0,0,1,0,0,0,0,1,0,0,0,1
CUST004090,Nandini,Dash,33.0,Coimbatore,2019-11-17,149600.0,2019,11,17,1,0,0,0,0,0,1,0,0,1,1,0,0,0,0,0,0,0,0,0,0,0,0,0,1,0,0,0,0,1,0,0,0,0,0,0,0,0,0,0,0,0,0,0,1
CUST004091,Rohan,Ganguly,24.0,Chennai,2020-08-16,105500.0,2020,8,16,1,0,0,1,0,0,1,0,0,0,1,0,0,0,0,0,0,0,0,0,0,0,0,0,1,0,0,0,0,1,0,0,0,0,0,0,0,0,0,0,0,0,0,1,0
CUST004092,Brinda,Apte,56.0,Mumbai,2019-03-29,19600.0,2019,3,29,0,0,1,0,0,0,1,0,0,1,0,0,1,0,0,0,0,0,0,0,1,0,0,0,0,0,0,0,0,0,0,0,0,0,0,0,0,1,0,0,1,0,0,0,0
CUST004093,Laban,Dube,37.0,Mumbai,2019-07-10,59500.0,2019,7,10,0,0,1,1,0,1,0,0,0,1,0,0,1,0,0,0,0,0,0,0,1,0,0,0,0,0,0,0,0,0,0,0,0,0,0,1,0,0,0,1,0,0,1,0,0
CUST004094,Urvi,Parmar,41.0,Mumbai,2021-06-11,71200.0,2021,6,11,0,0,1,0,0,1,0,0,1,0,0,0,1,0,0,0,0,0,0,0,1,0,0,0,0,0,0,0,0,0,1,0,0,0,0,0,0,0,0,1,0,0,0,1,0
CUST004095,Gaurav,Kalita,54.0,Kochi,2021-04-20,167100.0,2021,4,20,1,0,0,1,0,1,0,0,0,1,1,0,0,0,0,0,0,0,1,0,0,0,0,0,0,0,0,0,0,1,0,0,0,0,0,0,0,0,0,0,1,0,0,0,1
CUST004096,Anay,Walia,25.0,Hyderabad,2019-08-17,14800.0,2019,8,17,0,0,1,1,0,0,1,0,1,0,0,0,1,0,0,0,0,0,0,0,0,0,0,0,0,1,0,0,0,0,0,1,0,0,0,0,0,0,0,0,0,0,0,0,0
CUST004097,Janaki,Sathe,46.0,Chennai,2021-01-11,150900.0,2021,1,11,0,0,1,0,0,1,0,0,1,0,0,0,1,0,0,0,0,0,0,0,0,0,0,0,1,0,0,0,0,0,0,0,0,0,0,0,0,0,0,1,0,0,0,0,1
CUST004098,Arjun,Virk,30.0,Varanasi,2021-07-16,299200.0,2021,7,16,1,0,0,1,0,1,0,0,0,0,1,0,0,0,0,0,0,0,0,0,0,0,0,0,0,0,1,0,0,0,0,0,0,0,0,0,0,0,0,0,0,0,0,0,1
CUST004099,Dalaja,Ramakrishnan,36.0,Kolkata,2018-11-22,114200.0,2018,11,22,1,0,0,0,0,1,0,0,0,0,1,0,0,0,0,0,0,0,0,0,0,0,0,0,0,0,0,1,0,0,0,0,1,0,0,0,0,0,0,1,0,0,0,1,0
CUST004100,Mitesh,Sawhney,39.0,Kolkata,2018-12-14,11800.0,2018,12,14,0,0,0,1,0,0,1,0,1,0,0,0,0,0,0,0,0,0,0,0,0,0,0,0,0,0,0,1,0,0,0,0,0,0,0,0,0,1,0,1,0,0,0,0,0
CUST004101,Atharv,Agrawal,18.0,Bengaluru,2026-07-11,20100.0,2026,7,11,0,0,0,1,0,0,1,0,0,0,0,0,0,0,0,0,0,1,0,0,0,0,0,0,0,0,0,0,0,0,0,0,0,1,0,0,0,0,0,0,0,0,0,0,0
CUST004102,Arunima,Purohit,28.0,Varanasi,2019-04-14,14800.0,2019,4,14,0,0,0,0,0,0,1,0,0,0,0,0,0,0,0,0,0,0,0,0,0,0,0,0,0,0,1,0,0,0,0,0,0,0,0,0,0,1,0,0,0,0,0,0,0
CUST004103,Harrison,Krish,56.0,Nagpur,2021-06-25,299700.0,2021,6,25,1,0,0,1,0,1,0,0,0,1,1,0,0,0,0,0,0,0,0,0,1,0,0,0,0,0,0,0,0,0,0,0,0,0,0,0,0,0,0,0,1,0,0,0,1
CUST004104,Rachit,Khare,50.0,Mumbai,2020-10-08,16200.0,2020,10,8,0,0,0,1,0,1,0,0,1,0,0,0,0,0,0,0,0,0,0,0,1,0,0,0,0,0,0,0,0,0,0,0,0,0,0,0,0,1,0,1,0,0,0,0,0
CUST004105,Irya,Chand,37.0,Delhi,2019-10-03,73400.0,2019,10,3,1,0,0,0,0,1,0,0,0,0,1,0,0,0,0,1,0,0,0,0,0,0,0,0,0,0,0,0,0,0,0,0,0,0,0,0,0,0,0,1,0,0,0,1,0
CUST004106,Adweta,Sama,41.0,Bengaluru,2019-05-03,26200.0,2019,5,3,0,0,1,0,0,1,0,0,0,1,0,0,1,0,0,0,0,1,0,0,0,0,0,0,0,0,0,0,0,0,0,0,0,1,0,0,0,0,0,1,0,0,0,0,0
CUST004107,Amrita,Atwal,34.0,Bengaluru,2021-08-05,95200.0,2021,8,5,0,0,1,0,0,1,0,0,1,0,0,0,1,0,0,0,0,1,0,0,0,0,0,0,0,0,0,0,0,0,0,0,1,0,0,0,0,0,0,0,0,0,0,1,0
CUST004108,Pahal,Handa,56.0,Ahmedabad,2020-08-24,159600.0,2020,8,24,1,0,0,0,0,1,0,0,0,0,1,0,0,0,0,0,1,0,0,0,0,0,0,0,0,0,0,0,0,0,0,0,0,0,0,0,0,0,0,0,1,0,0,0,1
CUST004109,Azad,Kannan,35.0,Delhi,2020-12-24,151900.0,2020,12,24,0,0,1,1,0,0,0,0,0,0,0,0,1,0,0,1,0,0,0,0,0,0,0,0,0,0,0,0,0,0,0,0,1,0,0,0,0,0,0,0,0,0,0,0,1
CUST004110,Chasmum,Ganesh,41.0,Ahmedabad,2018-08-18,50300.0,2018,8,18,0,0,1,0,0,1,0,0,0,0,0,0,1,0,0,0,1,0,0,0,0,0,0,0,0,0,0,0,0,0,0,0,0,0,0,0,0,0,1,1,0,0,1,0,0
CUST004111,Fiyaz,Basu,53.0,Pune,2019-08-12,126300.0,2019,8,12,1,0,0,1,0,1,0,0,0,1,1,0,0,0,0,0,0,0,0,0,1,0,0,0,0,0,0,0,0,0,0,0,1,0,0,0,0,0,0,0,1,0,0,1,0
CUST004112,Triya,Vala,28.0,Pune,2020-05-29,54000.0,2020,5,29,0,0,1,0,0,1,0,0,1,0,0,0,1,0,0,0,0,0,0,0,1,0,0,0,0,0,0,0,0,0,0,0,0,0,0,0,0,0,1,0,0,0,1,0,0
CUST004113,Chatura,Narain,58.0,Chennai,2021-05-25,185600.0,2021,5,25,1,0,0,1,0,0,1,0,1,0,1,0,0,0,0,0,0,0,0,0,0,0,0,0,1,0,0,0,0,0,0,0,0,0,0,0,0,0,0,0,1,0,0,0,1
CUST004114,Ekantika,Gupta,18.0,Kochi,2026-07-11,9000.0,2026,7,11,0,0,0,0,1,0,0,0,0,0,0,0,0,0,0,0,0,0,1,0,0,0,0,0,0,0,0,0,0,0,0,0,0,0,0,0,0,1,0,0,0,0,0,0,0
CUST004115,Ishita,Rana,59.0,Chandigarh,2019-09-13,177800.0,2019,9,13,1,0,0,0,0,1,0,0,0,0,1,0,0,0,1,0,0,0,0,0,0,0,0,0,0,0,0,0,0,1,0,0,0,0,0,0,0,0,0,0,1,0,0,0,1
CUST004116,Upadhriti,Dara,33.0,Bhubaneswar,2019-03-06,69700.0,2019,3,6,0,0,1,0,0,1,0,0,0,0,0,0,1,0,0,0,0,0,0,0,0,1,0,0,0,0,0,0,0,0,1,0,0,0,0,0,0,0,0,0,0,0,0,1,0
CUST004117,Kala,Kala,35.0,Ahmedabad,2020-10-04,42300.0,2020,10,4,0,0,1,0,0,1,0,0,0,0,0,0,1,0,0,0,1,0,0,0,0,0,0,0,0,0,0,0,0,0,0,0,0,0,1,0,0,0,0,0,0,0,1,0,0
CUST004118,Damyanti,Parikh,18.0,Ahmedabad,2026-07-11,16400.0,2026,7,11,0,0,0,0,0,0,1,0,1,0,0,0,0,0,0,0,1,0,0,0,0,0,0,0,0,0,0,0,0,0,0,0,0,0,0,0,0,1,0,0,0,0,0,0,0
CUST004119,Ojasvi,Ghose,32.0,Kolkata,2020-04-22,19600.0,2020,4,22,0,0,1,0,0,0,1,0,0,1,0,0,1,0,0,0,0,0,0,0,0,0,0,0,0,0,0,1,0,0,0,0,0,1,0,0,0,0,0,0,0,0,0,0,0
CUST004120,Abhimanyu,Ratti,24.0,Kolkata,2020-09-26,163800.0,2020,9,26,0,0,1,1,0,0,1,0,0,1,0,0,1,0,0,0,0,0,0,0,0,0,0,0,0,0,0,1,0,0,0,0,1,0,0,0,0,0,0,0,0,0,0,0,1
CUST004121,Nakul,Arora,30.0,Pune,2020-07-30,89100.0,2020,7,30,0,0,1,1,0,1,0,0,1,0,0,0,1,0,0,0,0,0,0,0,1,0,0,0,0,0,0,0,0,0,0,0,0,0,0,1,0,0,0,0,0,0,0,1,0
CUST004122,Robert,Kala,36.0,Madurai,2020-01-25,18000.0,2020,1,25,0,0,0,1,0,1,0,0,0,0,0,0,0,0,0,0,0,0,0,0,0,0,0,0,1,0,0,0,0,0,0,0,0,0,0,0,0,1,0,1,0,0,0,0,0
CUST004123,Veer,Kannan,50.0,Hyderabad,2018-10-25,299100.0,2018,10,25,0,1,0,1,0,1,0,0,1,0,0,1,0,0,0,0,0,0,0,0,0,0,0,0,0,1,0,0,1,0,0,0,0,0,0,0,0,0,0,1,0,0,0,0,1
CUST004124,Bhavini,Mallick,41.0,Warangal,2019-06-03,126200.0,2019,6,3,1,0,0,0,0,1,0,0,1,0,1,0,0,0,0,0,0,0,0,0,0,0,0,0,0,1,0,0,0,1,0,0,0,0,0,0,0,0,0,1,0,0,0,1,0
CUST004125,Raksha,Bassi,42.0,Coimbatore,2019-11-23,22400.0,2019,11,23,0,0,1,0,0,1,0,0,0,1,0,0,1,0,0,0,0,0,0,0,0,0,0,0,1,0,0,0,0,0,0,0,0,1,0,0,0,0,0,1,0,0,0,0,0
CUST004126,Bhavna,Kamdar,24.0,Pune,2021-02-19,137300.0,2021,2,19,1,0,0,0,0,0,1,0,0,1,1,0,0,0,0,0,0,0,0,0,1,0,0,0,0,0,0,0,0,0,0,0,0,0,0,0,1,0,0,0,0,0,0,0,1
CUST004127,Tripti,Mitra,27.0,Hyderabad,2021-03-06,54800.0,2021,3,6,0,0,1,0,0,1,0,0,0,0,0,0,1,0,0,0,0,0,0,0,0,0,0,0,0,1,0,0,0,0,0,0,0,0,0,0,0,0,1,0,0,0,1,0,0
CUST004128,Yahvi,Chaudry,61.0,Mumbai,2020-02-13,61000.0,2020,2,13,1,0,0,0,0,1,0,0,1,0,1,0,0,0,0,0,0,0,0,0,1,0,0,0,0,0,0,0,0,0,0,0,0,0,0,0,0,0,0,0,1,0,1,0,0
CUST004129,Frederick,Krishnamurthy,28.0,Amritsar,2019-06-10,118100.0,2019,6,10,1,0,0,1,0,1,0,0,1,0,1,0,0,0,0,0,0,0,0,0,0,0,1,0,0,0,0,0,0,0,0,0,0,0,0,0,1,0,0,0,0,0,0,1,0
CUST004130,Champak,Nair,60.0,Pune,2019-05-16,303700.0,2019,5,16,0,1,0,1,0,0,0,1,1,0,0,1,0,0,0,0,0,0,0,0,1,0,0,0,0,0,0,0,0,0,0,0,0,0,0,0,0,0,0,0,1,0,0,0,1
CUST004131,Rishi,Deol,35.0,New Delhi,2020-12-12,47800.0,2020,12,12,0,0,1,1,0,0,1,0,0,0,0,0,1,0,0,1,0,0,0,0,0,0,0,0,0,0,0,0,0,0,0,0,0,0,0,1,0,0,0,0,0,0,1,0,0
CUST004132,Ojas,Gill,38.0,Indore,2021-04-29,130300.0,2021,4,29,0,0,1,1,0,1,0,0,1,0,0,0,1,0,0,0,0,0,0,1,0,0,0,0,0,0,0,0,0,1,0,0,0,0,0,0,0,0,0,1,0,0,0,1,0
CUST004133,Nitara,Subramaniam,52.0,Chennai,2020-06-21,160900.0,2020,6,21,1,0,0,0,0,1,0,0,0,1,1,0,0,0,0,0,0,0,0,0,0,0,0,0,1,0,0,0,0,0,0,0,0,0,0,0,0,0,0,0,1,0,0,0,1
CUST004134,Bhavna,Nayak,55.0,Pune,2018-11-14,235100.0,2018,11,14,0,1,0,0,0,1,0,0,0,1,0,1,0,0,0,0,0,0,0,0,1,0,0,0,0,0,0,0,0,0,0,0,0,0,0,0,1,0,0,0,1,0,0,0,1
CUST004135,Adya,Sen,37.0,Hyderabad,2019-12-28,17900.0,2019,12,28,0,0,0,0,0,0,1,0,1,0,0,0,0,0,0,0,0,0,0,0,0,0,0,0,0,1,0,0,0,0,0,0,0,0,0,0,0,1,0,1,0,0,0,0,0
CUST004136,Sai,Vaidya,38.0,Pune,2020-08-31,113100.0,2020,8,31,1,0,0,0,0,1,0,0,0,0,1,0,0,0,0,0,0,0,0,0,1,0,0,0,0,0,0,0,0,0,0,0,0,0,0,0,1,0,0,1,0,0,0,1,0
CUST004137,Kamala,Thakur,37.0,Delhi,2020-08-27,111200.0,2020,8,27,1,0,0,0,0,1,0,0,0,0,1,0,0,0,0,1,0,0,0,0,0,0,0,0,0,0,0,0,0,1,0,0,0,0,0,0,0,0,0,1,0,0,0,1,0
CUST004138,Abeer,Kaul,38.0,Mumbai,2021-03-25,14600.0,2021,3,25,0,0,0,1,0,1,0,0,1,0,0,0,0,0,0,0,0,0,0,0,1,0,0,0,0,0,0,0,0,0,0,0,0,0,0,0,0,1,0,1,0,0,0,0,0
CUST004139,Aishani,Dash,50.0,Warangal,2020-03-16,131600.0,2020,3,16,1,0,0,0,0,1,0,0,0,1,1,0,0,0,0,0,0,0,0,0,0,0,0,0,0,1,0,0,0,0,0,0,1,0,0,0,0,0,0,1,0,0,0,1,0
CUST004140,Mohammed,Khalsa,38.0,Lucknow,2019-04-02,11800.0,2019,4,2,0,0,1,1,0,1,0,0,0,1,0,0,1,0,0,0,0,0,0,0,0,0,0,0,0,0,1,0,0,0,0,0,0,0,0,0,0,0,0,1,0,0,0,0,0
CUST004141,Tanish,Kohli,46.0,Kolkata,2018-09-20,301200.0,2018,9,20,0,1,0,1,0,0,1,0,0,0,0,1,0,0,0,0,0,0,0,0,0,0,0,0,0,0,0,1,0,0,0,0,0,0,0,0,0,0,0,1,0,0,0,0,1
CUST004142,Balveer,Bhasin,59.0,Kolkata,2020-02-14,144600.0,2020,2,14,1,0,0,1,0,0,0,0,0,1,1,0,0,0,0,0,0,0,0,0,0,0,0,0,0,0,0,1,0,1,0,0,0,0,0,0,0,0,0,0,1,0,0,0,1
CUST004143,Ekapad,Prasad,43.0,Delhi,2021-02-14,18100.0,2021,2,14,0,0,0,1,0,1,0,0,1,0,0,0,0,0,0,1,0,0,0,0,0,0,0,0,0,0,0,0,0,0,0,1,0,0,0,0,0,0,0,1,0,0,0,0,0
CUST004144,Zaid,Minhas,42.0,Mysuru,2019-07-30,41800.0,2019,7,30,0,0,1,1,0,0,1,0,0,1,0,0,1,0,0,0,0,1,0,0,0,0,0,0,0,0,0,0,0,0,0,0,0,1,0,0,0,0,0,1,0,0,1,0,0
CUST004145,Harrison,Doshi,18.0,Varanasi,2026-07-11,23100.0,2026,7,11,0,0,0,1,0,0,1,0,0,1,0,0,0,0,0,0,0,0,0,0,0,0,0,0,0,0,1,0,0,0,0,0,0,1,0,0,0,0,0,0,0,0,0,0,0
CUST004146,Riya,Jayaraman,18.0,Pune,2026-07-11,9500.0,2026,7,11,0,0,0,0,0,0,1,0,0,0,0,0,0,0,0,0,0,0,0,0,1,0,0,0,0,0,0,0,0,0,0,0,0,0,0,0,0,1,0,0,0,0,0,0,0
CUST004147,Anjali,Khanna,43.0,Chandigarh,2019-01-28,132400.0,2019,1,28,0,1,0,0,0,0,1,0,1,0,0,1,0,0,1,0,0,0,0,0,0,0,0,0,0,0,0,0,0,1,0,0,0,0,0,0,0,0,0,1,0,0,0,1,0
CUST004148,Tristan,Narasimhan,37.0,Chennai,2019-02-20,292800.0,2019,2,20,0,1,0,1,0,1,0,0,1,0,0,1,0,0,0,0,0,0,0,0,0,0,0,0,1,0,0,0,0,0,0,0,0,0,0,0,0,0,0,1,0,0,0,0,1
CUST004149,Ekalinga,Mall,31.0,Varanasi,2020-03-16,458700.0,2020,3,16,0,1,0,1,0,0,1,0,0,0,0,1,0,0,0,0,0,0,0,0,0,0,0,0,0,0,1,0,0,0,0,0,0,0,0,0,0,0,0,0,0,0,0,0,1
CUST004150,Nitara,Baral,41.0,Bengaluru,2019-12-11,111300.0,2019,12,11,1,0,0,1,0,0,0,0,1,0,1,0,0,0,0,0,0,1,0,0,0,0,0,0,0,0,0,0,0,0,0,0,0,0,0,0,1,0,0,1,0,0,0,1,0
CUST004151,Sarthak,Mani,37.0,Mysuru,2019-06-27,41600.0,2019,6,27,0,0,1,1,0,1,0,0,0,1,0,0,1,0,0,0,0,1,0,0,0,0,0,0,0,0,0,0,0,0,0,0,0,0,0,1,0,0,0,1,0,0,1,0,0
CUST004152,Amaira,Karnik,53.0,Vadodara,2019-08-06,12900.0,2019,8,6,0,0,0,0,0,1,0,0,1,0,0,0,0,0,0,0,1,0,0,0,0,0,0,0,0,0,0,0,0,0,0,0,0,0,0,0,0,1,0,0,1,0,0,0,0
CUST004153,Oni,Oommen,38.0,Jodhpur,2021-07-29,56900.0,2021,7,29,0,0,1,0,0,1,0,0,0,1,0,0,1,0,0,0,0,0,0,0,0,0,0,1,0,0,0,0,0,0,0,0,0,0,0,0,0,0,1,1,0,0,1,0,0
CUST004154,Jairaj,Jha,28.0,Delhi,2021-04-04,264600.0,2021,4,4,1,0,0,1,0,1,0,0,0,0,1,0,0,0,0,1,0,0,0,0,0,0,0,0,0,0,0,0,1,0,0,0,0,0,0,0,0,0,0,0,0,0,0,0,1
CUST004155,Avi,Kothari,51.0,Amritsar,2021-02-19,140400.0,2021,2,19,1,0,0,1,0,1,0,0,0,1,1,0,0,0,0,0,0,0,0,0,0,0,1,0,0,0,0,0,0,0,0,0,1,0,0,0,0,0,0,0,1,0,0,0,1
CUST004156,Indrajit,Raj,35.0,Pune,2019-05-11,35800.0,2019,5,11,0,0,1,1,0,0,1,0,0,0,0,0,1,0,0,0,0,0,0,0,1,0,0,0,0,0,0,0,0,0,0,0,0,1,0,0,0,0,0,0,0,0,1,0,0
CUST004157,Naveen,Goswami,45.0,Mumbai,2020-04-21,135300.0,2020,4,21,1,0,0,1,0,0,0,0,0,0,1,0,0,0,0,0,0,0,0,0,1,0,0,0,0,0,0,0,0,1,0,0,0,0,0,0,0,0,0,1,0,0,0,0,1
CUST004158,Timothy,Ahuja,32.0,Kolkata,2019-12-28,151400.0,2019,12,28,1,0,0,1,0,1,0,0,0,1,1,0,0,0,0,0,0,0,0,0,0,0,0,0,0,0,0,1,0,0,0,0,1,0,0,0,0,0,0,0,0,0,0,0,1
CUST004159,Bhavini,Swamy,30.0,Ahmedabad,2019-04-23,143000.0,2019,4,23,1,0,0,0,0,0,1,0,1,0,1,0,0,0,0,0,1,0,0,0,0,0,0,0,0,0,0,0,0,0,0,0,1,0,0,0,0,0,0,0,0,0,0,0,1
CUST004160,Bakhshi,Hans,39.0,Bhubaneswar,2020-08-08,140100.0,2020,8,8,1,0,0,1,0,1,0,0,1,0,1,0,0,0,0,0,0,0,0,0,0,1,0,0,0,0,0,0,0,0,0,0,0,0,0,0,1,0,0,1,0,0,0,0,1
CUST004161,Ati,Dhaliwal,38.0,Hyderabad,2019-05-19,148500.0,2019,5,19,0,1,0,0,0,1,0,0,1,0,0,1,0,0,0,0,0,0,0,0,0,0,0,0,0,1,0,0,0,0,0,0,1,0,0,0,0,0,0,1,0,0,0,0,1
CUST004162,Ishani,Dass,44.0,Mumbai,2020-04-19,15600.0,2020,4,19,0,0,0,0,0,1,0,0,0,0,0,0,0,0,0,0,0,0,0,0,1,0,0,0,0,0,0,0,0,0,0,0,0,0,0,0,0,1,0,1,0,0,0,0,0
CUST004163,Chakradev,Ghose,35.0,Kolkata,2020-06-29,11900.0,2020,6,29,0,0,0,1,0,1,0,0,1,0,0,0,0,0,0,0,0,0,0,0,0,0,0,0,0,0,0,1,0,0,0,0,0,0,0,0,0,1,0,0,0,0,0,0,0
CUST004164,Harsh,Keer,18.0,Bengaluru,2026-07-11,99200.0,2026,7,11,0,0,1,1,0,0,1,0,0,0,0,0,1,0,0,0,0,1,0,0,0,0,0,0,0,0,0,0,0,0,0,0,0,0,0,1,0,0,0,0,0,0,0,1,0
CUST004165,Zehaan,Brar,32.0,Warangal,2018-09-24,8300.0,2018,9,24,0,0,1,1,0,1,0,0,1,0,0,0,1,0,0,0,0,0,0,0,0,0,0,0,0,1,0,0,0,0,0,1,0,0,0,0,0,0,0,0,0,0,0,0,0
CUST004166,Tanay,Sibal,48.0,Chennai,2019-04-23,332900.0,2019,4,23,0,1,0,1,0,1,0,0,0,0,0,1,0,0,0,0,0,0,0,0,0,0,0,0,1,0,0,0,1,0,0,0,0,0,0,0,0,0,0,1,0,0,0,0,1
CUST004167,Nimrat,Gala,34.0,Mumbai,2021-07-25,40600.0,2021,7,25,0,0,1,0,0,0,0,0,0,1,0,0,1,0,0,0,0,0,0,0,1,0,0,0,0,0,0,0,0,0,0,0,0,0,0,0,0,0,1,0,0,0,1,0,0
CUST004168,Hardik,Konda,35.0,Chennai,2018-10-02,65800.0,2018,10,2,1,0,0,1,0,0,1,0,1,0,1,0,0,0,0,0,0,0,0,0,0,0,0,0,1,0,0,0,0,0,0,0,0,0,0,1,0,0,0,0,0,0,1,0,0
CUST004169,Unnati,Goda,51.0,Hyderabad,2019-04-20,230500.0,2019,4,20,1,0,0,0,0,1,0,0,1,0,1,0,0,0,0,0,0,0,0,0,0,0,0,0,0,1,0,0,1,0,0,0,0,0,0,0,0,0,0,0,1,0,0,0,1
CUST004170,Jeet,Mitter,29.0,Ahmedabad,2021-03-06,211600.0,2021,3,6,1,0,0,1,0,1,0,0,0,0,1,0,0,0,0,0,1,0,0,0,0,0,0,0,0,0,0,0,0,0,0,0,0,0,0,0,1,0,0,0,0,0,0,0,1
CUST004171,Luke,Sen,18.0,Howrah,2026-07-11,20400.0,2026,7,11,0,0,0,1,0,0,1,0,1,0,0,0,0,0,0,0,0,0,0,0,0,0,0,0,0,0,0,1,0,0,0,0,0,1,0,0,0,0,0,0,0,0,0,0,0
CUST004172,Isha,Magar,36.0,Delhi,2020-09-13,48300.0,2020,9,13,0,0,1,0,0,0,1,0,1,0,0,0,1,0,0,1,0,0,0,0,0,0,0,0,0,0,0,0,0,0,0,0,0,0,0,0,0,0,1,1,0,0,1,0,0
CUST004173,Warda,Buch,32.0,Delhi,2019-10-02,121600.0,2019,10,2,1,0,0,0,0,0,1,0,1,0,1,0,0,0,0,1,0,0,0,0,0,0,0,0,0,0,0,0,0,0,0,0,1,0,0,0,0,0,0,0,0,0,0,1,0
CUST004174,Pranit,Rao,25.0,New Delhi,2019-10-11,22000.0,2019,10,11,0,0,1,1,0,1,0,0,1,0,0,0,1,0,0,1,0,0,0,0,0,0,0,0,0,0,0,0,0,0,0,0,0,1,0,0,0,0,0,0,0,0,0,0,0
CUST004175,Ranbir,Ganesh,36.0,Delhi,2020-10-18,56100.0,2020,10,18,0,0,1,1,0,1,0,0,0,1,0,0,1,0,0,1,0,0,0,0,0,0,0,0,0,0,0,0,0,0,1,0,0,0,0,0,0,0,0,1,0,0,1,0,0
CUST004176,Vrishti,Sastry,44.0,Ahmedabad,2020-04-15,170700.0,2020,4,15,1,0,0,0,0,1,0,0,0,1,1,0,0,0,0,0,1,0,0,0,0,0,0,0,0,0,0,0,0,0,0,0,0,0,0,0,1,0,0,1,0,0,0,0,1
CUST004177,Siddharth,Tiwari,38.0,Ludhiana,2020-12-27,98600.0,2020,12,27,1,0,0,1,0,1,0,0,0,0,1,0,0,0,0,0,0,0,0,0,0,0,1,0,0,0,0,0,0,0,0,0,0,0,0,1,0,0,0,1,0,0,0,1,0
CUST004178,Tarak,Dugal,42.0,Ahmedabad,2021-06-22,237700.0,2021,6,22,1,0,0,1,0,1,0,0,0,0,1,0,0,0,0,0,1,0,0,0,0,0,0,0,0,0,0,0,0,0,0,0,0,0,0,0,0,0,0,1,0,0,0,0,1
CUST004179,Warda,Bahri,62.0,Kolkata,2020-01-28,65800.0,2020,1,28,0,0,1,0,0,1,0,0,0,1,0,0,1,0,0,0,0,0,0,0,0,0,0,0,0,0,0,1,0,0,0,0,0,0,1,0,0,0,0,0,1,0,1,0,0
CUST004180,Sai,Sane,34.0,Hyderabad,2020-08-01,13300.0,2020,8,1,0,0,0,0,0,0,1,0,0,1,0,0,0,0,0,0,0,0,0,0,0,0,0,0,0,1,0,0,0,0,0,0,0,0,0,0,0,1,0,0,0,0,0,0,0
CUST004181,Chakrika,Mital,42.0,Bengaluru,2019-12-30,12100.0,2019,12,30,0,0,0,0,0,0,0,1,0,0,0,0,0,0,0,0,0,1,0,0,0,0,0,0,0,0,0,0,0,0,0,0,0,0,0,0,0,1,0,1,0,0,0,0,0
CUST004182,Ganga,Gill,31.0,Kochi,2018-10-14,63900.0,2018,10,14,0,0,1,0,0,1,0,0,0,0,0,0,1,0,0,0,0,0,1,0,0,0,0,0,0,0,0,0,0,0,0,0,0,0,0,0,0,0,1,0,0,0,1,0,0
CUST004183,Lavanya,Rai,27.0,Bhubaneswar,2021-03-12,93600.0,2021,3,12,0,0,1,0,0,1,0,0,0,1,0,0,1,0,0,0,0,0,0,0,0,1,0,0,0,0,0,0,0,0,0,0,1,0,0,0,0,0,0,0,0,0,0,1,0
CUST004184,Vedika,Mohan,30.0,Chennai,2021-08-14,79400.0,2021,8,14,0,0,1,0,0,1,0,0,1,0,0,0,1,0,0,0,0,0,0,0,0,0,0,0,1,0,0,0,0,1,0,0,0,0,0,0,0,0,0,0,0,0,0,1,0
CUST004185,Vasana,Mander,32.0,Bengaluru,2021-05-24,15700.0,2021,5,24,0,0,0,0,0,1,0,0,0,0,0,0,0,0,0,0,0,1,0,0,0,0,0,0,0,0,0,0,0,0,0,0,0,0,0,0,0,1,0,0,0,0,0,0,0
CUST004186,Riya,Srivastava,43.0,Udaipur,2020-03-27,33800.0,2020,3,27,0,0,1,0,0,1,0,0,1,0,0,0,1,0,0,0,0,0,0,0,0,0,0,1,0,0,0,0,0,0,0,0,0,0,1,0,0,0,0,1,0,0,1,0,0
CUST004187,Bimala,Nath,69.0,Pune,2019-07-04,13500.0,2019,7,4,0,0,1,0,0,1,0,0,0,1,0,0,1,0,0,0,0,0,0,0,1,0,0,0,0,0,0,0,0,0,0,0,0,0,1,0,0,0,0,0,0,1,0,0,0
CUST004188,Ekansh,Singh,29.0,Jaipur,2019-11-19,75000.0,2019,11,19,1,0,0,1,0,1,0,0,0,0,1,0,0,0,0,0,0,0,0,0,0,0,0,1,0,0,0,0,0,0,0,0,0,0,0,0,1,0,0,0,0,0,0,1,0
CUST004189,Guneet,Dubey,33.0,Kanpur,2020-02-21,65800.0,2020,2,21,1,0,0,1,0,1,0,0,1,0,1,0,0,0,0,0,0,0,0,0,0,0,0,0,0,0,1,0,0,1,0,0,0,0,0,0,0,0,0,0,0,0,1,0,0
CUST004190,Ikshita,Agrawal,37.0,Pune,2020-07-24,39200.0,2020,7,24,0,0,1,0,0,0,1,0,0,0,0,0,1,0,0,0,0,0,0,0,1,0,0,0,0,0,0,0,0,0,0,0,0,1,0,0,0,0,0,1,0,0,1,0,0
CUST004191,Abha,Tella,43.0,Amritsar,2020-09-11,136200.0,2020,9,11,1,0,0,0,0,1,0,0,0,1,1,0,0,0,0,0,0,0,0,0,0,0,1,0,0,0,0,0,0,0,0,0,0,0,0,0,1,0,0,1,0,0,0,0,1
CUST004192,Rachit,Swamy,41.0,Ludhiana,2020-06-30,389500.0,2020,6,30,1,0,0,1,0,0,0,0,0,1,1,0,0,0,0,0,0,0,0,0,0,0,1,0,0,0,0,0,0,0,0,0,0,0,0,0,0,0,0,1,0,0,0,0,1
CUST004193,Tanmayi,Sagar,55.0,Thiruvananthapuram,2019-10-16,205800.0,2019,10,16,1,0,0,0,0,1,0,0,0,1,1,0,0,0,0,0,0,0,1,0,0,0,0,0,0,0,0,0,0,0,0,0,1,0,0,0,0,0,0,0,1,0,0,0,1
CUST004194,Rudra,Prakash,18.0,Chennai,2026-07-11,6400.0,2026,7,11,0,0,0,1,0,0,1,0,0,0,0,0,0,0,0,0,0,0,0,0,0,0,0,0,1,0,0,0,0,0,0,0,0,0,0,0,0,1,0,0,0,0,0,0,0
CUST004195,Sanaya,Suri,18.0,Delhi,2026-07-11,6400.0,2026,7,11,0,0,0,0,0,0,1,0,0,0,0,0,0,0,0,1,0,0,0,0,0,0,0,0,0,0,0,0,0,0,0,0,0,0,0,0,0,1,0,0,0,0,0,0,0
CUST004196,Nikita,Bobal,32.0,Kolkata,2019-11-25,136500.0,2019,11,25,1,0,0,0,0,1,0,0,1,0,1,0,0,0,0,0,0,0,0,0,0,0,0,0,0,0,0,1,1,0,0,0,0,0,0,0,0,0,0,0,0,0,0,0,1
CUST004197,Tara,Barad,52.0,Hyderabad,2020-10-25,77200.0,2020,10,25,0,0,1,0,0,1,0,0,0,1,0,0,1,0,0,0,0,0,0,0,0,0,0,0,0,1,0,0,0,0,0,0,0,0,0,1,0,0,0,0,1,0,0,1,0
CUST004198,David,Rajan,18.0,Delhi,2026-07-11,7000.0,2026,7,11,0,0,0,1,0,0,1,0,1,0,0,0,0,0,0,1,0,0,0,0,0,0,0,0,0,0,0,0,0,0,0,0,0,0,0,0,0,1,0,0,0,0,0,0,0
CUST004199,Gautami,Hari,18.0,Hyderabad,2026-07-11,10800.0,2026,7,11,0,0,0,0,0,0,1,0,1,0,0,0,0,0,0,0,0,0,0,0,0,0,0,0,0,1,0,0,0,0,0,0,0,0,0,0,0,1,0,0,0,0,0,0,0
CUST004200,Tejas,Kumer,45.0,Ahmedabad,2021-07-25,72600.0,2021,7,25,0,0,1,1,0,1,0,0,0,0,0,0,1,0,0,0,1,0,0,0,0,0,0,0,0,0,0,0,0,0,0,0,0,0,0,1,0,0,0,1,0,0,0,1,0
CUST004201,Owen,Upadhyay,41.0,Mumbai,2021-01-10,82700.0,2021,1,10,0,0,1,1,0,1,0,0,0,0,0,0,1,0,0,0,0,0,0,0,1,0,0,0,0,0,0,0,0,0,1,0,0,0,0,0,0,0,0,1,0,0,0,1,0
CUST004202,Yash,Pillay,24.0,Bengaluru,2020-08-16,217700.0,2020,8,16,1,0,0,1,0,0,1,0,0,0,1,0,0,0,0,0,0,1,0,0,0,0,0,0,0,0,0,0,1,0,0,0,0,0,0,0,0,0,0,0,0,0,0,0,1
CUST004203,Barkha,Rajan,25.0,Mumbai,2019-09-17,62800.0,2019,9,17,0,0,1,0,0,1,0,0,0,0,0,0,1,0,0,0,0,0,0,0,1,0,0,0,0,0,0,0,0,1,0,0,0,0,0,0,0,0,0,0,0,0,1,0,0
CUST004204,Simon,Koshy,25.0,Vadodara,2020-12-27,73000.0,2020,12,27,0,0,1,1,0,1,0,0,1,0,0,0,1,0,0,0,1,0,0,0,0,0,0,0,0,0,0,0,0,1,0,0,0,0,0,0,0,0,0,0,0,0,0,1,0
CUST004205,Jairaj,Sridhar,39.0,Howrah,2018-10-31,170500.0,2018,10,31,0,1,0,1,0,1,0,0,1,0,0,1,0,0,0,0,0,0,0,0,0,0,0,0,0,0,0,1,0,0,0,0,1,0,0,0,0,0,0,1,0,0,0,0,1
CUST004206,Anika,Pathak,30.0,Mumbai,2019-09-12,47100.0,2019,9,12,0,0,1,0,0,1,0,0,1,0,0,0,1,0,0,0,0,0,0,0,1,0,0,0,0,0,0,0,0,0,1,0,0,0,0,0,0,0,0,0,0,0,1,0,0
CUST004207,Amrita,Divan,44.0,Bhubaneswar,2018-12-29,11100.0,2018,12,29,0,0,0,0,0,1,0,0,1,0,0,0,0,0,0,0,0,0,0,0,0,1,0,0,0,0,0,0,0,0,0,0,0,0,0,0,0,1,0,1,0,0,0,0,0
CUST004208,Leena,Shah,18.0,Mumbai,2026-07-11,26800.0,2026,7,11,0,0,0,0,0,0,1,0,0,0,0,0,0,0,0,0,0,0,0,0,1,0,0,0,0,0,0,0,0,0,0,0,0,1,0,0,0,0,0,0,0,0,1,0,0
CUST004209,Falak,Kumar,27.0,Kolkata,2019-02-20,258300.0,2019,2,20,0,1,0,0,0,0,1,0,0,1,0,1,0,0,0,0,0,0,0,0,0,0,0,0,0,0,0,1,0,0,0,0,0,0,0,0,0,0,0,0,0,0,0,0,1
CUST004210,Jatin,Edwin,23.0,Udaipur,2021-08-16,81600.0,2021,8,16,0,0,1,1,0,0,1,0,0,0,0,0,1,0,0,0,0,0,0,0,0,0,0,1,0,0,0,0,1,0,0,0,0,0,0,0,0,0,0,0,0,0,0,1,0
CUST004211,Abha,Dada,35.0,Jodhpur,2020-11-12,89400.0,2020,11,12,0,0,1,0,0,0,1,0,1,0,0,0,1,0,0,0,0,0,0,0,0,0,0,1,0,0,0,0,0,0,0,0,0,0,0,0,0,0,0,0,0,0,0,1,0
CUST004212,Charita,Rajagopalan,31.0,Mumbai,2018-11-21,49700.0,2018,11,21,0,0,1,0,0,1,0,0,1,0,0,0,1,0,0,0,0,0,0,0,1,0,0,0,0,0,0,0,0,0,1,0,0,0,0,0,0,0,0,0,0,0,1,0,0
CUST004213,Rushil,Buch,48.0,Patna,2021-05-07,23100.0,2021,5,7,0,0,0,1,0,1,0,0,1,0,0,0,0,1,0,0,0,0,0,0,0,0,0,0,0,0,0,0,0,0,0,0,0,0,0,0,0,0,0,1,0,0,0,0,0
CUST004214,Girindra,Sampath,18.0,Kochi,2026-07-11,29100.0,2026,7,11,0,0,0,1,0,0,1,0,0,0,0,0,0,0,0,0,0,0,1,0,0,0,0,0,0,0,0,0,0,0,0,0,0,1,0,0,0,0,0,0,0,0,1,0,0
CUST004215,Fitan,Sane,39.0,Kolkata,2020-04-01,120300.0,2020,4,1,0,0,1,1,0,0,1,0,0,1,0,0,1,0,0,0,0,0,0,0,0,0,0,0,0,0,0,1,0,0,0,0,1,0,0,0,0,0,0,1,0,0,0,1,0
CUST004216,Jonathan,Mittal,45.0,Chennai,2018-08-25,79300.0,2018,8,25,1,0,0,1,0,1,0,0,1,0,1,0,0,0,0,0,0,0,0,0,0,0,0,0,1,0,0,0,0,0,1,0,0,0,0,0,0,0,0,1,0,0,0,1,0
CUST004217,Yamini,Walia,62.0,Mumbai,2020-01-03,11600.0,2020,1,3,0,0,0,0,0,0,0,1,0,1,0,0,0,0,0,0,0,0,0,0,1,0,0,0,0,0,0,0,0,0,0,0,0,0,1,0,0,0,0,0,1,0,0,0,0
CUST004218,Sai,Morar,32.0,Kolkata,2019-05-09,13200.0,2019,5,9,0,0,1,0,0,1,0,0,1,0,0,0,1,0,0,0,0,0,0,0,0,0,0,0,0,0,0,1,0,0,0,0,0,0,0,0,0,1,0,0,0,0,0,0,0
CUST004219,Tripti,Chakraborty,42.0,Hyderabad,2021-08-09,57600.0,2021,8,9,0,0,1,0,0,1,0,0,0,0,0,0,1,0,0,0,0,0,0,0,0,0,0,0,0,1,0,0,0,0,0,0,0,0,0,0,0,0,1,1,0,0,1,0,0
CUST004220,Darika,Padmanabhan,18.0,Udaipur,2026-07-11,22200.0,2026,7,11,0,0,0,0,0,0,1,0,0,0,0,0,0,0,0,0,0,0,0,0,0,0,0,1,0,0,0,0,0,0,0,0,0,1,0,0,0,0,0,0,0,0,0,0,0
CUST004221,Ekbal,Luthra,18.0,Hyderabad,2026-07-11,38700.0,2026,7,11,0,0,1,1,0,0,1,0,1,0,0,0,1,0,0,0,0,0,0,0,0,0,0,0,0,1,0,0,0,0,0,0,0,0,0,1,0,0,0,0,0,0,1,0,0
CUST004222,Jagrati,Rao,49.0,Ahmedabad,2019-04-11,56900.0,2019,4,11,0,0,1,0,0,1,0,0,1,0,0,0,1,0,0,0,1,0,0,0,0,0,0,0,0,0,0,0,0,0,0,0,0,0,0,1,0,0,0,1,0,0,1,0,0
CUST004223,Mitesh,Ahuja,38.0,Pune,2021-02-24,98900.0,2021,2,24,0,0,1,1,0,1,0,0,0,1,0,0,1,0,0,0,0,0,0,0,1,0,0,0,0,0,0,0,0,0,0,0,0,0,0,1,0,0,0,1,0,0,0,1,0
CUST004224,Hamsini,Swamy,38.0,Pune,2020-05-14,92200.0,2020,5,14,1,0,0,0,0,1,0,0,1,0,1,0,0,0,0,0,0,0,0,0,1,0,0,0,0,0,0,0,0,0,0,0,0,0,0,1,0,0,0,1,0,0,0,1,0
CUST004225,Aadi,Chatterjee,20.0,Pune,2024-08-16,16000.0,2024,8,16,0,0,0,1,0,0,1,0,0,0,0,0,0,0,0,0,0,0,0,0,1,0,0,0,0,0,0,0,0,0,0,0,0,0,0,0,0,1,0,0,0,0,0,0,0
CUST004226,Bhavya,Sahni,45.0,Mumbai,2021-04-25,65800.0,2021,4,25,0,0,0,0,0,0,1,0,0,0,0,0,0,0,0,0,0,0,0,0,1,0,0,0,0,0,0,0,0,0,0,0,0,1,0,0,0,0,0,1,0,0,1,0,0
CUST004227,Sathvik,Mani,62.0,Madurai,2020-04-18,157400.0,2020,4,18,1,0,0,1,0,1,0,0,0,1,1,0,0,0,0,0,0,0,0,0,0,0,0,0,1,0,0,0,0,0,0,0,0,0,0,0,1,0,0,0,1,0,0,0,1
CUST004228,Tanveer,Garde,43.0,Jodhpur,2019-03-16,35000.0,2019,3,16,0,0,1,1,0,1,0,0,0,0,0,0,1,0,0,0,0,0,0,0,0,0,0,1,0,0,0,0,0,0,0,0,0,1,0,0,0,0,0,1,0,0,1,0,0
CUST004229,Gaurang,Prasad,42.0,Kolkata,2020-09-21,80000.0,2020,9,21,0,0,1,1,0,1,0,0,1,0,0,0,1,0,0,0,0,0,0,0,0,0,0,0,0,0,0,1,0,0,1,0,0,0,0,0,0,0,0,1,0,0,0,1,0
CUST004230,Idika,Desai,38.0,Kolkata,2020-04-29,72900.0,2020,4,29,0,0,1,0,0,1,0,0,0,1,0,0,1,0,0,0,0,0,0,0,0,0,0,0,0,0,0,1,0,0,1,0,0,0,0,0,0,0,0,1,0,0,0,1,0
CUST004231,Ira,Sur,18.0,Ahmedabad,2026-07-11,8000.0,2026,7,11,0,0,0,0,0,0,1,0,0,1,0,0,0,0,0,0,1,0,0,0,0,0,0,0,0,0,0,0,0,0,0,0,0,0,0,0,0,1,0,0,0,0,0,0,0
CUST004232,Gavin,Thakkar,56.0,Mysuru,2021-07-13,63900.0,2021,7,13,0,0,1,1,0,1,0,0,0,1,0,0,1,0,0,0,0,1,0,0,0,0,0,0,0,0,0,0,0,0,0,0,0,0,0,0,0,0,1,0,1,0,1,0,0
CUST004233,Dayamai,Seshadri,30.0,Hyderabad,2019-11-07,31600.0,2019,11,7,0,0,1,0,0,1,0,0,1,0,0,0,1,0,0,0,0,0,0,0,0,0,0,0,0,1,0,0,0,0,0,0,0,1,0,0,0,0,0,0,0,0,1,0,0
CUST004234,Jagvi,Grewal,45.0,Bengaluru,2019-05-25,150300.0,2019,5,25,1,0,0,0,0,1,0,0,1,0,1,0,0,0,0,0,0,1,0,0,0,0,0,0,0,0,0,0,0,0,0,0,1,0,0,0,0,0,0,1,0,0,0,0,1
CUST004235,Irya,Bhargava,18.0,Ahmedabad,2026-07-11,81700.0,2026,7,11,0,0,1,0,0,0,1,0,0,0,0,0,1,0,0,0,1,0,0,0,0,0,0,0,0,0,0,0,0,0,0,0,0,0,0,1,0,0,0,0,0,0,0,1,0
CUST004236,Hemani,Handa,23.0,Nagpur,2021-08-16,60500.0,2021,8,16,0,0,1,0,0,0,1,0,0,0,0,0,1,0,0,0,0,0,0,0,1,0,0,0,0,0,0,0,0,1,0,0,0,0,0,0,0,0,0,0,0,0,1,0,0
CUST004237,Kai,Rege,57.0,Mumbai,2019-06-12,114800.0,2019,6,12,1,0,0,1,0,1,0,0,0,0,1,0,0,0,0,0,0,0,0,0,1,0,0,0,0,0,0,0,0,0,0,0,0,0,0,1,0,0,0,0,1,0,0,1,0
CUST004238,Thomas,Chopra,33.0,Kolkata,2021-06-13,31600.0,2021,6,13,0,0,0,1,0,1,0,0,1,0,0,0,0,0,0,0,0,0,0,0,0,0,0,0,0,0,0,1,0,0,0,0,0,1,0,0,0,0,0,0,0,0,1,0,0
CUST004239,Geetika,Buch,57.0,Guwahati,2020-01-09,34600.0,2020,1,9,0,0,1,0,0,0,1,0,0,1,0,0,1,0,0,0,0,0,0,0,0,0,0,0,0,0,0,0,0,0,0,0,0,1,0,0,0,0,0,0,1,0,1,0,0
CUST004240,Nandini,Chada,37.0,Kolkata,2019-04-11,109400.0,2019,4,11,1,0,0,0,0,0,1,0,0,0,1,0,0,0,0,0,0,0,0,0,0,0,0,0,0,0,0,1,0,1,0,0,0,0,0,0,0,0,0,1,0,0,0,1,0
CUST004241,Saanvi,Dash,18.0,Udaipur,2026-07-11,14400.0,2026,7,11,0,0,0,0,0,0,1,0,0,0,0,0,0,0,0,0,0,0,0,0,0,0,0,1,0,0,0,0,0,0,0,0,0,0,0,0,0,0,0,0,0,0,0,0,0
CUST004242,Manya,Bhatt,50.0,Ahmedabad,2021-08-03,351000.0,2021,8,3,1,0,0,0,0,1,0,0,0,1,1,0,0,0,0,0,1,0,0,0,0,0,0,0,0,0,0,0,1,0,0,0,0,0,0,0,0,0,0,1,0,0,0,0,1
CUST004243,Onveer,Balan,38.0,Chennai,2019-03-08,125500.0,2019,3,8,1,0,0,1,0,1,0,0,1,0,1,0,0,0,0,0,0,0,0,0,0,0,0,0,1,0,0,0,0,0,0,0,0,0,0,0,1,0,0,1,0,0,0,1,0
CUST004244,Kamya,Sridhar,47.0,Ahmedabad,2019-06-28,180300.0,2019,6,28,0,1,0,0,0,0,0,1,0,1,0,1,0,0,0,0,1,0,0,0,0,0,0,0,0,0,0,0,0,0,0,0,0,0,0,0,1,0,0,1,0,0,0,0,1
CUST004245,Xavier,Chaudhuri,38.0,Kanpur,2020-05-22,9600.0,2020,5,22,0,0,0,1,0,0,1,0,0,0,0,0,0,0,0,0,0,0,0,0,0,0,0,0,0,0,1,0,0,0,0,1,0,0,0,0,0,0,0,1,0,0,0,0,0
CUST004246,Aditya,Bhat,18.0,Delhi,2026-07-11,8900.0,2026,7,11,0,0,0,0,1,0,1,0,0,0,0,0,0,0,0,1,0,0,0,0,0,0,0,0,0,0,0,0,0,0,0,0,0,0,0,0,0,1,0,0,0,0,0,0,0
CUST004247,Kiaan,Amble,40.0,Bengaluru,2019-04-29,32000.0,2019,4,29,0,0,1,1,0,1,0,0,0,0,0,0,1,0,0,0,0,1,0,0,0,0,0,0,0,0,0,0,0,0,0,0,0,1,0,0,0,0,0,1,0,0,1,0,0
CUST004248,Anvi,Chatterjee,67.0,Delhi,2018-09-21,461400.0,2018,9,21,0,1,0,0,0,1,0,0,1,0,0,1,0,0,0,1,0,0,0,0,0,0,0,0,0,0,0,0,0,0,0,0,0,0,0,0,0,0,0,0,0,1,0,0,1
CUST004249,Jagvi,Vig,44.0,Chennai,2018-11-02,32700.0,2018,11,2,0,0,1,0,0,1,0,0,0,0,0,0,1,0,0,0,0,0,0,0,0,0,0,0,1,0,0,0,0,0,0,0,0,1,0,0,0,0,0,1,0,0,1,0,0
CUST004250,Aarush,Prashad,37.0,Indore,2020-03-07,84400.0,2020,3,7,0,0,1,1,0,1,0,0,1,0,0,0,1,0,0,0,0,0,0,1,0,0,0,0,0,0,0,0,0,0,1,0,0,0,0,0,0,0,0,1,0,0,0,1,0
CUST004251,Kiaan,Sunder,52.0,Mysuru,2019-05-12,33100.0,2019,5,12,0,0,1,1,0,1,0,0,0,0,0,0,1,0,0,0,0,1,0,0,0,0,0,0,0,0,0,0,0,0,0,0,0,1,0,0,0,0,0,0,1,0,1,0,0
CUST004252,Vritti,Nazareth,41.0,Hyderabad,2019-08-14,129700.0,2019,8,14,1,0,0,0,0,1,0,0,1,0,1,0,0,0,0,0,0,0,0,0,0,0,0,0,0,1,0,0,0,0,0,0,1,0,0,0,0,0,0,1,0,0,0,1,0
CUST004253,Upadhriti,Nayar,41.0,Chandigarh,2019-03-11,29300.0,2019,3,11,0,0,1,0,0,0,1,0,0,1,0,0,1,0,1,0,0,0,0,0,0,0,0,0,0,0,0,0,0,0,0,0,0,1,0,0,0,0,0,1,0,0,1,0,0
CUST004254,Qasim,Oza,24.0,Chennai,2020-08-16,10300.0,2020,8,16,0,0,0,1,0,0,1,0,1,0,0,0,0,0,0,0,0,0,0,0,0,0,0,0,1,0,0,0,0,0,0,0,0,0,0,0,0,1,0,0,0,0,0,0,0
CUST004255,Nisha,Khatri,41.0,Coimbatore,2021-03-01,190700.0,2021,3,1,1,0,0,0,0,0,0,0,1,0,1,0,0,0,0,0,0,0,0,0,0,0,0,0,1,0,0,0,1,0,0,0,0,0,0,0,0,0,0,1,0,0,0,0,1
CUST004256,Radha,Rastogi,51.0,Chandigarh,2020-12-03,165600.0,2020,12,3,1,0,0,0,0,1,0,0,1,0,1,0,0,0,1,0,0,0,0,0,0,0,0,0,0,0,0,0,0,1,0,0,0,0,0,0,0,0,0,0,1,0,0,0,1
CUST004257,Ranbir,Bhandari,27.0,Chennai,2020-10-29,417200.0,2020,10,29,1,0,0,1,0,1,0,0,0,0,1,0,0,0,0,0,0,0,0,0,0,0,0,0,1,0,0,0,0,0,0,0,0,0,0,0,0,0,0,0,0,0,0,0,1
CUST004258,Pranav,Narayanan,57.0,Ahmedabad,2019-03-03,152200.0,2019,3,3,1,0,0,1,0,1,0,0,0,0,1,0,0,0,0,0,1,0,0,0,0,0,0,0,0,0,0,0,1,0,0,0,0,0,0,0,0,0,0,0,1,0,0,0,1
CUST004259,Daksha,Aggarwal,37.0,Pune,2019-03-12,25200.0,2019,3,12,0,0,1,0,0,1,0,0,1,0,0,0,1,0,0,0,0,0,0,0,1,0,0,0,0,0,0,0,0,0,0,0,0,1,0,0,0,0,0,1,0,0,0,0,0
CUST004260,Vasatika,Ratti,26.0,Delhi,2020-02-20,78900.0,2020,2,20,0,0,1,0,0,1,0,0,1,0,0,0,1,0,0,1,0,0,0,0,0,0,0,0,0,0,0,0,0,0,1,0,0,0,0,0,0,0,0,0,0,0,0,1,0
CUST004261,Ekiya,Bal,51.0,Hyderabad,2019-11-19,46300.0,2019,11,19,0,0,1,1,0,1,0,0,1,0,0,0,1,0,0,0,0,0,0,0,0,0,0,0,0,1,0,0,0,0,0,0,0,1,0,0,0,0,0,0,1,0,1,0,0
CUST004262,Divya,Wali,34.0,Chennai,2019-02-22,201700.0,2019,2,22,1,0,0,1,0,1,0,0,1,0,1,0,0,0,0,0,0,0,0,0,0,0,0,0,1,0,0,0,0,0,0,0,0,0,0,0,1,0,0,0,0,0,0,0,1
CUST004263,Logan,Kothari,48.0,Bhubaneswar,2020-09-08,403200.0,2020,9,8,0,1,0,1,0,1,0,0,1,0,0,1,0,0,0,0,0,0,0,0,0,1,0,0,0,0,0,0,0,0,0,0,0,0,0,0,0,0,0,1,0,0,0,0,1
CUST004264,Qarin,Seth,34.0,Amritsar,2021-06-22,30400.0,2021,6,22,0,0,0,1,0,0,1,0,1,0,0,0,0,0,0,0,0,0,0,0,0,0,1,0,0,0,0,0,0,0,0,0,0,1,0,0,0,0,0,0,0,0,1,0,0
CUST004265,Wazir,Varma,37.0,Chandigarh,2020-03-05,58700.0,2020,3,5,0,0,1,1,0,0,1,0,1,0,0,0,1,0,1,0,0,0,0,0,0,0,0,0,0,0,0,0,0,0,0,0,0,0,0,0,0,0,1,1,0,0,1,0,0
CUST004266,Samuel,Guha,44.0,Bengaluru,2018-11-19,19800.0,2018,11,19,0,0,1,1,0,1,0,0,0,0,0,0,1,0,0,0,0,1,0,0,0,0,0,0,0,0,0,0,0,0,0,1,0,0,0,0,0,0,0,1,0,0,0,0,0
CUST004267,Aadhya,Nagy,42.0,Bhubaneswar,2019-04-03,125100.0,2019,4,3,1,0,0,0,0,1,0,0,1,0,1,0,0,0,0,0,0,0,0,0,0,1,0,0,0,0,0,0,0,1,0,0,0,0,0,0,0,0,0,1,0,0,0,1,0
CUST004268,Adweta,Parsa,18.0,Ahmedabad,2026-07-11,16300.0,2026,7,11,0,0,0,0,0,0,1,0,0,0,0,0,0,0,0,0,1,0,0,0,0,0,0,0,0,0,0,0,0,0,0,0,0,1,0,0,0,0,0,0,0,0,0,0,0
CUST004269,Arin,Nanda,23.0,Hyderabad,2021-08-16,62100.0,2021,8,16,0,0,1,1,0,0,1,0,0,0,0,0,1,0,0,0,0,0,0,0,0,0,0,0,0,1,0,0,0,0,1,0,0,0,0,0,0,0,0,0,0,0,1,0,0
CUST004270,Tristan,Kaur,50.0,Ahmedabad,2019-09-18,34700.0,2019,9,18,0,0,1,1,0,1,0,0,0,1,0,0,1,0,0,0,1,0,0,0,0,0,0,0,0,0,0,0,0,0,0,0,0,1,0,0,0,0,0,1,0,0,1,0,0
CUST004271,Watika,Ratta,36.0,Mumbai,2019-02-14,118400.0,2019,2,14,1,0,0,0,0,0,0,0,0,1,1,0,0,0,0,0,0,0,0,0,1,0,0,0,0,0,0,0,0,0,0,0,0,0,0,0,1,0,0,1,0,0,0,1,0
CUST004272,Chaitaly,Pall,31.0,Pune,2019-08-19,155700.0,2019,8,19,1,0,0,0,0,1,0,0,0,0,1,0,0,0,0,0,0,0,0,0,1,0,0,0,0,0,0,0,0,0,0,0,0,0,0,0,0,0,0,0,0,0,0,0,1
CUST004273,Upadhriti,Soni,20.0,Kanpur,2024-08-16,23600.0,2024,8,16,0,0,0,0,0,0,1,0,0,1,0,0,0,0,0,0,0,0,0,0,0,0,0,0,0,0,1,0,0,0,0,0,0,1,0,0,0,0,0,0,0,0,0,0,0
CUST004274,Daksha,Rajan,24.0,Howrah,2021-04-03,90400.0,2021,4,3,0,0,1,0,0,0,1,0,1,0,0,0,1,0,0,0,0,0,0,0,0,0,0,0,0,0,0,1,0,1,0,0,0,0,0,0,0,0,0,0,0,0,0,1,0
CUST004275,Nandini,Hayer,18.0,Hyderabad,2026-07-11,6200.0,2026,7,11,0,0,0,0,0,0,1,0,0,1,0,0,0,0,0,0,0,0,0,0,0,0,0,0,0,1,0,0,0,0,0,0,0,0,0,0,0,1,0,0,0,0,0,0,0
CUST004276,Eshana,Venkatesh,37.0,Chennai,2020-10-18,475400.0,2020,10,18,1,0,0,0,0,1,0,0,0,1,1,0,0,0,0,0,0,0,0,0,0,0,0,0,1,0,0,0,0,0,0,0,0,0,0,0,0,0,0,1,0,0,0,0,1
CUST004277,Zayyan,Balay,30.0,Patna,2020-12-13,64600.0,2020,12,13,0,0,1,1,0,1,0,0,0,1,0,0,1,1,0,0,0,0,0,0,0,0,0,0,0,0,0,0,0,0,0,0,0,0,0,0,0,0,0,0,0,0,1,0,0
CUST004278,Devansh,Tank,25.0,Howrah,2019-08-17,53900.0,2019,8,17,0,0,1,1,0,0,1,0,0,0,0,0,1,0,0,0,0,0,0,0,0,0,0,0,0,0,0,1,0,0,0,0,0,0,0,0,0,0,1,0,0,0,1,0,0
CUST004279,Caleb,Mitra,37.0,Hyderabad,2018-09-06,64100.0,2018,9,6,0,0,1,1,0,0,1,0,0,0,0,0,1,0,0,0,0,0,0,0,0,0,0,0,0,1,0,0,0,0,0,0,0,0,0,0,0,0,0,1,0,0,1,0,0
CUST004280,Vinaya,Ganguly,43.0,Pune,2019-08-24,61600.0,2019,8,24,0,0,1,0,0,1,0,0,0,1,0,0,1,0,0,0,0,0,0,0,1,0,0,0,0,0,0,0,0,0,1,0,0,0,0,0,0,0,0,1,0,0,1,0,0
CUST004281,Vansha,D’Alia,65.0,Bengaluru,2019-10-02,47800.0,2019,10,2,0,0,1,0,0,1,0,0,1,0,0,0,1,0,0,0,0,1,0,0,0,0,0,0,0,0,0,0,0,0,0,0,0,0,0,0,0,0,0,0,1,0,1,0,0
CUST004282,Warda,Zachariah,18.0,Amritsar,2026-07-11,15600.0,2026,7,11,0,0,0,0,0,0,1,0,0,1,0,0,0,0,0,0,0,0,0,0,0,0,1,0,0,0,0,0,0,0,0,0,0,1,0,0,0,0,0,0,0,0,0,0,0
CUST004283,Jai,Kohli,53.0,Warangal,2021-07-25,24200.0,2021,7,25,0,0,0,1,0,1,0,0,1,0,0,0,0,0,0,0,0,0,0,0,0,0,0,0,0,1,0,0,0,0,0,0,0,0,1,0,0,0,0,0,1,0,0,0,0
CUST004284,Hitesh,Garde,51.0,Chennai,2021-01-18,180300.0,2021,1,18,1,0,0,1,0,1,0,0,1,0,1,0,0,0,0,0,0,0,0,0,0,0,0,0,1,0,0,0,0,0,0,0,1,0,0,0,0,0,0,0,1,0,0,0,1
CUST004285,Chaitanya,Cherian,28.0,Chennai,2019-11-15,117900.0,2019,11,15,1,0,0,1,0,1,0,0,1,0,1,0,0,0,0,0,0,0,0,0,0,0,0,0,1,0,0,0,0,0,0,0,1,0,0,0,0,0,0,0,0,0,0,1,0
CUST004286,Teerth,Balakrishnan,41.0,Indore,2021-03-03,135400.0,2021,3,3,0,0,1,1,0,1,0,0,0,0,0,0,1,0,0,0,0,0,0,1,0,0,0,0,0,0,0,0,0,0,0,0,0,0,0,0,1,0,0,1,0,0,0,0,1
CUST004287,Gaurika,Narain,32.0,Kolkata,2018-12-22,117400.0,2018,12,22,1,0,0,0,0,1,0,0,0,0,1,0,0,0,0,0,0,0,0,0,0,0,0,0,0,0,0,1,0,0,0,0,0,0,0,0,1,0,0,0,0,0,0,1,0
CUST004288,Sanaya,Mand,40.0,Ahmedabad,2021-01-22,457100.0,2021,1,22,1,0,0,0,0,1,0,0,1,0,1,0,0,0,0,0,1,0,0,0,0,0,0,0,0,0,0,0,0,0,0,0,0,0,0,0,0,0,0,1,0,0,0,0,1
CUST004289,Januja,Kurian,58.0,Hyderabad,2020-01-22,110600.0,2020,1,22,1,0,0,0,0,1,0,0,0,0,1,0,0,0,0,0,0,0,0,0,0,0,0,0,0,1,0,0,0,0,0,0,1,0,0,0,0,0,0,0,1,0,0,1,0
CUST004290,Vyanjana,Dasgupta,46.0,Mumbai,2020-02-02,69200.0,2020,2,2,0,0,1,0,0,1,0,0,0,0,0,0,1,0,0,0,0,0,0,0,1,0,0,0,0,0,0,0,0,0,0,0,0,0,0,0,0,0,1,1,0,0,0,1,0
CUST004291,Ekanta,Warrior,45.0,Thiruvananthapuram,2019-10-24,154000.0,2019,10,24,1,0,0,0,0,1,0,0,0,0,1,0,0,0,0,0,0,0,1,0,0,0,0,0,0,0,0,0,0,1,0,0,0,0,0,0,0,0,0,1,0,0,0,0,1
CUST004292,Xalak,Chana,32.0,Guwahati,2020-08-22,90100.0,2020,8,22,0,0,1,0,0,1,0,0,1,0,0,0,1,0,0,0,0,0,0,0,0,0,0,0,0,0,0,0,0,0,0,0,0,0,0,1,0,0,0,0,0,0,0,1,0
CUST004293,Ojas,Kapur,19.0,Guwahati,2025-08-16,24800.0,2025,8,16,0,0,0,1,0,0,1,0,1,0,0,0,0,0,0,0,0,0,0,0,0,0,0,0,0,0,0,0,0,0,0,0,0,0,0,1,0,0,0,0,0,0,0,0,0
CUST004294,Bhavini,Oza,35.0,Guwahati,2020-04-16,31700.0,2020,4,16,0,0,1,0,0,1,0,0,1,0,0,0,1,0,0,0,0,0,0,0,0,0,0,0,0,0,0,0,0,0,0,0,0,1,0,0,0,0,0,0,0,0,1,0,0
CUST004295,Saanvi,Raj,54.0,Lucknow,2019-07-11,188700.0,2019,7,11,0,1,0,0,0,1,0,0,0,0,0,1,0,0,0,0,0,0,0,0,0,0,0,0,0,0,1,0,0,0,0,0,1,0,0,0,0,0,0,0,1,0,0,0,1
CUST004296,Urmi,Kaul,18.0,Ahmedabad,2026-07-11,8000.0,2026,7,11,0,0,0,0,0,0,1,0,0,0,0,0,0,0,0,0,1,0,0,0,0,0,0,0,0,0,0,0,0,0,0,0,0,0,0,0,0,1,0,0,0,0,0,0,0
CUST004297,Isaac,Lad,24.0,Varanasi,2021-04-10,11800.0,2021,4,10,0,0,0,1,0,0,1,0,1,0,0,0,0,0,0,0,0,0,0,0,0,0,0,0,0,0,1,0,0,0,0,1,0,0,0,0,0,0,0,0,0,0,0,0,0
CUST004298,Dalbir,Mannan,40.0,Kolkata,2019-10-04,210000.0,2019,10,4,0,1,0,1,0,1,0,0,0,0,0,1,0,0,0,0,0,0,0,0,0,0,0,0,0,0,0,1,1,0,0,0,0,0,0,0,0,0,0,1,0,0,0,0,1
CUST004299,Caleb,Choudhury,38.0,Pune,2019-12-22,131300.0,2019,12,22,1,0,0,1,0,1,0,0,0,1,1,0,0,0,0,0,0,0,0,0,1,0,0,0,0,0,0,0,0,0,0,0,1,0,0,0,0,0,0,1,0,0,0,1,0
CUST004300,Chanchal,Oak,28.0,Hyderabad,2018-12-06,7300.0,2018,12,6,0,0,1,0,0,0,0,0,0,0,0,0,1,0,0,0,0,0,0,0,0,0,0,0,0,1,0,0,0,0,0,0,0,0,0,0,0,1,0,0,0,0,0,0,0
CUST004301,Girindra,D’Alia,32.0,Amritsar,2018-12-25,164500.0,2018,12,25,1,0,0,1,0,1,0,0,0,1,1,0,0,0,0,0,0,0,0,0,0,0,1,0,0,0,0,0,0,1,0,0,0,0,0,0,0,0,0,0,0,0,0,0,1
CUST004302,Raksha,Datta,20.0,Mysuru,2024-08-16,5700.0,2024,8,16,0,0,0,0,0,1,0,0,0,0,0,0,0,0,0,0,0,1,0,0,0,0,0,0,0,0,0,0,0,0,0,0,0,0,0,0,0,0,0,0,0,0,0,0,0
CUST004303,Nirja,Rai,25.0,Bhopal,2021-05-19,90600.0,2021,5,19,0,0,1,0,0,0,1,0,0,1,0,0,1,0,0,0,0,0,0,1,0,0,0,0,0,0,0,0,0,0,0,0,0,0,0,0,1,0,0,0,0,0,0,1,0
CUST004304,Aadi,Mukhopadhyay,47.0,Pune,2020-09-27,65800.0,2020,9,27,0,0,1,1,0,1,0,0,1,0,0,0,1,0,0,0,0,0,0,0,1,0,0,0,0,0,0,0,0,0,0,0,0,0,0,0,1,0,0,1,0,0,1,0,0
CUST004305,Bhavani,Wason,21.0,Bengaluru,2023-08-17,6400.0,2023,8,17,0,0,0,0,0,0,1,0,1,0,0,0,0,0,0,0,0,1,0,0,0,0,0,0,0,0,0,0,0,0,0,0,0,0,0,0,0,1,0,0,0,0,0,0,0
CUST004306,Ikshita,Rama,18.0,Mysuru,2026-07-11,15200.0,2026,7,11,0,0,0,0,0,0,1,0,1,0,0,0,0,0,0,0,0,1,0,0,0,0,0,0,0,0,0,0,0,0,0,0,0,0,0,0,0,1,0,0,0,0,0,0,0
CUST004307,Siddharth,Nagarajan,30.0,Mumbai,2019-08-10,94800.0,2019,8,10,1,0,0,1,0,1,0,0,0,0,1,0,0,0,0,0,0,0,0,0,1,0,0,0,0,0,0,0,0,0,0,0,0,0,0,0,0,0,0,0,0,0,0,1,0
CUST004308,Rajata,Date,48.0,Pune,2019-10-19,67600.0,2019,10,19,0,0,1,0,0,1,0,0,0,0,0,0,1,0,0,0,0,0,0,0,1,0,0,0,0,0,0,0,0,0,1,0,0,0,0,0,0,0,0,1,0,0,0,1,0
CUST004309,Indrajit,Chhabra,35.0,Delhi,2019-09-08,49500.0,2019,9,8,0,0,1,1,0,1,0,0,0,1,0,0,1,0,0,1,0,0,0,0,0,0,0,0,0,0,0,0,0,0,1,0,0,0,0,0,0,0,0,0,0,0,1,0,0
CUST004310,Rudra,Andra,32.0,Varanasi,2020-12-20,46400.0,2020,12,20,0,0,1,1,0,1,0,0,1,0,0,0,1,0,0,0,0,0,0,0,0,0,0,0,0,0,1,0,0,0,0,0,0,0,0,1,0,0,0,0,0,0,1,0,0
CUST004311,Veda,Mutti,39.0,Mumbai,2020-12-11,75800.0,2020,12,11,0,0,1,0,0,0,0,0,1,0,0,0,1,0,0,0,0,0,0,0,1,0,0,0,0,0,0,0,0,0,0,0,0,0,0,0,1,0,0,1,0,0,0,1,0
CUST004312,Eta,Minhas,18.0,Bengaluru,2026-07-11,18500.0,2026,7,11,0,0,0,0,0,0,1,0,0,1,0,0,0,0,0,0,0,1,0,0,0,0,0,0,0,0,0,0,0,0,0,0,0,1,0,0,0,0,0,0,0,0,0,0,0
CUST004313,Theodore,Tata,44.0,Mumbai,2021-05-03,31900.0,2021,5,3,0,0,1,0,1,0,0,0,0,1,0,0,1,0,0,0,0,0,0,0,1,0,0,0,0,0,0,0,0,0,0,0,0,1,0,0,0,0,0,1,0,0,1,0,0
CUST004314,Vasatika,Din,43.0,Ahmedabad,2021-05-26,41000.0,2021,5,26,0,0,1,0,0,1,0,0,1,0,0,0,1,0,0,0,1,0,0,0,0,0,0,0,0,0,0,0,0,0,0,0,0,1,0,0,0,0,0,1,0,0,1,0,0
CUST004315,Meghana,Dhingra,33.0,Kolkata,2021-05-11,10900.0,2021,5,11,0,0,0,0,0,1,0,0,1,0,0,0,0,0,0,0,0,0,0,0,0,0,0,0,0,0,0,1,0,0,0,0,0,0,0,0,0,1,0,0,0,0,0,0,0
CUST004316,Anika,Nagarajan,51.0,Howrah,2019-11-27,76200.0,2019,11,27,0,0,1,0,0,1,0,0,0,1,0,0,1,0,0,0,0,0,0,0,0,0,0,0,0,0,0,1,0,0,1,0,0,0,0,0,0,0,0,0,1,0,0,1,0
CUST004317,Nilima,Thakkar,23.0,Hyderabad,2021-08-16,84100.0,2021,8,16,0,0,1,0,0,0,1,0,0,0,0,0,1,0,0,0,0,0,0,0,0,0,0,0,0,1,0,0,0,0,0,0,0,0,0,0,1,0,0,0,0,0,0,1,0
CUST004318,Diya,Mahal,53.0,Delhi,2020-09-29,54500.0,2020,9,29,0,0,1,0,0,1,0,0,0,1,0,0,1,0,0,1,0,0,0,0,0,0,0,0,0,0,0,0,0,0,1,0,0,0,0,0,0,0,0,0,1,0,1,0,0
CUST004319,William,Kale,40.0,Ahmedabad,2020-09-04,236200.0,2020,9,4,1,0,0,1,0,1,0,0,1,0,1,0,0,0,0,0,1,0,0,0,0,0,0,0,0,0,0,0,0,0,0,0,0,0,0,0,0,0,0,1,0,0,0,0,1
CUST004320,Yachana,Manne,34.0,Lucknow,2021-01-01,76700.0,2021,1,1,0,0,1,0,0,1,0,0,0,0,0,0,1,0,0,0,0,0,0,0,0,0,0,0,0,0,1,0,0,0,1,0,0,0,0,0,0,0,0,0,0,0,0,1,0
CUST004321,Raghav,Bhargava,38.0,Pune,2020-05-22,215700.0,2020,5,22,1,0,0,1,0,0,0,1,0,1,1,0,0,0,0,0,0,0,0,0,1,0,0,0,0,0,0,0,0,0,0,0,1,0,0,0,0,0,0,1,0,0,0,0,1
CUST004322,Osha,Dua,37.0,Chennai,2021-01-06,54400.0,2021,1,6,0,0,1,0,0,1,0,0,1,0,0,0,1,0,0,0,0,0,0,0,0,0,0,0,1,0,0,0,0,0,0,0,0,0,1,0,0,0,0,1,0,0,1,0,0
CUST004323,Henry,Kar,54.0,New Delhi,2019-07-13,86600.0,2019,7,13,0,0,1,1,0,0,1,0,1,0,0,0,1,0,0,1,0,0,0,0,0,0,0,0,0,0,0,0,0,0,1,0,0,0,0,0,0,0,0,0,1,0,0,1,0
CUST004324,Ati,Gola,24.0,Nagpur,2021-04-02,33000.0,2021,4,2,0,0,0,0,0,0,1,0,0,0,0,0,0,0,0,0,0,0,0,0,1,0,0,0,0,0,0,0,0,0,0,0,0,0,0,0,0,0,1,0,0,0,1,0,0
CUST004325,Yagnesh,Ramanathan,28.0,Surat,2018-10-12,65800.0,2018,10,12,1,0,0,1,0,1,0,0,0,0,1,0,0,0,0,0,1,0,0,0,0,0,0,0,0,0,0,0,0,0,1,0,0,0,0,0,0,0,0,0,0,0,1,0,0
CUST004326,Mason,Dutta,51.0,Coimbatore,2021-05-10,41800.0,2021,5,10,0,0,1,1,0,1,0,0,0,1,0,0,1,0,0,0,0,0,0,0,0,0,0,0,1,0,0,0,0,0,0,0,0,1,0,0,0,0,0,0,1,0,1,0,0
CUST004327,Alka,Ramanathan,38.0,Delhi,2018-10-17,180100.0,2018,10,17,0,1,0,0,0,1,0,0,0,0,0,1,0,0,0,1,0,0,0,0,0,0,0,0,0,0,0,0,0,0,0,0,1,0,0,0,0,0,0,1,0,0,0,0,1
CUST004328,Om,Sami,50.0,Bengaluru,2019-02-15,62500.0,2019,2,15,0,0,1,1,0,1,0,0,0,1,0,0,1,0,0,0,0,1,0,0,0,0,0,0,0,0,0,0,0,0,0,0,0,0,0,0,0,0,0,1,0,0,1,0,0
CUST004329,Vritti,Pall,60.0,Bhubaneswar,2019-08-01,65800.0,2019,8,1,0,1,0,0,0,0,0,1,1,0,0,1,0,0,0,0,0,0,0,0,0,1,0,0,0,0,0,0,0,0,0,0,0,0,0,0,0,0,0,0,1,0,1,0,0
CUST004330,Rohan,Raman,33.0,Chandigarh,2018-11-21,213700.0,2018,11,21,0,1,0,1,0,1,0,0,0,1,0,1,0,0,1,0,0,0,0,0,0,0,0,0,0,0,0,0,0,0,0,0,0,0,0,0,1,0,0,0,0,0,0,0,1
CUST004331,Balendra,Wable,47.0,Indore,2021-03-17,107000.0,2021,3,17,0,0,1,1,0,1,0,0,0,1,0,0,1,0,0,0,0,0,0,1,0,0,0,0,0,0,0,0,0,1,0,0,0,0,0,0,0,0,0,1,0,0,0,1,0
CUST004332,Lohit,Mandal,23.0,Chennai,2021-08-16,9000.0,2021,8,16,0,0,0,1,0,0,1,0,1,0,0,0,0,0,0,0,0,0,0,0,0,0,0,0,1,0,0,0,0,0,0,0,0,0,0,0,0,1,0,0,0,0,0,0,0
CUST004333,Indali,Ramesh,48.0,Kolkata,2020-11-13,171900.0,2020,11,13,1,0,0,0,0,1,0,0,1,0,1,0,0,0,0,0,0,0,0,0,0,0,0,0,0,0,0,1,0,1,0,0,0,0,0,0,0,0,0,1,0,0,0,0,1
CUST004334,Chanakya,Deep,41.0,Hyderabad,2020-11-21,12700.0,2020,11,21,0,0,0,1,0,1,0,0,0,0,0,0,0,0,0,0,0,0,0,0,0,0,0,0,0,1,0,0,0,0,0,0,0,0,0,0,0,1,0,1,0,0,0,0,0
CUST004335,Ojasvi,Bhagat,44.0,Pune,2020-09-10,162400.0,2020,9,10,1,0,0,0,0,1,0,0,0,0,1,0,0,0,0,0,0,0,0,0,1,0,0,0,0,0,0,0,0,1,0,0,0,0,0,0,0,0,0,1,0,0,0,0,1
CUST004336,Max,Shankar,30.0,Hyderabad,2019-11-25,117400.0,2019,11,25,1,0,0,1,0,0,1,0,1,0,1,0,0,0,0,0,0,0,0,0,0,0,0,0,0,1,0,0,1,0,0,0,0,0,0,0,0,0,0,0,0,0,0,1,0
CUST004337,Finn,Devan,18.0,Kolkata,2026-07-11,5000.0,2026,7,11,0,0,0,1,0,0,1,0,1,0,0,0,0,0,0,0,0,0,0,0,0,0,0,0,0,0,0,1,0,0,0,0,0,0,0,0,0,1,0,0,0,0,0,0,0
CUST004338,Timothy,Subramanian,45.0,Bengaluru,2020-06-23,120500.0,2020,6,23,1,0,0,1,0,1,0,0,1,0,1,0,0,0,0,0,0,1,0,0,0,0,0,0,0,0,0,0,0,0,0,0,0,0,0,0,1,0,0,1,0,0,0,1,0
CUST004339,Madhav,Dhillon,18.0,Chandigarh,2026-07-11,27100.0,2026,7,11,0,0,0,1,0,0,1,0,0,0,0,0,0,0,1,0,0,0,0,0,0,0,0,0,0,0,0,0,0,0,0,0,0,0,0,1,0,0,0,0,0,0,1,0,0
CUST004340,Jagrati,Kamdar,34.0,Pune,2019-10-22,99600.0,2019,10,22,1,0,0,0,0,1,0,0,0,1,1,0,0,0,0,0,0,0,0,0,1,0,0,0,0,0,0,0,0,0,0,0,0,0,0,0,1,0,0,0,0,0,0,1,0
CUST004341,Indira,Andra,50.0,Hyderabad,2018-09-02,70500.0,2018,9,2,1,0,0,0,0,1,0,0,0,1,1,0,0,0,0,0,0,0,0,0,0,0,0,0,0,1,0,0,0,0,1,0,0,0,0,0,0,0,0,1,0,0,0,1,0
CUST004342,Radhika,Chaudry,38.0,Pune,2020-01-27,152600.0,2020,1,27,1,0,0,0,0,1,0,0,0,0,1,0,0,0,0,0,0,0,0,0,1,0,0,0,0,0,0,0,0,1,0,0,0,0,0,0,0,0,0,1,0,0,0,0,1
CUST004343,Ethan,Puri,38.0,Hyderabad,2020-05-07,3900.0,2020,5,7,0,0,0,1,0,0,0,0,0,1,0,0,0,0,0,0,0,0,0,0,0,0,0,0,0,1,0,0,0,0,0,1,0,0,0,0,0,0,0,1,0,0,0,0,0
CUST004344,Tanay,Ganguly,51.0,Mumbai,2020-07-09,52500.0,2020,7,9,0,0,1,1,0,0,0,1,0,0,0,0,1,0,0,0,0,0,0,0,1,0,0,0,0,0,0,0,0,0,0,0,0,0,0,0,0,0,1,0,1,0,1,0,0
CUST004345,Ayaan,Char,29.0,Bengaluru,2019-04-09,62600.0,2019,4,9,1,0,0,1,0,1,0,0,1,0,1,0,0,0,0,0,0,1,0,0,0,0,0,0,0,0,0,0,0,0,0,0,0,0,0,0,1,0,0,0,0,0,1,0,0
CUST004346,Rachana,Som,38.0,Hyderabad,2021-05-29,15300.0,2021,5,29,0,0,0,0,0,0,1,0,1,0,0,0,0,0,0,0,0,0,0,0,0,0,0,0,0,1,0,0,0,0,0,0,0,0,0,0,0,1,0,1,0,0,0,0,0
CUST004347,Gaurav,Ben,37.0,Chennai,2018-09-30,17500.0,2018,9,30,0,0,1,1,0,0,1,0,1,0,0,0,1,0,0,0,0,0,0,0,0,0,0,0,1,0,0,0,0,0,0,0,0,0,0,0,0,1,0,1,0,0,0,0,0
CUST004348,Dhriti,Varma,18.0,Madurai,2026-07-11,23800.0,2026,7,11,0,0,0,0,0,0,1,0,1,0,0,0,0,0,0,0,0,0,0,0,0,0,0,0,1,0,0,0,0,0,0,0,0,1,0,0,0,0,0,0,0,0,0,0,0
CUST004349,Omkaar,Saraf,26.0,Bengaluru,2020-09-07,117500.0,2020,9,7,1,0,0,1,0,1,0,0,0,0,1,0,0,0,0,0,0,1,0,0,0,0,0,0,0,0,0,0,0,0,0,0,0,0,0,0,1,0,0,0,0,0,0,1,0
CUST004350,Falan,Raval,31.0,Chennai,2018-09-14,119800.0,2018,9,14,1,0,0,1,0,1,0,0,0,1,1,0,0,0,0,0,0,0,0,0,0,0,0,0,1,0,0,0,0,0,0,0,0,0,0,0,0,0,0,0,0,0,0,1,0
CUST004351,Jason,Bandi,18.0,Chennai,2026-07-11,81700.0,2026,7,11,0,0,1,1,0,0,1,0,1,0,0,0,1,0,0,0,0,0,0,0,0,0,0,0,1,0,0,0,0,0,0,0,0,0,0,1,0,0,0,0,0,0,0,1,0
CUST004352,Daniel,Khosla,39.0,Bengaluru,2019-09-13,33200.0,2019,9,13,0,0,1,1,0,1,0,0,1,0,0,0,1,0,0,0,0,1,0,0,0,0,0,0,0,0,0,0,0,0,0,0,0,1,0,0,0,0,0,1,0,0,1,0,0
CUST004353,Sneha,Suresh,35.0,Kanpur,2021-07-27,71300.0,2021,7,27,0,0,1,1,0,0,1,0,0,1,0,0,1,0,0,0,0,0,0,0,0,0,0,0,0,0,1,0,0,0,1,0,0,0,0,0,0,0,0,0,0,0,0,1,0
CUST004354,Matthew,Gera,18.0,Madurai,2026-07-11,59400.0,2026,7,11,0,0,1,1,0,0,1,0,0,0,0,0,1,0,0,0,0,0,0,0,0,0,0,0,1,0,0,0,0,0,0,0,0,0,0,1,0,0,0,0,0,0,1,0,0
CUST004355,Riya,Chakraborty,43.0,Bengaluru,2020-08-14,65800.0,2020,8,14,0,0,1,0,0,0,0,0,0,0,0,0,1,0,0,0,0,1,0,0,0,0,0,0,0,0,0,0,0,0,0,0,0,1,0,0,0,0,0,1,0,0,1,0,0
CUST004356,Vincent,Raja,47.0,Guwahati,2020-06-17,327300.0,2020,6,17,1,0,0,1,0,1,0,0,0,0,1,0,0,0,0,0,0,0,0,0,0,0,0,0,0,0,0,0,1,0,0,0,0,0,0,0,0,0,0,1,0,0,0,0,1
CUST004357,Mahika,Saxena,41.0,Varanasi,2021-02-23,65800.0,2021,2,23,0,0,1,1,0,0,0,1,1,0,0,0,1,0,0,0,0,0,0,0,0,0,0,0,0,0,1,0,0,1,0,0,0,0,0,0,0,0,0,1,0,0,1,0,0
CUST004358,Qarin,Apte,34.0,Amritsar,2020-01-21,13800.0,2020,1,21,0,0,0,1,0,1,0,0,1,0,0,0,0,0,0,0,0,0,0,0,0,0,1,0,0,0,0,0,0,0,0,0,0,0,0,0,0,1,0,0,0,0,0,0,0
CUST004359,Dipta,Dada,46.0,Ahmedabad,2019-05-23,83500.0,2019,5,23,1,0,0,0,0,1,0,0,1,0,1,0,0,0,0,0,1,0,0,0,0,0,0,0,0,0,0,0,0,0,1,0,0,0,0,0,0,0,0,1,0,0,0,1,0
CUST004360,Chakrika,Dara,47.0,Hyderabad,2020-10-21,139800.0,2020,10,21,1,0,0,0,0,1,0,0,1,0,1,0,0,0,0,0,0,0,0,0,0,0,0,0,0,1,0,0,0,0,0,0,1,0,0,0,0,0,0,1,0,0,0,0,1
CUST004361,Wishi,Upadhyay,42.0,Bengaluru,2018-10-23,65800.0,2018,10,23,1,0,0,0,0,1,0,0,0,0,1,0,0,0,0,0,0,1,0,0,0,0,0,0,0,0,0,0,0,0,0,0,0,0,0,1,0,0,0,1,0,0,1,0,0
CUST004362,Isaiah,Bajaj,27.0,Ahmedabad,2021-01-15,175300.0,2021,1,15,1,0,0,1,0,1,0,0,0,0,1,0,0,0,0,0,1,0,0,0,0,0,0,0,0,0,0,0,0,0,0,0,0,0,0,0,0,0,0,0,0,0,0,0,1
CUST004363,Wakeeta,Mahal,42.0,Amritsar,2021-06-05,97900.0,2021,6,5,0,0,1,0,0,1,0,0,0,1,0,0,1,0,0,0,0,0,0,0,0,0,1,0,0,0,0,0,0,1,0,0,0,0,0,0,0,0,0,1,0,0,0,1,0
CUST004364,Champak,Golla,54.0,Kolkata,2019-09-10,219500.0,2019,9,10,0,1,0,1,0,1,0,0,1,0,0,1,0,0,0,0,0,0,0,0,0,0,0,0,0,0,0,1,0,0,0,0,0,0,0,0,0,0,0,0,1,0,0,0,1
CUST004365,Rehaan,Sule,30.0,Indore,2019-01-29,46900.0,2019,1,29,0,0,1,1,0,1,0,0,1,0,0,0,1,0,0,0,0,0,0,1,0,0,0,0,0,0,0,0,0,0,1,0,0,0,0,0,0,0,0,0,0,0,1,0,0
CUST004366,Teerth,Misra,65.0,Bengaluru,2018-10-07,18300.0,2018,10,7,0,0,1,1,0,0,1,0,0,1,0,0,1,0,0,0,0,1,0,0,0,0,0,0,0,0,0,0,0,0,0,0,0,0,1,0,0,0,0,0,1,0,0,0,0
CUST004367,Dev,Chaudhary,31.0,Hyderabad,2019-04-29,143600.0,2019,4,29,0,1,0,1,0,1,0,0,0,1,0,1,0,0,0,0,0,0,0,0,0,0,0,0,0,1,0,0,0,0,0,0,1,0,0,0,0,0,0,0,0,0,0,0,1
CUST004368,Eshana,Bhatt,38.0,Patna,2021-01-09,15500.0,2021,1,9,0,0,0,0,1,1,0,0,0,1,0,0,0,1,0,0,0,0,0,0,0,0,0,0,0,0,0,0,0,0,0,0,0,0,0,0,0,1,0,1,0,0,0,0,0
CUST004369,George,Ravi,29.0,Jaipur,2018-09-10,19000.0,2018,9,10,0,0,1,1,0,1,0,0,0,1,0,0,1,0,0,0,0,0,0,0,0,0,0,1,0,0,0,0,0,0,0,0,0,1,0,0,0,0,0,0,0,0,0,0,0
CUST004370,Aishani,Ramesh,41.0,Amritsar,2018-11-13,183900.0,2018,11,13,0,1,0,0,0,1,0,0,0,1,0,1,0,0,0,0,0,0,0,0,0,0,1,0,0,0,0,0,0,0,0,0,1,0,0,0,0,0,0,1,0,0,0,0,1
CUST004371,Zilmil,Suresh,18.0,Udaipur,2026-07-11,6000.0,2026,7,11,0,0,0,0,0,0,1,0,0,0,0,0,0,0,0,0,0,0,0,0,0,0,0,1,0,0,0,0,0,0,0,0,0,0,0,0,0,1,0,0,0,0,0,0,0
CUST004372,Bhavika,Venkataraman,31.0,Chennai,2019-12-13,8600.0,2019,12,13,0,0,0,0,0,0,1,0,1,0,0,0,0,0,0,0,0,0,0,0,0,0,0,0,1,0,0,0,0,0,0,0,0,0,0,0,0,1,0,0,0,0,0,0,0
CUST004373,Diya,Johal,24.0,Coimbatore,2020-08-16,118400.0,2020,8,16,1,0,0,0,0,0,1,0,1,0,1,0,0,0,0,0,0,0,0,0,0,0,0,0,1,0,0,0,0,1,0,0,0,0,0,0,0,0,0,0,0,0,0,1,0
CUST004374,Daniel,Golla,40.0,Patna,2020-04-18,95100.0,2020,4,18,1,0,0,1,0,1,0,0,1,0,1,0,0,1,0,0,0,0,0,0,0,0,0,0,0,0,0,0,0,1,0,0,0,0,0,0,0,0,0,1,0,0,0,1,0
CUST004375,Hemangini,Ahluwalia,51.0,Madurai,2018-09-03,16500.0,2018,9,3,0,0,1,0,0,1,0,0,0,1,0,0,1,0,0,0,0,0,0,0,0,0,0,0,1,0,0,0,0,0,0,0,0,0,0,0,0,1,0,0,1,0,0,0,0
CUST004376,Udant,Murthy,46.0,New Delhi,2021-06-12,12500.0,2021,6,12,0,0,0,1,0,0,1,0,0,1,0,0,0,0,0,1,0,0,0,0,0,0,0,0,0,0,0,0,0,0,0,1,0,0,0,0,0,0,0,1,0,0,0,0,0
CUST004377,Divya,Baral,38.0,Warangal,2026-07-11,12000.0,2026,7,11,0,0,0,0,0,0,1,0,0,1,0,0,0,0,0,0,0,0,0,0,0,0,0,0,0,1,0,0,0,0,0,0,0,0,0,0,0,1,0,1,0,0,0,0,0
CUST004378,Eesha,Jhaveri,65.0,Chennai,2021-01-03,270400.0,2021,1,3,1,0,0,0,0,1,0,0,0,1,1,0,0,0,0,0,0,0,0,0,0,0,0,0,1,0,0,0,0,0,0,0,0,0,0,0,1,0,0,0,1,0,0,0,1
CUST004379,Gaurika,Chahal,42.0,Pune,2020-01-16,15900.0,2020,1,16,0,0,0,0,0,1,0,0,0,0,0,0,0,0,0,0,0,0,0,0,1,0,0,0,0,0,0,0,0,0,0,0,0,0,0,0,0,1,0,1,0,0,0,0,0
CUST004380,Kabir,Banerjee,28.0,Vadodara,2019-04-15,55900.0,2019,4,15,1,0,0,1,0,1,0,0,0,0,1,0,0,0,0,0,1,0,0,0,0,0,0,0,0,0,0,0,0,0,0,0,0,0,0,1,0,0,0,0,0,0,1,0,0
CUST004381,Brijesh,Dash,40.0,Pune,2020-11-19,13100.0,2020,11,19,0,0,0,1,0,1,0,0,1,0,0,0,0,0,0,0,0,0,0,0,1,0,0,0,0,0,0,0,0,0,0,0,0,0,0,0,0,1,0,1,0,0,0,0,0
CUST004382,Zehaan,Misra,40.0,Hyderabad,2020-06-11,170600.0,2020,6,11,1,0,0,1,0,1,0,0,0,1,1,0,0,0,0,0,0,0,0,0,0,0,0,0,0,1,0,0,0,0,0,0,0,0,0,0,1,0,0,1,0,0,0,0,1
CUST004383,Qabil,Garg,29.0,Lucknow,2018-10-09,42400.0,2018,10,9,0,0,1,1,0,1,0,0,1,0,0,0,1,0,0,0,0,0,0,0,0,0,0,0,0,0,1,0,0,0,0,0,0,0,0,0,0,0,1,0,0,0,1,0,0
CUST004384,Siddharth,Acharya,41.0,Chennai,2019-05-05,65800.0,2019,5,5,0,1,0,1,0,1,0,0,1,0,0,1,0,0,0,0,0,0,0,0,0,0,0,0,1,0,0,0,0,0,0,0,0,0,0,0,0,0,0,1,0,0,1,0,0
CUST004385,Kritika,Mital,38.0,Varanasi,2019-11-28,110000.0,2019,11,28,1,0,0,0,0,0,1,0,0,0,1,0,0,0,0,0,0,0,0,0,0,0,0,0,0,0,1,0,0,0,0,0,1,0,0,0,0,0,0,1,0,0,0,1,0
CUST004386,Arin,Venkataraman,33.0,Mysuru,2020-12-16,13400.0,2020,12,16,0,0,0,1,0,1,0,0,0,1,0,0,0,0,0,0,0,1,0,0,0,0,0,0,0,0,0,0,0,0,0,0,0,0,0,0,0,1,0,0,0,0,0,0,0
CUST004387,Nandini,Walla,29.0,Bhubaneswar,2020-05-07,174900.0,2020,5,7,1,0,0,0,0,0,1,0,0,0,1,0,0,0,0,0,0,0,0,0,0,1,0,0,0,0,0,0,0,0,0,0,0,0,0,0,1,0,0,0,0,0,0,0,1
CUST004388,Vamakshi,Dey,19.0,Delhi,2025-08-16,11200.0,2025,8,16,0,0,0,0,0,0,0,0,0,0,0,0,0,0,0,1,0,0,0,0,0,0,0,0,0,0,0,0,0,0,0,0,0,0,0,0,0,1,0,0,0,0,0,0,0
CUST004389,Xalak,Munshi,40.0,Mumbai,2019-03-01,91700.0,2019,3,1,1,0,0,0,0,1,0,0,0,1,1,0,0,0,0,0,0,0,0,0,1,0,0,0,0,0,0,0,0,0,0,0,0,0,0,1,0,0,0,1,0,0,0,1,0
CUST004390,Patrick,Yohannan,46.0,Bhopal,2020-11-21,13800.0,2020,11,21,0,0,0,1,0,1,0,0,0,0,0,0,0,0,0,0,0,0,0,1,0,0,0,0,0,0,0,0,0,0,0,0,0,0,0,0,0,0,0,1,0,0,0,0,0
CUST004391,Henry,Chaudhary,45.0,Vadodara,2019-08-22,179300.0,2019,8,22,0,1,0,1,0,1,0,0,0,1,0,1,0,0,0,0,1,0,0,0,0,0,0,0,0,0,0,0,0,0,0,0,1,0,0,0,0,0,0,1,0,0,0,0,1
CUST004392,Anthony,Khalsa,49.0,Delhi,2021-05-04,311300.0,2021,5,4,1,0,0,1,0,1,0,0,1,0,1,0,0,0,0,1,0,0,0,0,0,0,0,0,0,0,0,0,0,0,0,0,0,0,0,0,0,0,0,1,0,0,0,0,1
CUST004393,Andrew,Guha,42.0,Ludhiana,2021-07-22,149400.0,2021,7,22,0,0,1,1,0,1,0,0,0,1,0,0,1,0,0,0,0,0,0,0,0,0,1,0,0,0,0,0,0,0,0,0,1,0,0,0,0,0,0,1,0,0,0,0,1
CUST004394,Ekta,Mistry,31.0,Chennai,2019-12-24,35100.0,2019,12,24,0,0,1,0,0,1,0,0,0,1,0,0,1,0,0,0,0,0,0,0,0,0,0,0,1,0,0,0,0,0,0,0,0,1,0,0,0,0,0,0,0,0,1,0,0
CUST004395,Hritik,Desai,49.0,Guwahati,2020-12-13,220700.0,2020,12,13,1,0,0,1,0,1,0,0,0,0,1,0,0,0,0,0,0,0,0,0,0,0,0,0,0,0,0,0,0,0,0,0,0,0,0,0,1,0,0,1,0,0,0,0,1
CUST004396,Janaki,Parmer,20.0,Chennai,2024-08-16,16600.0,2024,8,16,0,0,0,0,0,0,1,0,0,0,0,0,0,0,0,0,0,0,0,0,0,0,0,0,1,0,0,0,0,0,0,0,0,1,0,0,0,0,0,0,0,0,0,0,0
CUST004397,Maya,Dave,26.0,Chennai,2019-06-09,80500.0,2019,6,9,1,0,0,0,0,1,0,0,0,0,1,0,0,0,0,0,0,0,0,0,0,0,0,0,1,0,0,0,0,0,0,0,0,0,0,1,0,0,0,0,0,0,0,1,0
CUST004398,Udyati,Borde,25.0,Chennai,2020-02-18,37800.0,2020,2,18,0,0,1,0,0,1,0,0,1,0,0,0,1,0,0,0,0,0,0,0,0,0,0,0,1,0,0,0,0,0,0,0,0,0,0,0,0,0,0,0,0,0,1,0,0
CUST004399,Joshua,Lad,52.0,Bengaluru,2019-03-28,159500.0,2019,3,28,0,1,0,1,0,1,0,0,1,0,0,1,0,0,0,0,0,1,0,0,0,0,0,0,0,0,0,0,0,0,0,0,1,0,0,0,0,0,0,0,1,0,0,0,1
CUST004400,Rayaan,Gade,50.0,Coimbatore,2019-08-20,59000.0,2019,8,20,0,0,1,1,0,1,0,0,0,1,0,0,1,0,0,0,0,0,0,0,0,0,0,0,1,0,0,0,0,0,0,0,0,0,0,0,0,0,1,1,0,0,1,0,0
CUST004401,Sudiksha,Shan,44.0,Chennai,2019-06-09,58700.0,2019,6,9,1,0,0,0,0,1,0,0,1,0,1,0,0,0,0,0,0,0,0,0,0,0,0,0,1,0,0,0,0,0,1,0,0,0,0,0,0,0,0,1,0,0,1,0,0
CUST004402,Benjamin,Kumar,52.0,Mumbai,2020-09-13,115700.0,2020,9,13,1,0,0,1,0,1,0,0,1,0,1,0,0,0,0,0,0,0,0,0,1,0,0,0,0,0,0,0,0,0,0,0,0,0,0,0,1,0,0,0,1,0,0,1,0
CUST004403,Simon,Dhar,27.0,New Delhi,2020-11-01,59900.0,2020,11,1,0,0,1,1,0,1,0,0,0,0,0,0,1,0,0,1,0,0,0,0,0,0,0,0,0,0,0,0,0,0,0,0,0,0,0,0,0,0,1,0,0,0,1,0,0
CUST004404,Harsh,Bobal,43.0,Delhi,2019-10-28,177300.0,2019,10,28,1,0,0,1,0,0,0,0,0,1,1,0,0,0,0,1,0,0,0,0,0,0,0,0,0,0,0,0,0,0,0,0,1,0,0,0,0,0,0,1,0,0,0,0,1
CUST004405,Krish,Hans,36.0,Bhopal,2021-01-09,175000.0,2021,1,9,1,0,0,1,0,0,1,0,0,1,1,0,0,0,0,0,0,0,0,1,0,0,0,0,0,0,0,0,0,0,0,0,1,0,0,0,0,0,0,1,0,0,0,0,1
CUST004406,Ria,Vaidya,49.0,Kolkata,2019-03-07,349600.0,2019,3,7,0,1,0,0,0,0,0,0,1,0,0,1,0,0,0,0,0,0,0,0,0,0,0,0,0,0,0,1,0,0,0,0,0,0,0,0,0,0,0,1,0,0,0,0,1
CUST004407,Finn,Saini,37.0,Jaipur,2020-01-21,93900.0,2020,1,21,0,0,1,1,0,0,1,0,1,0,0,0,1,0,0,0,0,0,0,0,0,0,0,1,0,0,0,0,0,0,0,0,0,0,0,0,0,0,0,1,0,0,0,1,0
CUST004408,Ganga,Mutti,33.0,Bhubaneswar,2020-12-11,109800.0,2020,12,11,1,0,0,0,0,1,0,0,0,1,1,0,0,0,0,0,0,0,0,0,0,1,0,0,0,0,0,0,1,0,0,0,0,0,0,0,0,0,0,0,0,0,0,1,0
CUST004409,Teerth,Raghavan,45.0,Howrah,2019-10-01,65800.0,2019,10,1,1,0,0,1,0,1,0,0,1,0,1,0,0,0,0,0,0,0,0,0,0,0,0,0,0,0,0,1,0,0,0,0,1,0,0,0,0,0,0,1,0,0,1,0,0
CUST004410,Amara,Kota,49.0,Amritsar,2018-10-16,165500.0,2018,10,16,1,0,0,0,0,1,0,0,0,0,1,0,0,0,0,0,0,0,0,0,0,0,1,0,0,0,0,0,0,0,0,0,0,0,0,0,1,0,0,1,0,0,0,0,1
CUST004411,Brinda,Madan,38.0,Bengaluru,2021-05-18,138200.0,2021,5,18,1,0,0,0,0,0,1,0,0,0,1,0,0,0,0,0,0,1,0,0,0,0,0,0,0,0,0,0,0,1,0,0,0,0,0,0,0,0,0,1,0,0,0,0,1
CUST004412,Diya,Wali,37.0,Delhi,2021-04-18,12300.0,2021,4,18,0,0,0,0,0,1,0,0,1,0,0,0,0,0,0,1,0,0,0,0,0,0,0,0,0,0,0,0,0,0,0,0,0,0,0,0,0,1,0,1,0,0,0,0,0
CUST004413,Christopher,Ray,24.0,Hyderabad,2020-08-16,17300.0,2020,8,16,0,0,0,1,0,1,0,0,0,0,0,0,0,0,0,0,0,0,0,0,0,0,0,0,0,1,0,0,0,0,0,0,0,0,0,0,0,1,0,0,0,0,0,0,0
CUST004414,Bachittar,Narayan,18.0,Chennai,2026-07-11,11200.0,2026,7,11,0,0,0,1,0,0,1,0,1,0,0,0,0,0,0,0,0,0,0,0,0,0,0,0,1,0,0,0,0,0,0,0,0,0,0,0,0,1,0,0,0,0,0,0,0
CUST004415,Chaitanya,Patil,41.0,Patna,2021-07-04,112100.0,2021,7,4,0,0,1,1,0,0,0,0,0,1,0,0,1,1,0,0,0,0,0,0,0,0,0,0,0,0,0,0,0,0,0,0,1,0,0,0,0,0,0,1,0,0,0,1,0
CUST004416,Osha,Mahajan,46.0,Kolkata,2020-07-31,169700.0,2020,7,31,1,0,0,0,0,1,0,0,1,0,1,0,0,0,0,0,0,0,0,0,0,0,0,0,0,0,0,1,0,0,0,0,0,0,0,0,1,0,0,1,0,0,0,0,1
CUST004417,Eta,Kara,38.0,Bengaluru,2020-03-23,51700.0,2020,3,23,0,0,1,1,0,0,0,0,0,0,0,0,1,0,0,0,0,1,0,0,0,0,0,0,0,0,0,0,0,0,0,0,0,0,0,0,0,0,0,1,0,0,1,0,0
CUST004418,Mahika,Anne,18.0,Vadodara,2026-07-11,9300.0,2026,7,11,0,0,0,0,0,0,1,0,0,0,0,0,0,0,0,0,1,0,0,0,0,0,0,0,0,0,0,0,0,0,0,0,0,0,0,0,0,1,0,0,0,0,0,0,0
CUST004419,Chandran,Purohit,33.0,Chennai,2020-02-07,45700.0,2020,2,7,0,0,1,1,0,1,0,0,0,0,0,0,1,0,0,0,0,0,0,0,0,0,0,0,1,0,0,0,0,0,0,0,0,0,0,1,0,0,0,0,0,0,1,0,0
CUST004420,Janya,Radhakrishnan,18.0,Nagpur,2026-07-11,19100.0,2026,7,11,0,0,0,0,0,0,1,0,1,0,0,0,0,0,0,0,0,0,0,0,1,0,0,0,0,0,0,0,0,0,0,0,0,1,0,0,0,0,0,0,0,0,0,0,0
CUST004421,Charles,Dasgupta,56.0,Kolkata,2019-04-27,275900.0,2019,4,27,0,1,0,1,0,0,0,0,0,1,0,1,0,0,0,0,0,0,0,0,0,0,0,0,0,0,0,1,1,0,0,0,0,0,0,0,0,0,0,0,1,0,0,0,1
CUST004422,Harita,Vyas,24.0,Kochi,2020-08-16,54900.0,2020,8,16,0,0,1,0,0,0,1,0,0,0,0,0,1,0,0,0,0,0,1,0,0,0,0,0,0,0,0,0,0,0,1,0,0,0,0,0,0,0,0,0,0,0,1,0,0
CUST004423,Michael,Suri,54.0,Varanasi,2020-03-12,39900.0,2020,3,12,0,0,1,1,0,1,0,0,0,1,0,0,1,0,0,0,0,0,0,0,0,0,0,0,0,0,1,0,0,0,0,0,0,1,0,0,0,0,0,0,1,0,1,0,0
CUST004424,Charvi,Wadhwa,50.0,Kolkata,2021-05-16,17400.0,2021,5,16,0,0,0,0,0,1,0,0,0,0,0,0,0,0,0,0,0,0,0,0,0,0,0,0,0,0,0,1,0,0,0,0,0,0,0,0,0,1,0,1,0,0,0,0,0
CUST004425,Owen,Manda,26.0,Hyderabad,2018-10-04,19900.0,2018,10,4,0,0,1,1,0,1,0,0,1,0,0,0,1,0,0,0,0,0,0,0,0,0,0,0,0,1,0,0,0,0,0,0,0,1,0,0,0,0,0,0,0,0,0,0,0
CUST004426,Krishna,Chaudhary,23.0,Pune,2021-08-16,63700.0,2021,8,16,0,0,1,1,0,0,1,0,0,0,0,0,1,0,0,0,0,0,0,0,1,0,0,0,0,0,0,0,0,0,1,0,0,0,0,0,0,0,0,0,0,0,1,0,0
CUST004427,Arunima,Garde,43.0,Chennai,2019-04-19,124900.0,2019,4,19,1,0,0,0,0,1,0,0,1,0,1,0,0,0,0,0,0,0,0,0,0,0,0,0,1,0,0,0,0,1,0,0,0,0,0,0,0,0,0,1,0,0,0,1,0
CUST004428,Nathan,Ramachandran,27.0,Vadodara,2021-07-13,12900.0,2021,7,13,0,0,0,1,0,1,0,0,1,0,0,0,0,0,0,0,1,0,0,0,0,0,0,0,0,0,0,0,0,0,0,0,0,0,0,0,0,1,0,0,0,0,0,0,0
CUST004429,Hemangini,Pai,39.0,Hyderabad,2019-05-05,39800.0,2019,5,5,0,0,1,0,0,1,0,0,1,0,0,0,1,0,0,0,0,0,0,0,0,0,0,0,0,1,0,0,0,0,0,0,0,1,0,0,0,0,0,1,0,0,1,0,0
CUST004430,Zinal,Rau,32.0,Delhi,2018-10-24,33500.0,2018,10,24,0,0,1,0,0,1,0,0,0,1,0,0,1,0,0,1,0,0,0,0,0,0,0,0,0,0,0,0,0,0,0,0,0,1,0,0,0,0,0,0,0,0,1,0,0
CUST004431,Waida,Datta,18.0,Thiruvananthapuram,2026-07-11,27800.0,2026,7,11,0,0,0,0,0,0,1,0,0,0,0,0,0,0,0,0,0,0,1,0,0,0,0,0,0,0,0,0,0,0,0,0,0,1,0,0,0,0,0,0,0,0,1,0,0
CUST004432,Kai,Andra,18.0,Kanpur,2026-07-11,24600.0,2026,7,11,0,0,0,1,0,1,0,0,0,1,0,0,0,0,0,0,0,0,0,0,0,0,0,0,0,0,1,0,0,0,0,0,0,1,0,0,0,0,0,0,0,0,0,0,0
CUST004433,Faras,Date,41.0,Howrah,2020-12-11,114300.0,2020,12,11,1,0,0,1,0,1,0,0,1,0,1,0,0,0,0,0,0,0,0,0,0,0,0,0,0,0,0,1,0,1,0,0,0,0,0,0,0,0,0,1,0,0,0,1,0
CUST004434,Eshana,Radhakrishnan,31.0,Pune,2020-02-24,71100.0,2020,2,24,0,0,1,0,0,1,0,0,0,1,0,0,1,0,0,0,0,0,0,0,1,0,0,0,0,0,0,0,0,0,1,0,0,0,0,0,0,0,0,0,0,0,0,1,0
CUST004435,Kiaan,Bera,31.0,Pune,2021-02-10,54800.0,2021,2,10,0,0,1,1,0,0,1,0,1,0,0,0,1,0,0,0,0,0,0,0,1,0,0,0,0,0,0,0,0,0,0,0,0,0,0,0,0,0,1,0,0,0,1,0,0
CUST004436,Reva,Krish,47.0,Pune,2019-08-10,19300.0,2019,8,10,0,0,1,0,0,0,0,0,0,1,0,0,1,0,0,0,0,0,0,0,1,0,0,0,0,0,0,0,0,0,0,0,0,0,0,0,0,1,0,1,0,0,0,0,0
CUST004437,Shaurya,Shankar,53.0,Kolkata,2020-07-09,75300.0,2020,7,9,0,0,1,1,0,1,0,0,1,0,0,0,1,0,0,0,0,0,0,0,0,0,0,0,0,0,0,1,0,0,1,0,0,0,0,0,0,0,0,0,1,0,0,1,0
CUST004438,Gavin,Sarna,34.0,Pune,2020-08-27,50000.0,2020,8,27,0,0,1,1,0,1,0,0,1,0,0,0,1,0,0,0,0,0,0,0,1,0,0,0,0,0,0,0,0,0,0,0,0,0,0,1,0,0,0,0,0,0,1,0,0
CUST004439,Peter,Sidhu,38.0,Varanasi,2020-03-29,21400.0,2020,3,29,0,0,1,1,0,1,0,0,0,0,0,0,1,0,0,0,0,0,0,0,0,0,0,0,0,0,1,0,0,0,0,1,0,0,0,0,0,0,0,1,0,0,0,0,0
CUST004440,Zayan,Mangat,38.0,Ludhiana,2019-12-31,139100.0,2019,12,31,1,0,0,1,0,0,1,0,0,0,1,0,0,0,0,0,0,0,0,0,0,0,1,0,0,0,0,0,0,0,0,0,0,0,0,0,0,0,0,1,0,0,0,0,1
CUST004441,Lakshit,Sangha,38.0,Hyderabad,2024-08-16,81700.0,2024,8,16,0,0,1,1,0,0,1,0,1,0,0,0,1,0,0,0,0,0,0,0,0,0,0,0,0,1,0,0,0,0,0,0,0,0,0,1,0,0,0,1,0,0,0,1,0
CUST004442,Yoshita,Karnik,41.0,Chennai,2019-07-03,123700.0,2019,7,3,1,0,0,0,0,1,0,0,0,1,1,0,0,0,0,0,0,0,0,0,0,0,0,0,1,0,0,0,0,1,0,0,0,0,0,0,0,0,0,1,0,0,0,1,0
CUST004443,Niharika,Chahal,45.0,Ahmedabad,2018-12-23,14700.0,2018,12,23,0,0,1,0,0,1,0,0,1,0,0,0,1,0,0,0,1,0,0,0,0,0,0,0,0,0,0,0,0,0,0,0,0,0,0,0,0,1,0,1,0,0,0,0,0
CUST004444,Michael,Ray,47.0,Thiruvananthapuram,2020-10-16,26200.0,2020,10,16,0,0,0,1,0,1,0,0,0,0,0,0,0,0,0,0,0,0,1,0,0,0,0,0,0,0,0,0,0,0,0,0,0,0,1,0,0,0,0,1,0,0,0,0,0
CUST004445,Nirja,Chana,18.0,Patna,2026-07-11,65800.0,2026,7,11,0,0,0,0,0,0,1,0,0,1,0,0,0,1,0,0,0,0,0,0,0,0,0,0,0,0,0,0,0,0,0,0,0,0,0,0,0,0,0,0,0,0,1,0,0
CUST004446,Chaaya,Bose,28.0,Mumbai,2019-05-06,197100.0,2019,5,6,0,1,0,0,0,0,1,0,0,0,0,1,0,0,0,0,0,0,0,0,1,0,0,0,0,0,0,0,1,0,0,0,0,0,0,0,0,0,0,0,0,0,0,0,1
CUST004447,Kashvi,Chander,27.0,Nagpur,2021-01-27,54500.0,2021,1,27,0,0,1,0,0,0,1,0,1,0,0,0,1,0,0,0,0,0,0,0,1,0,0,0,0,0,0,0,0,0,1,0,0,0,0,0,0,0,0,0,0,0,1,0,0
CUST004448,Gayathri,Bhandari,39.0,Jaipur,2021-07-02,135900.0,2021,7,2,0,0,1,0,0,0,0,0,0,0,0,0,1,0,0,0,0,0,0,0,0,0,0,1,0,0,0,0,0,0,0,0,1,0,0,0,0,0,0,1,0,0,0,0,1
CUST004449,Chaman,Mangal,44.0,Ahmedabad,2019-10-08,94900.0,2019,10,8,1,0,0,0,0,0,1,0,0,1,1,0,0,0,0,0,1,0,0,0,0,0,0,0,0,0,0,0,0,1,0,0,0,0,0,0,0,0,0,1,0,0,0,1,0
CUST004450,Yatin,Anne,57.0,Pune,2020-11-27,134500.0,2020,11,27,1,0,0,1,0,1,0,0,1,0,1,0,0,0,0,0,0,0,0,0,1,0,0,0,0,0,0,0,0,0,0,0,1,0,0,0,0,0,0,0,1,0,0,0,1
CUST004451,Simon,Trivedi,32.0,Chennai,2021-02-09,64700.0,2021,2,9,0,0,1,1,0,0,1,0,0,1,0,0,1,0,0,0,0,0,0,0,0,0,0,0,1,0,0,0,0,0,1,0,0,0,0,0,0,0,0,0,0,0,1,0,0
CUST004452,Ekansh,Srinivasan,32.0,Udaipur,2018-09-06,53200.0,2018,9,6,0,0,1,1,0,1,0,0,1,0,0,0,1,0,0,0,0,0,0,0,0,0,0,1,0,0,0,0,0,0,0,0,0,0,0,0,0,0,1,0,0,0,1,0,0
CUST004453,Yadavi,Varma,53.0,Delhi,2020-09-30,57500.0,2020,9,30,0,0,1,0,0,1,0,0,1,0,0,0,1,0,0,1,0,0,0,0,0,0,0,0,0,0,0,0,0,0,0,0,0,0,0,0,0,0,1,0,1,0,1,0,0
CUST004454,David,Ravi,42.0,Bhopal,2018-11-30,4100.0,2018,11,30,0,0,1,1,0,1,0,0,1,0,0,0,1,0,0,0,0,0,0,1,0,0,0,0,0,0,0,0,0,0,0,1,0,0,0,0,0,0,0,1,0,0,0,0,0
CUST004455,Advika,Gupta,54.0,Mumbai,2021-02-02,286600.0,2021,2,2,1,0,0,1,0,1,0,0,1,0,1,0,0,0,0,0,0,0,0,0,1,0,0,0,0,0,0,0,0,0,0,0,0,0,0,0,1,0,0,0,1,0,0,0,1
CUST004456,Aarush,Sandal,42.0,Udaipur,2019-03-03,112600.0,2019,3,3,1,0,0,1,0,1,0,0,0,0,1,0,0,0,0,0,0,0,0,0,0,0,0,1,0,0,0,0,0,0,0,0,1,0,0,0,0,0,0,1,0,0,0,1,0
CUST004457,Pooja,Konda,23.0,Kolkata,2021-08-16,25600.0,2021,8,16,0,0,0,0,0,0,1,0,0,0,0,0,0,0,0,0,0,0,0,0,0,0,0,0,0,0,0,1,0,0,0,0,0,1,0,0,0,0,0,0,0,0,0,0,0
CUST004458,Ansh,Sen,21.0,Bengaluru,2023-08-17,31300.0,2023,8,17,0,0,0,1,0,0,1,0,0,1,0,0,0,0,0,0,0,1,0,0,0,0,0,0,0,0,0,0,0,0,0,0,0,1,0,0,0,0,0,0,0,0,1,0,0
CUST004459,Frado,Viswanathan,18.0,Ahmedabad,2026-07-11,9500.0,2026,7,11,0,0,0,1,0,0,1,0,0,0,0,0,0,0,0,0,1,0,0,0,0,0,0,0,0,0,0,0,0,0,0,0,0,0,0,0,0,1,0,0,0,0,0,0,0
CUST004460,Isaiah,Gill,47.0,Udaipur,2018-12-13,33200.0,2018,12,13,0,0,1,1,0,1,0,0,0,0,0,0,1,0,0,0,0,0,0,0,0,0,0,1,0,0,0,0,0,0,0,0,0,1,0,0,0,0,0,1,0,0,1,0,0
CUST004461,Baljiwan,Peri,53.0,Thiruvananthapuram,2021-02-19,58700.0,2021,2,19,0,0,1,1,0,1,0,0,0,1,0,0,1,0,0,0,0,0,1,0,0,0,0,0,0,0,0,0,0,0,0,0,0,0,0,0,0,0,1,0,1,0,1,0,0
CUST004462,Ekalinga,Varkey,62.0,Hyderabad,2019-06-13,268500.0,2019,6,13,0,1,0,1,0,1,0,0,1,0,0,1,0,0,0,0,0,0,0,0,0,0,0,0,0,1,0,0,0,0,0,0,0,0,0,0,1,0,0,0,1,0,0,0,1
CUST004463,Qushi,Behl,49.0,Ahmedabad,2020-04-16,28500.0,2020,4,16,0,0,0,0,0,1,0,0,1,0,0,0,0,0,0,0,1,0,0,0,0,0,0,0,0,0,0,0,0,0,0,0,0,1,0,0,0,0,0,1,0,0,1,0,0
CUST004464,Siddharth,Tandon,53.0,Kolkata,2019-05-13,40800.0,2019,5,13,0,0,1,1,0,1,0,0,1,0,0,0,1,0,0,0,0,0,0,0,0,0,0,0,0,0,0,1,0,0,0,0,0,1,0,0,0,0,0,0,1,0,1,0,0
CUST004465,Ranveer,Garde,30.0,Coimbatore,2019-06-26,101100.0,2019,6,26,1,0,0,1,0,1,0,0,0,1,1,0,0,0,0,0,0,0,0,0,0,0,0,0,1,0,0,0,0,0,0,0,1,0,0,0,0,0,0,0,0,0,0,1,0
CUST004466,Ridhi,Chowdhury,23.0,Indore,2021-08-16,70800.0,2021,8,16,0,0,1,0,0,0,1,0,0,0,0,0,1,0,0,0,0,0,0,1,0,0,0,0,0,0,0,0,0,0,1,0,0,0,0,0,0,0,0,0,0,0,0,1,0
CUST004467,Omkaar,Krish,49.0,Mumbai,2021-02-01,127200.0,2021,2,1,0,0,1,1,0,1,0,0,1,0,0,0,1,0,0,0,0,0,0,0,1,0,0,0,0,0,0,0,0,1,0,0,0,0,0,0,0,0,0,1,0,0,0,1,0
CUST004468,Dhriti,Mannan,43.0,Bengaluru,2020-03-18,182100.0,2020,3,18,1,0,0,0,0,1,0,0,0,0,1,0,0,0,0,0,0,1,0,0,0,0,0,0,0,0,0,0,0,0,0,0,0,0,0,0,0,0,0,1,0,0,0,0,1
CUST004469,Chandani,Subramanian,39.0,Coimbatore,2018-10-28,180900.0,2018,10,28,0,1,0,0,1,1,0,0,1,0,0,1,0,0,0,0,0,0,0,0,0,0,0,0,1,0,0,0,0,0,0,0,1,0,0,0,0,0,0,1,0,0,0,0,1
CUST004470,Manan,Lanka,43.0,Delhi,2020-08-06,36000.0,2020,8,6,0,0,1,1,0,1,0,0,0,1,0,0,1,0,0,1,0,0,0,0,0,0,0,0,0,0,0,0,0,0,0,0,0,1,0,0,0,0,0,1,0,0,1,0,0
CUST004471,Hredhaan,Agate,38.0,Kochi,2019-09-27,33900.0,2019,9,27,0,0,1,1,0,0,0,1,0,0,0,0,1,0,0,0,0,0,1,0,0,0,0,0,0,0,0,0,0,0,0,0,0,1,0,0,0,0,0,1,0,0,1,0,0
CUST004472,Ronith,Kalla,55.0,Ahmedabad,2021-08-03,109300.0,2021,8,3,0,0,1,1,0,1,0,0,0,1,0,0,1,0,0,0,1,0,0,0,0,0,0,0,0,0,0,0,0,0,0,0,0,0,0,0,0,0,0,0,1,0,0,1,0
CUST004473,Niharika,Varma,55.0,Chennai,2019-06-29,123700.0,2019,6,29,1,0,0,0,0,1,0,0,0,1,1,0,0,0,0,0,0,0,0,0,0,0,0,0,1,0,0,0,0,0,0,0,0,0,0,1,0,0,0,0,1,0,0,1,0
CUST004474,Anita,Sheth,45.0,Lucknow,2019-10-25,76300.0,2019,10,25,1,0,0,0,0,0,0,0,1,0,1,0,0,0,0,0,0,0,0,0,0,0,0,0,0,0,1,0,0,0,1,0,0,0,0,0,0,0,0,1,0,0,0,1,0
CUST004475,Widisha,Bhandari,49.0,Chennai,2019-06-24,49100.0,2019,6,24,0,0,1,0,0,1,0,0,0,0,0,0,1,0,0,0,0,0,0,0,0,0,0,0,1,0,0,0,0,0,0,0,0,0,0,0,0,0,0,1,0,0,1,0,0
CUST004476,Rachana,Ahuja,45.0,Kolkata,2018-11-29,16900.0,2018,11,29,0,0,1,0,0,0,0,0,1,0,0,0,1,0,0,0,0,0,0,0,0,0,0,0,0,0,0,1,0,0,0,0,0,0,0,0,0,1,0,1,0,0,0,0,0
CUST004477,Victor,Narasimhan,32.0,Mumbai,2021-03-09,95900.0,2021,3,9,0,0,1,1,0,1,0,0,1,0,0,0,1,0,0,0,0,0,0,0,1,0,0,0,0,0,0,0,0,1,0,0,0,0,0,0,0,0,0,0,0,0,0,1,0
CUST004478,Neha,Pandya,48.0,Hyderabad,2020-11-03,172000.0,2020,11,3,1,0,0,0,0,1,0,0,0,1,1,0,0,0,0,0,0,0,0,0,0,0,0,0,0,1,0,0,0,0,0,0,0,0,0,0,0,0,0,1,0,0,0,0,1
CUST004479,Damyanti,Ahluwalia,20.0,Pune,2024-08-16,9800.0,2024,8,16,0,0,0,0,0,1,0,0,1,0,0,0,0,0,0,0,0,0,0,0,1,0,0,0,0,0,0,0,0,0,0,0,0,0,0,0,0,1,0,0,0,0,0,0,0
CUST004480,Pushti,Grewal,52.0,Ahmedabad,2021-02-26,204700.0,2021,2,26,1,0,0,1,0,1,0,0,0,1,1,0,0,0,0,0,1,0,0,0,0,0,0,0,0,0,0,0,1,0,0,0,0,0,0,0,0,0,0,0,1,0,0,0,1
CUST004481,Suhani,Pant,22.0,Chennai,2022-08-17,23000.0,2022,8,17,0,0,0,0,0,0,1,0,1,0,0,0,0,0,0,0,0,0,0,0,0,0,0,0,1,0,0,0,0,0,0,0,0,1,0,0,0,0,0,0,0,0,0,0,0
CUST004482,Aarna,Chaudhuri,42.0,Bengaluru,2019-06-14,129900.0,2019,6,14,1,0,0,0,0,1,0,0,0,0,1,0,0,0,0,0,0,1,0,0,0,0,0,0,0,0,0,0,0,0,0,0,0,0,0,1,0,0,0,1,0,0,0,1,0
CUST004483,Tanveer,Swamy,27.0,Chennai,2019-07-30,12600.0,2019,7,30,0,0,1,1,0,1,0,0,0,1,0,0,1,0,0,0,0,0,0,0,0,0,0,0,1,0,0,0,0,0,0,0,0,0,0,0,0,1,0,0,0,0,0,0,0
CUST004484,Hardik,Chad,45.0,Delhi,2020-12-10,38600.0,2020,12,10,0,0,1,1,0,1,0,0,0,1,0,0,1,0,0,1,0,0,0,0,0,0,0,0,0,0,0,0,0,0,0,0,0,1,0,0,0,0,0,1,0,0,1,0,0
CUST004485,Zarna,Varkey,38.0,Thiruvananthapuram,2020-12-24,15900.0,2020,12,24,0,0,0,0,0,0,1,0,0,0,0,0,0,0,0,0,0,0,1,0,0,0,0,0,0,0,0,0,0,0,0,0,0,0,0,0,0,1,0,1,0,0,0,0,0
CUST004486,Faraj,Roy,18.0,Mumbai,2026-07-11,40700.0,2026,7,11,0,0,0,1,0,0,1,0,0,0,0,0,0,0,0,0,0,0,0,0,1,0,0,0,0,0,0,0,0,0,0,0,0,0,0,1,0,0,0,0,0,0,1,0,0
CUST004487,Diya,Sura,43.0,Bhopal,2021-01-24,222600.0,2021,1,24,1,0,0,0,0,1,0,0,0,0,1,0,0,0,0,0,0,0,0,1,0,0,0,0,0,0,0,0,0,0,0,0,0,0,0,0,1,0,0,1,0,0,0,0,1
CUST004488,Aarush,Dugal,38.0,Chennai,2019-08-22,65800.0,2019,8,22,0,0,1,1,0,0,1,0,0,0,0,0,1,0,0,0,0,0,0,0,0,0,0,0,1,0,0,0,0,1,0,0,0,0,0,0,0,0,0,1,0,0,1,0,0
CUST004489,Ladli,Kara,49.0,Kolkata,2020-02-24,14200.0,2020,2,24,0,0,0,0,0,1,0,0,1,0,0,0,0,0,0,0,0,0,0,0,0,0,0,0,0,0,0,1,0,0,0,0,0,0,0,0,0,1,0,1,0,0,0,0,0
CUST004490,Vrinda,Rana,38.0,Bengaluru,2020-06-19,47400.0,2020,6,19,0,0,1,0,0,1,0,0,1,0,0,0,1,0,0,0,0,1,0,0,0,0,0,0,0,0,0,0,0,0,1,0,0,0,0,0,0,0,0,1,0,0,1,0,0
CUST004491,Rachit,Mistry,43.0,Bhubaneswar,2020-09-21,86500.0,2020,9,21,0,0,1,1,0,1,0,0,0,1,0,0,1,0,0,0,0,0,0,0,0,1,0,0,0,0,0,0,0,0,1,0,0,0,0,0,0,0,0,1,0,0,0,1,0
CUST004492,Rajata,Sangha,26.0,Bengaluru,2018-10-13,132500.0,2018,10,13,1,0,0,0,0,1,0,0,0,1,1,0,0,0,0,0,0,1,0,0,0,0,0,0,0,0,0,0,0,1,0,0,0,0,0,0,0,0,0,0,0,0,0,1,0
CUST004493,Hemani,Yadav,30.0,Kolkata,2020-02-07,80100.0,2020,2,7,0,0,1,1,0,1,0,0,0,0,0,0,1,0,0,0,0,0,0,0,0,0,0,0,0,0,0,1,0,0,1,0,0,0,0,0,0,0,0,0,0,0,0,1,0
CUST004494,Lipika,Chopra,32.0,Ludhiana,2019-12-10,12500.0,2019,12,10,0,0,1,1,0,0,1,0,0,0,0,0,1,0,0,0,0,0,0,0,0,0,1,0,0,0,0,0,0,0,0,0,0,0,0,0,0,1,0,0,0,0,0,0,0
CUST004495,Theodore,Sarna,49.0,Indore,2018-10-11,129200.0,2018,10,11,1,0,0,1,0,1,0,0,0,0,1,0,0,0,0,0,0,0,0,1,0,0,0,0,0,0,0,0,0,0,0,0,0,0,0,0,0,0,0,1,0,0,0,1,0
CUST004496,Faris,Dey,60.0,Coimbatore,2019-08-31,15100.0,2019,8,31,0,0,0,1,0,1,0,0,0,1,0,0,0,0,0,0,0,0,0,0,0,0,0,0,1,0,0,0,0,0,0,0,0,0,1,0,0,0,0,0,1,0,0,0,0
CUST004497,Peter,Saraf,28.0,Ludhiana,2018-10-02,137100.0,2018,10,2,1,0,0,1,0,0,0,0,0,0,1,0,0,0,0,0,0,0,0,0,0,0,1,0,0,0,0,0,0,0,0,0,1,0,0,0,0,0,0,0,0,0,0,0,1
CUST004498,Aarnav,Parmer,52.0,Ahmedabad,2021-04-22,35000.0,2021,4,22,0,0,1,1,0,1,0,0,0,1,0,0,1,0,0,0,1,0,0,0,0,0,0,0,0,0,0,0,0,0,0,0,0,1,0,0,0,0,0,0,1,0,1,0,0
CUST004499,Ira,Choudhry,18.0,Delhi,2026-07-11,21300.0,2026,7,11,0,0,0,0,0,0,1,0,0,1,0,0,0,0,0,1,0,0,0,0,0,0,0,0,0,0,0,0,0,0,0,0,0,1,0,0,0,0,0,0,0,0,0,0,0
CUST004500,Ikshita,Mane,22.0,Hyderabad,2022-08-17,14300.0,2022,8,17,0,0,0,0,0,0,1,0,0,1,0,0,0,0,0,0,0,0,0,0,0,0,0,0,0,1,0,0,0,0,0,0,0,0,0,0,0,1,0,0,0,0,0,0,0
CUST004501,Anusha,Deol,26.0,Bengaluru,2019-03-12,81500.0,2019,3,12,1,0,0,0,0,1,0,0,0,0,1,0,0,0,0,0,0,1,0,0,0,0,0,0,0,0,0,0,0,0,0,0,0,0,0,1,0,0,0,0,0,0,0,1,0
CUST004502,Siya,Sama,20.0,Mysuru,2024-08-16,9400.0,2024,8,16,0,0,0,0,0,0,1,0,0,0,0,0,0,0,0,0,0,1,0,0,0,0,0,0,0,0,0,0,0,0,0,0,0,0,0,0,0,1,0,0,0,0,0,0,0
CUST004503,Oni,Balay,18.0,Jaipur,2026-07-11,44600.0,2026,7,11,0,0,0,1,0,0,1,0,1,0,0,0,0,0,0,0,0,0,0,0,0,0,0,1,0,0,0,0,0,0,0,0,0,0,0,1,0,0,0,0,0,0,1,0,0
CUST004504,Faris,Issac,43.0,Kolkata,2020-05-25,126500.0,2020,5,25,1,0,0,1,0,1,0,0,1,0,1,0,0,0,0,0,0,0,0,0,0,0,0,0,0,0,0,1,0,0,0,0,0,0,0,1,0,0,0,1,0,0,0,1,0
CUST004505,Wakeeta,Lata,35.0,Mumbai,2019-06-13,134700.0,2019,6,13,1,0,0,0,0,1,0,0,0,0,1,0,0,0,0,0,0,0,0,0,1,0,0,0,0,0,0,0,0,1,0,0,0,0,0,0,0,0,0,0,0,0,0,0,1
CUST004506,Daniel,Sama,43.0,Indore,2021-04-30,77100.0,2021,4,30,0,0,1,1,0,1,0,0,1,0,0,0,1,0,0,0,0,0,0,1,0,0,0,0,0,0,0,0,0,0,0,0,0,0,0,1,0,0,0,1,0,0,0,1,0
CUST004507,Wishi,Tandon,47.0,Bengaluru,2019-05-11,49200.0,2019,5,11,0,0,1,0,0,0,0,0,0,1,0,0,1,0,0,0,0,1,0,0,0,0,0,0,0,0,0,0,0,0,0,0,0,0,0,0,0,0,1,1,0,0,1,0,0
CUST004508,Devansh,Nair,41.0,Ludhiana,2021-04-17,51500.0,2021,4,17,0,0,1,1,0,0,1,0,0,1,0,0,1,0,0,0,0,0,0,0,0,0,1,0,0,0,0,0,0,0,0,0,0,0,0,0,0,0,1,1,0,0,1,0,0
CUST004509,Ryan,Thaker,47.0,Bhubaneswar,2018-11-18,9500.0,2018,11,18,0,0,1,1,0,1,0,0,0,0,0,0,1,0,0,0,0,0,0,0,0,1,0,0,0,0,0,0,0,0,0,0,0,0,0,0,0,1,0,1,0,0,0,0,0
CUST004510,Saumya,Deep,37.0,Guwahati,2020-10-17,142200.0,2020,10,17,1,0,0,0,0,1,0,0,0,1,1,0,0,0,0,0,0,0,0,0,0,0,0,0,0,0,0,0,0,1,0,0,0,0,0,0,0,0,0,1,0,0,0,0,1
CUST004511,Dayamai,Chokshi,23.0,Lucknow,2021-08-16,231100.0,2021,8,16,1,0,0,0,0,0,1,0,1,0,1,0,0,0,0,0,0,0,0,0,0,0,0,0,0,0,1,0,0,0,0,0,0,0,0,0,0,0,0,0,0,0,0,0,1
CUST004512,Aishani,Date,52.0,Delhi,2021-04-10,81100.0,2021,4,10,0,0,1,0,0,0,1,0,1,0,0,0,1,0,0,1,0,0,0,0,0,0,0,0,0,0,0,0,0,0,0,0,0,0,0,0,1,0,0,0,1,0,0,1,0
CUST004513,Garima,Padmanabhan,30.0,Coimbatore,2020-10-25,24000.0,2020,10,25,0,0,0,0,0,0,0,0,1,0,0,0,0,0,0,0,0,0,0,0,0,0,0,0,1,0,0,0,0,0,0,0,0,1,0,0,0,0,0,0,0,0,0,0,0
CUST004514,Zashil,Arya,26.0,Delhi,2020-05-31,122900.0,2020,5,31,1,0,0,1,0,0,1,0,1,0,1,0,0,0,0,1,0,0,0,0,0,0,0,0,0,0,0,0,0,0,0,0,1,0,0,0,0,0,0,0,0,0,0,1,0
CUST004515,Kashish,Ben,36.0,New Delhi,2020-03-01,65800.0,2020,3,1,0,0,1,0,0,0,1,0,1,0,0,0,1,0,0,1,0,0,0,0,0,0,0,0,0,0,0,0,0,0,0,0,0,1,0,0,0,0,0,1,0,0,1,0,0
CUST004516,Onveer,Sanghvi,26.0,Kolkata,2021-08-16,216100.0,2021,8,16,1,0,0,1,0,1,0,0,0,0,1,0,0,0,0,0,0,0,0,0,0,0,0,0,0,0,0,1,1,0,0,0,0,0,0,0,0,0,0,0,0,0,0,0,1
CUST004517,Aarna,Saraf,33.0,Mumbai,2018-12-17,27000.0,2018,12,17,0,0,1,0,0,1,0,0,1,0,0,0,1,0,0,0,0,0,0,0,1,0,0,0,0,0,0,0,0,0,0,0,0,1,0,0,0,0,0,0,0,0,1,0,0
CUST004518,Wakeeta,Mann,42.0,Amritsar,2021-08-08,112800.0,2021,8,8,0,0,1,0,0,1,0,0,0,1,0,0,1,0,0,0,0,0,0,0,0,0,1,0,0,0,0,0,0,0,0,0,0,0,0,0,0,0,0,1,0,0,0,1,0
CUST004519,Lohit,Sunder,43.0,Kochi,2019-04-21,56400.0,2019,4,21,0,0,1,1,0,1,0,0,1,0,0,0,1,0,0,0,0,0,1,0,0,0,0,0,0,0,0,0,0,0,1,0,0,0,0,0,0,0,0,1,0,0,1,0,0
CUST004520,Chakrika,Sanghvi,26.0,Hyderabad,2020-03-19,39100.0,2020,3,19,0,0,1,0,0,1,0,0,0,0,0,0,1,0,0,0,0,0,0,0,0,0,0,0,0,1,0,0,0,0,1,0,0,0,0,0,0,0,0,0,0,0,1,0,0
CUST004521,Krishna,Dua,32.0,Chennai,2020-01-20,48400.0,2020,1,20,0,0,1,0,0,1,0,0,0,0,0,0,1,0,0,0,0,0,0,0,0,0,0,0,1,0,0,0,0,0,0,0,0,0,0,1,0,0,0,0,0,0,1,0,0
CUST004522,Girik,Krish,52.0,Chennai,2020-12-31,124400.0,2020,12,31,0,0,1,1,0,1,0,0,0,1,0,0,1,0,0,0,0,0,0,0,0,0,0,0,1,0,0,0,0,0,0,0,1,0,0,0,0,0,0,0,1,0,0,1,0
CUST004523,Meera,Contractor,44.0,Indore,2019-10-21,17300.0,2019,10,21,0,0,0,0,0,0,0,0,0,0,0,0,0,0,0,0,0,0,0,1,0,0,0,0,0,0,0,0,0,0,0,0,0,0,0,0,0,1,0,1,0,0,0,0,0
CUST004524,Lekha,Kota,65.0,Ahmedabad,2020-01-06,48400.0,2020,1,6,0,0,1,0,0,0,0,1,0,1,0,0,1,0,0,0,1,0,0,0,0,0,0,0,0,0,0,0,0,0,0,0,0,0,1,0,0,0,0,0,1,0,1,0,0
CUST004525,Upadhriti,Issac,53.0,Bengaluru,2021-02-17,20800.0,2021,2,17,0,0,0,0,0,1,0,0,1,0,0,0,0,0,0,0,0,1,0,0,0,0,0,0,0,0,0,0,0,0,0,0,0,0,0,0,0,1,0,0,1,0,0,0,0
CUST004526,Warjas,Chauhan,53.0,Chennai,2020-11-28,12000.0,2020,11,28,0,0,0,1,0,0,1,0,0,1,0,0,0,0,0,0,0,0,0,0,0,0,0,0,1,0,0,0,0,0,0,0,0,0,1,0,0,0,0,0,1,0,0,0,0
CUST004527,Zayan,Golla,20.0,Hyderabad,2024-08-16,12800.0,2024,8,16,0,0,0,1,0,1,0,0,0,0,0,0,0,0,0,0,0,0,0,0,0,0,0,0,0,1,0,0,0,0,0,0,0,0,0,0,0,1,0,0,0,0,0,0,0
CUST004528,Ijaya,Dixit,38.0,Bhubaneswar,2021-06-05,65900.0,2021,6,5,0,0,1,1,0,1,0,0,0,1,0,0,1,0,0,0,0,0,0,0,0,1,0,0,0,0,0,0,0,0,1,0,0,0,0,0,0,0,0,1,0,0,0,1,0
CUST004529,Ishwar,Dara,37.0,Delhi,2021-08-01,118000.0,2021,8,1,0,0,1,1,0,0,1,0,1,0,0,0,1,0,0,1,0,0,0,0,0,0,0,0,0,0,0,0,0,1,0,0,0,0,0,0,0,0,0,1,0,0,0,1,0
CUST004530,Ekaja,Rattan,31.0,Pune,2020-12-18,9700.0,2020,12,18,0,0,0,0,0,0,1,0,0,1,0,0,0,0,0,0,0,0,0,0,1,0,0,0,0,0,0,0,0,0,0,0,0,0,0,0,0,1,0,0,0,0,0,0,0
CUST004531,Anirudh,Mahal,40.0,Indore,2019-08-03,188200.0,2019,8,3,1,0,0,1,0,1,0,0,0,0,1,0,0,0,0,0,0,0,0,1,0,0,0,0,0,0,0,0,0,0,0,0,0,0,0,0,1,0,0,1,0,0,0,0,1
CUST004532,Inaya,Dhingra,50.0,Patna,2020-09-04,108700.0,2020,9,4,0,0,1,0,0,1,0,0,0,1,0,0,1,1,0,0,0,0,0,0,0,0,0,0,0,0,0,0,0,0,0,0,0,0,0,1,0,0,0,1,0,0,0,1,0
CUST004533,Unni,Badami,45.0,Bhopal,2020-08-06,125500.0,2020,8,6,0,0,1,0,0,1,0,0,1,0,0,0,1,0,0,0,0,0,0,1,0,0,0,0,0,0,0,0,0,0,0,0,0,0,0,1,0,0,0,1,0,0,0,1,0
CUST004534,Harish,Chand,27.0,Chennai,2021-03-25,37000.0,2021,3,25,0,0,1,1,0,1,0,0,1,0,0,0,1,0,0,0,0,0,0,0,0,0,0,0,1,0,0,0,0,0,0,0,0,0,0,0,0,0,1,0,0,0,1,0,0
CUST004535,Atharv,Rai,48.0,Ahmedabad,2019-11-25,52800.0,2019,11,25,0,0,1,1,0,1,0,0,1,0,0,0,1,0,0,0,1,0,0,0,0,0,0,0,0,0,0,0,0,0,0,0,0,0,0,0,0,0,1,1,0,0,1,0,0
CUST004536,Tanvi,Vohra,30.0,Kolkata,2020-08-06,12300.0,2020,8,6,0,0,0,1,0,1,0,0,0,0,0,0,0,0,0,0,0,0,0,0,0,0,0,0,0,0,0,1,0,0,0,0,0,0,0,0,0,1,0,0,0,0,0,0,0
CUST004537,Niharika,Kashyap,41.0,Mumbai,2019-08-06,191900.0,2019,8,6,1,0,0,0,0,0,0,1,0,1,1,0,0,0,0,0,0,0,0,0,1,0,0,0,0,0,0,0,1,0,0,0,0,0,0,0,0,0,0,1,0,0,0,0,1
CUST004538,Indrajit,Nayar,34.0,Kolkata,2019-05-27,97000.0,2019,5,27,1,0,0,1,0,1,0,0,1,0,1,0,0,0,0,0,0,0,0,0,0,0,0,0,0,0,0,1,0,1,0,0,0,0,0,0,0,0,0,0,0,0,0,1,0
CUST004539,Unni,Srinivas,35.0,Mumbai,2019-11-15,182200.0,2019,11,15,1,0,0,0,0,1,0,0,1,0,1,0,0,0,0,0,0,0,0,0,1,0,0,0,0,0,0,0,0,0,0,0,0,0,0,0,0,0,0,0,0,0,0,0,1
CUST004540,Azaan,Uppal,48.0,Bengaluru,2020-10-18,93900.0,2020,10,18,0,0,1,1,0,1,0,0,0,0,0,0,1,0,0,0,0,1,0,0,0,0,0,0,0,0,0,0,0,0,0,0,0,0,0,1,0,0,0,1,0,0,0,1,0
CUST004541,Tanay,Behl,24.0,Thiruvananthapuram,2020-08-16,25800.0,2020,8,16,0,0,0,1,0,0,1,0,1,0,0,0,0,0,0,0,0,0,1,0,0,0,0,0,0,0,0,0,0,0,0,0,0,1,0,0,0,0,0,0,0,0,0,0,0
CUST004542,Nidra,Choudhary,63.0,Bengaluru,2020-11-13,47200.0,2020,11,13,0,0,1,1,0,1,0,0,0,1,0,0,1,0,0,0,0,1,0,0,0,0,0,0,0,0,0,0,0,0,0,0,0,0,1,0,0,0,0,0,1,0,1,0,0
CUST004543,Krish,Patla,18.0,Guwahati,2026-07-11,13900.0,2026,7,11,0,0,0,1,0,0,1,0,0,0,0,0,0,0,0,0,0,0,0,0,0,0,0,0,0,0,0,0,0,0,0,0,0,0,0,0,0,1,0,0,0,0,0,0,0
CUST004544,Meera,Panchal,30.0,New Delhi,2019-04-29,72600.0,2019,4,29,0,0,1,0,0,1,0,0,0,1,0,0,1,0,0,1,0,0,0,0,0,0,0,0,0,0,0,0,0,0,1,0,0,0,0,0,0,0,0,0,0,0,0,1,0
CUST004545,Shaurya,Koshy,43.0,Bengaluru,2020-02-23,16100.0,2020,2,23,0,0,1,1,0,1,0,0,1,0,0,0,1,0,0,0,0,1,0,0,0,0,0,0,0,0,0,0,0,0,0,0,0,0,0,0,0,1,0,1,0,0,0,0,0
CUST004546,Nathaniel,Batta,46.0,Kolkata,2018-09-23,200800.0,2018,9,23,0,1,0,1,0,1,0,0,1,0,0,1,0,0,0,0,0,0,0,0,0,0,0,0,0,0,0,1,0,0,0,0,1,0,0,0,0,0,0,1,0,0,0,0,1
CUST004547,Gavin,Baria,37.0,Jaipur,2019-12-26,41900.0,2019,12,26,0,0,1,1,0,1,0,0,0,0,0,0,1,0,0,0,0,0,0,0,0,0,0,1,0,0,0,0,0,0,0,0,0,0,0,0,0,0,1,1,0,0,1,0,0
CUST004548,Aachal,Ben,37.0,Chennai,2020-08-21,36300.0,2020,8,21,0,0,1,0,0,0,1,0,1,0,0,0,1,0,0,0,0,0,0,0,0,0,0,0,1,0,0,0,0,0,0,0,0,1,0,0,0,0,0,1,0,0,1,0,0
CUST004549,Oeshi,Kala,43.0,Indore,2021-05-04,69900.0,2021,5,4,0,0,1,0,0,1,0,0,0,0,0,0,1,0,0,0,0,0,0,1,0,0,0,0,0,0,0,0,0,0,0,0,0,0,0,0,1,0,0,1,0,0,0,1,0
CUST004550,Mekhala,Sodhi,35.0,Mumbai,2019-12-29,21000.0,2019,12,29,0,0,0,0,0,1,0,0,0,0,0,0,0,0,0,0,0,0,0,0,1,0,0,0,0,0,0,0,0,0,0,0,0,1,0,0,0,0,0,0,0,0,0,0,0
CUST004551,Logan,Chaudhuri,56.0,Kochi,2019-01-16,238700.0,2019,1,16,1,0,0,1,0,1,0,0,0,1,1,0,0,0,0,0,0,0,1,0,0,0,0,0,0,0,0,0,1,0,0,0,0,0,0,0,0,0,0,0,1,0,0,0,1
CUST004552,Tanveer,Goyal,49.0,Delhi,2019-01-10,56400.0,2019,1,10,1,0,0,1,0,1,0,0,1,0,1,0,0,0,0,1,0,0,0,0,0,0,0,0,0,0,0,0,0,0,0,0,0,0,0,0,0,0,1,1,0,0,1,0,0
CUST004553,Lajita,Swamy,49.0,Indore,2019-10-24,96600.0,2019,10,24,1,0,0,0,0,1,0,0,0,1,1,0,0,0,0,0,0,0,0,1,0,0,0,0,0,0,0,0,0,0,0,0,1,0,0,0,0,0,0,1,0,0,0,1,0
CUST004554,Qabil,Natt,25.0,Hyderabad,2020-06-11,67600.0,2020,6,11,0,0,1,1,0,1,0,0,0,0,0,0,1,0,0,0,0,0,0,0,0,0,0,0,0,1,0,0,0,0,0,0,0,0,0,1,0,0,0,0,0,0,0,1,0
CUST004555,Nidra,Choudhury,37.0,Varanasi,2019-09-04,12300.0,2019,9,4,0,0,0,0,0,0,0,0,0,0,0,0,0,0,0,0,0,0,0,0,0,0,0,0,0,0,1,0,0,0,0,0,0,0,0,0,0,1,0,1,0,0,0,0,0
CUST004556,Chanakya,Arya,34.0,Ahmedabad,2019-05-04,198500.0,2019,5,4,0,1,0,1,0,0,1,0,1,0,0,1,0,0,0,0,1,0,0,0,0,0,0,0,0,0,0,0,0,0,0,0,1,0,0,0,0,0,0,0,0,0,0,0,1
CUST004557,Eiravati,Narula,25.0,Delhi,2020-05-22,61700.0,2020,5,22,0,0,1,0,0,1,0,0,1,0,0,0,1,0,0,1,0,0,0,0,0,0,0,0,0,0,0,0,0,0,0,0,0,0,0,1,0,0,0,0,0,0,1,0,0
CUST004558,Pranit,Pathak,43.0,Kochi,2020-03-12,101900.0,2020,3,12,0,0,1,1,0,1,0,0,0,0,0,0,1,0,0,0,0,0,1,0,0,0,0,0,0,0,0,0,0,1,0,0,0,0,0,0,0,0,0,1,0,0,0,1,0
CUST004559,Zarna,Prabhu,31.0,Delhi,2019-08-01,52700.0,2019,8,1,0,0,1,0,0,0,1,0,1,0,0,0,1,0,0,1,0,0,0,0,0,0,0,0,0,0,0,0,0,0,1,0,0,0,0,0,0,0,0,0,0,0,1,0,0
CUST004560,Jagat,Majumdar,38.0,Delhi,2018-12-30,149200.0,2018,12,30,1,0,0,1,0,0,0,0,1,0,1,0,0,0,0,1,0,0,0,0,0,0,0,0,0,0,0,0,0,0,0,0,1,0,0,0,0,0,0,1,0,0,0,0,1
CUST004561,Henry,Rajagopalan,24.0,Lucknow,2020-08-16,192400.0,2020,8,16,1,0,0,1,0,0,1,0,0,0,1,0,0,0,0,0,0,0,0,0,0,0,0,0,0,0,1,0,1,0,0,0,0,0,0,0,0,0,0,0,0,0,0,0,1
CUST004562,Caleb,Cherian,60.0,Pune,2021-07-23,238700.0,2021,7,23,1,0,0,1,0,0,0,1,1,0,1,0,0,0,0,0,0,0,0,0,1,0,0,0,0,0,0,0,0,0,0,0,0,0,0,0,1,0,0,0,1,0,0,0,1
CUST004563,Dhruv,Dara,26.0,Delhi,2021-04-02,8000.0,2021,4,2,0,0,0,1,0,0,1,0,1,0,0,0,0,0,0,1,0,0,0,0,0,0,0,0,0,0,0,0,0,0,0,0,0,0,0,0,0,1,0,0,0,0,0,0,0
CUST004564,Ansh,Halder,41.0,Chennai,2019-01-25,14400.0,2019,1,25,0,0,1,1,0,1,0,0,0,1,0,0,1,0,0,0,0,0,0,0,0,0,0,0,1,0,0,0,0,0,0,0,0,0,0,0,0,1,0,1,0,0,0,0,0
CUST004565,Inaya,Sehgal,48.0,Kanpur,2019-02-15,64900.0,2019,2,15,0,0,1,0,0,1,0,0,0,1,0,0,1,0,0,0,0,0,0,0,0,0,0,0,0,0,1,0,0,0,0,0,0,0,0,0,0,0,1,1,0,0,1,0,0
CUST004566,Chavvi,Borde,31.0,Pune,2020-06-16,58700.0,2020,6,16,0,0,1,0,0,1,0,0,1,0,0,0,1,0,0,0,0,0,0,0,1,0,0,0,0,0,0,0,0,0,0,0,0,0,0,0,0,0,0,0,0,0,1,0,0
CUST004567,Pavani,Mitra,49.0,Madurai,2019-11-15,66900.0,2019,11,15,0,0,1,0,0,1,0,0,0,0,0,0,1,0,0,0,0,0,0,0,0,0,0,0,1,0,0,0,0,0,1,0,0,0,0,0,0,0,0,1,0,0,0,1,0
CUST004568,Vritti,Jaggi,22.0,Ahmedabad,2022-08-17,7300.0,2022,8,17,0,0,0,0,0,0,1,0,0,1,0,0,0,0,0,0,1,0,0,0,0,0,0,0,0,0,0,0,0,0,0,0,0,0,0,0,0,1,0,0,0,0,0,0,0
CUST004569,Ganga,Bassi,57.0,Chandigarh,2018-11-21,42500.0,2018,11,21,0,0,1,0,0,1,0,0,0,1,0,0,1,0,1,0,0,0,0,0,0,0,0,0,0,0,0,0,0,0,0,0,0,0,0,0,0,0,0,0,1,0,1,0,0
CUST004570,Devansh,Handa,38.0,Thiruvananthapuram,2019-04-11,32200.0,2019,4,11,0,0,1,1,0,0,1,0,0,1,0,0,1,0,0,0,0,0,1,0,0,0,0,0,0,0,0,0,0,0,0,0,0,0,0,0,0,0,0,1,0,0,1,0,0
CUST004571,Shaurya,Krishnan,30.0,Jodhpur,2020-12-30,85000.0,2020,12,30,0,0,1,1,0,1,0,0,1,0,0,0,1,0,0,0,0,0,0,0,0,0,0,1,0,0,0,0,0,0,0,0,0,0,0,1,0,0,0,0,0,0,0,1,0
CUST004572,Oscar,Pau,34.0,Ahmedabad,2019-06-08,65800.0,2019,6,8,0,0,1,1,0,1,0,0,0,1,0,0,1,0,0,0,1,0,0,0,0,0,0,0,0,0,0,0,0,0,0,0,0,1,0,0,0,0,0,0,0,0,1,0,0
CUST004573,Vanya,Dalal,49.0,Warangal,2021-04-27,30000.0,2021,4,27,0,0,0,0,0,1,0,0,1,0,0,0,0,0,0,0,0,0,0,0,0,0,0,0,0,1,0,0,0,0,0,0,0,1,0,0,0,0,0,1,0,0,1,0,0
CUST004574,Tejas,Bir,38.0,Pune,2018-12-11,61800.0,2018,12,11,0,0,1,1,0,0,1,0,0,1,0,0,1,0,0,0,0,0,0,0,1,0,0,0,0,0,0,0,0,0,1,0,0,0,0,0,0,0,0,1,0,0,1,0,0
CUST004575,Wyatt,Saini,28.0,Ahmedabad,2021-03-06,84300.0,2021,3,6,0,0,1,1,0,1,0,0,1,0,0,0,1,0,0,0,1,0,0,0,0,0,0,0,0,0,0,0,0,0,0,0,0,0,0,1,0,0,0,0,0,0,0,1,0
CUST004576,Zaitra,Thakur,35.0,Ludhiana,2019-08-21,224400.0,2019,8,21,1,0,0,0,0,0,1,0,1,0,1,0,0,0,0,0,0,0,0,0,0,0,1,0,0,0,0,0,0,0,0,0,0,0,0,0,1,0,0,0,0,0,0,0,1
CUST004577,Advay,Ganesan,23.0,Surat,2021-08-16,56400.0,2021,8,16,0,0,1,1,0,0,1,0,1,0,0,0,1,0,0,0,1,0,0,0,0,0,0,0,0,0,0,0,0,0,0,0,0,0,0,0,1,0,0,0,0,0,1,0,0
CUST004578,Mahika,Dayal,62.0,Mumbai,2019-04-18,13800.0,2019,4,18,0,0,1,0,0,1,0,0,0,0,0,0,1,0,0,0,0,0,0,0,1,0,0,0,0,0,0,0,0,0,0,0,0,0,1,0,0,0,0,0,1,0,0,0,0
CUST004579,Mohini,Bath,31.0,Chennai,2019-12-21,64600.0,2019,12,21,0,0,1,0,0,0,0,1,0,0,0,0,1,0,0,0,0,0,0,0,0,0,0,0,1,0,0,0,0,0,0,0,0,0,0,0,1,0,0,0,0,0,1,0,0
CUST004580,Azaan,Gupta,49.0,Kolkata,2021-06-12,139300.0,2021,6,12,1,0,0,1,0,0,0,0,0,0,1,0,0,0,0,0,0,0,0,0,0,0,0,0,0,0,0,1,0,0,0,0,1,0,0,0,0,0,0,1,0,0,0,0,1
CUST004581,Rushil,Talwar,41.0,Ahmedabad,2019-07-05,69200.0,2019,7,5,0,0,1,1,0,1,0,0,0,0,0,0,1,0,0,0,1,0,0,0,0,0,0,0,0,0,0,0,0,0,1,0,0,0,0,0,0,0,0,1,0,0,0,1,0
CUST004582,Zinal,Varghese,25.0,Ahmedabad,2020-06-22,56500.0,2020,6,22,0,0,1,0,0,1,0,0,0,0,0,0,1,0,0,0,1,0,0,0,0,0,0,0,0,0,0,0,0,1,0,0,0,0,0,0,0,0,0,0,0,0,1,0,0
CUST004583,Bishakha,Gandhi,38.0,Kolkata,2020-08-30,98000.0,2020,8,30,0,0,1,0,0,0,0,1,1,0,0,0,1,0,0,0,0,0,0,0,0,0,0,0,0,0,0,1,0,0,0,0,0,0,0,0,1,0,0,1,0,0,0,1,0
CUST004584,Theodore,Upadhyay,48.0,Delhi,2018-08-26,179100.0,2018,8,26,0,1,0,1,0,1,0,0,1,0,0,1,0,0,0,1,0,0,0,0,0,0,0,0,0,0,0,0,0,0,0,0,0,0,0,0,1,0,0,1,0,0,0,0,1
CUST004585,Sanaya,Ramakrishnan,36.0,Guwahati,2019-11-08,50100.0,2019,11,8,0,0,1,0,0,1,0,0,0,1,0,0,1,0,0,0,0,0,0,0,0,0,0,0,0,0,0,0,0,0,0,0,0,0,0,1,0,0,0,1,0,0,1,0,0
CUST004586,Suhani,Magar,54.0,Ahmedabad,2019-06-29,95700.0,2019,6,29,1,0,0,1,0,1,0,0,1,0,1,0,0,0,0,0,1,0,0,0,0,0,0,0,0,0,0,0,0,0,0,0,0,0,0,1,0,0,0,0,1,0,0,1,0
CUST004587,Harshil,Gour,38.0,Delhi,2020-01-18,73800.0,2020,1,18,1,0,0,1,0,1,0,0,1,0,1,0,0,0,0,1,0,0,0,0,0,0,0,0,0,0,0,0,0,0,1,0,0,0,0,0,0,0,0,1,0,0,0,1,0
CUST004588,Aarav,Dutta,50.0,Bengaluru,2019-04-26,65800.0,2019,4,26,0,1,0,1,0,0,1,0,1,0,0,1,0,0,0,0,0,1,0,0,0,0,0,0,0,0,0,0,0,0,0,0,1,0,0,0,0,0,0,1,0,0,1,0,0
CUST004589,Janani,Andra,32.0,Kochi,2019-05-15,10200.0,2019,5,15,0,0,1,0,0,1,0,0,1,0,0,0,1,0,0,0,0,0,1,0,0,0,0,0,0,0,0,0,0,0,0,0,0,0,0,0,0,1,0,0,0,0,0,0,0
CUST004590,Vedant,Thakur,24.0,Indore,2020-08-16,45400.0,2020,8,16,0,0,1,1,0,0,1,0,1,0,0,0,1,0,0,0,0,0,0,1,0,0,0,0,0,0,0,0,0,0,0,0,0,0,0,1,0,0,0,0,0,0,1,0,0
CUST004591,Zaitra,Lad,30.0,Hyderabad,2018-08-19,225000.0,2018,8,19,0,1,0,0,0,1,0,0,1,0,0,1,0,0,0,0,0,0,0,0,0,0,0,0,0,1,0,0,0,0,0,0,0,1,0,0,0,0,0,0,0,0,0,0,1
CUST004592,Max,Kannan,41.0,Mumbai,2020-03-30,113900.0,2020,3,30,1,0,0,1,0,1,0,0,0,1,1,0,0,0,0,0,0,0,0,0,1,0,0,0,0,0,0,0,0,0,0,0,0,0,0,1,0,0,0,1,0,0,0,1,0
CUST004593,Neelima,Loyal,45.0,Mumbai,2019-07-04,46500.0,2019,7,4,0,0,1,0,0,1,0,0,1,0,0,0,1,0,0,0,0,0,0,0,1,0,0,0,0,0,0,0,0,0,0,0,0,0,0,0,0,0,1,1,0,0,1,0,0
CUST004594,Dhriti,Garg,18.0,Bengaluru,2026-07-11,13200.0,2026,7,11,0,0,0,0,0,0,0,0,0,0,0,0,0,0,0,0,0,1,0,0,0,0,0,0,0,0,0,0,0,0,0,0,0,0,0,0,0,1,0,0,0,0,0,0,0
CUST004595,Jasmit,Bath,38.0,Kolkata,2020-06-30,11100.0,2020,6,30,0,0,0,0,0,0,1,0,0,0,0,0,0,0,0,0,0,0,0,0,0,0,0,0,0,0,0,1,0,0,0,0,0,0,0,0,0,1,0,1,0,0,0,0,0
CUST004596,Jagat,Manne,40.0,Kolkata,2020-04-02,65800.0,2020,4,2,0,0,1,1,0,1,0,0,0,0,0,0,1,0,0,0,0,0,0,0,0,0,0,0,0,0,0,1,0,0,0,0,0,0,0,0,0,0,1,1,0,0,1,0,0
CUST004597,Anmol,Divan,34.0,Howrah,2018-09-19,86800.0,2018,9,19,1,0,0,1,0,0,1,0,0,1,1,0,0,0,0,0,0,0,0,0,0,0,0,0,0,0,0,1,0,0,0,0,0,0,0,1,0,0,0,0,0,0,0,1,0
CUST004598,Maya,Deol,55.0,Ahmedabad,2021-07-12,18300.0,2021,7,12,0,0,0,0,0,1,0,0,0,1,0,0,0,0,0,0,1,0,0,0,0,0,0,0,0,0,0,0,0,0,0,0,0,0,0,0,0,1,0,0,1,0,0,0,0
CUST004599,Krishna,Behl,43.0,Mumbai,2020-08-14,183000.0,2020,8,14,1,0,0,1,0,1,0,0,1,0,1,0,0,0,0,0,0,0,0,0,1,0,0,0,0,0,0,0,0,0,0,0,1,0,0,0,0,0,0,1,0,0,0,0,1
CUST004600,Jeet,Kade,55.0,Pune,2020-03-01,18300.0,2020,3,1,0,0,0,1,0,1,0,0,1,0,0,0,0,0,0,0,0,0,0,0,1,0,0,0,0,0,0,0,0,0,0,0,0,0,0,0,0,1,0,0,1,0,0,0,0
CUST004601,Devika,Agarwal,35.0,Hyderabad,2021-08-15,63400.0,2021,8,15,0,0,1,0,0,0,1,0,0,1,0,0,1,0,0,0,0,0,0,0,0,0,0,0,0,1,0,0,0,0,0,0,0,0,0,0,0,0,1,0,0,0,1,0,0
CUST004602,Oscar,Pillay,50.0,Nagpur,2018-12-05,33100.0,2018,12,5,0,0,1,1,0,1,0,0,0,1,0,0,1,0,0,0,0,0,0,0,1,0,0,0,0,0,0,0,0,0,0,0,0,1,0,0,0,0,0,1,0,0,1,0,0
CUST004603,Nicholas,Chacko,59.0,Mumbai,2020-10-07,96500.0,2020,10,7,0,0,1,1,0,1,0,0,1,0,0,0,1,0,0,0,0,0,0,0,1,0,0,0,0,0,0,0,0,0,1,0,0,0,0,0,0,0,0,0,1,0,0,1,0
CUST004604,Kevin,Deol,55.0,Howrah,2020-11-07,105200.0,2020,11,7,0,0,1,1,0,1,0,0,0,1,0,0,1,0,0,0,0,0,0,0,0,0,0,0,0,0,0,1,0,0,0,0,0,0,0,1,0,0,0,0,1,0,0,1,0
CUST004605,Tara,Menon,24.0,Lucknow,2020-08-16,94700.0,2020,8,16,0,0,1,0,0,0,1,0,0,0,0,0,1,0,0,0,0,0,0,0,0,0,0,0,0,0,1,0,0,0,0,0,1,0,0,0,0,0,0,0,0,0,0,1,0
CUST004606,Omaja,Bhandari,35.0,Vadodara,2020-10-16,60400.0,2020,10,16,0,0,1,0,0,1,0,0,0,1,0,0,1,0,0,0,1,0,0,0,0,0,0,0,0,0,0,0,0,0,1,0,0,0,0,0,0,0,0,0,0,0,1,0,0
CUST004607,Abdul,Parekh,34.0,Kanpur,2019-08-27,144400.0,2019,8,27,0,1,0,1,0,0,0,0,0,0,0,1,0,0,0,0,0,0,0,0,0,0,0,0,0,0,1,0,0,1,0,0,0,0,0,0,0,0,0,0,0,0,0,0,1
CUST004608,Imaran,Mammen,44.0,Ahmedabad,2019-02-28,28100.0,2019,2,28,0,0,1,1,0,1,0,0,1,0,0,0,1,0,0,0,1,0,0,0,0,0,0,0,0,0,0,0,0,0,0,0,0,0,0,0,0,0,0,1,0,0,1,0,0
CUST004609,Gaurang,Kunda,47.0,Surat,2019-04-01,58000.0,2019,4,1,1,0,0,1,0,1,0,0,0,0,1,0,0,0,0,0,1,0,0,0,0,0,0,0,0,0,0,0,0,0,1,0,0,0,0,0,0,0,0,1,0,0,1,0,0
CUST004610,Adweta,Yogi,27.0,Bengaluru,2019-04-12,63100.0,2019,4,12,0,0,1,0,0,1,0,0,1,0,0,0,1,0,0,0,0,1,0,0,0,0,0,0,0,0,0,0,0,1,0,0,0,0,0,0,0,0,0,0,0,0,1,0,0
CUST004611,Chatresh,Raja,39.0,Ludhiana,2021-05-11,60800.0,2021,5,11,0,0,1,1,0,1,0,0,0,0,0,0,1,0,0,0,0,0,0,0,0,0,1,0,0,0,0,0,0,0,1,0,0,0,0,0,0,0,0,1,0,0,1,0,0
CUST004612,Lavanya,Jhaveri,18.0,Delhi,2026-07-11,30000.0,2026,7,11,0,0,0,0,0,1,0,0,0,0,0,0,0,0,0,1,0,0,0,0,0,0,0,0,0,0,0,0,0,0,0,0,0,1,0,0,0,0,0,0,0,0,1,0,0
CUST004613,Timothy,Kannan,57.0,Delhi,2020-09-14,198200.0,2020,9,14,1,0,0,1,0,0,1,0,0,1,1,0,0,0,0,1,0,0,0,0,0,0,0,0,0,0,0,0,0,0,0,0,0,0,0,0,0,0,0,0,1,0,0,0,1
CUST004614,Ekta,Luthra,31.0,Bengaluru,2021-07-08,121500.0,2021,7,8,0,0,1,0,1,1,0,0,0,0,0,0,1,0,0,0,0,1,0,0,0,0,0,0,0,0,0,0,0,0,0,0,0,0,0,0,1,0,0,0,0,0,0,1,0
CUST004615,Harsh,Rana,39.0,Amritsar,2020-02-15,17800.0,2020,2,15,0,0,1,1,0,1,0,0,0,0,0,0,1,0,0,0,0,0,0,0,0,0,1,0,0,0,0,0,0,0,0,1,0,0,0,0,0,0,0,1,0,0,0,0,0
CUST004616,Garima,Sehgal,34.0,Ludhiana,2020-06-10,36700.0,2020,6,10,0,0,1,0,0,1,0,0,1,0,0,0,1,0,0,0,0,0,0,0,0,0,1,0,0,0,0,0,0,0,0,0,0,1,0,0,0,0,0,0,0,0,1,0,0
CUST004617,Jack,Saraf,53.0,Jodhpur,2019-12-15,64300.0,2019,12,15,0,0,1,1,0,1,0,0,0,1,0,0,1,0,0,0,0,0,0,0,0,0,0,1,0,0,0,0,0,0,0,0,0,0,0,0,0,0,1,0,1,0,1,0,0
CUST004618,Qarin,Divan,18.0,Kolkata,2026-07-11,8400.0,2026,7,11,0,0,0,1,0,0,1,0,1,0,0,0,0,0,0,0,0,0,0,0,0,0,0,0,0,0,0,1,0,0,0,0,0,0,0,0,0,1,0,0,0,0,0,0,0
CUST004619,Wakeeta,Chander,38.0,Chennai,2020-03-02,23900.0,2020,3,2,0,0,1,0,0,1,0,0,1,0,0,0,1,0,0,0,0,0,0,0,0,0,0,0,1,0,0,0,0,0,0,0,0,1,0,0,0,0,0,1,0,0,0,0,0
CUST004620,Yachana,Golla,37.0,Amritsar,2020-08-14,123900.0,2020,8,14,1,0,0,0,0,0,1,0,0,1,1,0,0,0,0,0,0,0,0,0,0,0,1,0,0,0,0,0,0,0,0,0,0,0,0,0,1,0,0,1,0,0,0,1,0
CUST004621,Victor,Goyal,32.0,Ahmedabad,2021-01-14,215000.0,2021,1,14,1,0,0,1,0,1,0,0,1,0,1,0,0,0,0,0,1,0,0,0,0,0,0,0,0,0,0,0,0,0,0,0,0,0,0,0,1,0,0,0,0,0,0,0,1
CUST004622,Hema,Gulati,60.0,Guwahati,2019-09-05,20400.0,2019,9,5,0,0,1,0,0,1,0,0,0,1,0,0,1,0,0,0,0,0,0,0,0,0,0,0,0,0,0,0,0,0,0,0,0,0,1,0,0,0,0,0,1,0,0,0,0
CUST004623,Xalak,Gole,26.0,Bengaluru,2019-08-09,70900.0,2019,8,9,1,0,0,0,0,1,0,0,0,0,1,0,0,0,0,0,0,1,0,0,0,0,0,0,0,0,0,0,0,1,0,0,0,0,0,0,0,0,0,0,0,0,0,1,0
CUST004624,Megha,Bail,48.0,Bengaluru,2019-02-20,65800.0,2019,2,20,0,0,1,0,0,1,0,0,0,0,0,0,1,0,0,0,0,1,0,0,0,0,0,0,0,0,0,0,0,0,0,0,0,0,0,0,0,1,0,1,0,0,1,0,0
CUST004625,Mohammed,Gaba,43.0,Chandigarh,2019-01-01,148900.0,2019,1,1,1,0,0,1,0,1,0,0,1,0,1,0,0,0,1,0,0,0,0,0,0,0,0,0,0,0,0,0,0,1,0,0,0,0,0,0,0,0,0,1,0,0,0,0,1
CUST004626,Hema,Ramesh,54.0,Pune,2019-07-06,210700.0,2019,7,6,1,0,0,0,0,0,0,0,1,0,1,0,0,0,0,0,0,0,0,0,1,0,0,0,0,0,0,0,0,0,0,0,0,0,0,0,1,0,0,0,1,0,0,0,1
CUST004627,Girindra,Boase,29.0,Guwahati,2019-07-25,141900.0,2019,7,25,1,0,0,1,0,1,0,0,0,0,1,0,0,0,0,0,0,0,0,0,0,0,0,0,0,0,0,0,0,1,0,0,0,0,0,0,0,0,0,0,0,0,0,0,1
CUST004628,Ekbal,Bora,28.0,Chennai,2021-06-15,61200.0,2021,6,15,0,0,1,1,0,1,0,0,1,0,0,0,1,0,0,0,0,0,0,0,0,0,0,0,1,0,0,0,0,0,1,0,0,0,0,0,0,0,0,0,0,0,1,0,0
CUST004629,Unni,Korpal,52.0,Thiruvananthapuram,2021-04-18,215300.0,2021,4,18,1,0,0,0,0,0,1,0,1,0,1,0,0,0,0,0,0,0,1,0,0,0,0,0,0,0,0,0,1,0,0,0,0,0,0,0,0,0,0,0,1,0,0,0,1
CUST004630,Utkarsh,Rau,44.0,Bengaluru,2019-03-10,56800.0,2019,3,10,0,0,1,1,0,0,0,0,1,0,0,0,1,0,0,0,0,1,0,0,0,0,0,0,0,0,0,0,0,0,0,0,0,0,0,0,0,0,0,1,0,0,1,0,0
CUST004631,Chandresh,Vyas,18.0,Ahmedabad,2026-07-11,8000.0,2026,7,11,0,0,0,1,0,0,1,0,0,0,0,0,0,0,0,0,1,0,0,0,0,0,0,0,0,0,0,0,0,0,0,0,0,0,0,0,0,1,0,0,0,0,0,0,0
CUST004632,Ekantika,Arora,31.0,Chennai,2020-07-23,96600.0,2020,7,23,0,0,1,0,0,1,0,0,0,0,0,0,1,0,0,0,0,0,0,0,0,0,0,0,1,0,0,0,0,0,0,0,1,0,0,0,0,0,0,0,0,0,0,1,0
CUST004633,Daksha,Purohit,43.0,Kolkata,2021-03-10,59000.0,2021,3,10,0,0,1,0,0,1,0,0,0,0,0,0,1,0,0,0,0,0,0,0,0,0,0,0,0,0,0,1,0,0,0,0,0,0,0,0,0,0,1,1,0,0,1,0,0
CUST004634,Rehaan,Bail,49.0,Chennai,2021-01-14,313200.0,2021,1,14,1,0,0,1,0,0,0,0,1,0,1,0,0,0,0,0,0,0,0,0,0,0,0,0,1,0,0,0,0,0,0,0,0,0,0,0,0,0,0,1,0,0,0,0,1
CUST004635,Christopher,Arya,29.0,Bhubaneswar,2019-04-20,91800.0,2019,4,20,0,0,1,1,0,1,0,0,0,0,0,0,1,0,0,0,0,0,0,0,0,1,0,0,0,0,0,0,0,0,0,0,0,0,0,1,0,0,0,0,0,0,0,1,0
CUST004636,Anya,Deo,18.0,Ahmedabad,2026-07-11,8100.0,2026,7,11,0,0,0,0,0,0,1,0,0,0,0,0,0,0,0,0,1,0,0,0,0,0,0,0,0,0,0,0,0,0,0,0,0,0,0,0,0,1,0,0,0,0,0,0,0
CUST004637,Jeet,Chacko,45.0,New Delhi,2020-04-11,67700.0,2020,4,11,1,0,0,1,0,1,0,0,0,1,1,0,0,0,0,1,0,0,0,0,0,0,0,0,0,0,0,0,0,0,0,0,0,0,0,1,0,0,0,1,0,0,0,1,0
CUST004638,Lipika,Dhar,22.0,Kochi,2022-08-17,10400.0,2022,8,17,0,0,0,0,0,0,1,0,0,1,0,0,0,0,0,0,0,0,1,0,0,0,0,0,0,0,0,0,0,0,0,0,0,0,0,0,0,1,0,0,0,0,0,0,0
CUST004639,Abha,Andra,18.0,Bengaluru,2026-07-11,29300.0,2026,7,11,0,0,0,0,0,0,1,0,0,0,0,0,0,0,0,0,0,1,0,0,0,0,0,0,0,0,0,0,0,0,0,0,0,1,0,0,0,0,0,0,0,0,1,0,0
CUST004640,Chatresh,Nigam,18.0,Hyderabad,2026-07-11,30800.0,2026,7,11,0,0,0,1,0,0,0,0,0,1,0,0,0,0,0,0,0,0,0,0,0,0,0,0,0,1,0,0,0,0,0,0,0,0,0,0,0,0,0,0,0,0,1,0,0
CUST004641,Chaman,Jain,49.0,Pune,2020-07-16,158800.0,2020,7,16,1,0,0,0,0,1,0,0,0,1,1,0,0,0,0,0,0,0,0,0,1,0,0,0,0,0,0,0,0,0,0,0,1,0,0,0,0,0,0,1,0,0,0,0,1
CUST004642,Ekiya,Srinivasan,40.0,Patna,2019-04-09,219500.0,2019,4,9,0,1,0,0,0,0,0,0,0,1,0,1,0,1,0,0,0,0,0,0,0,0,0,0,0,0,0,0,0,0,0,0,0,0,0,0,1,0,0,1,0,0,0,0,1
CUST004643,Tristan,Gade,35.0,Bengaluru,2020-11-26,32200.0,2020,11,26,0,0,0,1,0,1,0,0,1,0,0,0,0,0,0,0,0,1,0,0,0,0,0,0,0,0,0,0,0,0,0,0,0,1,0,0,0,0,0,0,0,0,1,0,0
CUST004644,Nikita,Narula,56.0,New Delhi,2019-07-20,34600.0,2019,7,20,0,0,1,0,0,1,0,0,1,0,0,0,1,0,0,1,0,0,0,0,0,0,0,0,0,0,0,0,0,0,0,0,0,1,0,0,0,0,0,0,1,0,1,0,0
CUST004645,Wakeeta,Dubey,46.0,Kochi,2019-06-08,293200.0,2019,6,8,0,1,0,0,0,1,0,0,0,0,0,1,0,0,0,0,0,0,1,0,0,0,0,0,0,0,0,0,1,0,0,0,0,0,0,0,0,0,0,1,0,0,0,0,1
CUST004646,Keya,Bhalla,59.0,Lucknow,2018-09-20,77000.0,2018,9,20,1,0,0,0,0,1,0,0,0,1,1,0,0,0,0,0,0,0,0,0,0,0,0,0,0,0,1,0,0,0,0,0,0,0,0,1,0,0,0,0,1,0,0,1,0
CUST004647,Lila,Dasgupta,20.0,Pune,2024-08-16,38800.0,2024,8,16,0,0,0,0,0,0,1,0,1,0,0,0,0,0,0,0,0,0,0,0,1,0,0,0,0,0,0,0,0,0,0,0,0,0,0,1,0,0,0,0,0,0,1,0,0
CUST004648,Advaith,Basu,38.0,Udaipur,2021-05-06,65800.0,2021,5,6,0,0,1,1,0,0,0,0,0,0,0,0,1,0,0,0,0,0,0,0,0,0,0,1,0,0,0,0,0,1,0,0,0,0,0,0,0,0,0,1,0,0,1,0,0
CUST004649,Charan,Minhas,18.0,Kochi,2026-07-11,6200.0,2026,7,11,0,0,0,1,0,1,0,0,0,0,0,0,0,0,0,0,0,0,1,0,0,0,0,0,0,0,0,0,0,0,0,0,0,0,0,0,0,1,0,0,0,0,0,0,0
CUST004650,Charan,Vaidya,35.0,Pune,2021-04-04,66300.0,2021,4,4,0,0,1,1,0,1,0,0,0,0,0,0,1,0,0,0,0,0,0,0,1,0,0,0,0,0,0,0,0,0,0,0,0,0,0,0,0,0,1,0,0,0,0,1,0
CUST004651,Sarthak,Dhar,35.0,Kanpur,2021-02-11,37000.0,2021,2,11,0,0,0,1,0,0,1,0,0,0,0,0,0,0,0,0,0,0,0,0,0,0,0,0,0,0,1,0,0,0,0,0,0,0,1,0,0,0,0,0,0,0,1,0,0
CUST004652,Aadi,Kapur,46.0,Madurai,2020-08-15,70300.0,2020,8,15,0,0,1,1,0,1,0,0,1,0,0,0,1,0,0,0,0,0,0,0,0,0,0,0,1,0,0,0,0,0,0,0,0,0,0,0,0,0,1,1,0,0,0,1,0
CUST004653,Amaira,Karan,39.0,Ahmedabad,2020-05-20,107300.0,2020,5,20,1,0,0,0,0,0,0,0,0,1,1,0,0,0,0,0,1,0,0,0,0,0,0,0,0,0,0,0,0,0,0,0,0,0,0,0,0,0,0,1,0,0,0,1,0
CUST004654,Unni,Rajan,46.0,Chennai,2018-11-30,111100.0,2018,11,30,1,0,0,0,0,0,1,0,0,1,1,0,0,0,0,0,0,0,0,0,0,0,0,0,1,0,0,0,0,1,0,0,0,0,0,0,0,0,0,1,0,0,0,1,0
CUST004655,Falak,Pandit,47.0,Ahmedabad,2021-01-14,180500.0,2021,1,14,1,0,0,0,0,1,0,0,0,0,1,0,0,0,0,0,1,0,0,0,0,0,0,0,0,0,0,0,0,1,0,0,0,0,0,0,0,0,0,1,0,0,0,0,1
CUST004656,Mekhala,Kara,66.0,Mumbai,2018-09-16,11400.0,2018,9,16,0,0,0,0,0,1,0,0,1,0,0,0,0,0,0,0,0,0,0,0,1,0,0,0,0,0,0,0,0,0,0,0,0,0,1,0,0,0,0,0,0,1,0,0,0
CUST004657,Sanaya,Chowdhury,34.0,Jaipur,2019-03-13,14800.0,2019,3,13,0,0,1,0,0,1,0,0,1,0,0,0,1,0,0,0,0,0,0,0,0,0,0,1,0,0,0,0,0,0,0,1,0,0,0,0,0,0,0,0,0,0,0,0,0
CUST004658,Yatan,Gara,26.0,Mumbai,2018-12-24,104400.0,2018,12,24,1,0,0,1,0,1,0,0,0,0,1,0,0,0,0,0,0,0,0,0,1,0,0,0,0,0,0,0,0,1,0,0,0,0,0,0,0,0,0,0,0,0,0,1,0
CUST004659,Dayamai,Kapur,41.0,Chennai,2018-11-02,114100.0,2018,11,2,1,0,0,0,0,0,1,0,0,1,1,0,0,0,0,0,0,0,0,0,0,0,0,0,1,0,0,0,0,0,0,0,0,0,0,1,0,0,0,1,0,0,0,1,0
CUST004660,Charan,Manda,28.0,Pune,2019-05-14,10800.0,2019,5,14,0,0,1,1,0,1,0,0,0,0,0,0,1,0,0,0,0,0,0,0,1,0,0,0,0,0,0,0,0,0,0,0,0,0,0,0,0,1,0,0,0,0,0,0,0
CUST004661,Rachana,Bose,57.0,Kanpur,2019-04-05,200100.0,2019,4,5,0,1,0,0,0,0,0,1,0,0,0,1,0,0,0,0,0,0,0,0,0,0,0,0,0,0,1,0,0,1,0,0,0,0,0,0,0,0,0,0,1,0,0,0,1
CUST004662,Osha,Dani,34.0,Bengaluru,2020-04-24,412900.0,2020,4,24,0,1,0,0,0,1,0,0,1,0,0,1,0,0,0,0,0,1,0,0,0,0,0,0,0,0,0,0,0,0,0,0,0,0,0,0,0,0,0,0,0,0,0,0,1
CUST004663,Pranit,Chad,31.0,Chennai,2020-02-04,365100.0,2020,2,4,0,1,0,1,0,1,0,0,0,1,0,1,0,0,0,0,0,0,0,0,0,0,0,0,1,0,0,0,0,0,0,0,0,0,0,0,0,0,0,0,0,0,0,0,1
CUST004664,Anya,Dora,32.0,Hyderabad,2018-10-29,99000.0,2018,10,29,1,0,0,1,0,1,0,0,0,0,1,0,0,0,0,0,0,0,0,0,0,0,0,0,0,1,0,0,0,0,0,0,0,0,0,1,0,0,0,0,0,0,0,1,0
CUST004665,Hemal,Sangha,47.0,Udaipur,2020-06-28,15300.0,2020,6,28,0,0,0,0,0,0,1,0,0,1,0,0,0,0,0,0,0,0,0,0,0,0,0,1,0,0,0,0,0,0,0,0,0,0,0,0,0,1,0,1,0,0,0,0,0
CUST004666,Oliver,Golla,36.0,Chennai,2021-07-01,14000.0,2021,7,1,0,0,0,1,0,0,1,0,1,0,0,0,0,0,0,0,0,0,0,0,0,0,0,0,1,0,0,0,0,0,0,0,0,0,0,0,0,1,0,1,0,0,0,0,0
CUST004667,Unnati,Doctor,30.0,Jodhpur,2019-05-03,152100.0,2019,5,3,1,0,0,1,0,1,0,0,0,0,1,0,0,0,0,0,0,0,0,0,0,0,0,1,0,0,0,0,0,0,0,0,1,0,0,0,0,0,0,0,0,0,0,0,1
CUST004668,Matthew,Mangat,60.0,Mumbai,2019-11-27,45600.0,2019,11,27,0,0,1,1,0,1,0,0,1,0,0,0,1,0,0,0,0,0,0,0,1,0,0,0,0,0,0,0,0,0,0,0,0,0,1,0,0,0,0,0,1,0,1,0,0
CUST004669,Owen,Chawla,27.0,Delhi,2019-03-07,65800.0,2019,3,7,0,0,1,1,0,1,0,0,0,0,0,0,1,0,0,1,0,0,0,0,0,0,0,0,0,0,0,0,0,0,0,1,0,0,0,0,0,0,0,0,0,0,1,0,0
CUST004670,Lopa,Tata,38.0,Madurai,2021-05-25,78300.0,2021,5,25,0,0,1,0,0,1,0,0,0,1,0,0,1,0,0,0,0,0,0,0,0,0,0,0,1,0,0,0,0,0,1,0,0,0,0,0,0,0,0,1,0,0,0,1,0
CUST004671,Raksha,Lanka,46.0,Guwahati,2019-10-06,138800.0,2019,10,6,1,0,0,0,0,0,1,0,1,0,1,0,0,0,0,0,0,0,0,0,0,0,0,0,0,0,0,0,0,0,0,0,1,0,0,0,0,0,0,1,0,0,0,0,1
CUST004672,Brinda,Agate,18.0,Mumbai,2026-07-11,10400.0,2026,7,11,0,0,0,0,0,0,1,0,0,0,0,0,0,0,0,0,0,0,0,0,1,0,0,0,0,0,0,0,0,0,0,0,0,0,0,0,0,1,0,0,0,0,0,0,0
CUST004673,Falguni,Din,44.0,Mumbai,2018-11-30,92000.0,2018,11,30,1,0,0,0,0,0,1,0,1,0,1,0,0,0,0,0,0,0,0,0,1,0,0,0,0,0,0,0,0,0,0,0,1,0,0,0,0,0,0,1,0,0,0,1,0
CUST004674,Nathaniel,Divan,24.0,Nagpur,2021-04-18,53200.0,2021,4,18,0,0,1,1,0,0,1,0,0,0,0,0,1,0,0,0,0,0,0,0,1,0,0,0,0,0,0,0,0,0,0,0,0,0,0,0,0,0,1,0,0,0,1,0,0
CUST004675,Saumya,Sekhon,49.0,Howrah,2019-02-04,17400.0,2019,2,4,0,0,1,0,0,1,0,0,0,0,0,0,1,0,0,0,0,0,0,0,0,0,0,0,0,0,0,1,0,0,0,0,0,0,0,0,0,1,0,1,0,0,0,0,0
CUST004676,Waida,Bhavsar,25.0,Hyderabad,2021-05-11,38100.0,2021,5,11,0,0,0,0,0,1,0,0,1,0,0,0,0,0,0,0,0,0,0,0,0,0,0,0,0,1,0,0,0,0,0,0,0,0,0,0,0,0,1,0,0,0,1,0,0
CUST004677,Dayita,Sane,47.0,Kanpur,2021-07-20,206800.0,2021,7,20,1,0,0,0,0,1,0,0,1,0,1,0,0,0,0,0,0,0,0,0,0,0,0,0,0,0,1,0,0,0,0,0,1,0,0,0,0,0,0,1,0,0,0,0,1
CUST004678,Liam,Dhillon,52.0,Mumbai,2020-12-02,41700.0,2020,12,2,0,0,0,1,0,1,0,0,0,1,0,0,0,0,0,0,0,0,0,0,1,0,0,0,0,0,0,0,0,0,0,0,0,0,1,0,0,0,0,0,1,0,1,0,0
CUST004679,Chandani,Naidu,49.0,Delhi,2020-08-16,34000.0,2020,8,16,0,0,1,0,0,1,0,0,0,1,0,0,1,0,0,1,0,0,0,0,0,0,0,0,0,0,0,0,0,0,0,0,0,1,0,0,0,0,0,1,0,0,1,0,0
CUST004680,Eesha,Gopal,41.0,Bengaluru,2019-09-30,150100.0,2019,9,30,1,0,0,0,0,1,0,0,0,1,1,0,0,0,0,0,0,1,0,0,0,0,0,0,0,0,0,0,0,1,0,0,0,0,0,0,0,0,0,1,0,0,0,0,1
CUST004681,Sanya,Pandit,35.0,Kolkata,2021-03-25,23700.0,2021,3,25,0,0,0,0,0,1,0,0,0,1,0,0,0,0,0,0,0,0,0,0,0,0,0,0,0,0,0,1,0,0,0,0,0,0,1,0,0,0,0,0,0,0,0,0,0
CUST004682,Odika,Talwar,31.0,Ahmedabad,2020-04-24,60300.0,2020,4,24,0,0,1,0,0,1,0,0,1,0,0,0,1,0,0,0,1,0,0,0,0,0,0,0,0,0,0,0,0,0,0,0,0,0,0,0,1,0,0,0,0,0,1,0,0
CUST004683,Simon,Srivastava,57.0,Pune,2021-01-04,52000.0,2021,1,4,0,0,1,1,0,1,0,0,1,0,0,0,1,0,0,0,0,0,0,0,1,0,0,0,0,0,0,0,0,0,0,0,0,0,1,0,0,0,0,0,1,0,1,0,0
CUST004684,Triveni,Nath,29.0,Guwahati,2019-01-22,17200.0,2019,1,22,0,0,1,0,0,0,1,0,1,0,0,0,1,0,0,0,0,0,0,0,0,0,0,0,0,0,0,0,0,0,0,1,0,0,0,0,0,0,0,0,0,0,0,0,0
CUST004685,Ekantika,Korpal,25.0,Mysuru,2021-06-28,122700.0,2021,6,28,0,0,1,0,0,1,0,0,0,1,0,0,1,0,0,0,0,1,0,0,0,0,0,0,0,0,0,0,0,0,0,0,1,0,0,0,0,0,0,0,0,0,0,1,0
CUST004686,Rehaan,Sahota,47.0,Ahmedabad,2020-07-22,392500.0,2020,7,22,1,0,0,1,0,1,0,0,1,0,1,0,0,0,0,0,1,0,0,0,0,0,0,0,0,0,0,0,0,0,0,0,0,0,0,0,0,0,0,1,0,0,0,0,1
CUST004687,Yadavi,Yohannan,28.0,Coimbatore,2019-09-24,27800.0,2019,9,24,0,0,1,0,0,0,1,0,0,0,0,0,1,0,0,0,0,0,0,0,0,0,0,0,1,0,0,0,0,0,0,0,0,1,0,0,0,0,0,0,0,0,1,0,0
CUST004688,Yatin,Walia,26.0,Delhi,2018-11-20,60200.0,2018,11,20,0,0,1,1,0,0,1,0,1,0,0,0,1,0,0,1,0,0,0,0,0,0,0,0,0,0,0,0,0,0,0,0,1,0,0,0,0,0,0,0,0,0,1,0,0
CUST004689,Ishwar,Rajagopalan,19.0,Chandigarh,2025-08-16,21400.0,2025,8,16,0,0,0,1,0,0,1,0,0,0,0,0,0,0,1,0,0,0,0,0,0,0,0,0,0,0,0,0,0,0,0,0,0,1,0,0,0,0,0,0,0,0,0,0,0
CUST004690,Chakrika,Sama,32.0,Kanpur,2018-12-09,65800.0,2018,12,9,1,0,0,0,0,0,1,0,0,0,1,0,0,0,0,0,0,0,0,0,0,0,0,0,0,0,1,0,0,0,0,0,1,0,0,0,0,0,0,0,0,0,1,0,0
CUST004691,Imaran,Chahal,37.0,Hyderabad,2021-06-08,275300.0,2021,6,8,1,0,0,1,0,0,1,0,0,0,1,0,0,0,0,0,0,0,0,0,0,0,0,0,0,1,0,0,0,0,0,0,0,0,0,0,0,0,0,1,0,0,0,0,1
CUST004692,Jacob,Pathak,41.0,Kolkata,2019-02-07,169800.0,2019,2,7,0,1,0,1,0,1,0,0,0,0,0,1,0,0,0,0,0,0,0,0,0,0,0,0,0,0,0,1,0,0,0,0,0,0,0,0,0,0,0,1,0,0,0,0,1
CUST004693,Aadhya,Jani,50.0,New Delhi,2019-04-15,65800.0,2019,4,15,1,0,0,0,0,1,0,0,0,0,1,0,0,0,0,1,0,0,0,0,0,0,0,0,0,0,0,0,0,0,1,0,0,0,0,0,0,0,0,1,0,0,1,0,0
CUST004694,Abhiram,Patil,45.0,Ahmedabad,2018-12-01,78800.0,2018,12,1,1,0,0,1,0,0,0,0,1,0,1,0,0,0,0,0,1,0,0,0,0,0,0,0,0,0,0,0,0,0,0,0,0,0,0,1,0,0,0,1,0,0,0,1,0
CUST004695,Warjas,Deol,36.0,Bengaluru,2020-09-09,164600.0,2020,9,9,1,0,0,1,0,1,0,0,0,0,1,0,0,0,0,0,0,1,0,0,0,0,0,0,0,0,0,0,0,0,0,0,1,0,0,0,0,0,0,1,0,0,0,0,1
CUST004696,Christopher,Bhasin,38.0,Varanasi,2018-11-21,39100.0,2018,11,21,0,0,1,1,0,1,0,0,0,0,0,0,1,0,0,0,0,0,0,0,0,0,0,0,0,0,1,0,0,0,0,0,0,1,0,0,0,0,0,1,0,0,1,0,0
CUST004697,Owen,Patel,45.0,Delhi,2020-06-01,64700.0,2020,6,1,0,0,1,1,0,1,0,0,1,0,0,0,1,0,0,1,0,0,0,0,0,0,0,0,0,0,0,0,0,0,0,0,0,0,0,1,0,0,0,1,0,0,1,0,0
CUST004698,Ekiya,Menon,55.0,Mumbai,2019-09-21,172400.0,2019,9,21,1,0,0,0,0,0,1,0,0,0,1,0,0,0,0,0,0,0,0,0,1,0,0,0,0,0,0,0,0,0,0,0,1,0,0,0,0,0,0,0,1,0,0,0,1
CUST004699,Veda,Dhawan,40.0,Bengaluru,2020-05-08,208800.0,2020,5,8,1,0,0,0,0,1,0,0,0,0,1,0,0,0,0,0,0,1,0,0,0,0,0,0,0,0,0,0,0,0,0,0,0,0,0,0,1,0,0,1,0,0,0,0,1
CUST004700,Ucchal,Kibe,32.0,Delhi,2020-05-05,174000.0,2020,5,5,0,1,0,0,0,1,0,0,1,0,0,1,0,0,0,1,0,0,0,0,0,0,0,0,0,0,0,0,0,1,0,0,0,0,0,0,0,0,0,0,0,0,0,0,1
CUST004701,Jagrati,Kapur,25.0,Chennai,2019-12-26,56400.0,2019,12,26,0,0,1,0,0,0,1,0,0,0,0,0,1,0,0,0,0,0,0,0,0,0,0,0,1,0,0,0,0,0,0,0,0,0,0,0,0,0,1,0,0,0,1,0,0
CUST004702,Ayaan,Devi,19.0,Delhi,2025-08-16,17600.0,2025,8,16,0,0,0,1,0,0,1,0,0,1,0,0,0,0,0,1,0,0,0,0,0,0,0,0,0,0,0,0,0,0,0,0,0,1,0,0,0,0,0,0,0,0,0,0,0
CUST004703,Dhriti,Dhar,47.0,Jaipur,2019-04-01,126300.0,2019,4,1,1,0,0,0,0,1,0,0,0,0,1,0,0,0,0,0,0,0,0,0,0,0,0,1,0,0,0,0,0,1,0,0,0,0,0,0,0,0,0,1,0,0,0,1,0
CUST004704,Saanvi,Bal,38.0,Delhi,2019-09-22,201800.0,2019,9,22,0,1,0,0,0,1,0,0,1,0,0,1,0,0,0,1,0,0,0,0,0,0,0,0,0,0,0,0,0,0,0,0,1,0,0,0,0,0,0,1,0,0,0,0,1
CUST004705,Unnati,Prabhu,46.0,Ahmedabad,2019-07-22,36000.0,2019,7,22,0,0,1,0,0,1,0,0,1,0,0,0,1,0,0,0,1,0,0,0,0,0,0,0,0,0,0,0,0,0,0,0,0,0,0,0,0,0,0,1,0,0,1,0,0
CUST004706,Avni,Cherian,36.0,Kolkata,2020-12-06,55500.0,2020,12,6,0,0,1,0,0,0,1,0,0,0,0,0,1,0,0,0,0,0,0,0,0,0,0,0,0,0,0,1,0,0,0,0,0,0,0,0,0,0,0,1,0,0,1,0,0
CUST004707,Bina,Sood,56.0,Ludhiana,2018-09-19,13800.0,2018,9,19,0,0,1,0,0,1,0,0,0,1,0,0,1,0,0,0,0,0,0,0,0,0,1,0,0,0,0,0,0,0,0,0,0,0,0,0,0,1,0,0,1,0,0,0,0
CUST004708,Gaurangi,Balan,32.0,Ludhiana,2019-08-24,46400.0,2019,8,24,0,0,1,0,0,1,0,0,0,0,0,0,1,0,0,0,0,0,0,0,0,0,1,0,0,0,0,0,0,0,0,0,0,0,0,1,0,0,0,0,0,0,1,0,0
CUST004709,Ethan,Pau,50.0,Bhopal,2021-01-12,57300.0,2021,1,12,0,0,1,1,0,1,0,0,0,1,0,0,1,0,0,0,0,0,0,1,0,0,0,0,0,0,0,0,0,0,0,0,0,0,0,0,0,0,1,1,0,0,1,0,0
CUST004710,Ekta,Brar,37.0,Jaipur,2019-05-17,136600.0,2019,5,17,1,0,0,1,0,1,0,0,0,0,1,0,0,0,0,0,0,0,0,0,0,0,0,1,0,0,0,0,0,1,0,0,0,0,0,0,0,0,0,1,0,0,0,0,1
CUST004711,Jason,Bose,30.0,Hyderabad,2021-02-07,103900.0,2021,2,7,0,0,1,1,0,1,0,0,0,0,0,0,1,0,0,0,0,0,0,0,0,0,0,0,0,1,0,0,0,0,0,0,0,0,0,1,0,0,0,0,0,0,0,1,0
CUST004712,Abeer,Saha,46.0,Vadodara,2021-06-08,39400.0,2021,6,8,0,0,1,1,0,1,0,0,0,0,0,0,1,0,0,0,1,0,0,0,0,0,0,0,0,0,0,0,0,0,0,0,0,1,0,0,0,0,0,1,0,0,1,0,0
CUST004713,Falan,Gopal,43.0,Bhubaneswar,2020-01-16,132700.0,2020,1,16,1,0,0,1,0,1,0,0,0,1,1,0,0,0,0,0,0,0,0,0,0,1,0,0,0,0,0,0,0,1,0,0,0,0,0,0,0,0,0,1,0,0,0,1,0
CUST004714,Wahab,Dey,43.0,Mumbai,2019-12-19,264700.0,2019,12,19,0,1,0,1,0,1,0,0,0,1,0,1,0,0,0,0,0,0,0,0,1,0,0,0,0,0,0,0,0,0,0,0,0,0,0,0,1,0,0,1,0,0,0,0,1
CUST004715,Mason,Singhal,39.0,Coimbatore,2021-01-21,124700.0,2021,1,21,1,0,0,1,0,0,1,0,0,0,1,0,0,0,0,0,0,0,0,0,0,0,0,0,1,0,0,0,0,0,0,0,0,0,0,0,1,0,0,1,0,0,0,1,0
CUST004716,Samesh,Nazareth,38.0,Delhi,2020-07-31,99000.0,2020,7,31,0,0,1,1,0,1,0,0,1,0,0,0,1,0,0,1,0,0,0,0,0,0,0,0,0,0,0,0,0,0,0,0,1,0,0,0,0,0,0,1,0,0,0,1,0
CUST004717,Vamakshi,Arya,69.0,Kolkata,2018-10-15,217700.0,2018,10,15,0,1,0,0,0,1,0,0,0,1,0,1,0,0,0,0,0,0,0,0,0,0,0,0,0,0,0,1,0,0,0,0,0,0,0,0,0,0,0,0,0,1,0,0,1
CUST004718,Mekhala,Choudhry,53.0,Chennai,2020-10-08,147000.0,2020,10,8,1,0,0,0,0,1,0,0,0,0,1,0,0,0,0,0,0,0,0,0,0,0,0,0,1,0,0,0,0,0,0,0,0,0,0,0,1,0,0,0,1,0,0,0,1
CUST004719,Nachiket,Bhasin,47.0,Kolkata,2021-02-27,187700.0,2021,2,27,1,0,0,0,1,1,0,0,0,0,1,0,0,0,0,0,0,0,0,0,0,0,0,0,0,0,0,1,0,0,0,0,0,0,0,0,1,0,0,1,0,0,0,0,1
CUST004720,Amol,Ghose,39.0,Madurai,2018-08-25,188500.0,2018,8,25,0,1,0,1,0,0,1,0,0,0,0,1,0,0,0,0,0,0,0,0,0,0,0,0,1,0,0,0,0,0,0,0,0,0,0,0,1,0,0,1,0,0,0,0,1
CUST004721,Yashasvi,Dyal,51.0,Bhubaneswar,2020-09-19,50400.0,2020,9,19,0,0,1,0,0,0,1,0,0,1,0,0,1,0,0,0,0,0,0,0,0,1,0,0,0,0,0,0,0,0,0,0,0,0,0,0,0,0,1,0,1,0,1,0,0
CUST004722,Aashi,Randhawa,45.0,Madurai,2019-08-02,34600.0,2019,8,2,0,0,1,0,0,1,0,0,0,0,0,0,1,0,0,0,0,0,0,0,0,0,0,0,1,0,0,0,0,0,0,0,0,0,1,0,0,0,0,1,0,0,1,0,0
CUST004723,Siddharth,Sha,38.0,Chandigarh,2020-12-06,117800.0,2020,12,6,0,0,1,1,0,0,0,0,1,0,0,0,1,0,1,0,0,0,0,0,0,0,0,0,0,0,0,0,0,0,0,0,1,0,0,0,0,0,0,1,0,0,0,1,0
CUST004724,Leela,Thaker,34.0,Bengaluru,2019-12-22,16000.0,2019,12,22,0,0,0,0,0,1,0,0,1,0,0,0,0,0,0,0,0,1,0,0,0,0,0,0,0,0,0,0,0,0,0,0,0,0,0,0,0,1,0,0,0,0,0,0,0
CUST004725,Niharika,Karan,37.0,Warangal,2020-06-19,47200.0,2020,6,19,0,0,1,0,0,1,0,0,1,0,0,0,1,0,0,0,0,0,0,0,0,0,0,0,0,1,0,0,0,0,0,0,0,0,0,0,0,0,1,1,0,0,1,0,0
CUST004726,Siddharth,Dugar,18.0,Chennai,2026-07-11,5700.0,2026,7,11,0,0,0,1,0,0,1,0,1,0,0,0,0,0,0,0,0,0,0,0,0,0,0,0,1,0,0,0,0,0,0,0,0,0,0,0,0,1,0,0,0,0,0,0,0
CUST004727,Madhavi,Chanda,41.0,Bengaluru,2020-04-29,38300.0,2020,4,29,0,0,1,0,0,1,0,0,0,0,0,0,1,0,0,0,0,1,0,0,0,0,0,0,0,0,0,0,0,0,0,0,0,1,0,0,0,0,0,1,0,0,1,0,0
CUST004728,Yutika,Purohit,32.0,Hyderabad,2019-11-15,60600.0,2019,11,15,0,0,1,0,0,0,0,0,1,0,0,0,1,0,0,0,0,0,0,0,0,0,0,0,0,1,0,0,0,0,1,0,0,0,0,0,0,0,0,0,0,0,1,0,0
CUST004729,Dev,Kakar,59.0,Kolkata,2018-10-16,17100.0,2018,10,16,0,0,1,1,0,0,0,0,0,1,0,0,1,0,0,0,0,0,0,0,0,0,0,0,0,0,0,1,0,0,0,0,0,0,0,0,0,1,0,0,1,0,0,0,0
CUST004730,Sai,Bhalla,38.0,Kolkata,2018-08-28,229800.0,2018,8,28,1,0,0,1,0,1,0,0,1,0,1,0,0,0,0,0,0,0,0,0,0,0,0,0,0,0,0,1,1,0,0,0,0,0,0,0,0,0,0,1,0,0,0,0,1
CUST004731,Imaran,Ramanathan,23.0,Howrah,2021-08-16,11200.0,2021,8,16,0,0,0,1,0,1,0,0,1,0,0,0,0,0,0,0,0,0,0,0,0,0,0,0,0,0,0,1,0,0,0,0,0,0,0,0,0,1,0,0,0,0,0,0,0
CUST004732,George,Brahmbhatt,37.0,Mysuru,2019-02-14,28900.0,2019,2,14,0,0,1,1,0,0,1,0,1,0,0,0,1,0,0,0,0,1,0,0,0,0,0,0,0,0,0,0,0,0,0,0,0,1,0,0,0,0,0,1,0,0,1,0,0
CUST004733,Vinaya,Sood,24.0,Bengaluru,2020-08-16,12800.0,2020,8,16,0,0,0,0,0,0,1,0,0,0,0,0,0,0,0,0,0,1,0,0,0,0,0,0,0,0,0,0,0,0,0,0,0,0,0,0,0,1,0,0,0,0,0,0,0
CUST004734,Nirja,Ravel,44.0,Kolkata,2019-11-03,18200.0,2019,11,3,0,0,0,0,0,0,0,0,0,0,0,0,0,0,0,0,0,0,0,0,0,0,0,0,0,0,0,1,0,0,0,0,0,0,0,0,0,1,0,1,0,0,0,0,0
CUST004735,Ranveer,Gala,42.0,Pune,2020-07-01,83200.0,2020,7,1,0,0,1,1,0,1,0,0,1,0,0,0,1,0,0,0,0,0,0,0,1,0,0,0,0,0,0,0,0,0,1,0,0,0,0,0,0,0,0,1,0,0,0,1,0
CUST004736,Avni,Prabhu,50.0,New Delhi,2020-06-03,186300.0,2020,6,3,1,0,0,0,0,0,0,1,1,0,1,0,0,0,0,1,0,0,0,0,0,0,0,0,0,0,0,0,0,1,0,0,0,0,0,0,0,0,0,1,0,0,0,0,1
CUST004737,Simon,Hayer,28.0,Mumbai,2021-02-23,5700.0,2021,2,23,0,0,0,1,0,0,1,0,0,0,0,0,0,0,0,0,0,0,0,0,1,0,0,0,0,0,0,0,0,0,0,1,0,0,0,0,0,0,0,0,0,0,0,0,0
CUST004738,Krishna,Chopra,38.0,Mumbai,2019-11-28,99900.0,2019,11,28,1,0,0,1,0,1,0,0,0,1,1,0,0,0,0,0,0,0,0,0,1,0,0,0,0,0,0,0,0,0,0,0,0,0,0,1,0,0,0,1,0,0,0,1,0
CUST004739,Charles,Brahmbhatt,20.0,Delhi,2024-08-16,50000.0,2024,8,16,0,0,0,1,0,1,0,0,1,0,0,0,0,0,0,1,0,0,0,0,0,0,0,0,0,0,0,0,0,0,0,0,0,0,0,1,0,0,0,0,0,0,1,0,0
CUST004740,Radhika,Nayak,47.0,Mumbai,2021-01-21,31500.0,2021,1,21,0,0,0,1,0,1,0,0,1,0,0,0,0,0,0,0,0,0,0,0,1,0,0,0,0,0,0,0,0,0,0,0,0,1,0,0,0,0,0,1,0,0,1,0,0
CUST004741,Akshay,Khatri,45.0,Delhi,2020-01-01,72200.0,2020,1,1,0,0,1,1,0,1,0,0,0,1,0,0,1,0,0,1,0,0,0,0,0,0,0,0,0,0,0,0,0,0,1,0,0,0,0,0,0,0,0,1,0,0,0,1,0
CUST004742,Lohit,Gaba,44.0,Ahmedabad,2018-09-15,11100.0,2018,9,15,0,0,1,1,0,0,1,0,0,1,0,0,1,0,0,0,1,0,0,0,0,0,0,0,0,0,0,0,0,0,0,0,0,0,0,0,0,1,0,1,0,0,0,0,0
CUST004743,Chatresh,Bhattacharyya,38.0,Mumbai,2019-06-25,208700.0,2019,6,25,1,0,0,1,0,1,0,0,0,1,1,0,0,0,0,0,0,0,0,0,1,0,0,0,0,0,0,0,0,0,0,0,0,0,0,0,1,0,0,1,0,0,0,0,1
CUST004744,Jagvi,Apte,43.0,Warangal,2020-03-07,18500.0,2020,3,7,0,0,1,0,0,0,0,0,0,0,0,0,1,0,0,0,0,0,0,0,0,0,0,0,0,1,0,0,0,0,0,0,0,0,0,0,0,1,0,1,0,0,0,0,0
CUST004745,Dayamai,Guha,59.0,Kochi,2018-11-16,162500.0,2018,11,16,1,0,0,0,1,1,0,0,1,0,1,0,0,0,0,0,0,0,1,0,0,0,0,0,0,0,0,0,0,1,0,0,0,0,0,0,0,0,0,0,1,0,0,0,1
CUST004746,Harrison,Bali,34.0,Jodhpur,2019-11-25,53800.0,2019,11,25,1,0,0,1,0,0,1,0,0,1,1,0,0,0,0,0,0,0,0,0,0,0,0,1,0,0,0,0,0,0,1,0,0,0,0,0,0,0,0,0,0,0,1,0,0
CUST004747,Jai,Luthra,40.0,Bengaluru,2021-03-21,86300.0,2021,3,21,0,0,1,1,0,0,1,0,1,0,0,0,1,0,0,0,0,1,0,0,0,0,0,0,0,0,0,0,0,0,1,0,0,0,0,0,0,0,0,1,0,0,0,1,0
CUST004748,Chaman,Basu,24.0,Thiruvananthapuram,2020-08-16,18300.0,2020,8,16,0,0,1,0,0,1,0,0,0,1,0,0,1,0,0,0,0,0,1,0,0,0,0,0,0,0,0,0,0,0,0,0,0,0,1,0,0,0,0,0,0,0,0,0,0
CUST004749,Warhi,Bath,27.0,Bengaluru,2021-01-30,91500.0,2021,1,30,0,0,1,0,0,1,0,0,0,0,0,0,1,0,0,0,0,1,0,0,0,0,0,0,0,0,0,0,0,0,0,0,0,0,0,0,1,0,0,0,0,0,0,1,0
CUST004750,Arjun,Murty,38.0,Mumbai,2019-04-28,221600.0,2019,4,28,0,1,0,1,0,1,0,0,1,0,0,1,0,0,0,0,0,0,0,0,1,0,0,0,0,0,0,0,0,0,0,0,0,0,0,0,1,0,0,1,0,0,0,0,1
CUST004751,Charita,More,38.0,Ludhiana,2018-09-21,148800.0,2018,9,21,1,0,0,0,0,0,1,0,0,1,1,0,0,0,0,0,0,0,0,0,0,0,1,0,0,0,0,0,0,1,0,0,0,0,0,0,0,0,0,1,0,0,0,0,1
CUST004752,Aarna,Parikh,35.0,Bhopal,2020-07-17,98000.0,2020,7,17,1,0,0,0,0,1,0,0,1,0,1,0,0,0,0,0,0,0,0,1,0,0,0,0,0,0,0,0,0,0,0,0,0,0,0,1,0,0,0,0,0,0,0,1,0
CUST004753,Lohit,Rao,35.0,Chennai,2020-04-27,121500.0,2020,4,27,1,0,0,1,0,1,0,0,1,0,1,0,0,0,0,0,0,0,0,0,0,0,0,0,1,0,0,0,0,1,0,0,0,0,0,0,0,0,0,0,0,0,0,1,0
CUST004754,Yamini,Hayer,33.0,Ahmedabad,2020-05-11,20100.0,2020,5,11,0,0,1,0,0,0,1,0,1,0,0,0,1,0,0,0,1,0,0,0,0,0,0,0,0,0,0,0,0,0,0,1,0,0,0,0,0,0,0,0,0,0,0,0,0
CUST004755,Nisha,Raman,31.0,Ahmedabad,2020-10-08,75400.0,2020,10,8,0,0,1,0,0,1,0,0,0,1,0,0,1,0,0,0,1,0,0,0,0,0,0,0,0,0,0,0,0,0,1,0,0,0,0,0,0,0,0,0,0,0,0,1,0
CUST004756,Rachana,Dayal,42.0,Delhi,2019-03-30,104600.0,2019,3,30,1,0,0,0,0,1,0,0,0,0,1,0,0,0,0,1,0,0,0,0,0,0,0,0,0,0,0,0,0,1,0,0,0,0,0,0,0,0,0,1,0,0,0,1,0
CUST004757,Chanakya,Narula,19.0,Delhi,2025-08-16,22000.0,2025,8,16,0,0,0,1,0,0,1,0,0,0,0,0,0,0,0,1,0,0,0,0,0,0,0,0,0,0,0,0,0,0,0,0,0,1,0,0,0,0,0,0,0,0,0,0,0
CUST004758,Samar,Thakur,55.0,Chennai,2021-06-07,205600.0,2021,6,7,0,0,1,1,0,0,0,1,0,0,0,0,1,0,0,0,0,0,0,0,0,0,0,0,1,0,0,0,0,0,0,0,1,0,0,0,0,0,0,0,1,0,0,0,1
CUST004759,Chandresh,Thakkar,29.0,Kochi,2019-02-09,54700.0,2019,2,9,0,0,1,1,0,1,0,0,0,0,0,0,1,0,0,0,0,0,1,0,0,0,0,0,0,0,0,0,0,0,0,0,0,0,0,1,0,0,0,0,0,0,1,0,0
CUST004760,Falan,Bajwa,47.0,Mumbai,2021-01-23,15500.0,2021,1,23,0,0,0,1,0,1,0,0,0,1,0,0,0,0,0,0,0,0,0,0,1,0,0,0,0,0,0,0,0,0,0,1,0,0,0,0,0,0,0,1,0,0,0,0,0
CUST004761,Sai,Sood,21.0,Udaipur,2023-08-17,9700.0,2023,8,17,0,0,0,0,0,0,1,0,0,0,0,0,0,0,0,0,0,0,0,0,0,0,0,1,0,0,0,0,0,0,0,0,0,0,0,0,0,1,0,0,0,0,0,0,0
CUST004762,Anjali,Mannan,47.0,Mumbai,2020-06-30,138900.0,2020,6,30,0,0,1,0,0,0,0,0,1,0,0,0,1,0,0,0,0,0,0,0,1,0,0,0,0,0,0,0,0,0,0,0,1,0,0,0,0,0,0,1,0,0,0,0,1
CUST004763,Gaurika,Doshi,47.0,Chennai,2019-10-11,196900.0,2019,10,11,0,1,0,0,0,1,0,0,0,1,0,1,0,0,0,0,0,0,0,0,0,0,0,0,1,0,0,0,0,0,0,0,1,0,0,0,0,0,0,1,0,0,0,0,1
CUST004764,Ubika,Brar,43.0,Howrah,2021-05-23,80500.0,2021,5,23,0,0,1,0,1,1,0,0,0,1,0,0,1,0,0,0,0,0,0,0,0,0,0,0,0,0,0,1,0,0,0,0,0,0,0,1,0,0,0,1,0,0,0,1,0
CUST004765,Chakradhar,Kata,25.0,Ahmedabad,2020-08-04,101200.0,2020,8,4,1,0,0,1,0,1,0,0,1,0,1,0,0,0,0,0,1,0,0,0,0,0,0,0,0,0,0,0,0,1,0,0,0,0,0,0,0,0,0,0,0,0,0,1,0
CUST004766,Janaki,Dhaliwal,41.0,Mumbai,2019-03-21,13900.0,2019,3,21,0,0,1,0,0,0,0,0,1,0,0,0,1,0,0,0,0,0,0,0,1,0,0,0,0,0,0,0,0,0,0,0,0,0,0,0,0,1,0,1,0,0,0,0,0
CUST004767,Gaurika,Thaker,23.0,Hyderabad,2021-08-16,122200.0,2021,8,16,0,0,1,0,0,0,1,0,0,0,0,0,1,0,0,0,0,0,0,0,0,0,0,0,0,1,0,0,0,1,0,0,0,0,0,0,0,0,0,0,0,0,0,1,0
CUST004768,Onkar,Sem,35.0,Kolkata,2018-11-29,12800.0,2018,11,29,0,0,0,1,0,1,0,0,0,1,0,0,0,0,0,0,0,0,0,0,0,0,0,0,0,0,0,1,0,0,0,0,0,0,0,0,0,1,0,0,0,0,0,0,0
CUST004769,Ekaja,Nori,51.0,Mumbai,2019-11-25,230800.0,2019,11,25,1,0,0,0,0,1,0,0,0,1,1,0,0,0,0,0,0,0,0,0,1,0,0,0,0,0,0,0,0,0,0,0,0,0,0,0,1,0,0,0,1,0,0,0,1
CUST004770,Maanav,Parsa,48.0,Pune,2018-11-03,56100.0,2018,11,3,0,0,1,1,0,1,0,0,0,1,0,0,1,0,0,0,0,0,0,0,1,0,0,0,0,0,0,0,0,0,0,0,0,0,0,0,0,0,1,1,0,0,1,0,0
CUST004771,Upasna,Baral,38.0,Ahmedabad,2018-09-05,97400.0,2018,9,5,1,0,0,0,0,0,1,0,1,0,1,0,0,0,0,0,1,0,0,0,0,0,0,0,0,0,0,0,0,0,0,0,1,0,0,0,0,0,0,1,0,0,0,1,0
CUST004772,Sara,Khare,25.0,Chennai,2020-04-06,178000.0,2020,4,6,1,0,0,0,0,0,1,0,0,0,1,0,0,0,0,0,0,0,0,0,0,0,0,0,1,0,0,0,0,0,0,0,0,0,0,0,1,0,0,0,0,0,0,0,1
CUST004773,Hemang,Borde,46.0,Nagpur,2019-12-06,11600.0,2019,12,6,0,0,0,1,0,1,0,0,0,0,0,0,0,0,0,0,0,0,0,0,1,0,0,0,0,0,0,0,0,0,0,0,0,0,0,0,0,1,0,1,0,0,0,0,0
CUST004774,Ganga,Tank,38.0,Coimbatore,2019-02-13,33300.0,2019,2,13,0,0,1,0,0,1,0,0,0,1,0,0,1,0,0,0,0,0,0,0,0,0,0,0,1,0,0,0,0,0,0,0,0,1,0,0,0,0,0,1,0,0,1,0,0
CUST004775,Chasmum,Aurora,18.0,Kochi,2026-07-11,7100.0,2026,7,11,0,0,0,0,0,0,1,0,1,0,0,0,0,0,0,0,0,0,1,0,0,0,0,0,0,0,0,0,0,0,0,0,0,0,0,0,0,1,0,0,0,0,0,0,0
CUST004776,Ekbal,More,48.0,Mumbai,2019-01-15,66300.0,2019,1,15,1,0,0,1,0,0,0,0,1,0,1,0,0,0,0,0,0,0,0,0,1,0,0,0,0,0,0,0,0,0,1,0,0,0,0,0,0,0,0,1,0,0,0,1,0
CUST004777,Caleb,Tara,38.0,Howrah,2019-11-07,61500.0,2019,11,7,0,0,1,1,0,1,0,0,1,0,0,0,1,0,0,0,0,0,0,0,0,0,0,0,0,0,0,1,0,0,0,0,0,0,0,0,0,0,1,1,0,0,1,0,0
CUST004778,Champak,Sha,54.0,Mumbai,2019-06-13,16900.0,2019,6,13,0,0,1,1,0,1,0,0,0,1,0,0,1,0,0,0,0,0,0,0,1,0,0,0,0,0,0,0,0,0,0,0,0,0,1,0,0,0,0,0,1,0,0,0,0
CUST004779,Nirja,Gara,24.0,Mumbai,2021-05-21,95700.0,2021,5,21,0,0,1,0,0,0,1,0,1,0,0,0,1,0,0,0,0,0,0,0,1,0,0,0,0,0,0,0,0,0,0,0,0,0,0,0,1,0,0,0,0,0,0,1,0
CUST004780,Neelima,Edwin,18.0,Pune,2026-07-11,42500.0,2026,7,11,0,0,0,0,0,0,1,0,0,0,0,0,0,0,0,0,0,0,0,0,1,0,0,0,0,0,0,0,0,0,0,0,0,0,0,1,0,0,0,0,0,0,1,0,0
CUST004781,Bhavna,Mammen,42.0,Hyderabad,2020-09-10,102300.0,2020,9,10,0,0,1,0,0,1,0,0,1,0,0,0,1,0,0,0,0,0,0,0,0,0,0,0,0,1,0,0,0,0,0,0,0,0,0,1,0,0,0,1,0,0,0,1,0
CUST004782,Rajata,Pandit,42.0,Lucknow,2019-03-18,39400.0,2019,3,18,0,0,1,0,0,1,0,0,0,1,0,0,1,0,0,0,0,0,0,0,0,0,0,0,0,0,1,0,0,0,0,0,0,0,0,0,0,0,1,1,0,0,1,0,0
CUST004783,Chanchal,Bobal,18.0,Bengaluru,2026-07-11,8800.0,2026,7,11,0,0,0,0,0,0,1,0,1,0,0,0,0,0,0,0,0,1,0,0,0,0,0,0,0,0,0,0,0,0,0,0,0,0,0,0,0,1,0,0,0,0,0,0,0
CUST004784,Gaurav,Sharma,25.0,Kolkata,2020-10-19,74300.0,2020,10,19,0,0,1,1,0,0,1,0,0,0,0,0,1,0,0,0,0,0,0,0,0,0,0,0,0,0,0,1,0,0,1,0,0,0,0,0,0,0,0,0,0,0,0,1,0
CUST004785,Leela,Solanki,74.0,Hyderabad,2018-10-07,200100.0,2018,10,7,0,1,0,0,0,1,0,0,0,0,0,1,0,0,0,0,0,0,0,0,0,0,0,0,0,1,0,0,0,0,0,0,0,0,0,0,1,0,0,0,0,1,0,0,1
CUST004786,Kabir,Sathe,34.0,Delhi,2019-05-01,158800.0,2019,5,1,1,0,0,1,0,1,0,0,0,1,1,0,0,0,0,1,0,0,0,0,0,0,0,0,0,0,0,0,1,0,0,0,0,0,0,0,0,0,0,0,0,0,0,0,1
CUST004787,Ekaraj,Dasgupta,48.0,Chennai,2018-09-01,72900.0,2018,9,1,1,0,0,1,0,1,0,0,1,0,1,0,0,0,0,0,0,0,0,0,0,0,0,0,1,0,0,0,0,0,1,0,0,0,0,0,0,0,0,1,0,0,0,1,0
CUST004788,Widisha,Baral,30.0,Jodhpur,2020-07-13,57900.0,2020,7,13,0,0,1,0,0,1,0,0,1,0,0,0,1,0,0,0,0,0,0,0,0,0,0,1,0,0,0,0,0,0,0,0,0,0,0,0,0,0,0,0,0,0,1,0,0
CUST004789,Qabil,Mangat,18.0,Varanasi,2026-07-11,12200.0,2026,7,11,0,0,0,1,0,0,1,0,1,0,0,0,0,0,0,0,0,0,0,0,0,0,0,0,0,0,1,0,0,0,0,0,0,0,0,0,0,1,0,0,0,0,0,0,0
CUST004790,Suhani,Rege,36.0,Chandigarh,2019-10-16,149900.0,2019,10,16,1,0,0,0,0,0,1,0,0,1,1,0,0,0,1,0,0,0,0,0,0,0,0,0,0,0,0,0,0,0,0,0,1,0,0,0,0,0,0,1,0,0,0,0,1
CUST004791,Eiravati,Sastry,38.0,Mysuru,2019-07-25,69500.0,2019,7,25,1,0,0,0,0,0,1,0,0,1,1,0,0,0,0,0,0,1,0,0,0,0,0,0,0,0,0,0,0,0,0,0,0,0,0,1,0,0,0,1,0,0,0,1,0
CUST004792,Qadim,Vala,33.0,Jodhpur,2021-07-05,41200.0,2021,7,5,0,0,1,1,0,0,1,0,0,0,0,0,1,0,0,0,0,0,0,0,0,0,0,1,0,0,0,0,0,0,0,0,0,0,0,0,0,0,1,0,0,0,1,0,0
CUST004793,Naksh,Prakash,37.0,Delhi,2020-10-01,47000.0,2020,10,1,0,0,1,1,0,1,0,0,0,1,0,0,1,0,0,1,0,0,0,0,0,0,0,0,0,0,0,0,0,0,0,0,0,0,0,1,0,0,0,1,0,0,1,0,0
CUST004794,Chakrika,Sachdev,41.0,Surat,2018-11-24,132600.0,2018,11,24,1,0,0,0,0,1,0,0,0,0,1,0,0,0,0,0,1,0,0,0,0,0,0,0,0,0,0,0,0,0,0,0,1,0,0,0,0,0,0,1,0,0,0,1,0
CUST004795,Yashica,Sengupta,36.0,Guwahati,2020-05-09,397800.0,2020,5,9,1,0,0,0,0,1,0,0,0,0,1,0,0,0,0,0,0,0,0,0,0,0,0,0,0,0,0,0,0,0,0,0,0,0,0,0,0,0,0,1,0,0,0,0,1
CUST004796,Karan,Basak,22.0,Mumbai,2022-08-17,57600.0,2022,8,17,0,0,1,1,0,0,1,0,1,0,0,0,1,0,0,0,0,0,0,0,1,0,0,0,0,0,0,0,0,0,0,0,0,0,0,1,0,0,0,0,0,0,1,0,0
CUST004797,Ayush,Konda,44.0,Warangal,2020-12-25,71200.0,2020,12,25,0,0,1,1,0,1,0,0,1,0,0,0,1,0,0,0,0,0,0,0,0,0,0,0,0,1,0,0,0,0,0,0,0,0,0,1,0,0,0,1,0,0,0,1,0
CUST004798,Aarna,Dubey,18.0,Ahmedabad,2026-07-11,65800.0,2026,7,11,0,0,0,0,0,0,1,0,0,0,0,0,0,0,0,0,1,0,0,0,0,0,0,0,0,0,0,0,0,0,0,0,0,0,0,0,0,1,0,0,0,0,1,0,0
CUST004799,Damini,Mannan,18.0,Ahmedabad,2026-07-11,11700.0,2026,7,11,0,0,0,0,0,0,1,0,0,0,0,0,0,0,0,0,1,0,0,0,0,0,0,0,0,0,0,0,0,0,0,0,0,0,0,0,0,1,0,0,0,0,0,0,0
CUST004800,Raghav,Dutt,48.0,Delhi,2019-04-19,127000.0,2019,4,19,1,0,0,1,0,1,0,0,0,0,1,0,0,0,0,1,0,0,0,0,0,0,0,0,0,0,0,0,0,0,0,0,1,0,0,0,0,0,0,1,0,0,0,1,0
CUST004801,Ryan,Bora,45.0,Amritsar,2020-06-07,218800.0,2020,6,7,1,0,0,1,0,1,0,0,1,0,1,0,0,0,0,0,0,0,0,0,0,0,1,0,0,0,0,0,0,0,0,0,1,0,0,0,0,0,0,1,0,0,0,0,1
CUST004802,Jasmit,Rama,37.0,Kolkata,2018-11-26,114600.0,2018,11,26,1,0,0,0,0,1,0,0,0,1,1,0,0,0,0,0,0,0,0,0,0,0,0,0,0,0,0,1,0,1,0,0,0,0,0,0,0,0,0,1,0,0,0,1,0
CUST004803,Vedhika,Chander,20.0,Nagpur,2024-08-16,38600.0,2024,8,16,0,0,0,0,0,0,1,0,0,0,0,0,0,0,0,0,0,0,0,0,1,0,0,0,0,0,0,0,0,0,0,0,0,0,0,1,0,0,0,0,0,0,1,0,0
CUST004804,Ikshita,Shukla,29.0,Mumbai,2019-08-01,22800.0,2019,8,1,0,0,1,0,1,0,1,0,0,0,0,0,1,0,0,0,0,0,0,0,1,0,0,0,0,0,0,0,0,0,0,0,0,1,0,0,0,0,0,0,0,0,0,0,0
CUST004805,Vinaya,Warrior,35.0,Udaipur,2021-05-04,145100.0,2021,5,4,0,0,1,0,0,1,0,0,0,1,0,0,1,0,0,0,0,0,0,0,0,0,0,1,0,0,0,0,0,0,0,0,1,0,0,0,0,0,0,0,0,0,0,0,1
CUST004806,Vidhi,Chopra,18.0,Pune,2026-07-11,11700.0,2026,7,11,0,0,0,0,0,0,1,0,0,1,0,0,0,0,0,0,0,0,0,0,1,0,0,0,0,0,0,0,0,0,0,0,0,0,0,0,0,1,0,0,0,0,0,0,0
CUST004807,Brijesh,Gole,28.0,Pune,2018-12-27,78900.0,2018,12,27,1,0,0,1,0,1,0,0,1,0,1,0,0,0,0,0,0,0,0,0,1,0,0,0,0,0,0,0,0,0,0,0,0,0,0,1,0,0,0,0,0,0,0,1,0
CUST004808,Darika,Ranganathan,46.0,Kolkata,2021-02-02,3300.0,2021,2,2,0,0,0,0,0,1,0,0,1,0,0,0,0,0,0,0,0,0,0,0,0,0,0,0,0,0,0,1,0,0,0,1,0,0,0,0,0,0,0,1,0,0,0,0,0
CUST004809,Tarak,Iyengar,38.0,Kolkata,2019-05-31,168900.0,2019,5,31,0,1,0,1,0,1,0,0,0,1,0,1,0,0,0,0,0,0,0,0,0,0,0,0,0,0,0,1,0,0,0,0,1,0,0,0,0,0,0,1,0,0,0,0,1
CUST004810,Suhani,Narasimhan,33.0,Ahmedabad,2021-07-19,28000.0,2021,7,19,0,0,0,0,0,0,1,0,0,0,0,0,0,0,0,0,1,0,0,0,0,0,0,0,0,0,0,0,0,0,0,0,0,1,0,0,0,0,0,0,0,0,1,0,0
CUST004811,Bachittar,Nadig,48.0,Hyderabad,2018-11-05,275000.0,2018,11,5,0,1,0,1,0,1,0,0,0,0,0,1,0,0,0,0,0,0,0,0,0,0,0,0,0,1,0,0,0,0,0,0,0,0,0,0,1,0,0,1,0,0,0,0,1
CUST004812,Onveer,Sunder,18.0,Udaipur,2026-07-11,23200.0,2026,7,11,0,0,0,1,0,0,1,0,0,0,0,0,0,0,0,0,0,0,0,0,0,0,0,1,0,0,0,0,0,0,0,0,0,1,0,0,0,0,0,0,0,0,0,0,0
CUST004813,Jagvi,Soni,47.0,Amritsar,2020-07-24,52700.0,2020,7,24,0,0,1,0,0,1,0,0,1,0,0,0,1,0,0,0,0,0,0,0,0,0,1,0,0,0,0,0,0,0,0,0,0,0,0,0,0,0,1,1,0,0,1,0,0
CUST004814,Deepa,Mallick,28.0,Bengaluru,2021-04-21,56600.0,2021,4,21,0,0,0,0,0,1,0,0,0,0,0,0,0,0,0,0,0,1,0,0,0,0,0,0,0,0,0,0,0,0,0,0,0,0,0,1,0,0,0,0,0,0,1,0,0
CUST004815,Utkarsh,Barad,42.0,Ahmedabad,2019-08-26,17100.0,2019,8,26,0,0,1,1,0,0,0,1,0,0,0,0,1,0,0,0,1,0,0,0,0,0,0,0,0,0,0,0,0,0,0,1,0,0,0,0,0,0,0,1,0,0,0,0,0
CUST004816,Garima,Singhal,35.0,Thiruvananthapuram,2021-07-15,84800.0,2021,7,15,0,0,1,0,0,1,0,0,1,0,0,0,1,0,0,0,0,0,1,0,0,0,0,0,0,0,0,0,0,1,0,0,0,0,0,0,0,0,0,0,0,0,0,1,0
CUST004817,Elijah,Kala,55.0,Ahmedabad,2020-03-06,166200.0,2020,3,6,1,0,0,1,0,1,0,0,0,1,1,0,0,0,0,0,1,0,0,0,0,0,0,0,0,0,0,0,0,1,0,0,0,0,0,0,0,0,0,0,1,0,0,0,1
CUST004818,Nathaniel,Balay,27.0,Ahmedabad,2020-10-22,74800.0,2020,10,22,0,0,1,1,0,0,1,0,0,1,0,0,1,0,0,0,1,0,0,0,0,0,0,0,0,0,0,0,0,0,1,0,0,0,0,0,0,0,0,0,0,0,0,1,0
CUST004819,Sachi,Bhatia,46.0,Delhi,2020-03-16,121300.0,2020,3,16,1,0,0,0,0,1,0,0,1,0,1,0,0,0,0,1,0,0,0,0,0,0,0,0,0,0,0,0,0,1,0,0,0,0,0,0,0,0,0,1,0,0,0,1,0
CUST004820,Pratyush,Sani,34.0,Coimbatore,2021-07-27,68900.0,2021,7,27,0,0,1,1,0,0,1,0,1,0,0,0,1,0,0,0,0,0,0,0,0,0,0,0,1,0,0,0,0,0,0,0,1,0,0,0,0,0,0,0,0,0,0,1,0
CUST004821,Vritti,Kala,36.0,Kolkata,2021-06-21,67300.0,2021,6,21,0,0,1,0,0,1,0,0,1,0,0,0,1,0,0,0,0,0,0,0,0,0,0,0,0,0,0,1,0,0,1,0,0,0,0,0,0,0,0,1,0,0,0,1,0
CUST004822,Avi,Kakar,36.0,Ahmedabad,2021-07-30,12200.0,2021,7,30,0,0,0,1,0,0,1,0,0,0,0,0,0,0,0,0,1,0,0,0,0,0,0,0,0,0,0,0,0,0,0,0,0,0,0,0,0,1,0,1,0,0,0,0,0
CUST004823,Alka,Sampath,27.0,Ludhiana,2019-10-08,69700.0,2019,10,8,0,0,1,0,0,0,0,1,0,1,0,0,1,0,0,0,0,0,0,0,0,0,1,0,0,0,0,0,0,0,1,0,0,0,0,0,0,0,0,0,0,0,0,1,0
CUST004824,Lopa,Krishnan,38.0,Mumbai,2019-12-12,27700.0,2019,12,12,0,0,1,0,0,1,0,0,0,0,0,0,1,0,0,0,0,0,0,0,1,0,0,0,0,0,0,0,0,0,0,0,0,1,0,0,0,0,0,1,0,0,1,0,0
CUST004825,Gaurang,Chacko,37.0,Mumbai,2020-12-04,124900.0,2020,12,4,0,0,1,1,0,1,0,0,0,0,0,0,1,0,0,0,0,0,0,0,1,0,0,0,0,0,0,0,0,1,0,0,0,0,0,0,0,0,0,1,0,0,0,1,0
CUST004826,Ekavir,Biswas,41.0,Pune,2019-09-08,97300.0,2019,9,8,1,0,0,1,0,1,0,0,0,0,1,0,0,0,0,0,0,0,0,0,1,0,0,0,0,0,0,0,0,1,0,0,0,0,0,0,0,0,0,1,0,0,0,1,0
CUST004827,Mahika,Ravel,39.0,Vadodara,2018-12-21,105400.0,2018,12,21,1,0,0,0,0,1,0,0,1,0,1,0,0,0,0,0,1,0,0,0,0,0,0,0,0,0,0,0,0,1,0,0,0,0,0,0,0,0,0,1,0,0,0,1,0
CUST004828,Chaitaly,Misra,48.0,Pune,2020-10-16,59300.0,2020,10,16,0,0,1,0,0,1,0,0,1,0,0,0,1,0,0,0,0,0,0,0,1,0,0,0,0,0,0,0,0,0,0,0,0,0,0,0,0,0,1,1,0,0,1,0,0
CUST004829,Upkaar,Saini,50.0,Kolkata,2019-02-17,169500.0,2019,2,17,1,0,0,1,0,1,0,0,0,1,1,0,0,0,0,0,0,0,0,0,0,0,0,0,0,0,0,1,0,0,0,0,1,0,0,0,0,0,0,1,0,0,0,0,1
CUST004830,Zaitra,Kala,24.0,Bengaluru,2020-08-16,58800.0,2020,8,16,0,0,1,0,0,0,1,0,0,0,0,0,1,0,0,0,0,1,0,0,0,0,0,0,0,0,0,0,0,0,0,0,0,0,0,0,0,0,0,0,0,0,1,0,0
CUST004831,Kai,Gour,49.0,Chennai,2021-07-10,128200.0,2021,7,10,0,0,1,1,0,0,0,0,1,0,0,0,1,0,0,0,0,0,0,0,0,0,0,0,1,0,0,0,0,0,0,0,1,0,0,0,0,0,0,1,0,0,0,1,0
CUST004832,Avi,Chanda,23.0,Delhi,2021-08-16,15400.0,2021,8,16,0,0,0,1,0,0,1,0,0,0,0,0,0,0,0,1,0,0,0,0,0,0,0,0,0,0,0,0,0,0,0,0,0,0,1,0,0,0,0,0,0,0,0,0,0
CUST004833,Tanish,Oommen,46.0,Bhopal,2020-02-07,130900.0,2020,2,7,1,0,0,1,0,1,0,0,0,1,1,0,0,0,0,0,0,0,0,1,0,0,0,0,0,0,0,0,0,0,0,0,0,0,0,0,0,0,0,1,0,0,0,1,0
CUST004834,Manthan,Gala,46.0,Kolkata,2019-06-06,185400.0,2019,6,6,0,1,0,1,0,1,0,0,0,0,0,1,0,0,0,0,0,0,0,0,0,0,0,0,0,0,0,1,0,1,0,0,0,0,0,0,0,0,0,1,0,0,0,0,1
CUST004835,Ira,Palla,18.0,Guwahati,2026-07-11,10200.0,2026,7,11,0,0,0,0,0,0,1,0,0,0,0,0,0,0,0,0,0,0,0,0,0,0,0,0,0,0,0,0,0,0,0,0,0,0,0,0,0,1,0,0,0,0,0,0,0
CUST004836,Ubika,Subramaniam,38.0,Kolkata,2018-09-04,147300.0,2018,9,4,1,0,0,0,0,0,1,0,1,0,1,0,0,0,0,0,0,0,0,0,0,0,0,0,0,0,0,1,1,0,0,0,0,0,0,0,0,0,0,1,0,0,0,0,1
CUST004837,Vyanjana,Wason,32.0,Pune,2019-07-28,110100.0,2019,7,28,1,0,0,0,0,0,1,0,0,1,1,0,0,0,0,0,0,0,0,0,1,0,0,0,0,0,0,0,0,0,0,0,0,0,0,0,0,0,0,0,0,0,0,1,0
CUST004838,Gaurika,Sarkar,28.0,Delhi,2020-07-04,13600.0,2020,7,4,0,0,0,0,0,1,0,0,0,1,0,0,0,0,0,1,0,0,0,0,0,0,0,0,0,0,0,0,0,0,0,1,0,0,0,0,0,0,0,0,0,0,0,0,0
CUST004839,Raagini,Ramachandran,56.0,Ludhiana,2021-05-02,25900.0,2021,5,2,0,0,0,0,0,1,0,0,0,1,0,0,0,0,0,0,0,0,0,0,0,0,1,0,0,0,0,0,0,0,0,0,0,0,1,0,0,0,0,0,1,0,0,0,0
CUST004840,Aashi,Issac,30.0,Surat,2021-01-30,48100.0,2021,1,30,0,0,1,0,0,1,0,0,1,0,0,0,1,0,0,0,1,0,0,0,0,0,0,0,0,0,0,0,0,0,1,0,0,0,0,0,0,0,0,0,0,0,1,0,0
CUST004841,Brinda,Dhillon,28.0,Mumbai,2020-02-29,108400.0,2020,2,29,1,0,0,0,0,1,0,0,1,0,1,0,0,0,0,0,0,0,0,0,1,0,0,0,0,0,0,0,0,1,0,0,0,0,0,0,0,0,0,0,0,0,0,1,0
CUST004842,Ojasvi,Nadig,39.0,Ahmedabad,2020-02-21,163800.0,2020,2,21,1,0,0,0,0,0,1,0,0,0,1,0,0,0,0,0,1,0,0,0,0,0,0,0,0,0,0,0,0,0,0,0,1,0,0,0,0,0,0,1,0,0,0,0,1
CUST004843,Advika,Dora,47.0,Hyderabad,2019-04-28,173500.0,2019,4,28,0,1,0,0,0,1,0,0,1,0,0,1,0,0,0,0,0,0,0,0,0,0,0,0,0,1,0,0,0,1,0,0,0,0,0,0,0,0,0,1,0,0,0,0,1
CUST004844,Veer,Divan,36.0,Bengaluru,2019-06-13,26000.0,2019,6,13,0,0,1,1,0,1,0,0,0,1,0,0,1,0,0,0,0,1,0,0,0,0,0,0,0,0,0,0,0,0,0,0,0,1,0,0,0,0,0,1,0,0,0,0,0
CUST004845,Yahvi,Nadig,53.0,Nagpur,2021-01-08,85800.0,2021,1,8,0,0,1,0,0,1,0,0,1,0,0,0,1,0,0,0,0,0,0,0,1,0,0,0,0,0,0,0,0,0,0,0,0,0,0,1,0,0,0,0,1,0,0,1,0
CUST004846,Deepa,Ray,45.0,Varanasi,2019-11-03,84900.0,2019,11,3,1,0,0,0,0,1,0,0,0,0,1,0,0,0,0,0,0,0,0,0,0,0,0,0,0,0,1,0,0,0,0,0,0,0,0,1,0,0,0,1,0,0,0,1,0
CUST004847,Lekha,Verma,18.0,Mumbai,2026-07-11,12000.0,2026,7,11,0,0,0,0,0,0,1,0,0,0,0,0,0,0,0,0,0,0,0,0,1,0,0,0,0,0,0,0,0,0,0,0,0,0,0,0,0,1,0,0,0,0,0,0,0
CUST004848,Aadhya,Seshadri,31.0,Bengaluru,2020-06-06,54700.0,2020,6,6,0,0,1,0,0,0,1,0,1,0,0,0,1,0,0,0,0,1,0,0,0,0,0,0,0,0,0,0,0,0,1,0,0,0,0,0,0,0,0,0,0,0,1,0,0
CUST004849,Edhitha,Sengupta,31.0,Bengaluru,2019-05-02,21700.0,2019,5,2,0,0,1,0,0,1,0,0,0,0,0,0,1,0,0,0,0,1,0,0,0,0,0,0,0,0,0,0,0,0,0,0,0,1,0,0,0,0,0,0,0,0,0,0,0
CUST004850,Gunbir,Bansal,44.0,Nagpur,2020-06-04,199100.0,2020,6,4,1,0,0,0,1,1,0,0,0,0,1,0,0,0,0,0,0,0,0,0,1,0,0,0,0,0,0,0,1,0,0,0,0,0,0,0,0,0,0,1,0,0,0,0,1
CUST004851,Ikbal,Guha,18.0,Chennai,2026-07-11,13400.0,2026,7,11,0,0,0,1,0,0,1,0,0,0,0,0,0,0,0,0,0,0,0,0,0,0,0,0,1,0,0,0,0,0,0,0,0,0,0,0,0,1,0,0,0,0,0,0,0
CUST004852,Ucchal,Ganesan,71.0,Mumbai,2018-09-12,13300.0,2018,9,12,0,0,1,0,0,1,0,0,0,1,0,0,1,0,0,0,0,0,0,0,1,0,0,0,0,0,0,0,0,0,0,1,0,0,0,0,0,0,0,0,0,1,0,0,0
CUST004853,Ranbir,Kalita,45.0,Bengaluru,2019-10-21,208300.0,2019,10,21,0,1,0,1,0,1,0,0,0,0,0,1,0,0,0,0,0,1,0,0,0,0,0,0,0,0,0,0,1,0,0,0,0,0,0,0,0,0,0,1,0,0,0,0,1
CUST004854,Priya,Kadakia,40.0,Thiruvananthapuram,2021-03-10,148500.0,2021,3,10,0,0,1,0,0,1,0,0,0,1,0,0,1,0,0,0,0,0,1,0,0,0,0,0,0,0,0,0,0,1,0,0,0,0,0,0,0,0,0,1,0,0,0,0,1
CUST004855,Ikshita,Atwal,53.0,Bengaluru,2020-06-26,145500.0,2020,6,26,1,0,0,0,0,1,0,0,0,1,1,0,0,0,0,0,0,1,0,0,0,0,0,0,0,0,0,0,0,1,0,0,0,0,0,0,0,0,0,0,1,0,0,0,1
CUST004856,Qasim,Patla,68.0,Hyderabad,2021-08-06,18900.0,2021,8,6,0,0,0,1,0,0,0,0,0,1,0,0,0,0,0,0,0,0,0,0,0,0,0,0,0,1,0,0,0,0,0,0,0,0,1,0,0,0,0,0,0,1,0,0,0
CUST004857,Abhiram,Mittal,49.0,Chennai,2019-10-26,107500.0,2019,10,26,1,0,0,1,0,0,0,0,0,1,1,0,0,0,0,0,0,0,0,0,0,0,0,0,1,0,0,0,0,0,0,0,0,0,0,1,0,0,0,1,0,0,0,1,0
CUST004858,Nikita,Thakkar,50.0,Kolkata,2019-02-28,65800.0,2019,2,28,1,0,0,0,0,1,0,0,1,0,1,0,0,0,0,0,0,0,0,0,0,0,0,0,0,0,0,1,0,1,0,0,0,0,0,0,0,0,0,1,0,0,1,0,0
CUST004859,David,Tata,40.0,Lucknow,2019-09-26,55700.0,2019,9,26,0,0,1,1,0,1,0,0,0,1,0,0,1,0,0,0,0,0,0,0,0,0,0,0,0,0,1,0,0,0,0,0,0,0,1,0,0,0,0,1,0,0,1,0,0
CUST004860,Vedant,Sachdev,36.0,Delhi,2019-04-08,74100.0,2019,4,8,1,0,0,1,0,1,0,0,0,1,1,0,0,0,0,1,0,0,0,0,0,0,0,0,0,0,0,0,0,1,0,0,0,0,0,0,0,0,0,1,0,0,0,1,0
CUST004861,Tripti,Pandey,32.0,Bhopal,2019-03-24,189800.0,2019,3,24,0,1,0,0,0,1,0,0,0,1,0,1,0,0,0,0,0,0,0,1,0,0,0,0,0,0,0,0,0,0,0,0,0,0,0,0,0,0,0,0,0,0,0,0,1
CUST004862,Patrick,Sandhu,27.0,Jaipur,2019-01-27,16100.0,2019,1,27,0,0,1,1,0,1,0,0,0,0,0,0,1,0,0,0,0,0,0,0,0,0,0,1,0,0,0,0,0,0,0,0,0,0,0,0,0,1,0,0,0,0,0,0,0
CUST004863,Oliver,Comar,29.0,Ahmedabad,2020-10-28,65800.0,2020,10,28,0,0,1,1,0,0,0,0,0,1,0,0,1,0,0,0,1,0,0,0,0,0,0,0,0,0,0,0,0,0,0,0,0,0,0,0,0,0,0,0,0,0,1,0,0
CUST004864,Hema,Shanker,20.0,Pune,2024-08-16,19000.0,2024,8,16,0,0,0,0,0,0,1,0,1,0,0,0,0,0,0,0,0,0,0,0,1,0,0,0,0,0,0,0,0,0,0,0,0,1,0,0,0,0,0,0,0,0,0,0,0
CUST004865,Tanish,Prakash,37.0,Mumbai,2019-08-31,191400.0,2019,8,31,1,0,0,1,0,0,1,0,1,0,1,0,0,0,0,0,0,0,0,0,1,0,0,0,0,0,0,0,0,0,0,0,0,0,0,0,0,0,0,1,0,0,0,0,1
CUST004866,Gaurang,Gaba,18.0,Kolkata,2026-07-11,19900.0,2026,7,11,0,0,0,1,0,0,1,0,0,0,0,0,0,0,0,0,0,0,0,0,0,0,0,0,0,0,0,1,0,0,0,0,0,1,0,0,0,0,0,0,0,0,0,0,0
CUST004867,Urmi,Raj,40.0,Bhopal,2018-08-30,77400.0,2018,8,30,1,0,0,0,0,1,0,0,0,0,1,0,0,0,0,0,0,0,0,1,0,0,0,0,0,0,0,0,0,0,1,0,0,0,0,0,0,0,0,1,0,0,0,1,0
CUST004868,Meghana,Sarkar,38.0,Kolkata,2018-10-10,3000.0,2018,10,10,0,0,1,0,0,1,0,0,0,0,0,0,1,0,0,0,0,0,0,0,0,0,0,0,0,0,0,1,0,0,0,1,0,0,0,0,0,0,0,1,0,0,0,0,0
CUST004869,Meghana,Chaudhary,40.0,Delhi,2019-11-26,48300.0,2019,11,26,0,0,1,0,0,1,0,0,1,0,0,0,1,0,0,1,0,0,0,0,0,0,0,0,0,0,0,0,0,0,0,0,0,0,1,0,0,0,0,1,0,0,1,0,0
CUST004870,Chameli,Chawla,38.0,Pune,2019-02-04,15100.0,2019,2,4,0,0,1,0,0,1,0,0,0,1,0,0,1,0,0,0,0,0,0,0,1,0,0,0,0,0,0,0,0,0,0,0,0,0,0,0,0,0,0,1,0,0,0,0,0
CUST004871,Chanchal,Babu,75.0,Ahmedabad,2020-11-03,20100.0,2020,11,3,0,0,0,0,0,1,0,0,0,1,0,0,0,0,0,0,1,0,0,0,0,0,0,0,0,0,0,0,0,0,0,1,0,0,0,0,0,0,0,0,0,1,0,0,0
CUST004872,Samesh,Chawla,56.0,Ahmedabad,2020-05-17,91500.0,2020,5,17,0,0,1,1,0,1,0,0,0,0,0,0,1,0,0,0,1,0,0,0,0,0,0,0,0,0,0,0,0,0,1,0,0,0,0,0,0,0,0,0,1,0,0,1,0
CUST004873,Yuvraj,Chaudhry,22.0,Delhi,2022-08-17,21700.0,2022,8,17,0,0,0,1,0,1,0,0,0,0,0,0,0,0,0,1,0,0,0,0,0,0,0,0,0,0,0,0,0,0,0,0,0,1,0,0,0,0,0,0,0,0,0,0,0
CUST004874,Tristan,Thakur,41.0,Mumbai,2020-01-24,46100.0,2020,1,24,0,0,1,1,0,1,0,0,0,0,0,0,1,0,0,0,0,0,0,0,1,0,0,0,0,0,0,0,0,0,0,0,0,0,0,0,0,0,1,1,0,0,1,0,0
CUST004875,Amol,Mann,30.0,Hyderabad,2020-02-20,19900.0,2020,2,20,0,0,1,1,0,1,0,0,0,1,0,0,1,0,0,0,0,0,0,0,0,0,0,0,0,1,0,0,0,0,0,0,0,0,0,0,0,0,0,0,0,0,0,0,0
CUST004876,Ucchal,Kakar,25.0,Kolkata,2020-12-26,22900.0,2020,12,26,0,0,0,0,0,1,0,0,0,1,0,0,0,0,0,0,0,0,0,0,0,0,0,0,0,0,0,1,0,0,0,0,0,1,0,0,0,0,0,0,0,0,0,0,0
CUST004877,Jasmit,Sha,21.0,Ahmedabad,2023-08-17,8200.0,2023,8,17,0,0,0,0,0,0,1,0,0,0,0,0,0,0,0,0,1,0,0,0,0,0,0,0,0,0,0,0,0,0,0,0,0,0,0,0,0,1,0,0,0,0,0,0,0
CUST004878,Rayaan,Contractor,44.0,Lucknow,2021-04-09,197600.0,2021,4,9,1,0,0,1,0,0,1,0,1,0,1,0,0,0,0,0,0,0,0,0,0,0,0,0,0,0,1,0,0,0,0,0,1,0,0,0,0,0,0,1,0,0,0,0,1
CUST004879,Indira,Singh,29.0,Kolkata,2021-06-10,43000.0,2021,6,10,0,0,1,0,0,1,0,0,0,0,0,0,1,0,0,0,0,0,0,0,0,0,0,0,0,0,0,1,0,0,0,0,0,0,0,0,0,0,1,0,0,0,1,0,0
CUST004880,David,Panchal,51.0,Pune,2020-06-20,208200.0,2020,6,20,1,0,0,1,0,1,0,0,1,0,1,0,0,0,0,0,0,0,0,0,1,0,0,0,0,0,0,0,0,1,0,0,0,0,0,0,0,0,0,0,1,0,0,0,1
CUST004881,Vincent,Sachar,51.0,Ahmedabad,2020-05-24,27200.0,2020,5,24,0,0,1,1,0,1,0,0,0,1,0,0,1,0,0,0,1,0,0,0,0,0,0,0,0,0,0,0,0,0,0,0,0,1,0,0,0,0,0,0,1,0,1,0,0
CUST004882,Siya,Amble,38.0,Amritsar,2020-08-31,65800.0,2020,8,31,0,1,0,0,0,1,0,0,1,0,0,1,0,0,0,0,0,0,0,0,0,0,1,0,0,0,0,0,0,0,0,0,0,0,0,0,0,0,0,1,0,0,1,0,0
CUST004883,Rachit,Kapur,27.0,Patna,2020-11-07,45300.0,2020,11,7,0,0,1,1,0,1,0,0,0,0,0,0,1,1,0,0,0,0,0,0,0,0,0,0,0,0,0,0,0,0,0,0,0,0,1,0,0,0,0,0,0,0,1,0,0
CUST004884,Zehaan,Mander,38.0,Bhopal,2020-08-10,173900.0,2020,8,10,1,0,0,1,0,1,0,0,0,0,1,0,0,0,0,0,0,0,0,1,0,0,0,0,0,0,0,0,0,0,0,0,0,0,0,0,1,0,0,1,0,0,0,0,1
CUST004885,Krish,Lalla,46.0,Bengaluru,2021-02-18,117700.0,2021,2,18,0,0,1,1,0,1,0,0,1,0,0,0,1,0,0,0,0,1,0,0,0,0,0,0,0,0,0,0,0,0,0,0,0,0,0,1,0,0,0,1,0,0,0,1,0
CUST004886,Mitesh,Sachdeva,32.0,Vadodara,2020-05-31,60000.0,2020,5,31,0,0,1,1,0,1,0,0,1,0,0,0,1,0,0,0,1,0,0,0,0,0,0,0,0,0,0,0,0,0,0,0,0,0,0,0,0,0,1,0,0,0,1,0,0
CUST004887,Kavya,Agrawal,28.0,Chandigarh,2018-11-29,41500.0,2018,11,29,0,0,1,0,0,1,0,0,0,0,0,0,1,0,1,0,0,0,0,0,0,0,0,0,0,0,0,0,0,0,0,0,0,0,0,0,0,0,1,0,0,0,1,0,0
CUST004888,Triya,Bali,59.0,Ahmedabad,2020-12-13,237800.0,2020,12,13,1,0,0,0,0,1,0,0,1,0,1,0,0,0,0,0,1,0,0,0,0,0,0,0,0,0,0,0,0,0,0,0,1,0,0,0,0,0,0,0,1,0,0,0,1
CUST004889,Abhimanyu,Bal,41.0,New Delhi,2019-07-28,13200.0,2019,7,28,0,0,1,1,0,1,0,0,0,0,0,0,1,0,0,1,0,0,0,0,0,0,0,0,0,0,0,0,0,0,0,0,0,0,0,0,0,1,0,1,0,0,0,0,0
CUST004890,Faraj,Prasad,46.0,Guwahati,2021-03-14,3900.0,2021,3,14,0,0,0,1,0,0,1,0,0,0,0,0,0,0,0,0,0,0,0,0,0,0,0,0,0,0,0,0,0,0,0,1,0,0,0,0,0,0,0,1,0,0,0,0,0
CUST004891,Yochana,Nadkarni,27.0,Chennai,2020-07-24,20300.0,2020,7,24,0,0,0,0,0,1,0,0,0,0,0,0,0,0,0,0,0,0,0,0,0,0,0,0,1,0,0,0,0,0,0,0,0,1,0,0,0,0,0,0,0,0,0,0,0
CUST004892,Oviya,Garde,22.0,Pune,2022-08-17,88100.0,2022,8,17,0,0,1,0,0,0,1,0,0,0,0,0,1,0,0,0,0,0,0,0,1,0,0,0,0,0,0,0,0,0,0,0,0,0,0,1,0,0,0,0,0,0,0,1,0
CUST004893,Tanveer,Khurana,31.0,Pune,2018-10-25,8000.0,2018,10,25,0,0,0,1,0,1,0,0,0,0,0,0,0,0,0,0,0,0,0,0,1,0,0,0,0,0,0,0,0,0,0,0,0,0,0,0,0,1,0,0,0,0,0,0,0
CUST004894,Rohan,Hans,36.0,Ahmedabad,2020-05-04,90300.0,2020,5,4,1,0,0,1,0,0,1,0,0,1,1,0,0,0,0,0,1,0,0,0,0,0,0,0,0,0,0,0,0,0,0,0,0,0,0,0,1,0,0,1,0,0,0,1,0
CUST004895,Shravya,Behl,24.0,Warangal,2020-08-16,33400.0,2020,8,16,0,0,1,0,0,0,1,0,0,0,0,0,1,0,0,0,0,0,0,0,0,0,0,0,0,1,0,0,0,0,0,0,0,1,0,0,0,0,0,0,0,0,1,0,0
CUST004896,Upadhriti,Dave,38.0,Pune,2019-10-26,17000.0,2019,10,26,0,0,1,0,0,1,0,0,1,0,0,0,1,0,0,0,0,0,0,0,1,0,0,0,0,0,0,0,0,0,0,0,0,0,0,0,0,1,0,1,0,0,0,0,0
CUST004897,Robert,Ghose,18.0,Vadodara,2026-07-11,22100.0,2026,7,11,0,0,0,1,0,0,1,0,0,1,0,0,0,0,0,0,1,0,0,0,0,0,0,0,0,0,0,0,0,0,0,0,0,1,0,0,0,0,0,0,0,0,0,0,0
CUST004898,Tamanna,Nadkarni,23.0,Jodhpur,2021-08-16,45600.0,2021,8,16,0,0,1,0,0,1,0,0,0,0,0,0,1,0,0,0,0,0,0,0,0,0,0,1,0,0,0,0,0,0,1,0,0,0,0,0,0,0,0,0,0,0,1,0,0
CUST004899,Fariq,Sarkar,47.0,Surat,2020-08-02,233200.0,2020,8,2,1,0,0,1,0,0,0,1,1,0,1,0,0,0,0,0,1,0,0,0,0,0,0,0,0,0,0,0,0,0,0,0,0,0,0,0,0,0,0,1,0,0,0,0,1
CUST004900,Kala,Chaudhary,46.0,Delhi,2021-06-28,92000.0,2021,6,28,0,0,1,0,0,0,0,0,1,0,0,0,1,0,0,1,0,0,0,0,0,0,0,0,0,0,0,0,0,1,0,0,0,0,0,0,0,0,0,1,0,0,0,1,0
CUST004901,Edhitha,Thaman,33.0,Ahmedabad,2020-09-21,28100.0,2020,9,21,0,0,1,0,0,0,1,0,0,1,0,0,1,0,0,0,1,0,0,0,0,0,0,0,0,0,0,0,0,0,0,0,0,0,0,0,0,0,0,0,0,0,1,0,0
CUST004902,Dhriti,Ramanathan,25.0,Mumbai,2020-08-13,38600.0,2020,8,13,0,0,1,0,0,1,0,0,0,1,0,0,1,0,0,0,0,0,0,0,1,0,0,0,0,0,0,0,0,0,0,0,0,0,0,1,0,0,0,0,0,0,1,0,0
CUST004903,Kalpit,Dutt,25.0,Bengaluru,2021-05-07,138200.0,2021,5,7,0,0,1,1,0,0,1,0,1,0,0,0,1,0,0,0,0,1,0,0,0,0,0,0,0,0,0,0,0,0,0,0,1,0,0,0,0,0,0,0,0,0,0,0,1
CUST004904,Neel,Jani,33.0,Hyderabad,2019-10-07,402000.0,2019,10,7,0,1,0,1,0,1,0,0,1,0,0,1,0,0,0,0,0,0,0,0,0,0,0,0,0,1,0,0,0,0,0,0,0,0,0,0,0,0,0,0,0,0,0,0,1
CUST004905,Chakradhar,Chander,46.0,Varanasi,2020-08-01,65800.0,2020,8,1,1,0,0,1,0,1,0,0,1,0,1,0,0,0,0,0,0,0,0,0,0,0,0,0,0,0,1,0,0,0,0,0,1,0,0,0,0,0,0,1,0,0,1,0,0
CUST004906,Amara,Sarkar,50.0,Hyderabad,2019-09-27,65800.0,2019,9,27,1,0,0,0,0,1,0,0,1,0,1,0,0,0,0,0,0,0,0,0,0,0,0,0,0,1,0,0,0,1,0,0,0,0,0,0,0,0,0,1,0,0,1,0,0
CUST004907,Abdul,Dua,32.0,Mumbai,2021-08-09,45500.0,2021,8,9,0,0,0,1,0,0,1,0,0,0,0,0,0,0,0,0,0,0,0,0,1,0,0,0,0,0,0,0,0,0,1,0,0,0,0,0,0,0,0,0,0,0,1,0,0
CUST004908,Akshay,Brar,23.0,Mysuru,2021-08-16,16600.0,2021,8,16,0,0,0,1,0,0,1,0,1,0,0,0,0,0,0,0,0,1,0,0,0,0,0,0,0,0,0,0,0,0,0,0,0,1,0,0,0,0,0,0,0,0,0,0,0
CUST004909,Rayaan,Bakshi,41.0,Chennai,2021-02-10,143600.0,2021,2,10,1,0,0,1,0,1,0,0,1,0,1,0,0,0,0,0,0,0,0,0,0,0,0,0,1,0,0,0,0,1,0,0,0,0,0,0,0,0,0,1,0,0,0,0,1
CUST004910,Eiravati,Setty,38.0,Guwahati,2019-08-25,85400.0,2019,8,25,1,0,0,0,0,1,0,0,0,0,1,0,0,0,0,0,0,0,0,0,0,0,0,0,0,0,0,0,0,0,0,0,1,0,0,0,0,0,0,1,0,0,0,1,0
CUST004911,Praneel,Grover,31.0,Guwahati,2019-06-24,121300.0,2019,6,24,1,0,0,1,0,1,0,0,0,1,1,0,0,0,0,0,0,0,0,0,0,0,0,0,0,0,0,0,0,0,0,0,1,0,0,0,0,0,0,0,0,0,0,1,0
CUST004912,Jagdish,Kapadia,55.0,Delhi,2021-02-09,65800.0,2021,2,9,1,0,0,1,0,1,0,0,0,1,1,0,0,0,0,1,0,0,0,0,0,0,0,0,0,0,0,0,1,0,0,0,0,0,0,0,0,0,0,0,1,0,1,0,0
CUST004913,Manthan,Hari,38.0,Delhi,2021-04-16,392200.0,2021,4,16,1,0,0,1,0,0,1,0,1,0,1,0,0,0,0,1,0,0,0,0,0,0,0,0,0,0,0,0,0,0,0,0,0,0,0,0,0,0,0,1,0,0,0,0,1
CUST004914,Krisha,Radhakrishnan,40.0,Nagpur,2021-03-02,17400.0,2021,3,2,0,0,0,0,0,1,0,0,1,0,0,0,0,0,0,0,0,0,0,0,1,0,0,0,0,0,0,0,0,0,0,0,0,0,0,0,0,1,0,1,0,0,0,0,0
CUST004915,Leena,Behl,21.0,Jodhpur,2023-08-17,10600.0,2023,8,17,0,0,0,0,0,0,1,0,1,0,0,0,0,0,0,0,0,0,0,0,0,0,0,1,0,0,0,0,0,0,0,0,0,0,0,0,0,1,0,0,0,0,0,0,0
CUST004916,Mahika,Butala,41.0,Mumbai,2021-02-13,177600.0,2021,2,13,1,0,0,0,0,1,0,0,0,1,1,0,0,0,0,0,0,0,0,0,1,0,0,0,0,0,0,0,0,0,0,0,1,0,0,0,0,0,0,1,0,0,0,0,1
CUST004917,Eshana,Bajaj,52.0,Pune,2019-08-09,23000.0,2019,8,9,0,0,0,0,0,0,0,1,0,0,0,0,0,0,0,0,0,0,0,0,1,0,0,0,0,0,0,0,0,0,0,0,0,0,0,0,0,1,0,0,1,0,0,0,0
CUST004918,Dalaja,Choudhry,33.0,Coimbatore,2020-05-12,49300.0,2020,5,12,0,0,1,0,0,1,0,0,0,0,0,0,1,0,0,0,0,0,0,0,0,0,0,0,1,0,0,0,0,0,1,0,0,0,0,0,0,0,0,0,0,0,1,0,0
CUST004919,Victor,Das,56.0,New Delhi,2020-01-05,20600.0,2020,1,5,0,0,1,1,0,1,0,0,0,1,0,0,1,0,0,1,0,0,0,0,0,0,0,0,0,0,0,0,0,0,0,0,0,0,0,0,0,1,0,0,1,0,0,0,0
CUST004920,Damyanti,Dhar,55.0,Pune,2021-06-25,55500.0,2021,6,25,0,0,1,0,0,1,0,0,0,0,0,0,1,0,0,0,0,0,0,0,1,0,0,0,0,0,0,0,0,0,0,0,0,0,1,0,0,0,0,0,1,0,1,0,0
CUST004921,Lohit,Lala,60.0,Hyderabad,2019-01-16,529700.0,2019,1,16,0,1,0,1,0,0,0,1,0,1,0,1,0,0,0,0,0,0,0,0,0,0,0,0,0,1,0,0,0,0,0,0,0,0,0,0,0,0,0,0,1,0,0,0,1
CUST004922,Gautam,Chander,42.0,Bengaluru,2021-02-10,13300.0,2021,2,10,0,0,0,1,0,1,0,0,0,1,0,0,0,0,0,0,0,1,0,0,0,0,0,0,0,0,0,0,0,0,0,0,0,0,0,0,0,1,0,1,0,0,0,0,0
CUST004923,Brinda,Talwar,46.0,Chennai,2020-07-18,15700.0,2020,7,18,0,0,0,0,0,1,0,0,0,0,0,0,0,0,0,0,0,0,0,0,0,0,0,0,1,0,0,0,0,0,0,0,0,0,0,0,0,1,0,1,0,0,0,0,0
CUST004924,Pratyush,Johal,56.0,Amritsar,2021-05-29,238200.0,2021,5,29,1,0,0,1,0,1,0,0,0,0,1,0,0,0,0,0,0,0,0,0,0,0,1,0,0,0,0,0,0,0,0,0,0,0,0,0,0,0,0,0,1,0,0,0,1
CUST004925,Rohan,Chaudhuri,44.0,Pune,2021-03-19,170900.0,2021,3,19,1,0,0,1,0,1,0,0,1,0,1,0,0,0,0,0,0,0,0,0,1,0,0,0,0,0,0,0,0,0,0,0,1,0,0,0,0,0,0,1,0,0,0,0,1
CUST004926,Yatan,Bains,31.0,Hyderabad,2019-08-18,65800.0,2019,8,18,1,0,0,1,0,1,0,0,0,1,1,0,0,0,0,0,0,0,0,0,0,0,0,0,0,1,0,0,0,0,0,0,0,0,0,0,1,0,0,0,0,0,1,0,0
CUST004927,Triveni,Borah,32.0,Thiruvananthapuram,2019-07-19,70500.0,2019,7,19,0,0,1,0,0,1,0,0,1,0,0,0,1,0,0,0,0,0,1,0,0,0,0,0,0,0,0,0,0,0,0,0,0,0,0,1,0,0,0,0,0,0,0,1,0
CUST004928,Yagnesh,Bose,41.0,Bhopal,2019-08-05,107100.0,2019,8,5,1,0,0,1,0,1,0,0,0,1,1,0,0,0,0,0,0,0,0,1,0,0,0,0,0,0,0,0,0,1,0,0,0,0,0,0,0,0,0,1,0,0,0,1,0
CUST004929,Jagrati,Saini,21.0,Hyderabad,2023-08-17,8900.0,2023,8,17,0,0,0,0,0,0,1,0,1,0,0,0,0,0,0,0,0,0,0,0,0,0,0,0,0,1,0,0,0,0,0,0,0,0,0,0,0,1,0,0,0,0,0,0,0
CUST004930,Riya,Murthy,36.0,Ahmedabad,2018-10-08,142400.0,2018,10,8,1,0,0,0,0,0,1,0,1,0,1,0,0,0,0,0,1,0,0,0,0,0,0,0,0,0,0,0,0,0,0,0,0,0,0,0,1,0,0,1,0,0,0,0,1
CUST004931,Varenya,Dyal,52.0,Pune,2020-02-08,21000.0,2020,2,8,0,0,1,0,0,1,0,0,0,1,0,0,1,0,0,0,0,0,0,0,1,0,0,0,0,0,0,0,0,0,0,1,0,0,0,0,0,0,0,0,1,0,0,0,0
CUST004932,Gautam,Misra,18.0,Ahmedabad,2026-07-11,12100.0,2026,7,11,0,0,0,1,0,0,1,0,1,0,0,0,0,0,0,0,1,0,0,0,0,0,0,0,0,0,0,0,0,0,0,0,0,0,0,0,0,1,0,0,0,0,0,0,0
CUST004933,Aashi,Gokhale,58.0,Amritsar,2020-11-18,246800.0,2020,11,18,1,0,0,0,0,1,0,0,1,0,1,0,0,0,0,0,0,0,0,0,0,0,1,0,0,0,0,0,1,0,0,0,0,0,0,0,0,0,0,0,1,0,0,0,1
CUST004934,Amol,Dalal,53.0,Coimbatore,2021-04-30,44700.0,2021,4,30,0,0,1,1,0,1,0,0,0,1,0,0,1,0,0,0,0,0,0,0,0,0,0,0,1,0,0,0,0,0,0,0,0,0,0,0,0,0,1,0,1,0,1,0,0
CUST004935,Onveer,Palan,32.0,Chennai,2019-12-25,53200.0,2019,12,25,0,0,1,1,0,0,1,0,1,0,0,0,1,0,0,0,0,0,0,0,0,0,0,0,1,0,0,0,0,0,0,0,0,0,0,0,0,0,1,0,0,0,1,0,0
CUST004936,Wyatt,Ahluwalia,45.0,Delhi,2020-09-05,118300.0,2020,9,5,1,0,0,1,0,0,1,0,0,0,1,0,0,0,0,1,0,0,0,0,0,0,0,0,0,0,0,0,0,0,0,0,0,0,0,0,0,0,0,1,0,0,0,1,0
CUST004937,Gauri,Vig,38.0,Howrah,2020-01-20,62300.0,2020,1,20,0,0,1,0,0,1,0,0,0,0,0,0,1,0,0,0,0,0,0,0,0,0,0,0,0,0,0,1,0,0,0,0,0,0,0,1,0,0,0,1,0,0,1,0,0
CUST004938,Joshua,Dara,54.0,Kolkata,2021-01-02,101600.0,2021,1,2,0,0,1,1,0,1,0,0,0,1,0,0,1,0,0,0,0,0,0,0,0,0,0,0,0,0,0,1,0,1,0,0,0,0,0,0,0,0,0,0,1,0,0,1,0
CUST004939,Gopal,Balan,51.0,Ahmedabad,2019-02-10,118500.0,2019,2,10,1,0,0,1,0,1,0,0,0,1,1,0,0,0,0,0,1,0,0,0,0,0,0,0,0,0,0,0,0,0,0,0,0,0,0,0,1,0,0,0,1,0,0,1,0
CUST004940,Advay,Vasa,20.0,Mumbai,2024-08-16,12000.0,2024,8,16,0,0,0,1,0,0,1,0,0,0,0,0,0,0,0,0,0,0,0,0,1,0,0,0,0,0,0,0,0,0,0,0,0,0,0,0,0,1,0,0,0,0,0,0,0
CUST004941,Faraj,Kalita,46.0,Madurai,2020-08-28,37600.0,2020,8,28,0,0,1,1,0,1,0,0,0,0,0,0,1,0,0,0,0,0,0,0,0,0,0,0,1,0,0,0,0,0,0,0,0,1,0,0,0,0,0,1,0,0,1,0,0
CUST004942,Rajata,Contractor,35.0,Kolkata,2019-02-05,106000.0,2019,2,5,1,0,0,0,0,0,0,0,1,0,1,0,0,0,0,0,0,0,0,0,0,0,0,0,0,0,0,1,0,1,0,0,0,0,0,0,0,0,0,0,0,0,0,1,0
CUST004943,Janani,Balan,39.0,Delhi,2019-01-03,65800.0,2019,1,3,0,0,1,0,0,1,0,0,1,0,0,0,1,0,0,1,0,0,0,0,0,0,0,0,0,0,0,0,0,0,0,0,0,1,0,0,0,0,0,1,0,0,1,0,0
CUST004944,Omisha,Devi,29.0,Delhi,2018-08-21,141600.0,2018,8,21,1,0,0,0,0,0,1,0,1,0,1,0,0,0,0,1,0,0,0,0,0,0,0,0,0,0,0,0,0,1,0,0,0,0,0,0,0,0,0,0,0,0,0,0,1
CUST004945,Imaran,Chacko,61.0,Bengaluru,2020-08-06,22300.0,2020,8,6,0,0,1,1,0,0,0,1,1,0,0,0,1,0,0,0,0,1,0,0,0,0,0,0,0,0,0,0,0,0,0,0,0,0,1,0,0,0,0,0,1,0,0,0,0
CUST004946,Dev,Loyal,52.0,Ahmedabad,2019-05-11,276100.0,2019,5,11,0,1,0,1,0,1,0,0,0,1,0,1,0,0,0,0,1,0,0,0,0,0,0,0,0,0,0,0,0,0,0,0,0,0,0,0,1,0,0,0,1,0,0,0,1
CUST004947,Mahika,Subramaniam,28.0,Kolkata,2020-12-09,202600.0,2020,12,9,1,0,0,0,0,1,0,0,0,0,1,0,0,0,0,0,0,0,0,0,0,0,0,0,0,0,0,1,0,0,0,0,0,0,0,0,0,0,0,0,0,0,0,0,1
CUST004948,Harish,Chanda,21.0,Varanasi,2023-08-17,10000.0,2023,8,17,0,0,0,1,0,0,1,0,1,0,0,0,0,0,0,0,0,0,0,0,0,0,0,0,0,0,1,0,0,0,0,0,0,0,0,0,0,1,0,0,0,0,0,0,0
CUST004949,Priya,Menon,33.0,Bengaluru,2019-07-06,35800.0,2019,7,6,0,0,1,0,0,0,1,0,1,0,0,0,1,0,0,0,0,1,0,0,0,0,0,0,0,0,0,0,0,0,0,0,0,1,0,0,0,0,0,0,0,0,1,0,0
CUST004950,Vivaan,Tandon,44.0,Kochi,2019-05-27,99700.0,2019,5,27,1,0,0,1,0,0,0,0,1,0,1,0,0,0,0,0,0,0,1,0,0,0,0,0,0,0,0,0,0,1,0,0,0,0,0,0,0,0,0,1,0,0,0,1,0
CUST004951,Urmi,Vala,41.0,Vadodara,2021-01-01,49900.0,2021,1,1,0,0,1,0,0,1,0,0,0,0,0,0,1,0,0,0,1,0,0,0,0,0,0,0,0,0,0,0,0,0,0,0,0,0,1,0,0,0,0,1,0,0,1,0,0
CUST004952,Ryan,Hans,54.0,Hyderabad,2019-01-29,193000.0,2019,1,29,0,1,0,1,0,1,0,0,0,0,0,1,0,0,0,0,0,0,0,0,0,0,0,0,0,1,0,0,0,1,0,0,0,0,0,0,0,0,0,0,1,0,0,0,1
CUST004953,Jeremiah,Ghose,48.0,Pune,2020-05-12,16900.0,2020,5,12,0,0,0,1,0,1,0,0,0,0,0,0,0,0,0,0,0,0,0,0,1,0,0,0,0,0,0,0,0,0,0,0,0,0,0,0,0,1,0,1,0,0,0,0,0
CUST004954,Ira,Mand,51.0,New Delhi,2020-12-22,16700.0,2020,12,22,0,0,0,1,0,1,0,0,0,1,0,0,0,0,0,1,0,0,0,0,0,0,0,0,0,0,0,0,0,0,0,0,0,0,0,0,0,1,0,0,1,0,0,0,0
CUST004955,Shravya,Chauhan,42.0,Bhubaneswar,2019-12-31,45100.0,2019,12,31,0,0,1,0,0,1,0,0,1,0,0,0,1,0,0,0,0,0,0,0,0,1,0,0,0,0,0,0,0,0,0,0,0,0,0,0,0,0,1,1,0,0,1,0,0
CUST004956,Nachiket,Gandhi,38.0,Bengaluru,2024-08-16,13400.0,2024,8,16,0,0,0,1,0,0,1,0,0,1,0,0,0,0,0,0,0,1,0,0,0,0,0,0,0,0,0,0,0,0,0,0,0,0,0,0,0,1,0,1,0,0,0,0,0
CUST004957,Ishanvi,Sura,35.0,Bengaluru,2018-09-22,65800.0,2018,9,22,0,1,0,0,0,1,0,0,1,0,0,1,0,0,0,0,0,1,0,0,0,0,0,0,0,0,0,0,0,0,0,0,0,0,0,0,0,0,0,0,0,0,1,0,0
CUST004958,Upma,Sehgal,52.0,Delhi,2019-05-19,157700.0,2019,5,19,1,0,0,0,0,1,0,0,0,0,1,0,0,0,0,1,0,0,0,0,0,0,0,0,0,0,0,0,0,0,0,0,0,0,0,0,1,0,0,0,1,0,0,0,1
CUST004959,Siddharth,Magar,38.0,Lucknow,2021-08-10,84700.0,2021,8,10,0,0,1,1,0,1,0,0,0,0,0,0,1,0,0,0,0,0,0,0,0,0,0,0,0,0,1,0,0,0,1,0,0,0,0,0,0,0,0,1,0,0,0,1,0
CUST004960,Nathaniel,Chokshi,45.0,Bengaluru,2021-03-22,51400.0,2021,3,22,0,0,1,1,0,1,0,0,1,0,0,0,1,0,0,0,0,1,0,0,0,0,0,0,0,0,0,0,0,0,0,0,0,0,0,0,0,0,1,1,0,0,1,0,0
CUST004961,Rehaan,Sanghvi,38.0,Bengaluru,2021-05-25,75700.0,2021,5,25,0,0,1,1,0,1,0,0,1,0,0,0,1,0,0,0,0,1,0,0,0,0,0,0,0,0,0,0,0,0,1,0,0,0,0,0,0,0,0,1,0,0,0,1,0
CUST004962,Harish,Pandit,25.0,Hyderabad,2021-04-27,74400.0,2021,4,27,0,0,1,1,0,0,1,0,1,0,0,0,1,0,0,0,0,0,0,0,0,0,0,0,0,1,0,0,0,0,0,0,0,0,0,1,0,0,0,0,0,0,0,1,0
CUST004963,Ridhi,Bhatt,36.0,Warangal,2020-06-23,110600.0,2020,6,23,1,0,0,0,0,1,0,0,1,0,1,0,0,0,0,0,0,0,0,0,0,0,0,0,0,1,0,0,0,0,0,0,1,0,0,0,0,0,0,1,0,0,0,1,0
CUST004964,Umang,Ganesh,42.0,Hyderabad,2020-08-10,135900.0,2020,8,10,1,0,0,1,0,1,0,0,0,1,1,0,0,0,0,0,0,0,0,0,0,0,0,0,0,1,0,0,1,0,0,0,0,0,0,0,0,0,0,1,0,0,0,0,1
CUST004965,Anay,Vaidya,29.0,Chennai,2021-04-14,143000.0,2021,4,14,1,0,0,1,0,1,0,0,0,0,1,0,0,0,0,0,0,0,0,0,0,0,0,0,1,0,0,0,0,0,0,0,1,0,0,0,0,0,0,0,0,0,0,0,1
CUST004966,Jonathan,Rout,35.0,Lucknow,2018-12-24,72000.0,2018,12,24,1,0,0,1,0,1,0,0,0,0,1,0,0,0,0,0,0,0,0,0,0,0,0,0,0,0,1,0,0,1,0,0,0,0,0,0,0,0,0,0,0,0,0,1,0
CUST004967,Nandini,Wali,26.0,Kanpur,2019-10-12,32100.0,2019,10,12,0,0,1,0,0,0,1,0,1,0,0,0,1,0,0,0,0,0,0,0,0,0,0,0,0,0,1,0,0,0,0,0,0,0,0,0,0,0,1,0,0,0,1,0,0
CUST004968,Patrick,Rao,53.0,Jodhpur,2019-03-28,88600.0,2019,3,28,1,0,0,1,0,1,0,0,0,1,1,0,0,0,0,0,0,0,0,0,0,0,0,1,0,0,0,0,0,0,0,0,0,0,0,0,0,0,1,0,1,0,0,1,0
CUST004969,Alexander,Contractor,34.0,Pune,2020-07-05,146500.0,2020,7,5,1,0,0,1,0,0,1,0,1,0,1,0,0,0,0,0,0,0,0,0,1,0,0,0,0,0,0,0,0,1,0,0,0,0,0,0,0,0,0,0,0,0,0,0,1
CUST004970,Gautam,Naidu,57.0,Jodhpur,2020-05-24,156300.0,2020,5,24,1,0,0,1,0,0,1,0,0,1,1,0,0,0,0,0,0,0,0,0,0,0,0,1,0,0,0,0,0,1,0,0,0,0,0,0,0,0,0,0,1,0,0,0,1
CUST004971,Upadhriti,Grewal,58.0,Pune,2020-09-02,82800.0,2020,9,2,0,0,1,0,0,1,0,0,0,1,0,0,1,0,0,0,0,0,0,0,1,0,0,0,0,0,0,0,0,0,1,0,0,0,0,0,0,0,0,0,1,0,0,1,0
CUST004972,Praneel,Korpal,37.0,Pune,2020-04-23,29000.0,2020,4,23,0,0,1,1,0,0,0,0,0,0,0,0,1,0,0,0,0,0,0,0,1,0,0,0,0,0,0,0,0,0,0,0,0,1,0,0,0,0,0,1,0,0,1,0,0
CUST004973,Bina,Kale,25.0,Guwahati,2019-10-17,45900.0,2019,10,17,0,0,1,0,0,0,1,0,1,0,0,0,1,0,0,0,0,0,0,0,0,0,0,0,0,0,0,0,0,0,0,0,0,0,0,0,0,0,1,0,0,0,1,0,0
CUST004974,Quincy,Prabhu,18.0,Kanpur,2026-07-11,13400.0,2026,7,11,0,0,0,1,0,0,1,0,0,0,0,0,0,0,0,0,0,0,0,0,0,0,0,0,0,0,1,0,0,0,0,0,0,0,0,0,0,1,0,0,0,0,0,0,0
CUST004975,Elijah,Murthy,19.0,Madurai,2025-08-16,23200.0,2025,8,16,0,0,0,1,0,0,1,0,0,0,0,0,0,0,0,0,0,0,0,0,0,0,0,0,1,0,0,0,0,0,0,0,0,0,0,0,0,0,0,0,0,0,0,0,0
CUST004976,Divya,Andra,20.0,Bhopal,2024-08-16,58100.0,2024,8,16,0,0,1,0,0,0,1,0,0,0,0,0,1,0,0,0,0,0,0,1,0,0,0,0,0,0,0,0,0,0,0,0,0,0,0,1,0,0,0,0,0,0,1,0,0
CUST004977,Nathaniel,Apte,56.0,Ludhiana,2020-03-20,15000.0,2020,3,20,0,0,0,1,0,0,0,1,1,0,0,0,0,0,0,0,0,0,0,0,0,0,1,0,0,0,0,0,0,0,0,0,0,0,0,0,0,1,0,0,1,0,0,0,0
CUST004978,Omya,Kala,40.0,Kolkata,2020-11-27,50600.0,2020,11,27,0,0,1,0,0,1,0,0,0,1,0,0,1,0,0,0,0,0,0,0,0,0,0,0,0,0,0,1,0,0,1,0,0,0,0,0,0,0,0,1,0,0,1,0,0
CUST004979,Vidhi,Nagy,43.0,Kolkata,2018-10-16,44600.0,2018,10,16,0,0,1,0,0,1,0,0,1,0,0,0,1,0,0,0,0,0,0,0,0,0,0,0,0,0,0,1,0,0,0,0,0,1,0,0,0,0,0,1,0,0,1,0,0
CUST004980,Kamala,Bhatti,18.0,Jaipur,2026-07-11,9700.0,2026,7,11,0,0,0,1,0,0,0,0,0,0,0,0,0,0,0,0,0,0,0,0,0,0,0,1,0,0,0,0,0,0,0,0,0,0,0,0,0,1,0,0,0,0,0,0,0
CUST004981,Sanya,Mander,22.0,Delhi,2022-08-17,8500.0,2022,8,17,0,0,0,0,0,0,1,0,0,0,0,0,0,0,0,1,0,0,0,0,0,0,0,0,0,0,0,0,0,0,0,0,0,0,0,0,0,1,0,0,0,0,0,0,0
CUST004982,Hitesh,Vyas,50.0,Nagpur,2019-05-22,427700.0,2019,5,22,0,1,0,1,0,1,0,0,1,0,0,1,0,0,0,0,0,0,0,0,1,0,0,0,0,0,0,0,0,0,0,0,0,0,0,0,0,0,0,1,0,0,0,0,1
CUST004983,Ikbal,Chauhan,42.0,Jaipur,2021-05-25,66600.0,2021,5,25,0,0,1,1,0,1,0,0,0,1,0,0,1,0,0,0,0,0,0,0,0,0,0,1,0,0,0,0,0,0,1,0,0,0,0,0,0,0,0,1,0,0,0,1,0
CUST004984,Maya,Borde,36.0,Mysuru,2021-06-03,69200.0,2021,6,3,0,0,1,1,0,1,0,0,0,1,0,0,1,0,0,0,0,1,0,0,0,0,0,0,0,0,0,0,0,1,0,0,0,0,0,0,0,0,0,1,0,0,0,1,0
CUST004985,Ucchal,Saran,45.0,Pune,2021-03-01,102700.0,2021,3,1,0,0,1,0,0,1,0,0,0,0,0,0,1,0,0,0,0,0,0,0,1,0,0,0,0,0,0,0,0,0,0,0,0,0,0,1,0,0,0,1,0,0,0,1,0
CUST004986,Nitara,Nagarajan,59.0,Bengaluru,2021-03-08,108400.0,2021,3,8,0,0,1,0,0,1,0,0,1,0,0,0,1,0,0,0,0,1,0,0,0,0,0,0,0,0,0,0,0,0,0,0,0,0,0,1,0,0,0,0,1,0,0,1,0
CUST004987,Hardik,Hegde,35.0,Hyderabad,2020-05-12,6700.0,2020,5,12,0,0,0,1,0,1,0,0,0,1,0,0,0,0,0,0,0,0,0,0,0,0,0,0,0,1,0,0,0,0,0,1,0,0,0,0,0,0,0,0,0,0,0,0,0
CUST004988,Aryan,Tak,39.0,Bhubaneswar,2021-02-25,129500.0,2021,2,25,0,0,1,1,0,0,1,0,0,0,0,0,1,0,0,0,0,0,0,0,0,1,0,0,0,0,0,0,0,0,0,0,0,0,0,0,0,0,0,1,0,0,0,1,0
CUST004989,Yahvi,Batra,41.0,Ahmedabad,2019-01-23,65700.0,2019,1,23,1,0,0,0,0,1,0,0,0,1,1,0,0,0,0,0,1,0,0,0,0,0,0,0,0,0,0,0,0,0,0,0,0,0,0,1,0,0,0,1,0,0,1,0,0
CUST004990,Laksh,Sama,69.0,Coimbatore,2019-11-22,10800.0,2019,11,22,0,0,0,1,0,1,0,0,0,0,0,0,0,0,0,0,0,0,0,0,0,0,0,0,1,0,0,0,0,0,0,0,0,0,1,0,0,0,0,0,0,1,0,0,0
CUST004991,Darpan,Dash,18.0,Bhubaneswar,2026-07-11,10700.0,2026,7,11,0,0,0,1,0,0,1,0,1,0,0,0,0,0,0,0,0,0,0,0,0,1,0,0,0,0,0,0,0,0,0,0,0,0,0,0,0,1,0,0,0,0,0,0,0
CUST004992,Upkaar,Garg,47.0,Patna,2021-06-01,13300.0,2021,6,1,0,0,0,1,0,1,0,0,0,1,0,0,0,1,0,0,0,0,0,0,0,0,0,0,0,0,0,0,0,0,0,0,0,0,0,0,0,1,0,1,0,0,0,0,0
CUST004993,Omisha,Rajagopal,37.0,Chennai,2019-11-08,388400.0,2019,11,8,0,1,0,0,0,0,1,0,1,0,0,1,0,0,0,0,0,0,0,0,0,0,0,0,1,0,0,0,0,0,0,0,0,0,0,0,0,0,0,1,0,0,0,0,1
CUST004994,Jagat,Bail,45.0,Patna,2021-04-11,83700.0,2021,4,11,0,0,1,1,0,1,0,0,0,1,0,0,1,1,0,0,0,0,0,0,0,0,0,0,0,0,0,0,0,0,0,0,0,0,0,1,0,0,0,1,0,0,0,1,0
CUST004995,Meghana,Badami,29.0,Hyderabad,2019-05-25,20700.0,2019,5,25,0,0,1,0,0,1,0,0,0,0,0,0,1,0,0,0,0,0,0,0,0,0,0,0,0,1,0,0,0,0,0,0,0,1,0,0,0,0,0,0,0,0,0,0,0
CUST004996,Aarnav,Shenoy,37.0,Delhi,2019-03-21,155400.0,2019,3,21,1,0,0,1,0,1,0,0,1,0,1,0,0,0,0,1,0,0,0,0,0,0,0,0,0,0,0,0,0,1,0,0,0,0,0,0,0,0,0,1,0,0,0,0,1
CUST004997,Meghana,Deep,47.0,Delhi,2019-12-29,171800.0,2019,12,29,0,1,0,0,0,1,0,0,0,1,0,1,0,0,0,1,0,0,0,0,0,0,0,0,0,0,0,0,0,0,0,0,0,0,0,0,0,0,0,1,0,0,0,0,1
CUST004998,Tamanna,Bansal,75.0,Ahmedabad,2021-03-05,9500.0,2021,3,5,0,0,0,0,0,1,0,0,0,1,0,0,0,0,0,0,1,0,0,0,0,0,0,0,0,0,0,0,0,0,0,1,0,0,0,0,0,0,0,0,0,1,0,0,0
CUST004999,Anmol,Nazareth,49.0,Chennai,2019-04-07,65800.0,2019,4,7,1,0,0,1,0,1,0,0,0,0,1,0,0,0,0,0,0,0,0,0,0,0,0,0,1,0,0,0,0,1,0,0,0,0,0,0,0,0,0,1,0,0,1,0,0
CUST005000,Adweta,Boase,27.0,Ahmedabad,2020-09-13,20100.0,2020,9,13,0,0,0,0,0,1,0,0,1,0,0,0,0,0,0,0,1,0,0,0,0,0,0,0,0,0,0,0,0,0,0,1,0,0,0,0,0,0,0,0,0,0,0,0,0
